ISO-10303-21;
HEADER;
FILE_DESCRIPTION(('FreeCAD Model'),'2;1');
FILE_NAME('Open CASCADE Shape Model','2026-06-20T14:44:31',(''),(''),
  'Open CASCADE STEP processor 7.8','FreeCAD','Unknown');
FILE_SCHEMA(('AUTOMOTIVE_DESIGN { 1 0 10303 214 1 1 1 1 }'));
ENDSEC;
DATA;
#1 = APPLICATION_PROTOCOL_DEFINITION('international standard',
  'automotive_design',2000,#2);
#2 = APPLICATION_CONTEXT(
  'core data for automotive mechanical design processes');
#3 = SHAPE_DEFINITION_REPRESENTATION(#4,#10);
#4 = PRODUCT_DEFINITION_SHAPE('','',#5);
#5 = PRODUCT_DEFINITION('design','',#6,#9);
#6 = PRODUCT_DEFINITION_FORMATION('','',#7);
#7 = PRODUCT('Box','Box','',(#8));
#8 = PRODUCT_CONTEXT('',#2,'mechanical');
#9 = PRODUCT_DEFINITION_CONTEXT('part definition',#2,'design');
#10 = ADVANCED_BREP_SHAPE_REPRESENTATION('',(#11,#15),#10130);
#11 = AXIS2_PLACEMENT_3D('',#12,#13,#14);
#12 = CARTESIAN_POINT('',(0.,0.,0.));
#13 = DIRECTION('',(0.,0.,1.));
#14 = DIRECTION('',(1.,0.,-0.));
#15 = MANIFOLD_SOLID_BREP('',#16);
#16 = CLOSED_SHELL('',(#17,#139,#225,#309,#391,#462,#517,#571,#620,#3162
    ,#3190,#3240,#3267,#3274,#3281,#3358,#3407,#3456,#3506,#3556,#3605,
    #4223,#4251,#4305,#4360,#4414,#4468,#4523,#4590,#4644,#4698,#4765,
    #4832,#4886,#4940,#4985,#5061,#5111,#5161,#5210,#5259,#5309,#5359,
    #5386,#5462,#5512,#5562,#5611,#5660,#5710,#5760,#5787,#6189,#6271,
    #6354,#6456,#6512,#7050,#7281,#7507,#7935,#8016,#8091,#8153,#8198,
    #8225,#8276,#8303,#8353,#8404,#8459,#8509,#8559,#8614,#8669,#8719,
    #8769,#8801,#8812,#8823,#8901,#8952,#9003,#9030,#9085,#9116,#9264,
    #9413,#9419,#9425,#9673,#9698,#9723,#9749,#9783,#9818,#9873,#9928,
    #9995,#10002,#10058,#10065,#10072,#10099,#10126));
#17 = ADVANCED_FACE('',(#18),#32,.F.);
#18 = FACE_BOUND('',#19,.F.);
#19 = EDGE_LOOP('',(#20,#55,#84,#112));
#20 = ORIENTED_EDGE('',*,*,#21,.T.);
#21 = EDGE_CURVE('',#22,#24,#26,.T.);
#22 = VERTEX_POINT('',#23);
#23 = CARTESIAN_POINT('',(-25.,-59.,18.5));
#24 = VERTEX_POINT('',#25);
#25 = CARTESIAN_POINT('',(-25.,-59.,18.));
#26 = SURFACE_CURVE('',#27,(#31,#43),.PCURVE_S1.);
#27 = LINE('',#28,#29);
#28 = CARTESIAN_POINT('',(-25.,-59.,20.));
#29 = VECTOR('',#30,1.);
#30 = DIRECTION('',(-0.,-0.,-1.));
#31 = PCURVE('',#32,#37);
#32 = CYLINDRICAL_SURFACE('',#33,3.);
#33 = AXIS2_PLACEMENT_3D('',#34,#35,#36);
#34 = CARTESIAN_POINT('',(-25.,-62.,20.));
#35 = DIRECTION('',(0.,0.,1.));
#36 = DIRECTION('',(1.,0.,0.));
#37 = DEFINITIONAL_REPRESENTATION('',(#38),#42);
#38 = LINE('',#39,#40);
#39 = CARTESIAN_POINT('',(1.570796326795,0.));
#40 = VECTOR('',#41,1.);
#41 = DIRECTION('',(0.,-1.));
#42 = ( GEOMETRIC_REPRESENTATION_CONTEXT(2) 
PARAMETRIC_REPRESENTATION_CONTEXT() REPRESENTATION_CONTEXT('2D SPACE',''
  ) );
#43 = PCURVE('',#44,#49);
#44 = PLANE('',#45);
#45 = AXIS2_PLACEMENT_3D('',#46,#47,#48);
#46 = CARTESIAN_POINT('',(-25.,-59.,20.));
#47 = DIRECTION('',(0.,-1.,0.));
#48 = DIRECTION('',(1.,0.,0.));
#49 = DEFINITIONAL_REPRESENTATION('',(#50),#54);
#50 = LINE('',#51,#52);
#51 = CARTESIAN_POINT('',(0.,0.));
#52 = VECTOR('',#53,1.);
#53 = DIRECTION('',(0.,-1.));
#54 = ( GEOMETRIC_REPRESENTATION_CONTEXT(2) 
PARAMETRIC_REPRESENTATION_CONTEXT() REPRESENTATION_CONTEXT('2D SPACE',''
  ) );
#55 = ORIENTED_EDGE('',*,*,#56,.T.);
#56 = EDGE_CURVE('',#24,#57,#59,.T.);
#57 = VERTEX_POINT('',#58);
#58 = CARTESIAN_POINT('',(-25.,-65.,18.));
#59 = SURFACE_CURVE('',#60,(#65,#72),.PCURVE_S1.);
#60 = CIRCLE('',#61,3.);
#61 = AXIS2_PLACEMENT_3D('',#62,#63,#64);
#62 = CARTESIAN_POINT('',(-25.,-62.,18.));
#63 = DIRECTION('',(0.,-0.,1.));
#64 = DIRECTION('',(0.,1.,0.));
#65 = PCURVE('',#32,#66);
#66 = DEFINITIONAL_REPRESENTATION('',(#67),#71);
#67 = LINE('',#68,#69);
#68 = CARTESIAN_POINT('',(1.570796326795,-2.));
#69 = VECTOR('',#70,1.);
#70 = DIRECTION('',(1.,0.));
#71 = ( GEOMETRIC_REPRESENTATION_CONTEXT(2) 
PARAMETRIC_REPRESENTATION_CONTEXT() REPRESENTATION_CONTEXT('2D SPACE',''
  ) );
#72 = PCURVE('',#73,#78);
#73 = CONICAL_SURFACE('',#74,3.,0.785398163397);
#74 = AXIS2_PLACEMENT_3D('',#75,#76,#77);
#75 = CARTESIAN_POINT('',(-25.,-62.,18.));
#76 = DIRECTION('',(0.,0.,1.));
#77 = DIRECTION('',(0.,1.,0.));
#78 = DEFINITIONAL_REPRESENTATION('',(#79),#83);
#79 = LINE('',#80,#81);
#80 = CARTESIAN_POINT('',(0.,-0.));
#81 = VECTOR('',#82,1.);
#82 = DIRECTION('',(1.,-0.));
#83 = ( GEOMETRIC_REPRESENTATION_CONTEXT(2) 
PARAMETRIC_REPRESENTATION_CONTEXT() REPRESENTATION_CONTEXT('2D SPACE',''
  ) );
#84 = ORIENTED_EDGE('',*,*,#85,.F.);
#85 = EDGE_CURVE('',#86,#57,#88,.T.);
#86 = VERTEX_POINT('',#87);
#87 = CARTESIAN_POINT('',(-25.,-65.,18.5));
#88 = SURFACE_CURVE('',#89,(#93,#100),.PCURVE_S1.);
#89 = LINE('',#90,#91);
#90 = CARTESIAN_POINT('',(-25.,-65.,20.));
#91 = VECTOR('',#92,1.);
#92 = DIRECTION('',(-0.,-0.,-1.));
#93 = PCURVE('',#32,#94);
#94 = DEFINITIONAL_REPRESENTATION('',(#95),#99);
#95 = LINE('',#96,#97);
#96 = CARTESIAN_POINT('',(4.712388980385,0.));
#97 = VECTOR('',#98,1.);
#98 = DIRECTION('',(0.,-1.));
#99 = ( GEOMETRIC_REPRESENTATION_CONTEXT(2) 
PARAMETRIC_REPRESENTATION_CONTEXT() REPRESENTATION_CONTEXT('2D SPACE',''
  ) );
#100 = PCURVE('',#101,#106);
#101 = PLANE('',#102);
#102 = AXIS2_PLACEMENT_3D('',#103,#104,#105);
#103 = CARTESIAN_POINT('',(-25.,-65.,20.));
#104 = DIRECTION('',(0.,-1.,0.));
#105 = DIRECTION('',(1.,0.,0.));
#106 = DEFINITIONAL_REPRESENTATION('',(#107),#111);
#107 = LINE('',#108,#109);
#108 = CARTESIAN_POINT('',(0.,0.));
#109 = VECTOR('',#110,1.);
#110 = DIRECTION('',(0.,-1.));
#111 = ( GEOMETRIC_REPRESENTATION_CONTEXT(2) 
PARAMETRIC_REPRESENTATION_CONTEXT() REPRESENTATION_CONTEXT('2D SPACE',''
  ) );
#112 = ORIENTED_EDGE('',*,*,#113,.F.);
#113 = EDGE_CURVE('',#22,#86,#114,.T.);
#114 = SURFACE_CURVE('',#115,(#120,#127),.PCURVE_S1.);
#115 = CIRCLE('',#116,3.);
#116 = AXIS2_PLACEMENT_3D('',#117,#118,#119);
#117 = CARTESIAN_POINT('',(-25.,-62.,18.5));
#118 = DIRECTION('',(0.,-0.,1.));
#119 = DIRECTION('',(0.,1.,0.));
#120 = PCURVE('',#32,#121);
#121 = DEFINITIONAL_REPRESENTATION('',(#122),#126);
#122 = LINE('',#123,#124);
#123 = CARTESIAN_POINT('',(1.570796326795,-1.5));
#124 = VECTOR('',#125,1.);
#125 = DIRECTION('',(1.,0.));
#126 = ( GEOMETRIC_REPRESENTATION_CONTEXT(2) 
PARAMETRIC_REPRESENTATION_CONTEXT() REPRESENTATION_CONTEXT('2D SPACE',''
  ) );
#127 = PCURVE('',#128,#133);
#128 = TOROIDAL_SURFACE('',#129,4.5,1.5);
#129 = AXIS2_PLACEMENT_3D('',#130,#131,#132);
#130 = CARTESIAN_POINT('',(-25.,-62.,18.5));
#131 = DIRECTION('',(-0.,-0.,-1.));
#132 = DIRECTION('',(0.,1.,0.));
#133 = DEFINITIONAL_REPRESENTATION('',(#134),#138);
#134 = LINE('',#135,#136);
#135 = CARTESIAN_POINT('',(-0.,3.14159265359));
#136 = VECTOR('',#137,1.);
#137 = DIRECTION('',(-1.,0.));
#138 = ( GEOMETRIC_REPRESENTATION_CONTEXT(2) 
PARAMETRIC_REPRESENTATION_CONTEXT() REPRESENTATION_CONTEXT('2D SPACE',''
  ) );
#139 = ADVANCED_FACE('',(#140),#44,.T.);
#140 = FACE_BOUND('',#141,.T.);
#141 = EDGE_LOOP('',(#142,#143,#171,#199));
#142 = ORIENTED_EDGE('',*,*,#21,.T.);
#143 = ORIENTED_EDGE('',*,*,#144,.F.);
#144 = EDGE_CURVE('',#145,#24,#147,.T.);
#145 = VERTEX_POINT('',#146);
#146 = CARTESIAN_POINT('',(35.,-59.,18.));
#147 = SURFACE_CURVE('',#148,(#152,#159),.PCURVE_S1.);
#148 = LINE('',#149,#150);
#149 = CARTESIAN_POINT('',(35.,-59.,18.));
#150 = VECTOR('',#151,1.);
#151 = DIRECTION('',(-1.,-0.,-0.));
#152 = PCURVE('',#44,#153);
#153 = DEFINITIONAL_REPRESENTATION('',(#154),#158);
#154 = LINE('',#155,#156);
#155 = CARTESIAN_POINT('',(60.,-2.));
#156 = VECTOR('',#157,1.);
#157 = DIRECTION('',(-1.,0.));
#158 = ( GEOMETRIC_REPRESENTATION_CONTEXT(2) 
PARAMETRIC_REPRESENTATION_CONTEXT() REPRESENTATION_CONTEXT('2D SPACE',''
  ) );
#159 = PCURVE('',#160,#165);
#160 = PLANE('',#161);
#161 = AXIS2_PLACEMENT_3D('',#162,#163,#164);
#162 = CARTESIAN_POINT('',(35.,-59.25,17.75));
#163 = DIRECTION('',(0.,0.707106781187,-0.707106781187));
#164 = DIRECTION('',(1.,0.,0.));
#165 = DEFINITIONAL_REPRESENTATION('',(#166),#170);
#166 = LINE('',#167,#168);
#167 = CARTESIAN_POINT('',(-0.,-0.353553390593));
#168 = VECTOR('',#169,1.);
#169 = DIRECTION('',(-1.,0.));
#170 = ( GEOMETRIC_REPRESENTATION_CONTEXT(2) 
PARAMETRIC_REPRESENTATION_CONTEXT() REPRESENTATION_CONTEXT('2D SPACE',''
  ) );
#171 = ORIENTED_EDGE('',*,*,#172,.F.);
#172 = EDGE_CURVE('',#173,#145,#175,.T.);
#173 = VERTEX_POINT('',#174);
#174 = CARTESIAN_POINT('',(35.,-59.,18.5));
#175 = SURFACE_CURVE('',#176,(#180,#187),.PCURVE_S1.);
#176 = LINE('',#177,#178);
#177 = CARTESIAN_POINT('',(35.,-59.,20.));
#178 = VECTOR('',#179,1.);
#179 = DIRECTION('',(-0.,-0.,-1.));
#180 = PCURVE('',#44,#181);
#181 = DEFINITIONAL_REPRESENTATION('',(#182),#186);
#182 = LINE('',#183,#184);
#183 = CARTESIAN_POINT('',(60.,0.));
#184 = VECTOR('',#185,1.);
#185 = DIRECTION('',(0.,-1.));
#186 = ( GEOMETRIC_REPRESENTATION_CONTEXT(2) 
PARAMETRIC_REPRESENTATION_CONTEXT() REPRESENTATION_CONTEXT('2D SPACE',''
  ) );
#187 = PCURVE('',#188,#193);
#188 = CYLINDRICAL_SURFACE('',#189,3.);
#189 = AXIS2_PLACEMENT_3D('',#190,#191,#192);
#190 = CARTESIAN_POINT('',(35.,-62.,20.));
#191 = DIRECTION('',(0.,0.,1.));
#192 = DIRECTION('',(1.,0.,0.));
#193 = DEFINITIONAL_REPRESENTATION('',(#194),#198);
#194 = LINE('',#195,#196);
#195 = CARTESIAN_POINT('',(7.853981633974,0.));
#196 = VECTOR('',#197,1.);
#197 = DIRECTION('',(0.,-1.));
#198 = ( GEOMETRIC_REPRESENTATION_CONTEXT(2) 
PARAMETRIC_REPRESENTATION_CONTEXT() REPRESENTATION_CONTEXT('2D SPACE',''
  ) );
#199 = ORIENTED_EDGE('',*,*,#200,.T.);
#200 = EDGE_CURVE('',#173,#22,#201,.T.);
#201 = SURFACE_CURVE('',#202,(#206,#213),.PCURVE_S1.);
#202 = LINE('',#203,#204);
#203 = CARTESIAN_POINT('',(35.,-59.,18.5));
#204 = VECTOR('',#205,1.);
#205 = DIRECTION('',(-1.,-0.,-0.));
#206 = PCURVE('',#44,#207);
#207 = DEFINITIONAL_REPRESENTATION('',(#208),#212);
#208 = LINE('',#209,#210);
#209 = CARTESIAN_POINT('',(60.,-1.5));
#210 = VECTOR('',#211,1.);
#211 = DIRECTION('',(-1.,0.));
#212 = ( GEOMETRIC_REPRESENTATION_CONTEXT(2) 
PARAMETRIC_REPRESENTATION_CONTEXT() REPRESENTATION_CONTEXT('2D SPACE',''
  ) );
#213 = PCURVE('',#214,#219);
#214 = CYLINDRICAL_SURFACE('',#215,1.5);
#215 = AXIS2_PLACEMENT_3D('',#216,#217,#218);
#216 = CARTESIAN_POINT('',(35.,-57.5,18.5));
#217 = DIRECTION('',(-1.,-0.,-0.));
#218 = DIRECTION('',(0.,-1.,0.));
#219 = DEFINITIONAL_REPRESENTATION('',(#220),#224);
#220 = LINE('',#221,#222);
#221 = CARTESIAN_POINT('',(0.,0.));
#222 = VECTOR('',#223,1.);
#223 = DIRECTION('',(0.,1.));
#224 = ( GEOMETRIC_REPRESENTATION_CONTEXT(2) 
PARAMETRIC_REPRESENTATION_CONTEXT() REPRESENTATION_CONTEXT('2D SPACE',''
  ) );
#225 = ADVANCED_FACE('',(#226),#128,.T.);
#226 = FACE_BOUND('',#227,.F.);
#227 = EDGE_LOOP('',(#228,#252,#253,#282));
#228 = ORIENTED_EDGE('',*,*,#229,.F.);
#229 = EDGE_CURVE('',#22,#230,#232,.T.);
#230 = VERTEX_POINT('',#231);
#231 = CARTESIAN_POINT('',(-25.,-57.5,20.));
#232 = SURFACE_CURVE('',#233,(#238,#245),.PCURVE_S1.);
#233 = CIRCLE('',#234,1.5);
#234 = AXIS2_PLACEMENT_3D('',#235,#236,#237);
#235 = CARTESIAN_POINT('',(-25.,-57.5,18.5));
#236 = DIRECTION('',(-1.,4.4E-16,0.));
#237 = DIRECTION('',(4.4E-16,1.,0.));
#238 = PCURVE('',#128,#239);
#239 = DEFINITIONAL_REPRESENTATION('',(#240),#244);
#240 = LINE('',#241,#242);
#241 = CARTESIAN_POINT('',(4.4E-16,-0.));
#242 = VECTOR('',#243,1.);
#243 = DIRECTION('',(-0.,1.));
#244 = ( GEOMETRIC_REPRESENTATION_CONTEXT(2) 
PARAMETRIC_REPRESENTATION_CONTEXT() REPRESENTATION_CONTEXT('2D SPACE',''
  ) );
#245 = PCURVE('',#214,#246);
#246 = DEFINITIONAL_REPRESENTATION('',(#247),#251);
#247 = LINE('',#248,#249);
#248 = CARTESIAN_POINT('',(-3.14159265359,60.));
#249 = VECTOR('',#250,1.);
#250 = DIRECTION('',(1.,0.));
#251 = ( GEOMETRIC_REPRESENTATION_CONTEXT(2) 
PARAMETRIC_REPRESENTATION_CONTEXT() REPRESENTATION_CONTEXT('2D SPACE',''
  ) );
#252 = ORIENTED_EDGE('',*,*,#113,.T.);
#253 = ORIENTED_EDGE('',*,*,#254,.T.);
#254 = EDGE_CURVE('',#86,#255,#257,.T.);
#255 = VERTEX_POINT('',#256);
#256 = CARTESIAN_POINT('',(-25.,-66.5,20.));
#257 = SURFACE_CURVE('',#258,(#263,#270),.PCURVE_S1.);
#258 = CIRCLE('',#259,1.5);
#259 = AXIS2_PLACEMENT_3D('',#260,#261,#262);
#260 = CARTESIAN_POINT('',(-25.,-66.5,18.5));
#261 = DIRECTION('',(1.,-1.2E-16,0.));
#262 = DIRECTION('',(-1.2E-16,-1.,0.));
#263 = PCURVE('',#128,#264);
#264 = DEFINITIONAL_REPRESENTATION('',(#265),#269);
#265 = LINE('',#266,#267);
#266 = CARTESIAN_POINT('',(-3.14159265359,0.));
#267 = VECTOR('',#268,1.);
#268 = DIRECTION('',(-0.,1.));
#269 = ( GEOMETRIC_REPRESENTATION_CONTEXT(2) 
PARAMETRIC_REPRESENTATION_CONTEXT() REPRESENTATION_CONTEXT('2D SPACE',''
  ) );
#270 = PCURVE('',#271,#276);
#271 = CYLINDRICAL_SURFACE('',#272,1.5);
#272 = AXIS2_PLACEMENT_3D('',#273,#274,#275);
#273 = CARTESIAN_POINT('',(-25.,-66.5,18.5));
#274 = DIRECTION('',(1.,0.,0.));
#275 = DIRECTION('',(0.,1.,0.));
#276 = DEFINITIONAL_REPRESENTATION('',(#277),#281);
#277 = LINE('',#278,#279);
#278 = CARTESIAN_POINT('',(-3.14159265359,0.));
#279 = VECTOR('',#280,1.);
#280 = DIRECTION('',(1.,0.));
#281 = ( GEOMETRIC_REPRESENTATION_CONTEXT(2) 
PARAMETRIC_REPRESENTATION_CONTEXT() REPRESENTATION_CONTEXT('2D SPACE',''
  ) );
#282 = ORIENTED_EDGE('',*,*,#283,.F.);
#283 = EDGE_CURVE('',#230,#255,#284,.T.);
#284 = SURFACE_CURVE('',#285,(#290,#297),.PCURVE_S1.);
#285 = CIRCLE('',#286,4.5);
#286 = AXIS2_PLACEMENT_3D('',#287,#288,#289);
#287 = CARTESIAN_POINT('',(-25.,-62.,20.));
#288 = DIRECTION('',(0.,-0.,1.));
#289 = DIRECTION('',(0.,1.,0.));
#290 = PCURVE('',#128,#291);
#291 = DEFINITIONAL_REPRESENTATION('',(#292),#296);
#292 = LINE('',#293,#294);
#293 = CARTESIAN_POINT('',(-0.,4.712388980385));
#294 = VECTOR('',#295,1.);
#295 = DIRECTION('',(-1.,0.));
#296 = ( GEOMETRIC_REPRESENTATION_CONTEXT(2) 
PARAMETRIC_REPRESENTATION_CONTEXT() REPRESENTATION_CONTEXT('2D SPACE',''
  ) );
#297 = PCURVE('',#298,#303);
#298 = PLANE('',#299);
#299 = AXIS2_PLACEMENT_3D('',#300,#301,#302);
#300 = CARTESIAN_POINT('',(-1.32E-15,6.3E-15,20.));
#301 = DIRECTION('',(0.,0.,1.));
#302 = DIRECTION('',(1.,0.,0.));
#303 = DEFINITIONAL_REPRESENTATION('',(#304),#308);
#304 = CIRCLE('',#305,4.5);
#305 = AXIS2_PLACEMENT_2D('',#306,#307);
#306 = CARTESIAN_POINT('',(-25.,-62.));
#307 = DIRECTION('',(0.,1.));
#308 = ( GEOMETRIC_REPRESENTATION_CONTEXT(2) 
PARAMETRIC_REPRESENTATION_CONTEXT() REPRESENTATION_CONTEXT('2D SPACE',''
  ) );
#309 = ADVANCED_FACE('',(#310),#73,.F.);
#310 = FACE_BOUND('',#311,.T.);
#311 = EDGE_LOOP('',(#312,#335,#336,#364));
#312 = ORIENTED_EDGE('',*,*,#313,.F.);
#313 = EDGE_CURVE('',#24,#314,#316,.T.);
#314 = VERTEX_POINT('',#315);
#315 = CARTESIAN_POINT('',(-25.,-59.5,17.5));
#316 = SURFACE_CURVE('',#317,(#321,#328),.PCURVE_S1.);
#317 = LINE('',#318,#319);
#318 = CARTESIAN_POINT('',(-25.,-59.,18.));
#319 = VECTOR('',#320,1.);
#320 = DIRECTION('',(-3.1E-16,-0.707106781187,-0.707106781187));
#321 = PCURVE('',#73,#322);
#322 = DEFINITIONAL_REPRESENTATION('',(#323),#327);
#323 = LINE('',#324,#325);
#324 = CARTESIAN_POINT('',(-4.4E-16,-0.));
#325 = VECTOR('',#326,1.);
#326 = DIRECTION('',(0.,-1.));
#327 = ( GEOMETRIC_REPRESENTATION_CONTEXT(2) 
PARAMETRIC_REPRESENTATION_CONTEXT() REPRESENTATION_CONTEXT('2D SPACE',''
  ) );
#328 = PCURVE('',#160,#329);
#329 = DEFINITIONAL_REPRESENTATION('',(#330),#334);
#330 = LINE('',#331,#332);
#331 = CARTESIAN_POINT('',(-60.,-0.353553390593));
#332 = VECTOR('',#333,1.);
#333 = DIRECTION('',(-3.1E-16,1.));
#334 = ( GEOMETRIC_REPRESENTATION_CONTEXT(2) 
PARAMETRIC_REPRESENTATION_CONTEXT() REPRESENTATION_CONTEXT('2D SPACE',''
  ) );
#335 = ORIENTED_EDGE('',*,*,#56,.T.);
#336 = ORIENTED_EDGE('',*,*,#337,.T.);
#337 = EDGE_CURVE('',#57,#338,#340,.T.);
#338 = VERTEX_POINT('',#339);
#339 = CARTESIAN_POINT('',(-25.,-64.5,17.5));
#340 = SURFACE_CURVE('',#341,(#345,#352),.PCURVE_S1.);
#341 = LINE('',#342,#343);
#342 = CARTESIAN_POINT('',(-25.,-65.,18.));
#343 = VECTOR('',#344,1.);
#344 = DIRECTION('',(9.E-17,0.707106781187,-0.707106781187));
#345 = PCURVE('',#73,#346);
#346 = DEFINITIONAL_REPRESENTATION('',(#347),#351);
#347 = LINE('',#348,#349);
#348 = CARTESIAN_POINT('',(3.14159265359,-0.));
#349 = VECTOR('',#350,1.);
#350 = DIRECTION('',(0.,-1.));
#351 = ( GEOMETRIC_REPRESENTATION_CONTEXT(2) 
PARAMETRIC_REPRESENTATION_CONTEXT() REPRESENTATION_CONTEXT('2D SPACE',''
  ) );
#352 = PCURVE('',#353,#358);
#353 = PLANE('',#354);
#354 = AXIS2_PLACEMENT_3D('',#355,#356,#357);
#355 = CARTESIAN_POINT('',(-25.,-64.75,17.75));
#356 = DIRECTION('',(0.,0.707106781187,0.707106781187));
#357 = DIRECTION('',(1.,0.,0.));
#358 = DEFINITIONAL_REPRESENTATION('',(#359),#363);
#359 = LINE('',#360,#361);
#360 = CARTESIAN_POINT('',(0.,-0.353553390593));
#361 = VECTOR('',#362,1.);
#362 = DIRECTION('',(9.E-17,1.));
#363 = ( GEOMETRIC_REPRESENTATION_CONTEXT(2) 
PARAMETRIC_REPRESENTATION_CONTEXT() REPRESENTATION_CONTEXT('2D SPACE',''
  ) );
#364 = ORIENTED_EDGE('',*,*,#365,.F.);
#365 = EDGE_CURVE('',#314,#338,#366,.T.);
#366 = SURFACE_CURVE('',#367,(#372,#379),.PCURVE_S1.);
#367 = CIRCLE('',#368,2.5);
#368 = AXIS2_PLACEMENT_3D('',#369,#370,#371);
#369 = CARTESIAN_POINT('',(-25.,-62.,17.5));
#370 = DIRECTION('',(0.,-0.,1.));
#371 = DIRECTION('',(0.,1.,0.));
#372 = PCURVE('',#73,#373);
#373 = DEFINITIONAL_REPRESENTATION('',(#374),#378);
#374 = LINE('',#375,#376);
#375 = CARTESIAN_POINT('',(0.,-0.5));
#376 = VECTOR('',#377,1.);
#377 = DIRECTION('',(1.,-0.));
#378 = ( GEOMETRIC_REPRESENTATION_CONTEXT(2) 
PARAMETRIC_REPRESENTATION_CONTEXT() REPRESENTATION_CONTEXT('2D SPACE',''
  ) );
#379 = PCURVE('',#380,#385);
#380 = PLANE('',#381);
#381 = AXIS2_PLACEMENT_3D('',#382,#383,#384);
#382 = CARTESIAN_POINT('',(5.,-62.,17.5));
#383 = DIRECTION('',(0.,0.,1.));
#384 = DIRECTION('',(1.,0.,0.));
#385 = DEFINITIONAL_REPRESENTATION('',(#386),#390);
#386 = CIRCLE('',#387,2.5);
#387 = AXIS2_PLACEMENT_2D('',#388,#389);
#388 = CARTESIAN_POINT('',(-30.,-7.105427357601E-15));
#389 = DIRECTION('',(0.,1.));
#390 = ( GEOMETRIC_REPRESENTATION_CONTEXT(2) 
PARAMETRIC_REPRESENTATION_CONTEXT() REPRESENTATION_CONTEXT('2D SPACE',''
  ) );
#391 = ADVANCED_FACE('',(#392),#101,.F.);
#392 = FACE_BOUND('',#393,.F.);
#393 = EDGE_LOOP('',(#394,#395,#418,#441));
#394 = ORIENTED_EDGE('',*,*,#85,.T.);
#395 = ORIENTED_EDGE('',*,*,#396,.T.);
#396 = EDGE_CURVE('',#57,#397,#399,.T.);
#397 = VERTEX_POINT('',#398);
#398 = CARTESIAN_POINT('',(35.,-65.,18.));
#399 = SURFACE_CURVE('',#400,(#404,#411),.PCURVE_S1.);
#400 = LINE('',#401,#402);
#401 = CARTESIAN_POINT('',(-25.,-65.,18.));
#402 = VECTOR('',#403,1.);
#403 = DIRECTION('',(1.,0.,0.));
#404 = PCURVE('',#101,#405);
#405 = DEFINITIONAL_REPRESENTATION('',(#406),#410);
#406 = LINE('',#407,#408);
#407 = CARTESIAN_POINT('',(0.,-2.));
#408 = VECTOR('',#409,1.);
#409 = DIRECTION('',(1.,0.));
#410 = ( GEOMETRIC_REPRESENTATION_CONTEXT(2) 
PARAMETRIC_REPRESENTATION_CONTEXT() REPRESENTATION_CONTEXT('2D SPACE',''
  ) );
#411 = PCURVE('',#353,#412);
#412 = DEFINITIONAL_REPRESENTATION('',(#413),#417);
#413 = LINE('',#414,#415);
#414 = CARTESIAN_POINT('',(0.,-0.353553390593));
#415 = VECTOR('',#416,1.);
#416 = DIRECTION('',(1.,0.));
#417 = ( GEOMETRIC_REPRESENTATION_CONTEXT(2) 
PARAMETRIC_REPRESENTATION_CONTEXT() REPRESENTATION_CONTEXT('2D SPACE',''
  ) );
#418 = ORIENTED_EDGE('',*,*,#419,.F.);
#419 = EDGE_CURVE('',#420,#397,#422,.T.);
#420 = VERTEX_POINT('',#421);
#421 = CARTESIAN_POINT('',(35.,-65.,18.5));
#422 = SURFACE_CURVE('',#423,(#427,#434),.PCURVE_S1.);
#423 = LINE('',#424,#425);
#424 = CARTESIAN_POINT('',(35.,-65.,20.));
#425 = VECTOR('',#426,1.);
#426 = DIRECTION('',(-0.,-0.,-1.));
#427 = PCURVE('',#101,#428);
#428 = DEFINITIONAL_REPRESENTATION('',(#429),#433);
#429 = LINE('',#430,#431);
#430 = CARTESIAN_POINT('',(60.,0.));
#431 = VECTOR('',#432,1.);
#432 = DIRECTION('',(0.,-1.));
#433 = ( GEOMETRIC_REPRESENTATION_CONTEXT(2) 
PARAMETRIC_REPRESENTATION_CONTEXT() REPRESENTATION_CONTEXT('2D SPACE',''
  ) );
#434 = PCURVE('',#188,#435);
#435 = DEFINITIONAL_REPRESENTATION('',(#436),#440);
#436 = LINE('',#437,#438);
#437 = CARTESIAN_POINT('',(4.712388980385,0.));
#438 = VECTOR('',#439,1.);
#439 = DIRECTION('',(0.,-1.));
#440 = ( GEOMETRIC_REPRESENTATION_CONTEXT(2) 
PARAMETRIC_REPRESENTATION_CONTEXT() REPRESENTATION_CONTEXT('2D SPACE',''
  ) );
#441 = ORIENTED_EDGE('',*,*,#442,.F.);
#442 = EDGE_CURVE('',#86,#420,#443,.T.);
#443 = SURFACE_CURVE('',#444,(#448,#455),.PCURVE_S1.);
#444 = LINE('',#445,#446);
#445 = CARTESIAN_POINT('',(-25.,-65.,18.5));
#446 = VECTOR('',#447,1.);
#447 = DIRECTION('',(1.,0.,0.));
#448 = PCURVE('',#101,#449);
#449 = DEFINITIONAL_REPRESENTATION('',(#450),#454);
#450 = LINE('',#451,#452);
#451 = CARTESIAN_POINT('',(0.,-1.5));
#452 = VECTOR('',#453,1.);
#453 = DIRECTION('',(1.,0.));
#454 = ( GEOMETRIC_REPRESENTATION_CONTEXT(2) 
PARAMETRIC_REPRESENTATION_CONTEXT() REPRESENTATION_CONTEXT('2D SPACE',''
  ) );
#455 = PCURVE('',#271,#456);
#456 = DEFINITIONAL_REPRESENTATION('',(#457),#461);
#457 = LINE('',#458,#459);
#458 = CARTESIAN_POINT('',(0.,0.));
#459 = VECTOR('',#460,1.);
#460 = DIRECTION('',(0.,1.));
#461 = ( GEOMETRIC_REPRESENTATION_CONTEXT(2) 
PARAMETRIC_REPRESENTATION_CONTEXT() REPRESENTATION_CONTEXT('2D SPACE',''
  ) );
#462 = ADVANCED_FACE('',(#463),#214,.T.);
#463 = FACE_BOUND('',#464,.T.);
#464 = EDGE_LOOP('',(#465,#494,#515,#516));
#465 = ORIENTED_EDGE('',*,*,#466,.T.);
#466 = EDGE_CURVE('',#173,#467,#469,.T.);
#467 = VERTEX_POINT('',#468);
#468 = CARTESIAN_POINT('',(35.,-57.5,20.));
#469 = SURFACE_CURVE('',#470,(#475,#482),.PCURVE_S1.);
#470 = CIRCLE('',#471,1.5);
#471 = AXIS2_PLACEMENT_3D('',#472,#473,#474);
#472 = CARTESIAN_POINT('',(35.,-57.5,18.5));
#473 = DIRECTION('',(-1.,-7.7E-16,-0.));
#474 = DIRECTION('',(-7.7E-16,1.,0.));
#475 = PCURVE('',#214,#476);
#476 = DEFINITIONAL_REPRESENTATION('',(#477),#481);
#477 = LINE('',#478,#479);
#478 = CARTESIAN_POINT('',(-3.14159265359,0.));
#479 = VECTOR('',#480,1.);
#480 = DIRECTION('',(1.,0.));
#481 = ( GEOMETRIC_REPRESENTATION_CONTEXT(2) 
PARAMETRIC_REPRESENTATION_CONTEXT() REPRESENTATION_CONTEXT('2D SPACE',''
  ) );
#482 = PCURVE('',#483,#488);
#483 = TOROIDAL_SURFACE('',#484,4.5,1.5);
#484 = AXIS2_PLACEMENT_3D('',#485,#486,#487);
#485 = CARTESIAN_POINT('',(35.,-62.,18.5));
#486 = DIRECTION('',(-0.,-0.,-1.));
#487 = DIRECTION('',(0.,-1.,0.));
#488 = DEFINITIONAL_REPRESENTATION('',(#489),#493);
#489 = LINE('',#490,#491);
#490 = CARTESIAN_POINT('',(-3.14159265359,0.));
#491 = VECTOR('',#492,1.);
#492 = DIRECTION('',(-0.,1.));
#493 = ( GEOMETRIC_REPRESENTATION_CONTEXT(2) 
PARAMETRIC_REPRESENTATION_CONTEXT() REPRESENTATION_CONTEXT('2D SPACE',''
  ) );
#494 = ORIENTED_EDGE('',*,*,#495,.T.);
#495 = EDGE_CURVE('',#467,#230,#496,.T.);
#496 = SURFACE_CURVE('',#497,(#501,#508),.PCURVE_S1.);
#497 = LINE('',#498,#499);
#498 = CARTESIAN_POINT('',(35.,-57.5,20.));
#499 = VECTOR('',#500,1.);
#500 = DIRECTION('',(-1.,-0.,-0.));
#501 = PCURVE('',#214,#502);
#502 = DEFINITIONAL_REPRESENTATION('',(#503),#507);
#503 = LINE('',#504,#505);
#504 = CARTESIAN_POINT('',(1.570796326795,0.));
#505 = VECTOR('',#506,1.);
#506 = DIRECTION('',(0.,1.));
#507 = ( GEOMETRIC_REPRESENTATION_CONTEXT(2) 
PARAMETRIC_REPRESENTATION_CONTEXT() REPRESENTATION_CONTEXT('2D SPACE',''
  ) );
#508 = PCURVE('',#298,#509);
#509 = DEFINITIONAL_REPRESENTATION('',(#510),#514);
#510 = LINE('',#511,#512);
#511 = CARTESIAN_POINT('',(35.,-57.5));
#512 = VECTOR('',#513,1.);
#513 = DIRECTION('',(-1.,0.));
#514 = ( GEOMETRIC_REPRESENTATION_CONTEXT(2) 
PARAMETRIC_REPRESENTATION_CONTEXT() REPRESENTATION_CONTEXT('2D SPACE',''
  ) );
#515 = ORIENTED_EDGE('',*,*,#229,.F.);
#516 = ORIENTED_EDGE('',*,*,#200,.F.);
#517 = ADVANCED_FACE('',(#518),#160,.F.);
#518 = FACE_BOUND('',#519,.T.);
#519 = EDGE_LOOP('',(#520,#548,#549,#550));
#520 = ORIENTED_EDGE('',*,*,#521,.F.);
#521 = EDGE_CURVE('',#145,#522,#524,.T.);
#522 = VERTEX_POINT('',#523);
#523 = CARTESIAN_POINT('',(35.,-59.5,17.5));
#524 = SURFACE_CURVE('',#525,(#529,#536),.PCURVE_S1.);
#525 = LINE('',#526,#527);
#526 = CARTESIAN_POINT('',(35.,-59.,18.));
#527 = VECTOR('',#528,1.);
#528 = DIRECTION('',(5.4E-16,-0.707106781187,-0.707106781187));
#529 = PCURVE('',#160,#530);
#530 = DEFINITIONAL_REPRESENTATION('',(#531),#535);
#531 = LINE('',#532,#533);
#532 = CARTESIAN_POINT('',(-0.,-0.353553390593));
#533 = VECTOR('',#534,1.);
#534 = DIRECTION('',(5.4E-16,1.));
#535 = ( GEOMETRIC_REPRESENTATION_CONTEXT(2) 
PARAMETRIC_REPRESENTATION_CONTEXT() REPRESENTATION_CONTEXT('2D SPACE',''
  ) );
#536 = PCURVE('',#537,#542);
#537 = CONICAL_SURFACE('',#538,3.,0.785398163397);
#538 = AXIS2_PLACEMENT_3D('',#539,#540,#541);
#539 = CARTESIAN_POINT('',(35.,-62.,18.));
#540 = DIRECTION('',(0.,0.,1.));
#541 = DIRECTION('',(0.,-1.,0.));
#542 = DEFINITIONAL_REPRESENTATION('',(#543),#547);
#543 = LINE('',#544,#545);
#544 = CARTESIAN_POINT('',(3.14159265359,-0.));
#545 = VECTOR('',#546,1.);
#546 = DIRECTION('',(0.,-1.));
#547 = ( GEOMETRIC_REPRESENTATION_CONTEXT(2) 
PARAMETRIC_REPRESENTATION_CONTEXT() REPRESENTATION_CONTEXT('2D SPACE',''
  ) );
#548 = ORIENTED_EDGE('',*,*,#144,.T.);
#549 = ORIENTED_EDGE('',*,*,#313,.T.);
#550 = ORIENTED_EDGE('',*,*,#551,.F.);
#551 = EDGE_CURVE('',#522,#314,#552,.T.);
#552 = SURFACE_CURVE('',#553,(#557,#564),.PCURVE_S1.);
#553 = LINE('',#554,#555);
#554 = CARTESIAN_POINT('',(35.,-59.5,17.5));
#555 = VECTOR('',#556,1.);
#556 = DIRECTION('',(-1.,-0.,-0.));
#557 = PCURVE('',#160,#558);
#558 = DEFINITIONAL_REPRESENTATION('',(#559),#563);
#559 = LINE('',#560,#561);
#560 = CARTESIAN_POINT('',(0.,0.353553390593));
#561 = VECTOR('',#562,1.);
#562 = DIRECTION('',(-1.,0.));
#563 = ( GEOMETRIC_REPRESENTATION_CONTEXT(2) 
PARAMETRIC_REPRESENTATION_CONTEXT() REPRESENTATION_CONTEXT('2D SPACE',''
  ) );
#564 = PCURVE('',#380,#565);
#565 = DEFINITIONAL_REPRESENTATION('',(#566),#570);
#566 = LINE('',#567,#568);
#567 = CARTESIAN_POINT('',(30.,2.5));
#568 = VECTOR('',#569,1.);
#569 = DIRECTION('',(-1.,0.));
#570 = ( GEOMETRIC_REPRESENTATION_CONTEXT(2) 
PARAMETRIC_REPRESENTATION_CONTEXT() REPRESENTATION_CONTEXT('2D SPACE',''
  ) );
#571 = ADVANCED_FACE('',(#572),#188,.F.);
#572 = FACE_BOUND('',#573,.F.);
#573 = EDGE_LOOP('',(#574,#575,#597,#598));
#574 = ORIENTED_EDGE('',*,*,#419,.T.);
#575 = ORIENTED_EDGE('',*,*,#576,.T.);
#576 = EDGE_CURVE('',#397,#145,#577,.T.);
#577 = SURFACE_CURVE('',#578,(#583,#590),.PCURVE_S1.);
#578 = CIRCLE('',#579,3.);
#579 = AXIS2_PLACEMENT_3D('',#580,#581,#582);
#580 = CARTESIAN_POINT('',(35.,-62.,18.));
#581 = DIRECTION('',(-0.,0.,1.));
#582 = DIRECTION('',(0.,-1.,0.));
#583 = PCURVE('',#188,#584);
#584 = DEFINITIONAL_REPRESENTATION('',(#585),#589);
#585 = LINE('',#586,#587);
#586 = CARTESIAN_POINT('',(4.712388980385,-2.));
#587 = VECTOR('',#588,1.);
#588 = DIRECTION('',(1.,0.));
#589 = ( GEOMETRIC_REPRESENTATION_CONTEXT(2) 
PARAMETRIC_REPRESENTATION_CONTEXT() REPRESENTATION_CONTEXT('2D SPACE',''
  ) );
#590 = PCURVE('',#537,#591);
#591 = DEFINITIONAL_REPRESENTATION('',(#592),#596);
#592 = LINE('',#593,#594);
#593 = CARTESIAN_POINT('',(0.,-0.));
#594 = VECTOR('',#595,1.);
#595 = DIRECTION('',(1.,-0.));
#596 = ( GEOMETRIC_REPRESENTATION_CONTEXT(2) 
PARAMETRIC_REPRESENTATION_CONTEXT() REPRESENTATION_CONTEXT('2D SPACE',''
  ) );
#597 = ORIENTED_EDGE('',*,*,#172,.F.);
#598 = ORIENTED_EDGE('',*,*,#599,.F.);
#599 = EDGE_CURVE('',#420,#173,#600,.T.);
#600 = SURFACE_CURVE('',#601,(#606,#613),.PCURVE_S1.);
#601 = CIRCLE('',#602,3.);
#602 = AXIS2_PLACEMENT_3D('',#603,#604,#605);
#603 = CARTESIAN_POINT('',(35.,-62.,18.5));
#604 = DIRECTION('',(-0.,0.,1.));
#605 = DIRECTION('',(0.,-1.,0.));
#606 = PCURVE('',#188,#607);
#607 = DEFINITIONAL_REPRESENTATION('',(#608),#612);
#608 = LINE('',#609,#610);
#609 = CARTESIAN_POINT('',(4.712388980385,-1.5));
#610 = VECTOR('',#611,1.);
#611 = DIRECTION('',(1.,0.));
#612 = ( GEOMETRIC_REPRESENTATION_CONTEXT(2) 
PARAMETRIC_REPRESENTATION_CONTEXT() REPRESENTATION_CONTEXT('2D SPACE',''
  ) );
#613 = PCURVE('',#483,#614);
#614 = DEFINITIONAL_REPRESENTATION('',(#615),#619);
#615 = LINE('',#616,#617);
#616 = CARTESIAN_POINT('',(-0.,3.14159265359));
#617 = VECTOR('',#618,1.);
#618 = DIRECTION('',(-1.,0.));
#619 = ( GEOMETRIC_REPRESENTATION_CONTEXT(2) 
PARAMETRIC_REPRESENTATION_CONTEXT() REPRESENTATION_CONTEXT('2D SPACE',''
  ) );
#620 = ADVANCED_FACE('',(#621,#670,#1293,#1523,#1753,#3017,#3048),#298,
  .T.);
#621 = FACE_BOUND('',#622,.T.);
#622 = EDGE_LOOP('',(#623,#624,#625,#649));
#623 = ORIENTED_EDGE('',*,*,#283,.F.);
#624 = ORIENTED_EDGE('',*,*,#495,.F.);
#625 = ORIENTED_EDGE('',*,*,#626,.F.);
#626 = EDGE_CURVE('',#627,#467,#629,.T.);
#627 = VERTEX_POINT('',#628);
#628 = CARTESIAN_POINT('',(35.,-66.5,20.));
#629 = SURFACE_CURVE('',#630,(#635,#642),.PCURVE_S1.);
#630 = CIRCLE('',#631,4.5);
#631 = AXIS2_PLACEMENT_3D('',#632,#633,#634);
#632 = CARTESIAN_POINT('',(35.,-62.,20.));
#633 = DIRECTION('',(-0.,0.,1.));
#634 = DIRECTION('',(0.,-1.,0.));
#635 = PCURVE('',#298,#636);
#636 = DEFINITIONAL_REPRESENTATION('',(#637),#641);
#637 = CIRCLE('',#638,4.5);
#638 = AXIS2_PLACEMENT_2D('',#639,#640);
#639 = CARTESIAN_POINT('',(35.,-62.));
#640 = DIRECTION('',(0.,-1.));
#641 = ( GEOMETRIC_REPRESENTATION_CONTEXT(2) 
PARAMETRIC_REPRESENTATION_CONTEXT() REPRESENTATION_CONTEXT('2D SPACE',''
  ) );
#642 = PCURVE('',#483,#643);
#643 = DEFINITIONAL_REPRESENTATION('',(#644),#648);
#644 = LINE('',#645,#646);
#645 = CARTESIAN_POINT('',(-0.,4.712388980385));
#646 = VECTOR('',#647,1.);
#647 = DIRECTION('',(-1.,0.));
#648 = ( GEOMETRIC_REPRESENTATION_CONTEXT(2) 
PARAMETRIC_REPRESENTATION_CONTEXT() REPRESENTATION_CONTEXT('2D SPACE',''
  ) );
#649 = ORIENTED_EDGE('',*,*,#650,.F.);
#650 = EDGE_CURVE('',#255,#627,#651,.T.);
#651 = SURFACE_CURVE('',#652,(#656,#663),.PCURVE_S1.);
#652 = LINE('',#653,#654);
#653 = CARTESIAN_POINT('',(-25.,-66.5,20.));
#654 = VECTOR('',#655,1.);
#655 = DIRECTION('',(1.,0.,0.));
#656 = PCURVE('',#298,#657);
#657 = DEFINITIONAL_REPRESENTATION('',(#658),#662);
#658 = LINE('',#659,#660);
#659 = CARTESIAN_POINT('',(-25.,-66.5));
#660 = VECTOR('',#661,1.);
#661 = DIRECTION('',(1.,0.));
#662 = ( GEOMETRIC_REPRESENTATION_CONTEXT(2) 
PARAMETRIC_REPRESENTATION_CONTEXT() REPRESENTATION_CONTEXT('2D SPACE',''
  ) );
#663 = PCURVE('',#271,#664);
#664 = DEFINITIONAL_REPRESENTATION('',(#665),#669);
#665 = LINE('',#666,#667);
#666 = CARTESIAN_POINT('',(1.570796326795,0.));
#667 = VECTOR('',#668,1.);
#668 = DIRECTION('',(0.,1.));
#669 = ( GEOMETRIC_REPRESENTATION_CONTEXT(2) 
PARAMETRIC_REPRESENTATION_CONTEXT() REPRESENTATION_CONTEXT('2D SPACE',''
  ) );
#670 = FACE_BOUND('',#671,.T.);
#671 = EDGE_LOOP('',(#672,#703,#731,#760,#788,#816,#845,#873,#902,#930,
    #959,#987,#1016,#1044,#1073,#1101,#1130,#1158,#1181,#1210,#1238,
    #1267));
#672 = ORIENTED_EDGE('',*,*,#673,.T.);
#673 = EDGE_CURVE('',#674,#676,#678,.T.);
#674 = VERTEX_POINT('',#675);
#675 = CARTESIAN_POINT('',(-80.,70.,20.));
#676 = VERTEX_POINT('',#677);
#677 = CARTESIAN_POINT('',(-90.,60.,20.));
#678 = SURFACE_CURVE('',#679,(#684,#691),.PCURVE_S1.);
#679 = CIRCLE('',#680,10.);
#680 = AXIS2_PLACEMENT_3D('',#681,#682,#683);
#681 = CARTESIAN_POINT('',(-80.,60.,20.));
#682 = DIRECTION('',(0.,0.,1.));
#683 = DIRECTION('',(1.,0.,0.));
#684 = PCURVE('',#298,#685);
#685 = DEFINITIONAL_REPRESENTATION('',(#686),#690);
#686 = CIRCLE('',#687,10.);
#687 = AXIS2_PLACEMENT_2D('',#688,#689);
#688 = CARTESIAN_POINT('',(-80.,60.));
#689 = DIRECTION('',(1.,0.));
#690 = ( GEOMETRIC_REPRESENTATION_CONTEXT(2) 
PARAMETRIC_REPRESENTATION_CONTEXT() REPRESENTATION_CONTEXT('2D SPACE',''
  ) );
#691 = PCURVE('',#692,#697);
#692 = CYLINDRICAL_SURFACE('',#693,10.);
#693 = AXIS2_PLACEMENT_3D('',#694,#695,#696);
#694 = CARTESIAN_POINT('',(-80.,60.,0.));
#695 = DIRECTION('',(-0.,-0.,-1.));
#696 = DIRECTION('',(1.,0.,0.));
#697 = DEFINITIONAL_REPRESENTATION('',(#698),#702);
#698 = LINE('',#699,#700);
#699 = CARTESIAN_POINT('',(-0.,-20.));
#700 = VECTOR('',#701,1.);
#701 = DIRECTION('',(-1.,0.));
#702 = ( GEOMETRIC_REPRESENTATION_CONTEXT(2) 
PARAMETRIC_REPRESENTATION_CONTEXT() REPRESENTATION_CONTEXT('2D SPACE',''
  ) );
#703 = ORIENTED_EDGE('',*,*,#704,.T.);
#704 = EDGE_CURVE('',#676,#705,#707,.T.);
#705 = VERTEX_POINT('',#706);
#706 = CARTESIAN_POINT('',(-90.,-60.,20.));
#707 = SURFACE_CURVE('',#708,(#712,#719),.PCURVE_S1.);
#708 = LINE('',#709,#710);
#709 = CARTESIAN_POINT('',(-90.,60.,20.));
#710 = VECTOR('',#711,1.);
#711 = DIRECTION('',(0.,-1.,0.));
#712 = PCURVE('',#298,#713);
#713 = DEFINITIONAL_REPRESENTATION('',(#714),#718);
#714 = LINE('',#715,#716);
#715 = CARTESIAN_POINT('',(-90.,60.));
#716 = VECTOR('',#717,1.);
#717 = DIRECTION('',(0.,-1.));
#718 = ( GEOMETRIC_REPRESENTATION_CONTEXT(2) 
PARAMETRIC_REPRESENTATION_CONTEXT() REPRESENTATION_CONTEXT('2D SPACE',''
  ) );
#719 = PCURVE('',#720,#725);
#720 = PLANE('',#721);
#721 = AXIS2_PLACEMENT_3D('',#722,#723,#724);
#722 = CARTESIAN_POINT('',(-90.,60.,0.));
#723 = DIRECTION('',(1.,0.,0.));
#724 = DIRECTION('',(0.,-1.,0.));
#725 = DEFINITIONAL_REPRESENTATION('',(#726),#730);
#726 = LINE('',#727,#728);
#727 = CARTESIAN_POINT('',(0.,-20.));
#728 = VECTOR('',#729,1.);
#729 = DIRECTION('',(1.,0.));
#730 = ( GEOMETRIC_REPRESENTATION_CONTEXT(2) 
PARAMETRIC_REPRESENTATION_CONTEXT() REPRESENTATION_CONTEXT('2D SPACE',''
  ) );
#731 = ORIENTED_EDGE('',*,*,#732,.T.);
#732 = EDGE_CURVE('',#705,#733,#735,.T.);
#733 = VERTEX_POINT('',#734);
#734 = CARTESIAN_POINT('',(-80.,-70.,20.));
#735 = SURFACE_CURVE('',#736,(#741,#748),.PCURVE_S1.);
#736 = CIRCLE('',#737,10.);
#737 = AXIS2_PLACEMENT_3D('',#738,#739,#740);
#738 = CARTESIAN_POINT('',(-80.,-60.,20.));
#739 = DIRECTION('',(0.,0.,1.));
#740 = DIRECTION('',(1.,0.,0.));
#741 = PCURVE('',#298,#742);
#742 = DEFINITIONAL_REPRESENTATION('',(#743),#747);
#743 = CIRCLE('',#744,10.);
#744 = AXIS2_PLACEMENT_2D('',#745,#746);
#745 = CARTESIAN_POINT('',(-80.,-60.));
#746 = DIRECTION('',(1.,0.));
#747 = ( GEOMETRIC_REPRESENTATION_CONTEXT(2) 
PARAMETRIC_REPRESENTATION_CONTEXT() REPRESENTATION_CONTEXT('2D SPACE',''
  ) );
#748 = PCURVE('',#749,#754);
#749 = CYLINDRICAL_SURFACE('',#750,10.);
#750 = AXIS2_PLACEMENT_3D('',#751,#752,#753);
#751 = CARTESIAN_POINT('',(-80.,-60.,0.));
#752 = DIRECTION('',(-0.,-0.,-1.));
#753 = DIRECTION('',(1.,0.,0.));
#754 = DEFINITIONAL_REPRESENTATION('',(#755),#759);
#755 = LINE('',#756,#757);
#756 = CARTESIAN_POINT('',(-0.,-20.));
#757 = VECTOR('',#758,1.);
#758 = DIRECTION('',(-1.,0.));
#759 = ( GEOMETRIC_REPRESENTATION_CONTEXT(2) 
PARAMETRIC_REPRESENTATION_CONTEXT() REPRESENTATION_CONTEXT('2D SPACE',''
  ) );
#760 = ORIENTED_EDGE('',*,*,#761,.T.);
#761 = EDGE_CURVE('',#733,#762,#764,.T.);
#762 = VERTEX_POINT('',#763);
#763 = CARTESIAN_POINT('',(-78.,-70.,20.));
#764 = SURFACE_CURVE('',#765,(#769,#776),.PCURVE_S1.);
#765 = LINE('',#766,#767);
#766 = CARTESIAN_POINT('',(-80.,-70.,20.));
#767 = VECTOR('',#768,1.);
#768 = DIRECTION('',(1.,0.,0.));
#769 = PCURVE('',#298,#770);
#770 = DEFINITIONAL_REPRESENTATION('',(#771),#775);
#771 = LINE('',#772,#773);
#772 = CARTESIAN_POINT('',(-80.,-70.));
#773 = VECTOR('',#774,1.);
#774 = DIRECTION('',(1.,0.));
#775 = ( GEOMETRIC_REPRESENTATION_CONTEXT(2) 
PARAMETRIC_REPRESENTATION_CONTEXT() REPRESENTATION_CONTEXT('2D SPACE',''
  ) );
#776 = PCURVE('',#777,#782);
#777 = PLANE('',#778);
#778 = AXIS2_PLACEMENT_3D('',#779,#780,#781);
#779 = CARTESIAN_POINT('',(-80.,-70.,0.));
#780 = DIRECTION('',(0.,1.,0.));
#781 = DIRECTION('',(1.,0.,0.));
#782 = DEFINITIONAL_REPRESENTATION('',(#783),#787);
#783 = LINE('',#784,#785);
#784 = CARTESIAN_POINT('',(0.,-20.));
#785 = VECTOR('',#786,1.);
#786 = DIRECTION('',(1.,0.));
#787 = ( GEOMETRIC_REPRESENTATION_CONTEXT(2) 
PARAMETRIC_REPRESENTATION_CONTEXT() REPRESENTATION_CONTEXT('2D SPACE',''
  ) );
#788 = ORIENTED_EDGE('',*,*,#789,.F.);
#789 = EDGE_CURVE('',#790,#762,#792,.T.);
#790 = VERTEX_POINT('',#791);
#791 = CARTESIAN_POINT('',(-78.,-68.,20.));
#792 = SURFACE_CURVE('',#793,(#797,#804),.PCURVE_S1.);
#793 = LINE('',#794,#795);
#794 = CARTESIAN_POINT('',(-78.,-68.,20.));
#795 = VECTOR('',#796,1.);
#796 = DIRECTION('',(0.,-1.,0.));
#797 = PCURVE('',#298,#798);
#798 = DEFINITIONAL_REPRESENTATION('',(#799),#803);
#799 = LINE('',#800,#801);
#800 = CARTESIAN_POINT('',(-78.,-68.));
#801 = VECTOR('',#802,1.);
#802 = DIRECTION('',(0.,-1.));
#803 = ( GEOMETRIC_REPRESENTATION_CONTEXT(2) 
PARAMETRIC_REPRESENTATION_CONTEXT() REPRESENTATION_CONTEXT('2D SPACE',''
  ) );
#804 = PCURVE('',#805,#810);
#805 = PLANE('',#806);
#806 = AXIS2_PLACEMENT_3D('',#807,#808,#809);
#807 = CARTESIAN_POINT('',(-78.,-68.,20.));
#808 = DIRECTION('',(-1.,0.,0.));
#809 = DIRECTION('',(0.,-1.,0.));
#810 = DEFINITIONAL_REPRESENTATION('',(#811),#815);
#811 = LINE('',#812,#813);
#812 = CARTESIAN_POINT('',(0.,0.));
#813 = VECTOR('',#814,1.);
#814 = DIRECTION('',(1.,0.));
#815 = ( GEOMETRIC_REPRESENTATION_CONTEXT(2) 
PARAMETRIC_REPRESENTATION_CONTEXT() REPRESENTATION_CONTEXT('2D SPACE',''
  ) );
#816 = ORIENTED_EDGE('',*,*,#817,.T.);
#817 = EDGE_CURVE('',#790,#818,#820,.T.);
#818 = VERTEX_POINT('',#819);
#819 = CARTESIAN_POINT('',(-81.,-65.,20.));
#820 = SURFACE_CURVE('',#821,(#826,#833),.PCURVE_S1.);
#821 = CIRCLE('',#822,3.);
#822 = AXIS2_PLACEMENT_3D('',#823,#824,#825);
#823 = CARTESIAN_POINT('',(-81.,-68.,20.));
#824 = DIRECTION('',(0.,0.,1.));
#825 = DIRECTION('',(1.,0.,0.));
#826 = PCURVE('',#298,#827);
#827 = DEFINITIONAL_REPRESENTATION('',(#828),#832);
#828 = CIRCLE('',#829,3.);
#829 = AXIS2_PLACEMENT_2D('',#830,#831);
#830 = CARTESIAN_POINT('',(-81.,-68.));
#831 = DIRECTION('',(1.,0.));
#832 = ( GEOMETRIC_REPRESENTATION_CONTEXT(2) 
PARAMETRIC_REPRESENTATION_CONTEXT() REPRESENTATION_CONTEXT('2D SPACE',''
  ) );
#833 = PCURVE('',#834,#839);
#834 = CYLINDRICAL_SURFACE('',#835,3.);
#835 = AXIS2_PLACEMENT_3D('',#836,#837,#838);
#836 = CARTESIAN_POINT('',(-81.,-68.,20.));
#837 = DIRECTION('',(0.,0.,1.));
#838 = DIRECTION('',(1.,0.,0.));
#839 = DEFINITIONAL_REPRESENTATION('',(#840),#844);
#840 = LINE('',#841,#842);
#841 = CARTESIAN_POINT('',(0.,0.));
#842 = VECTOR('',#843,1.);
#843 = DIRECTION('',(1.,0.));
#844 = ( GEOMETRIC_REPRESENTATION_CONTEXT(2) 
PARAMETRIC_REPRESENTATION_CONTEXT() REPRESENTATION_CONTEXT('2D SPACE',''
  ) );
#845 = ORIENTED_EDGE('',*,*,#846,.F.);
#846 = EDGE_CURVE('',#847,#818,#849,.T.);
#847 = VERTEX_POINT('',#848);
#848 = CARTESIAN_POINT('',(-82.,-65.,20.));
#849 = SURFACE_CURVE('',#850,(#854,#861),.PCURVE_S1.);
#850 = LINE('',#851,#852);
#851 = CARTESIAN_POINT('',(-82.,-65.,20.));
#852 = VECTOR('',#853,1.);
#853 = DIRECTION('',(1.,0.,0.));
#854 = PCURVE('',#298,#855);
#855 = DEFINITIONAL_REPRESENTATION('',(#856),#860);
#856 = LINE('',#857,#858);
#857 = CARTESIAN_POINT('',(-82.,-65.));
#858 = VECTOR('',#859,1.);
#859 = DIRECTION('',(1.,0.));
#860 = ( GEOMETRIC_REPRESENTATION_CONTEXT(2) 
PARAMETRIC_REPRESENTATION_CONTEXT() REPRESENTATION_CONTEXT('2D SPACE',''
  ) );
#861 = PCURVE('',#862,#867);
#862 = PLANE('',#863);
#863 = AXIS2_PLACEMENT_3D('',#864,#865,#866);
#864 = CARTESIAN_POINT('',(-82.,-65.,20.));
#865 = DIRECTION('',(0.,-1.,0.));
#866 = DIRECTION('',(1.,0.,0.));
#867 = DEFINITIONAL_REPRESENTATION('',(#868),#872);
#868 = LINE('',#869,#870);
#869 = CARTESIAN_POINT('',(0.,0.));
#870 = VECTOR('',#871,1.);
#871 = DIRECTION('',(1.,0.));
#872 = ( GEOMETRIC_REPRESENTATION_CONTEXT(2) 
PARAMETRIC_REPRESENTATION_CONTEXT() REPRESENTATION_CONTEXT('2D SPACE',''
  ) );
#873 = ORIENTED_EDGE('',*,*,#874,.F.);
#874 = EDGE_CURVE('',#875,#847,#877,.T.);
#875 = VERTEX_POINT('',#876);
#876 = CARTESIAN_POINT('',(-85.,-62.,20.));
#877 = SURFACE_CURVE('',#878,(#883,#890),.PCURVE_S1.);
#878 = CIRCLE('',#879,3.);
#879 = AXIS2_PLACEMENT_3D('',#880,#881,#882);
#880 = CARTESIAN_POINT('',(-82.,-62.,20.));
#881 = DIRECTION('',(0.,0.,1.));
#882 = DIRECTION('',(1.,0.,0.));
#883 = PCURVE('',#298,#884);
#884 = DEFINITIONAL_REPRESENTATION('',(#885),#889);
#885 = CIRCLE('',#886,3.);
#886 = AXIS2_PLACEMENT_2D('',#887,#888);
#887 = CARTESIAN_POINT('',(-82.,-62.));
#888 = DIRECTION('',(1.,0.));
#889 = ( GEOMETRIC_REPRESENTATION_CONTEXT(2) 
PARAMETRIC_REPRESENTATION_CONTEXT() REPRESENTATION_CONTEXT('2D SPACE',''
  ) );
#890 = PCURVE('',#891,#896);
#891 = CYLINDRICAL_SURFACE('',#892,3.);
#892 = AXIS2_PLACEMENT_3D('',#893,#894,#895);
#893 = CARTESIAN_POINT('',(-82.,-62.,20.));
#894 = DIRECTION('',(0.,0.,1.));
#895 = DIRECTION('',(1.,0.,0.));
#896 = DEFINITIONAL_REPRESENTATION('',(#897),#901);
#897 = LINE('',#898,#899);
#898 = CARTESIAN_POINT('',(0.,0.));
#899 = VECTOR('',#900,1.);
#900 = DIRECTION('',(1.,0.));
#901 = ( GEOMETRIC_REPRESENTATION_CONTEXT(2) 
PARAMETRIC_REPRESENTATION_CONTEXT() REPRESENTATION_CONTEXT('2D SPACE',''
  ) );
#902 = ORIENTED_EDGE('',*,*,#903,.F.);
#903 = EDGE_CURVE('',#904,#875,#906,.T.);
#904 = VERTEX_POINT('',#905);
#905 = CARTESIAN_POINT('',(-85.,2.,20.));
#906 = SURFACE_CURVE('',#907,(#911,#918),.PCURVE_S1.);
#907 = LINE('',#908,#909);
#908 = CARTESIAN_POINT('',(-85.,2.,20.));
#909 = VECTOR('',#910,1.);
#910 = DIRECTION('',(0.,-1.,0.));
#911 = PCURVE('',#298,#912);
#912 = DEFINITIONAL_REPRESENTATION('',(#913),#917);
#913 = LINE('',#914,#915);
#914 = CARTESIAN_POINT('',(-85.,2.));
#915 = VECTOR('',#916,1.);
#916 = DIRECTION('',(0.,-1.));
#917 = ( GEOMETRIC_REPRESENTATION_CONTEXT(2) 
PARAMETRIC_REPRESENTATION_CONTEXT() REPRESENTATION_CONTEXT('2D SPACE',''
  ) );
#918 = PCURVE('',#919,#924);
#919 = PLANE('',#920);
#920 = AXIS2_PLACEMENT_3D('',#921,#922,#923);
#921 = CARTESIAN_POINT('',(-85.,2.,20.));
#922 = DIRECTION('',(-1.,0.,0.));
#923 = DIRECTION('',(0.,-1.,0.));
#924 = DEFINITIONAL_REPRESENTATION('',(#925),#929);
#925 = LINE('',#926,#927);
#926 = CARTESIAN_POINT('',(0.,0.));
#927 = VECTOR('',#928,1.);
#928 = DIRECTION('',(1.,0.));
#929 = ( GEOMETRIC_REPRESENTATION_CONTEXT(2) 
PARAMETRIC_REPRESENTATION_CONTEXT() REPRESENTATION_CONTEXT('2D SPACE',''
  ) );
#930 = ORIENTED_EDGE('',*,*,#931,.F.);
#931 = EDGE_CURVE('',#932,#904,#934,.T.);
#932 = VERTEX_POINT('',#933);
#933 = CARTESIAN_POINT('',(-82.,5.,20.));
#934 = SURFACE_CURVE('',#935,(#940,#947),.PCURVE_S1.);
#935 = CIRCLE('',#936,3.);
#936 = AXIS2_PLACEMENT_3D('',#937,#938,#939);
#937 = CARTESIAN_POINT('',(-82.,2.,20.));
#938 = DIRECTION('',(0.,0.,1.));
#939 = DIRECTION('',(1.,0.,0.));
#940 = PCURVE('',#298,#941);
#941 = DEFINITIONAL_REPRESENTATION('',(#942),#946);
#942 = CIRCLE('',#943,3.);
#943 = AXIS2_PLACEMENT_2D('',#944,#945);
#944 = CARTESIAN_POINT('',(-82.,2.));
#945 = DIRECTION('',(1.,0.));
#946 = ( GEOMETRIC_REPRESENTATION_CONTEXT(2) 
PARAMETRIC_REPRESENTATION_CONTEXT() REPRESENTATION_CONTEXT('2D SPACE',''
  ) );
#947 = PCURVE('',#948,#953);
#948 = CYLINDRICAL_SURFACE('',#949,3.);
#949 = AXIS2_PLACEMENT_3D('',#950,#951,#952);
#950 = CARTESIAN_POINT('',(-82.,2.,20.));
#951 = DIRECTION('',(0.,0.,1.));
#952 = DIRECTION('',(1.,0.,0.));
#953 = DEFINITIONAL_REPRESENTATION('',(#954),#958);
#954 = LINE('',#955,#956);
#955 = CARTESIAN_POINT('',(0.,0.));
#956 = VECTOR('',#957,1.);
#957 = DIRECTION('',(1.,0.));
#958 = ( GEOMETRIC_REPRESENTATION_CONTEXT(2) 
PARAMETRIC_REPRESENTATION_CONTEXT() REPRESENTATION_CONTEXT('2D SPACE',''
  ) );
#959 = ORIENTED_EDGE('',*,*,#960,.F.);
#960 = EDGE_CURVE('',#961,#932,#963,.T.);
#961 = VERTEX_POINT('',#962);
#962 = CARTESIAN_POINT('',(-36.,5.,20.));
#963 = SURFACE_CURVE('',#964,(#968,#975),.PCURVE_S1.);
#964 = LINE('',#965,#966);
#965 = CARTESIAN_POINT('',(-36.,5.,20.));
#966 = VECTOR('',#967,1.);
#967 = DIRECTION('',(-1.,0.,0.));
#968 = PCURVE('',#298,#969);
#969 = DEFINITIONAL_REPRESENTATION('',(#970),#974);
#970 = LINE('',#971,#972);
#971 = CARTESIAN_POINT('',(-36.,5.));
#972 = VECTOR('',#973,1.);
#973 = DIRECTION('',(-1.,0.));
#974 = ( GEOMETRIC_REPRESENTATION_CONTEXT(2) 
PARAMETRIC_REPRESENTATION_CONTEXT() REPRESENTATION_CONTEXT('2D SPACE',''
  ) );
#975 = PCURVE('',#976,#981);
#976 = PLANE('',#977);
#977 = AXIS2_PLACEMENT_3D('',#978,#979,#980);
#978 = CARTESIAN_POINT('',(-36.,5.,20.));
#979 = DIRECTION('',(0.,1.,0.));
#980 = DIRECTION('',(-1.,0.,0.));
#981 = DEFINITIONAL_REPRESENTATION('',(#982),#986);
#982 = LINE('',#983,#984);
#983 = CARTESIAN_POINT('',(0.,0.));
#984 = VECTOR('',#985,1.);
#985 = DIRECTION('',(1.,0.));
#986 = ( GEOMETRIC_REPRESENTATION_CONTEXT(2) 
PARAMETRIC_REPRESENTATION_CONTEXT() REPRESENTATION_CONTEXT('2D SPACE',''
  ) );
#987 = ORIENTED_EDGE('',*,*,#988,.F.);
#988 = EDGE_CURVE('',#989,#961,#991,.T.);
#989 = VERTEX_POINT('',#990);
#990 = CARTESIAN_POINT('',(-33.,2.,20.));
#991 = SURFACE_CURVE('',#992,(#997,#1004),.PCURVE_S1.);
#992 = CIRCLE('',#993,3.);
#993 = AXIS2_PLACEMENT_3D('',#994,#995,#996);
#994 = CARTESIAN_POINT('',(-36.,2.,20.));
#995 = DIRECTION('',(0.,0.,1.));
#996 = DIRECTION('',(1.,0.,0.));
#997 = PCURVE('',#298,#998);
#998 = DEFINITIONAL_REPRESENTATION('',(#999),#1003);
#999 = CIRCLE('',#1000,3.);
#1000 = AXIS2_PLACEMENT_2D('',#1001,#1002);
#1001 = CARTESIAN_POINT('',(-36.,2.));
#1002 = DIRECTION('',(1.,0.));
#1003 = ( GEOMETRIC_REPRESENTATION_CONTEXT(2) 
PARAMETRIC_REPRESENTATION_CONTEXT() REPRESENTATION_CONTEXT('2D SPACE',''
  ) );
#1004 = PCURVE('',#1005,#1010);
#1005 = CYLINDRICAL_SURFACE('',#1006,3.);
#1006 = AXIS2_PLACEMENT_3D('',#1007,#1008,#1009);
#1007 = CARTESIAN_POINT('',(-36.,2.,20.));
#1008 = DIRECTION('',(0.,0.,1.));
#1009 = DIRECTION('',(1.,0.,0.));
#1010 = DEFINITIONAL_REPRESENTATION('',(#1011),#1015);
#1011 = LINE('',#1012,#1013);
#1012 = CARTESIAN_POINT('',(0.,0.));
#1013 = VECTOR('',#1014,1.);
#1014 = DIRECTION('',(1.,0.));
#1015 = ( GEOMETRIC_REPRESENTATION_CONTEXT(2) 
PARAMETRIC_REPRESENTATION_CONTEXT() REPRESENTATION_CONTEXT('2D SPACE',''
  ) );
#1016 = ORIENTED_EDGE('',*,*,#1017,.F.);
#1017 = EDGE_CURVE('',#1018,#989,#1020,.T.);
#1018 = VERTEX_POINT('',#1019);
#1019 = CARTESIAN_POINT('',(-33.,-62.,20.));
#1020 = SURFACE_CURVE('',#1021,(#1025,#1032),.PCURVE_S1.);
#1021 = LINE('',#1022,#1023);
#1022 = CARTESIAN_POINT('',(-33.,-62.,20.));
#1023 = VECTOR('',#1024,1.);
#1024 = DIRECTION('',(0.,1.,0.));
#1025 = PCURVE('',#298,#1026);
#1026 = DEFINITIONAL_REPRESENTATION('',(#1027),#1031);
#1027 = LINE('',#1028,#1029);
#1028 = CARTESIAN_POINT('',(-33.,-62.));
#1029 = VECTOR('',#1030,1.);
#1030 = DIRECTION('',(0.,1.));
#1031 = ( GEOMETRIC_REPRESENTATION_CONTEXT(2) 
PARAMETRIC_REPRESENTATION_CONTEXT() REPRESENTATION_CONTEXT('2D SPACE',''
  ) );
#1032 = PCURVE('',#1033,#1038);
#1033 = PLANE('',#1034);
#1034 = AXIS2_PLACEMENT_3D('',#1035,#1036,#1037);
#1035 = CARTESIAN_POINT('',(-33.,-62.,20.));
#1036 = DIRECTION('',(1.,0.,0.));
#1037 = DIRECTION('',(0.,1.,0.));
#1038 = DEFINITIONAL_REPRESENTATION('',(#1039),#1043);
#1039 = LINE('',#1040,#1041);
#1040 = CARTESIAN_POINT('',(0.,0.));
#1041 = VECTOR('',#1042,1.);
#1042 = DIRECTION('',(1.,0.));
#1043 = ( GEOMETRIC_REPRESENTATION_CONTEXT(2) 
PARAMETRIC_REPRESENTATION_CONTEXT() REPRESENTATION_CONTEXT('2D SPACE',''
  ) );
#1044 = ORIENTED_EDGE('',*,*,#1045,.F.);
#1045 = EDGE_CURVE('',#1046,#1018,#1048,.T.);
#1046 = VERTEX_POINT('',#1047);
#1047 = CARTESIAN_POINT('',(-36.,-65.,20.));
#1048 = SURFACE_CURVE('',#1049,(#1054,#1061),.PCURVE_S1.);
#1049 = CIRCLE('',#1050,3.);
#1050 = AXIS2_PLACEMENT_3D('',#1051,#1052,#1053);
#1051 = CARTESIAN_POINT('',(-36.,-62.,20.));
#1052 = DIRECTION('',(0.,0.,1.));
#1053 = DIRECTION('',(1.,0.,0.));
#1054 = PCURVE('',#298,#1055);
#1055 = DEFINITIONAL_REPRESENTATION('',(#1056),#1060);
#1056 = CIRCLE('',#1057,3.);
#1057 = AXIS2_PLACEMENT_2D('',#1058,#1059);
#1058 = CARTESIAN_POINT('',(-36.,-62.));
#1059 = DIRECTION('',(1.,0.));
#1060 = ( GEOMETRIC_REPRESENTATION_CONTEXT(2) 
PARAMETRIC_REPRESENTATION_CONTEXT() REPRESENTATION_CONTEXT('2D SPACE',''
  ) );
#1061 = PCURVE('',#1062,#1067);
#1062 = CYLINDRICAL_SURFACE('',#1063,3.);
#1063 = AXIS2_PLACEMENT_3D('',#1064,#1065,#1066);
#1064 = CARTESIAN_POINT('',(-36.,-62.,20.));
#1065 = DIRECTION('',(0.,0.,1.));
#1066 = DIRECTION('',(1.,0.,0.));
#1067 = DEFINITIONAL_REPRESENTATION('',(#1068),#1072);
#1068 = LINE('',#1069,#1070);
#1069 = CARTESIAN_POINT('',(0.,0.));
#1070 = VECTOR('',#1071,1.);
#1071 = DIRECTION('',(1.,0.));
#1072 = ( GEOMETRIC_REPRESENTATION_CONTEXT(2) 
PARAMETRIC_REPRESENTATION_CONTEXT() REPRESENTATION_CONTEXT('2D SPACE',''
  ) );
#1073 = ORIENTED_EDGE('',*,*,#1074,.F.);
#1074 = EDGE_CURVE('',#1075,#1046,#1077,.T.);
#1075 = VERTEX_POINT('',#1076);
#1076 = CARTESIAN_POINT('',(-37.,-65.,20.));
#1077 = SURFACE_CURVE('',#1078,(#1082,#1089),.PCURVE_S1.);
#1078 = LINE('',#1079,#1080);
#1079 = CARTESIAN_POINT('',(-37.,-65.,20.));
#1080 = VECTOR('',#1081,1.);
#1081 = DIRECTION('',(1.,0.,0.));
#1082 = PCURVE('',#298,#1083);
#1083 = DEFINITIONAL_REPRESENTATION('',(#1084),#1088);
#1084 = LINE('',#1085,#1086);
#1085 = CARTESIAN_POINT('',(-37.,-65.));
#1086 = VECTOR('',#1087,1.);
#1087 = DIRECTION('',(1.,0.));
#1088 = ( GEOMETRIC_REPRESENTATION_CONTEXT(2) 
PARAMETRIC_REPRESENTATION_CONTEXT() REPRESENTATION_CONTEXT('2D SPACE',''
  ) );
#1089 = PCURVE('',#1090,#1095);
#1090 = PLANE('',#1091);
#1091 = AXIS2_PLACEMENT_3D('',#1092,#1093,#1094);
#1092 = CARTESIAN_POINT('',(-37.,-65.,20.));
#1093 = DIRECTION('',(0.,-1.,0.));
#1094 = DIRECTION('',(1.,0.,0.));
#1095 = DEFINITIONAL_REPRESENTATION('',(#1096),#1100);
#1096 = LINE('',#1097,#1098);
#1097 = CARTESIAN_POINT('',(0.,0.));
#1098 = VECTOR('',#1099,1.);
#1099 = DIRECTION('',(1.,0.));
#1100 = ( GEOMETRIC_REPRESENTATION_CONTEXT(2) 
PARAMETRIC_REPRESENTATION_CONTEXT() REPRESENTATION_CONTEXT('2D SPACE',''
  ) );
#1101 = ORIENTED_EDGE('',*,*,#1102,.T.);
#1102 = EDGE_CURVE('',#1075,#1103,#1105,.T.);
#1103 = VERTEX_POINT('',#1104);
#1104 = CARTESIAN_POINT('',(-40.,-68.,20.));
#1105 = SURFACE_CURVE('',#1106,(#1111,#1118),.PCURVE_S1.);
#1106 = CIRCLE('',#1107,3.);
#1107 = AXIS2_PLACEMENT_3D('',#1108,#1109,#1110);
#1108 = CARTESIAN_POINT('',(-37.,-68.,20.));
#1109 = DIRECTION('',(0.,0.,1.));
#1110 = DIRECTION('',(1.,0.,0.));
#1111 = PCURVE('',#298,#1112);
#1112 = DEFINITIONAL_REPRESENTATION('',(#1113),#1117);
#1113 = CIRCLE('',#1114,3.);
#1114 = AXIS2_PLACEMENT_2D('',#1115,#1116);
#1115 = CARTESIAN_POINT('',(-37.,-68.));
#1116 = DIRECTION('',(1.,0.));
#1117 = ( GEOMETRIC_REPRESENTATION_CONTEXT(2) 
PARAMETRIC_REPRESENTATION_CONTEXT() REPRESENTATION_CONTEXT('2D SPACE',''
  ) );
#1118 = PCURVE('',#1119,#1124);
#1119 = CYLINDRICAL_SURFACE('',#1120,3.);
#1120 = AXIS2_PLACEMENT_3D('',#1121,#1122,#1123);
#1121 = CARTESIAN_POINT('',(-37.,-68.,20.));
#1122 = DIRECTION('',(0.,0.,1.));
#1123 = DIRECTION('',(1.,0.,0.));
#1124 = DEFINITIONAL_REPRESENTATION('',(#1125),#1129);
#1125 = LINE('',#1126,#1127);
#1126 = CARTESIAN_POINT('',(0.,0.));
#1127 = VECTOR('',#1128,1.);
#1128 = DIRECTION('',(1.,0.));
#1129 = ( GEOMETRIC_REPRESENTATION_CONTEXT(2) 
PARAMETRIC_REPRESENTATION_CONTEXT() REPRESENTATION_CONTEXT('2D SPACE',''
  ) );
#1130 = ORIENTED_EDGE('',*,*,#1131,.F.);
#1131 = EDGE_CURVE('',#1132,#1103,#1134,.T.);
#1132 = VERTEX_POINT('',#1133);
#1133 = CARTESIAN_POINT('',(-40.,-70.,20.));
#1134 = SURFACE_CURVE('',#1135,(#1139,#1146),.PCURVE_S1.);
#1135 = LINE('',#1136,#1137);
#1136 = CARTESIAN_POINT('',(-40.,-75.,20.));
#1137 = VECTOR('',#1138,1.);
#1138 = DIRECTION('',(0.,1.,0.));
#1139 = PCURVE('',#298,#1140);
#1140 = DEFINITIONAL_REPRESENTATION('',(#1141),#1145);
#1141 = LINE('',#1142,#1143);
#1142 = CARTESIAN_POINT('',(-40.,-75.));
#1143 = VECTOR('',#1144,1.);
#1144 = DIRECTION('',(0.,1.));
#1145 = ( GEOMETRIC_REPRESENTATION_CONTEXT(2) 
PARAMETRIC_REPRESENTATION_CONTEXT() REPRESENTATION_CONTEXT('2D SPACE',''
  ) );
#1146 = PCURVE('',#1147,#1152);
#1147 = PLANE('',#1148);
#1148 = AXIS2_PLACEMENT_3D('',#1149,#1150,#1151);
#1149 = CARTESIAN_POINT('',(-40.,-75.,20.));
#1150 = DIRECTION('',(1.,0.,0.));
#1151 = DIRECTION('',(0.,1.,0.));
#1152 = DEFINITIONAL_REPRESENTATION('',(#1153),#1157);
#1153 = LINE('',#1154,#1155);
#1154 = CARTESIAN_POINT('',(0.,0.));
#1155 = VECTOR('',#1156,1.);
#1156 = DIRECTION('',(1.,0.));
#1157 = ( GEOMETRIC_REPRESENTATION_CONTEXT(2) 
PARAMETRIC_REPRESENTATION_CONTEXT() REPRESENTATION_CONTEXT('2D SPACE',''
  ) );
#1158 = ORIENTED_EDGE('',*,*,#1159,.T.);
#1159 = EDGE_CURVE('',#1132,#1160,#1162,.T.);
#1160 = VERTEX_POINT('',#1161);
#1161 = CARTESIAN_POINT('',(80.,-70.,20.));
#1162 = SURFACE_CURVE('',#1163,(#1167,#1174),.PCURVE_S1.);
#1163 = LINE('',#1164,#1165);
#1164 = CARTESIAN_POINT('',(-80.,-70.,20.));
#1165 = VECTOR('',#1166,1.);
#1166 = DIRECTION('',(1.,0.,0.));
#1167 = PCURVE('',#298,#1168);
#1168 = DEFINITIONAL_REPRESENTATION('',(#1169),#1173);
#1169 = LINE('',#1170,#1171);
#1170 = CARTESIAN_POINT('',(-80.,-70.));
#1171 = VECTOR('',#1172,1.);
#1172 = DIRECTION('',(1.,0.));
#1173 = ( GEOMETRIC_REPRESENTATION_CONTEXT(2) 
PARAMETRIC_REPRESENTATION_CONTEXT() REPRESENTATION_CONTEXT('2D SPACE',''
  ) );
#1174 = PCURVE('',#777,#1175);
#1175 = DEFINITIONAL_REPRESENTATION('',(#1176),#1180);
#1176 = LINE('',#1177,#1178);
#1177 = CARTESIAN_POINT('',(0.,-20.));
#1178 = VECTOR('',#1179,1.);
#1179 = DIRECTION('',(1.,0.));
#1180 = ( GEOMETRIC_REPRESENTATION_CONTEXT(2) 
PARAMETRIC_REPRESENTATION_CONTEXT() REPRESENTATION_CONTEXT('2D SPACE',''
  ) );
#1181 = ORIENTED_EDGE('',*,*,#1182,.T.);
#1182 = EDGE_CURVE('',#1160,#1183,#1185,.T.);
#1183 = VERTEX_POINT('',#1184);
#1184 = CARTESIAN_POINT('',(90.,-60.,20.));
#1185 = SURFACE_CURVE('',#1186,(#1191,#1198),.PCURVE_S1.);
#1186 = CIRCLE('',#1187,10.);
#1187 = AXIS2_PLACEMENT_3D('',#1188,#1189,#1190);
#1188 = CARTESIAN_POINT('',(80.,-60.,20.));
#1189 = DIRECTION('',(0.,0.,1.));
#1190 = DIRECTION('',(1.,0.,0.));
#1191 = PCURVE('',#298,#1192);
#1192 = DEFINITIONAL_REPRESENTATION('',(#1193),#1197);
#1193 = CIRCLE('',#1194,10.);
#1194 = AXIS2_PLACEMENT_2D('',#1195,#1196);
#1195 = CARTESIAN_POINT('',(80.,-60.));
#1196 = DIRECTION('',(1.,0.));
#1197 = ( GEOMETRIC_REPRESENTATION_CONTEXT(2) 
PARAMETRIC_REPRESENTATION_CONTEXT() REPRESENTATION_CONTEXT('2D SPACE',''
  ) );
#1198 = PCURVE('',#1199,#1204);
#1199 = CYLINDRICAL_SURFACE('',#1200,10.);
#1200 = AXIS2_PLACEMENT_3D('',#1201,#1202,#1203);
#1201 = CARTESIAN_POINT('',(80.,-60.,0.));
#1202 = DIRECTION('',(-0.,-0.,-1.));
#1203 = DIRECTION('',(1.,0.,0.));
#1204 = DEFINITIONAL_REPRESENTATION('',(#1205),#1209);
#1205 = LINE('',#1206,#1207);
#1206 = CARTESIAN_POINT('',(-0.,-20.));
#1207 = VECTOR('',#1208,1.);
#1208 = DIRECTION('',(-1.,0.));
#1209 = ( GEOMETRIC_REPRESENTATION_CONTEXT(2) 
PARAMETRIC_REPRESENTATION_CONTEXT() REPRESENTATION_CONTEXT('2D SPACE',''
  ) );
#1210 = ORIENTED_EDGE('',*,*,#1211,.T.);
#1211 = EDGE_CURVE('',#1183,#1212,#1214,.T.);
#1212 = VERTEX_POINT('',#1213);
#1213 = CARTESIAN_POINT('',(90.,60.,20.));
#1214 = SURFACE_CURVE('',#1215,(#1219,#1226),.PCURVE_S1.);
#1215 = LINE('',#1216,#1217);
#1216 = CARTESIAN_POINT('',(90.,-60.,20.));
#1217 = VECTOR('',#1218,1.);
#1218 = DIRECTION('',(0.,1.,0.));
#1219 = PCURVE('',#298,#1220);
#1220 = DEFINITIONAL_REPRESENTATION('',(#1221),#1225);
#1221 = LINE('',#1222,#1223);
#1222 = CARTESIAN_POINT('',(90.,-60.));
#1223 = VECTOR('',#1224,1.);
#1224 = DIRECTION('',(0.,1.));
#1225 = ( GEOMETRIC_REPRESENTATION_CONTEXT(2) 
PARAMETRIC_REPRESENTATION_CONTEXT() REPRESENTATION_CONTEXT('2D SPACE',''
  ) );
#1226 = PCURVE('',#1227,#1232);
#1227 = PLANE('',#1228);
#1228 = AXIS2_PLACEMENT_3D('',#1229,#1230,#1231);
#1229 = CARTESIAN_POINT('',(90.,-60.,0.));
#1230 = DIRECTION('',(-1.,0.,0.));
#1231 = DIRECTION('',(0.,1.,0.));
#1232 = DEFINITIONAL_REPRESENTATION('',(#1233),#1237);
#1233 = LINE('',#1234,#1235);
#1234 = CARTESIAN_POINT('',(0.,-20.));
#1235 = VECTOR('',#1236,1.);
#1236 = DIRECTION('',(1.,0.));
#1237 = ( GEOMETRIC_REPRESENTATION_CONTEXT(2) 
PARAMETRIC_REPRESENTATION_CONTEXT() REPRESENTATION_CONTEXT('2D SPACE',''
  ) );
#1238 = ORIENTED_EDGE('',*,*,#1239,.T.);
#1239 = EDGE_CURVE('',#1212,#1240,#1242,.T.);
#1240 = VERTEX_POINT('',#1241);
#1241 = CARTESIAN_POINT('',(80.,70.,20.));
#1242 = SURFACE_CURVE('',#1243,(#1248,#1255),.PCURVE_S1.);
#1243 = CIRCLE('',#1244,10.);
#1244 = AXIS2_PLACEMENT_3D('',#1245,#1246,#1247);
#1245 = CARTESIAN_POINT('',(80.,60.,20.));
#1246 = DIRECTION('',(0.,0.,1.));
#1247 = DIRECTION('',(1.,0.,0.));
#1248 = PCURVE('',#298,#1249);
#1249 = DEFINITIONAL_REPRESENTATION('',(#1250),#1254);
#1250 = CIRCLE('',#1251,10.);
#1251 = AXIS2_PLACEMENT_2D('',#1252,#1253);
#1252 = CARTESIAN_POINT('',(80.,60.));
#1253 = DIRECTION('',(1.,0.));
#1254 = ( GEOMETRIC_REPRESENTATION_CONTEXT(2) 
PARAMETRIC_REPRESENTATION_CONTEXT() REPRESENTATION_CONTEXT('2D SPACE',''
  ) );
#1255 = PCURVE('',#1256,#1261);
#1256 = CYLINDRICAL_SURFACE('',#1257,10.);
#1257 = AXIS2_PLACEMENT_3D('',#1258,#1259,#1260);
#1258 = CARTESIAN_POINT('',(80.,60.,0.));
#1259 = DIRECTION('',(-0.,-0.,-1.));
#1260 = DIRECTION('',(1.,0.,0.));
#1261 = DEFINITIONAL_REPRESENTATION('',(#1262),#1266);
#1262 = LINE('',#1263,#1264);
#1263 = CARTESIAN_POINT('',(-0.,-20.));
#1264 = VECTOR('',#1265,1.);
#1265 = DIRECTION('',(-1.,0.));
#1266 = ( GEOMETRIC_REPRESENTATION_CONTEXT(2) 
PARAMETRIC_REPRESENTATION_CONTEXT() REPRESENTATION_CONTEXT('2D SPACE',''
  ) );
#1267 = ORIENTED_EDGE('',*,*,#1268,.T.);
#1268 = EDGE_CURVE('',#1240,#674,#1269,.T.);
#1269 = SURFACE_CURVE('',#1270,(#1274,#1281),.PCURVE_S1.);
#1270 = LINE('',#1271,#1272);
#1271 = CARTESIAN_POINT('',(80.,70.,20.));
#1272 = VECTOR('',#1273,1.);
#1273 = DIRECTION('',(-1.,0.,0.));
#1274 = PCURVE('',#298,#1275);
#1275 = DEFINITIONAL_REPRESENTATION('',(#1276),#1280);
#1276 = LINE('',#1277,#1278);
#1277 = CARTESIAN_POINT('',(80.,70.));
#1278 = VECTOR('',#1279,1.);
#1279 = DIRECTION('',(-1.,0.));
#1280 = ( GEOMETRIC_REPRESENTATION_CONTEXT(2) 
PARAMETRIC_REPRESENTATION_CONTEXT() REPRESENTATION_CONTEXT('2D SPACE',''
  ) );
#1281 = PCURVE('',#1282,#1287);
#1282 = PLANE('',#1283);
#1283 = AXIS2_PLACEMENT_3D('',#1284,#1285,#1286);
#1284 = CARTESIAN_POINT('',(80.,70.,0.));
#1285 = DIRECTION('',(0.,-1.,0.));
#1286 = DIRECTION('',(-1.,0.,0.));
#1287 = DEFINITIONAL_REPRESENTATION('',(#1288),#1292);
#1288 = LINE('',#1289,#1290);
#1289 = CARTESIAN_POINT('',(0.,-20.));
#1290 = VECTOR('',#1291,1.);
#1291 = DIRECTION('',(1.,0.));
#1292 = ( GEOMETRIC_REPRESENTATION_CONTEXT(2) 
PARAMETRIC_REPRESENTATION_CONTEXT() REPRESENTATION_CONTEXT('2D SPACE',''
  ) );
#1293 = FACE_BOUND('',#1294,.T.);
#1294 = EDGE_LOOP('',(#1295,#1325,#1354,#1382,#1411,#1439,#1468,#1496));
#1295 = ORIENTED_EDGE('',*,*,#1296,.F.);
#1296 = EDGE_CURVE('',#1297,#1299,#1301,.T.);
#1297 = VERTEX_POINT('',#1298);
#1298 = CARTESIAN_POINT('',(45.,-2.,20.));
#1299 = VERTEX_POINT('',#1300);
#1300 = CARTESIAN_POINT('',(45.,-63.,20.));
#1301 = SURFACE_CURVE('',#1302,(#1306,#1313),.PCURVE_S1.);
#1302 = LINE('',#1303,#1304);
#1303 = CARTESIAN_POINT('',(45.,-2.,20.));
#1304 = VECTOR('',#1305,1.);
#1305 = DIRECTION('',(0.,-1.,0.));
#1306 = PCURVE('',#298,#1307);
#1307 = DEFINITIONAL_REPRESENTATION('',(#1308),#1312);
#1308 = LINE('',#1309,#1310);
#1309 = CARTESIAN_POINT('',(45.,-2.));
#1310 = VECTOR('',#1311,1.);
#1311 = DIRECTION('',(0.,-1.));
#1312 = ( GEOMETRIC_REPRESENTATION_CONTEXT(2) 
PARAMETRIC_REPRESENTATION_CONTEXT() REPRESENTATION_CONTEXT('2D SPACE',''
  ) );
#1313 = PCURVE('',#1314,#1319);
#1314 = PLANE('',#1315);
#1315 = AXIS2_PLACEMENT_3D('',#1316,#1317,#1318);
#1316 = CARTESIAN_POINT('',(45.,-2.,20.));
#1317 = DIRECTION('',(-1.,0.,0.));
#1318 = DIRECTION('',(0.,-1.,0.));
#1319 = DEFINITIONAL_REPRESENTATION('',(#1320),#1324);
#1320 = LINE('',#1321,#1322);
#1321 = CARTESIAN_POINT('',(0.,0.));
#1322 = VECTOR('',#1323,1.);
#1323 = DIRECTION('',(1.,0.));
#1324 = ( GEOMETRIC_REPRESENTATION_CONTEXT(2) 
PARAMETRIC_REPRESENTATION_CONTEXT() REPRESENTATION_CONTEXT('2D SPACE',''
  ) );
#1325 = ORIENTED_EDGE('',*,*,#1326,.F.);
#1326 = EDGE_CURVE('',#1327,#1297,#1329,.T.);
#1327 = VERTEX_POINT('',#1328);
#1328 = CARTESIAN_POINT('',(47.,0.,20.));
#1329 = SURFACE_CURVE('',#1330,(#1335,#1342),.PCURVE_S1.);
#1330 = CIRCLE('',#1331,2.);
#1331 = AXIS2_PLACEMENT_3D('',#1332,#1333,#1334);
#1332 = CARTESIAN_POINT('',(47.,-2.,20.));
#1333 = DIRECTION('',(0.,0.,1.));
#1334 = DIRECTION('',(1.,0.,0.));
#1335 = PCURVE('',#298,#1336);
#1336 = DEFINITIONAL_REPRESENTATION('',(#1337),#1341);
#1337 = CIRCLE('',#1338,2.);
#1338 = AXIS2_PLACEMENT_2D('',#1339,#1340);
#1339 = CARTESIAN_POINT('',(47.,-2.));
#1340 = DIRECTION('',(1.,0.));
#1341 = ( GEOMETRIC_REPRESENTATION_CONTEXT(2) 
PARAMETRIC_REPRESENTATION_CONTEXT() REPRESENTATION_CONTEXT('2D SPACE',''
  ) );
#1342 = PCURVE('',#1343,#1348);
#1343 = CYLINDRICAL_SURFACE('',#1344,2.);
#1344 = AXIS2_PLACEMENT_3D('',#1345,#1346,#1347);
#1345 = CARTESIAN_POINT('',(47.,-2.,20.));
#1346 = DIRECTION('',(0.,0.,1.));
#1347 = DIRECTION('',(1.,0.,0.));
#1348 = DEFINITIONAL_REPRESENTATION('',(#1349),#1353);
#1349 = LINE('',#1350,#1351);
#1350 = CARTESIAN_POINT('',(0.,0.));
#1351 = VECTOR('',#1352,1.);
#1352 = DIRECTION('',(1.,0.));
#1353 = ( GEOMETRIC_REPRESENTATION_CONTEXT(2) 
PARAMETRIC_REPRESENTATION_CONTEXT() REPRESENTATION_CONTEXT('2D SPACE',''
  ) );
#1354 = ORIENTED_EDGE('',*,*,#1355,.F.);
#1355 = EDGE_CURVE('',#1356,#1327,#1358,.T.);
#1356 = VERTEX_POINT('',#1357);
#1357 = CARTESIAN_POINT('',(83.,0.,20.));
#1358 = SURFACE_CURVE('',#1359,(#1363,#1370),.PCURVE_S1.);
#1359 = LINE('',#1360,#1361);
#1360 = CARTESIAN_POINT('',(83.,0.,20.));
#1361 = VECTOR('',#1362,1.);
#1362 = DIRECTION('',(-1.,0.,0.));
#1363 = PCURVE('',#298,#1364);
#1364 = DEFINITIONAL_REPRESENTATION('',(#1365),#1369);
#1365 = LINE('',#1366,#1367);
#1366 = CARTESIAN_POINT('',(83.,-6.3E-15));
#1367 = VECTOR('',#1368,1.);
#1368 = DIRECTION('',(-1.,0.));
#1369 = ( GEOMETRIC_REPRESENTATION_CONTEXT(2) 
PARAMETRIC_REPRESENTATION_CONTEXT() REPRESENTATION_CONTEXT('2D SPACE',''
  ) );
#1370 = PCURVE('',#1371,#1376);
#1371 = PLANE('',#1372);
#1372 = AXIS2_PLACEMENT_3D('',#1373,#1374,#1375);
#1373 = CARTESIAN_POINT('',(83.,0.,20.));
#1374 = DIRECTION('',(0.,1.,0.));
#1375 = DIRECTION('',(-1.,0.,0.));
#1376 = DEFINITIONAL_REPRESENTATION('',(#1377),#1381);
#1377 = LINE('',#1378,#1379);
#1378 = CARTESIAN_POINT('',(0.,0.));
#1379 = VECTOR('',#1380,1.);
#1380 = DIRECTION('',(1.,0.));
#1381 = ( GEOMETRIC_REPRESENTATION_CONTEXT(2) 
PARAMETRIC_REPRESENTATION_CONTEXT() REPRESENTATION_CONTEXT('2D SPACE',''
  ) );
#1382 = ORIENTED_EDGE('',*,*,#1383,.F.);
#1383 = EDGE_CURVE('',#1384,#1356,#1386,.T.);
#1384 = VERTEX_POINT('',#1385);
#1385 = CARTESIAN_POINT('',(85.,-2.,20.));
#1386 = SURFACE_CURVE('',#1387,(#1392,#1399),.PCURVE_S1.);
#1387 = CIRCLE('',#1388,2.);
#1388 = AXIS2_PLACEMENT_3D('',#1389,#1390,#1391);
#1389 = CARTESIAN_POINT('',(83.,-2.,20.));
#1390 = DIRECTION('',(0.,0.,1.));
#1391 = DIRECTION('',(1.,0.,0.));
#1392 = PCURVE('',#298,#1393);
#1393 = DEFINITIONAL_REPRESENTATION('',(#1394),#1398);
#1394 = CIRCLE('',#1395,2.);
#1395 = AXIS2_PLACEMENT_2D('',#1396,#1397);
#1396 = CARTESIAN_POINT('',(83.,-2.));
#1397 = DIRECTION('',(1.,0.));
#1398 = ( GEOMETRIC_REPRESENTATION_CONTEXT(2) 
PARAMETRIC_REPRESENTATION_CONTEXT() REPRESENTATION_CONTEXT('2D SPACE',''
  ) );
#1399 = PCURVE('',#1400,#1405);
#1400 = CYLINDRICAL_SURFACE('',#1401,2.);
#1401 = AXIS2_PLACEMENT_3D('',#1402,#1403,#1404);
#1402 = CARTESIAN_POINT('',(83.,-2.,20.));
#1403 = DIRECTION('',(0.,0.,1.));
#1404 = DIRECTION('',(1.,0.,0.));
#1405 = DEFINITIONAL_REPRESENTATION('',(#1406),#1410);
#1406 = LINE('',#1407,#1408);
#1407 = CARTESIAN_POINT('',(0.,0.));
#1408 = VECTOR('',#1409,1.);
#1409 = DIRECTION('',(1.,0.));
#1410 = ( GEOMETRIC_REPRESENTATION_CONTEXT(2) 
PARAMETRIC_REPRESENTATION_CONTEXT() REPRESENTATION_CONTEXT('2D SPACE',''
  ) );
#1411 = ORIENTED_EDGE('',*,*,#1412,.F.);
#1412 = EDGE_CURVE('',#1413,#1384,#1415,.T.);
#1413 = VERTEX_POINT('',#1414);
#1414 = CARTESIAN_POINT('',(85.,-63.,20.));
#1415 = SURFACE_CURVE('',#1416,(#1420,#1427),.PCURVE_S1.);
#1416 = LINE('',#1417,#1418);
#1417 = CARTESIAN_POINT('',(85.,-63.,20.));
#1418 = VECTOR('',#1419,1.);
#1419 = DIRECTION('',(0.,1.,0.));
#1420 = PCURVE('',#298,#1421);
#1421 = DEFINITIONAL_REPRESENTATION('',(#1422),#1426);
#1422 = LINE('',#1423,#1424);
#1423 = CARTESIAN_POINT('',(85.,-63.));
#1424 = VECTOR('',#1425,1.);
#1425 = DIRECTION('',(0.,1.));
#1426 = ( GEOMETRIC_REPRESENTATION_CONTEXT(2) 
PARAMETRIC_REPRESENTATION_CONTEXT() REPRESENTATION_CONTEXT('2D SPACE',''
  ) );
#1427 = PCURVE('',#1428,#1433);
#1428 = PLANE('',#1429);
#1429 = AXIS2_PLACEMENT_3D('',#1430,#1431,#1432);
#1430 = CARTESIAN_POINT('',(85.,-63.,20.));
#1431 = DIRECTION('',(1.,0.,0.));
#1432 = DIRECTION('',(0.,1.,0.));
#1433 = DEFINITIONAL_REPRESENTATION('',(#1434),#1438);
#1434 = LINE('',#1435,#1436);
#1435 = CARTESIAN_POINT('',(0.,0.));
#1436 = VECTOR('',#1437,1.);
#1437 = DIRECTION('',(1.,0.));
#1438 = ( GEOMETRIC_REPRESENTATION_CONTEXT(2) 
PARAMETRIC_REPRESENTATION_CONTEXT() REPRESENTATION_CONTEXT('2D SPACE',''
  ) );
#1439 = ORIENTED_EDGE('',*,*,#1440,.F.);
#1440 = EDGE_CURVE('',#1441,#1413,#1443,.T.);
#1441 = VERTEX_POINT('',#1442);
#1442 = CARTESIAN_POINT('',(83.,-65.,20.));
#1443 = SURFACE_CURVE('',#1444,(#1449,#1456),.PCURVE_S1.);
#1444 = CIRCLE('',#1445,2.);
#1445 = AXIS2_PLACEMENT_3D('',#1446,#1447,#1448);
#1446 = CARTESIAN_POINT('',(83.,-63.,20.));
#1447 = DIRECTION('',(0.,0.,1.));
#1448 = DIRECTION('',(1.,0.,0.));
#1449 = PCURVE('',#298,#1450);
#1450 = DEFINITIONAL_REPRESENTATION('',(#1451),#1455);
#1451 = CIRCLE('',#1452,2.);
#1452 = AXIS2_PLACEMENT_2D('',#1453,#1454);
#1453 = CARTESIAN_POINT('',(83.,-63.));
#1454 = DIRECTION('',(1.,0.));
#1455 = ( GEOMETRIC_REPRESENTATION_CONTEXT(2) 
PARAMETRIC_REPRESENTATION_CONTEXT() REPRESENTATION_CONTEXT('2D SPACE',''
  ) );
#1456 = PCURVE('',#1457,#1462);
#1457 = CYLINDRICAL_SURFACE('',#1458,2.);
#1458 = AXIS2_PLACEMENT_3D('',#1459,#1460,#1461);
#1459 = CARTESIAN_POINT('',(83.,-63.,20.));
#1460 = DIRECTION('',(0.,0.,1.));
#1461 = DIRECTION('',(1.,0.,0.));
#1462 = DEFINITIONAL_REPRESENTATION('',(#1463),#1467);
#1463 = LINE('',#1464,#1465);
#1464 = CARTESIAN_POINT('',(0.,0.));
#1465 = VECTOR('',#1466,1.);
#1466 = DIRECTION('',(1.,0.));
#1467 = ( GEOMETRIC_REPRESENTATION_CONTEXT(2) 
PARAMETRIC_REPRESENTATION_CONTEXT() REPRESENTATION_CONTEXT('2D SPACE',''
  ) );
#1468 = ORIENTED_EDGE('',*,*,#1469,.F.);
#1469 = EDGE_CURVE('',#1470,#1441,#1472,.T.);
#1470 = VERTEX_POINT('',#1471);
#1471 = CARTESIAN_POINT('',(47.,-65.,20.));
#1472 = SURFACE_CURVE('',#1473,(#1477,#1484),.PCURVE_S1.);
#1473 = LINE('',#1474,#1475);
#1474 = CARTESIAN_POINT('',(47.,-65.,20.));
#1475 = VECTOR('',#1476,1.);
#1476 = DIRECTION('',(1.,0.,0.));
#1477 = PCURVE('',#298,#1478);
#1478 = DEFINITIONAL_REPRESENTATION('',(#1479),#1483);
#1479 = LINE('',#1480,#1481);
#1480 = CARTESIAN_POINT('',(47.,-65.));
#1481 = VECTOR('',#1482,1.);
#1482 = DIRECTION('',(1.,0.));
#1483 = ( GEOMETRIC_REPRESENTATION_CONTEXT(2) 
PARAMETRIC_REPRESENTATION_CONTEXT() REPRESENTATION_CONTEXT('2D SPACE',''
  ) );
#1484 = PCURVE('',#1485,#1490);
#1485 = PLANE('',#1486);
#1486 = AXIS2_PLACEMENT_3D('',#1487,#1488,#1489);
#1487 = CARTESIAN_POINT('',(47.,-65.,20.));
#1488 = DIRECTION('',(0.,-1.,0.));
#1489 = DIRECTION('',(1.,0.,0.));
#1490 = DEFINITIONAL_REPRESENTATION('',(#1491),#1495);
#1491 = LINE('',#1492,#1493);
#1492 = CARTESIAN_POINT('',(0.,0.));
#1493 = VECTOR('',#1494,1.);
#1494 = DIRECTION('',(1.,0.));
#1495 = ( GEOMETRIC_REPRESENTATION_CONTEXT(2) 
PARAMETRIC_REPRESENTATION_CONTEXT() REPRESENTATION_CONTEXT('2D SPACE',''
  ) );
#1496 = ORIENTED_EDGE('',*,*,#1497,.F.);
#1497 = EDGE_CURVE('',#1299,#1470,#1498,.T.);
#1498 = SURFACE_CURVE('',#1499,(#1504,#1511),.PCURVE_S1.);
#1499 = CIRCLE('',#1500,2.);
#1500 = AXIS2_PLACEMENT_3D('',#1501,#1502,#1503);
#1501 = CARTESIAN_POINT('',(47.,-63.,20.));
#1502 = DIRECTION('',(0.,0.,1.));
#1503 = DIRECTION('',(1.,0.,0.));
#1504 = PCURVE('',#298,#1505);
#1505 = DEFINITIONAL_REPRESENTATION('',(#1506),#1510);
#1506 = CIRCLE('',#1507,2.);
#1507 = AXIS2_PLACEMENT_2D('',#1508,#1509);
#1508 = CARTESIAN_POINT('',(47.,-63.));
#1509 = DIRECTION('',(1.,0.));
#1510 = ( GEOMETRIC_REPRESENTATION_CONTEXT(2) 
PARAMETRIC_REPRESENTATION_CONTEXT() REPRESENTATION_CONTEXT('2D SPACE',''
  ) );
#1511 = PCURVE('',#1512,#1517);
#1512 = CYLINDRICAL_SURFACE('',#1513,2.);
#1513 = AXIS2_PLACEMENT_3D('',#1514,#1515,#1516);
#1514 = CARTESIAN_POINT('',(47.,-63.,20.));
#1515 = DIRECTION('',(0.,0.,1.));
#1516 = DIRECTION('',(1.,0.,0.));
#1517 = DEFINITIONAL_REPRESENTATION('',(#1518),#1522);
#1518 = LINE('',#1519,#1520);
#1519 = CARTESIAN_POINT('',(0.,0.));
#1520 = VECTOR('',#1521,1.);
#1521 = DIRECTION('',(1.,0.));
#1522 = ( GEOMETRIC_REPRESENTATION_CONTEXT(2) 
PARAMETRIC_REPRESENTATION_CONTEXT() REPRESENTATION_CONTEXT('2D SPACE',''
  ) );
#1523 = FACE_BOUND('',#1524,.T.);
#1524 = EDGE_LOOP('',(#1525,#1555,#1584,#1612,#1641,#1669,#1698,#1726));
#1525 = ORIENTED_EDGE('',*,*,#1526,.F.);
#1526 = EDGE_CURVE('',#1527,#1529,#1531,.T.);
#1527 = VERTEX_POINT('',#1528);
#1528 = CARTESIAN_POINT('',(-30.,-2.,20.));
#1529 = VERTEX_POINT('',#1530);
#1530 = CARTESIAN_POINT('',(-30.,-53.,20.));
#1531 = SURFACE_CURVE('',#1532,(#1536,#1543),.PCURVE_S1.);
#1532 = LINE('',#1533,#1534);
#1533 = CARTESIAN_POINT('',(-30.,-2.,20.));
#1534 = VECTOR('',#1535,1.);
#1535 = DIRECTION('',(0.,-1.,0.));
#1536 = PCURVE('',#298,#1537);
#1537 = DEFINITIONAL_REPRESENTATION('',(#1538),#1542);
#1538 = LINE('',#1539,#1540);
#1539 = CARTESIAN_POINT('',(-30.,-2.));
#1540 = VECTOR('',#1541,1.);
#1541 = DIRECTION('',(0.,-1.));
#1542 = ( GEOMETRIC_REPRESENTATION_CONTEXT(2) 
PARAMETRIC_REPRESENTATION_CONTEXT() REPRESENTATION_CONTEXT('2D SPACE',''
  ) );
#1543 = PCURVE('',#1544,#1549);
#1544 = PLANE('',#1545);
#1545 = AXIS2_PLACEMENT_3D('',#1546,#1547,#1548);
#1546 = CARTESIAN_POINT('',(-30.,-2.,20.));
#1547 = DIRECTION('',(-1.,0.,0.));
#1548 = DIRECTION('',(0.,-1.,0.));
#1549 = DEFINITIONAL_REPRESENTATION('',(#1550),#1554);
#1550 = LINE('',#1551,#1552);
#1551 = CARTESIAN_POINT('',(0.,0.));
#1552 = VECTOR('',#1553,1.);
#1553 = DIRECTION('',(1.,0.));
#1554 = ( GEOMETRIC_REPRESENTATION_CONTEXT(2) 
PARAMETRIC_REPRESENTATION_CONTEXT() REPRESENTATION_CONTEXT('2D SPACE',''
  ) );
#1555 = ORIENTED_EDGE('',*,*,#1556,.F.);
#1556 = EDGE_CURVE('',#1557,#1527,#1559,.T.);
#1557 = VERTEX_POINT('',#1558);
#1558 = CARTESIAN_POINT('',(-28.,0.,20.));
#1559 = SURFACE_CURVE('',#1560,(#1565,#1572),.PCURVE_S1.);
#1560 = CIRCLE('',#1561,2.);
#1561 = AXIS2_PLACEMENT_3D('',#1562,#1563,#1564);
#1562 = CARTESIAN_POINT('',(-28.,-2.,20.));
#1563 = DIRECTION('',(0.,0.,1.));
#1564 = DIRECTION('',(1.,0.,0.));
#1565 = PCURVE('',#298,#1566);
#1566 = DEFINITIONAL_REPRESENTATION('',(#1567),#1571);
#1567 = CIRCLE('',#1568,2.);
#1568 = AXIS2_PLACEMENT_2D('',#1569,#1570);
#1569 = CARTESIAN_POINT('',(-28.,-2.));
#1570 = DIRECTION('',(1.,0.));
#1571 = ( GEOMETRIC_REPRESENTATION_CONTEXT(2) 
PARAMETRIC_REPRESENTATION_CONTEXT() REPRESENTATION_CONTEXT('2D SPACE',''
  ) );
#1572 = PCURVE('',#1573,#1578);
#1573 = CYLINDRICAL_SURFACE('',#1574,2.);
#1574 = AXIS2_PLACEMENT_3D('',#1575,#1576,#1577);
#1575 = CARTESIAN_POINT('',(-28.,-2.,20.));
#1576 = DIRECTION('',(0.,0.,1.));
#1577 = DIRECTION('',(1.,0.,0.));
#1578 = DEFINITIONAL_REPRESENTATION('',(#1579),#1583);
#1579 = LINE('',#1580,#1581);
#1580 = CARTESIAN_POINT('',(0.,0.));
#1581 = VECTOR('',#1582,1.);
#1582 = DIRECTION('',(1.,0.));
#1583 = ( GEOMETRIC_REPRESENTATION_CONTEXT(2) 
PARAMETRIC_REPRESENTATION_CONTEXT() REPRESENTATION_CONTEXT('2D SPACE',''
  ) );
#1584 = ORIENTED_EDGE('',*,*,#1585,.F.);
#1585 = EDGE_CURVE('',#1586,#1557,#1588,.T.);
#1586 = VERTEX_POINT('',#1587);
#1587 = CARTESIAN_POINT('',(38.,0.,20.));
#1588 = SURFACE_CURVE('',#1589,(#1593,#1600),.PCURVE_S1.);
#1589 = LINE('',#1590,#1591);
#1590 = CARTESIAN_POINT('',(38.,0.,20.));
#1591 = VECTOR('',#1592,1.);
#1592 = DIRECTION('',(-1.,0.,0.));
#1593 = PCURVE('',#298,#1594);
#1594 = DEFINITIONAL_REPRESENTATION('',(#1595),#1599);
#1595 = LINE('',#1596,#1597);
#1596 = CARTESIAN_POINT('',(38.,-6.3E-15));
#1597 = VECTOR('',#1598,1.);
#1598 = DIRECTION('',(-1.,0.));
#1599 = ( GEOMETRIC_REPRESENTATION_CONTEXT(2) 
PARAMETRIC_REPRESENTATION_CONTEXT() REPRESENTATION_CONTEXT('2D SPACE',''
  ) );
#1600 = PCURVE('',#1601,#1606);
#1601 = PLANE('',#1602);
#1602 = AXIS2_PLACEMENT_3D('',#1603,#1604,#1605);
#1603 = CARTESIAN_POINT('',(38.,0.,20.));
#1604 = DIRECTION('',(0.,1.,0.));
#1605 = DIRECTION('',(-1.,0.,0.));
#1606 = DEFINITIONAL_REPRESENTATION('',(#1607),#1611);
#1607 = LINE('',#1608,#1609);
#1608 = CARTESIAN_POINT('',(0.,0.));
#1609 = VECTOR('',#1610,1.);
#1610 = DIRECTION('',(1.,0.));
#1611 = ( GEOMETRIC_REPRESENTATION_CONTEXT(2) 
PARAMETRIC_REPRESENTATION_CONTEXT() REPRESENTATION_CONTEXT('2D SPACE',''
  ) );
#1612 = ORIENTED_EDGE('',*,*,#1613,.F.);
#1613 = EDGE_CURVE('',#1614,#1586,#1616,.T.);
#1614 = VERTEX_POINT('',#1615);
#1615 = CARTESIAN_POINT('',(40.,-2.,20.));
#1616 = SURFACE_CURVE('',#1617,(#1622,#1629),.PCURVE_S1.);
#1617 = CIRCLE('',#1618,2.);
#1618 = AXIS2_PLACEMENT_3D('',#1619,#1620,#1621);
#1619 = CARTESIAN_POINT('',(38.,-2.,20.));
#1620 = DIRECTION('',(0.,0.,1.));
#1621 = DIRECTION('',(1.,0.,0.));
#1622 = PCURVE('',#298,#1623);
#1623 = DEFINITIONAL_REPRESENTATION('',(#1624),#1628);
#1624 = CIRCLE('',#1625,2.);
#1625 = AXIS2_PLACEMENT_2D('',#1626,#1627);
#1626 = CARTESIAN_POINT('',(38.,-2.));
#1627 = DIRECTION('',(1.,0.));
#1628 = ( GEOMETRIC_REPRESENTATION_CONTEXT(2) 
PARAMETRIC_REPRESENTATION_CONTEXT() REPRESENTATION_CONTEXT('2D SPACE',''
  ) );
#1629 = PCURVE('',#1630,#1635);
#1630 = CYLINDRICAL_SURFACE('',#1631,2.);
#1631 = AXIS2_PLACEMENT_3D('',#1632,#1633,#1634);
#1632 = CARTESIAN_POINT('',(38.,-2.,20.));
#1633 = DIRECTION('',(0.,0.,1.));
#1634 = DIRECTION('',(1.,0.,0.));
#1635 = DEFINITIONAL_REPRESENTATION('',(#1636),#1640);
#1636 = LINE('',#1637,#1638);
#1637 = CARTESIAN_POINT('',(0.,0.));
#1638 = VECTOR('',#1639,1.);
#1639 = DIRECTION('',(1.,0.));
#1640 = ( GEOMETRIC_REPRESENTATION_CONTEXT(2) 
PARAMETRIC_REPRESENTATION_CONTEXT() REPRESENTATION_CONTEXT('2D SPACE',''
  ) );
#1641 = ORIENTED_EDGE('',*,*,#1642,.F.);
#1642 = EDGE_CURVE('',#1643,#1614,#1645,.T.);
#1643 = VERTEX_POINT('',#1644);
#1644 = CARTESIAN_POINT('',(40.,-53.,20.));
#1645 = SURFACE_CURVE('',#1646,(#1650,#1657),.PCURVE_S1.);
#1646 = LINE('',#1647,#1648);
#1647 = CARTESIAN_POINT('',(40.,-53.,20.));
#1648 = VECTOR('',#1649,1.);
#1649 = DIRECTION('',(0.,1.,0.));
#1650 = PCURVE('',#298,#1651);
#1651 = DEFINITIONAL_REPRESENTATION('',(#1652),#1656);
#1652 = LINE('',#1653,#1654);
#1653 = CARTESIAN_POINT('',(40.,-53.));
#1654 = VECTOR('',#1655,1.);
#1655 = DIRECTION('',(0.,1.));
#1656 = ( GEOMETRIC_REPRESENTATION_CONTEXT(2) 
PARAMETRIC_REPRESENTATION_CONTEXT() REPRESENTATION_CONTEXT('2D SPACE',''
  ) );
#1657 = PCURVE('',#1658,#1663);
#1658 = PLANE('',#1659);
#1659 = AXIS2_PLACEMENT_3D('',#1660,#1661,#1662);
#1660 = CARTESIAN_POINT('',(40.,-53.,20.));
#1661 = DIRECTION('',(1.,0.,0.));
#1662 = DIRECTION('',(0.,1.,0.));
#1663 = DEFINITIONAL_REPRESENTATION('',(#1664),#1668);
#1664 = LINE('',#1665,#1666);
#1665 = CARTESIAN_POINT('',(0.,0.));
#1666 = VECTOR('',#1667,1.);
#1667 = DIRECTION('',(1.,0.));
#1668 = ( GEOMETRIC_REPRESENTATION_CONTEXT(2) 
PARAMETRIC_REPRESENTATION_CONTEXT() REPRESENTATION_CONTEXT('2D SPACE',''
  ) );
#1669 = ORIENTED_EDGE('',*,*,#1670,.F.);
#1670 = EDGE_CURVE('',#1671,#1643,#1673,.T.);
#1671 = VERTEX_POINT('',#1672);
#1672 = CARTESIAN_POINT('',(38.,-55.,20.));
#1673 = SURFACE_CURVE('',#1674,(#1679,#1686),.PCURVE_S1.);
#1674 = CIRCLE('',#1675,2.);
#1675 = AXIS2_PLACEMENT_3D('',#1676,#1677,#1678);
#1676 = CARTESIAN_POINT('',(38.,-53.,20.));
#1677 = DIRECTION('',(0.,0.,1.));
#1678 = DIRECTION('',(1.,0.,0.));
#1679 = PCURVE('',#298,#1680);
#1680 = DEFINITIONAL_REPRESENTATION('',(#1681),#1685);
#1681 = CIRCLE('',#1682,2.);
#1682 = AXIS2_PLACEMENT_2D('',#1683,#1684);
#1683 = CARTESIAN_POINT('',(38.,-53.));
#1684 = DIRECTION('',(1.,0.));
#1685 = ( GEOMETRIC_REPRESENTATION_CONTEXT(2) 
PARAMETRIC_REPRESENTATION_CONTEXT() REPRESENTATION_CONTEXT('2D SPACE',''
  ) );
#1686 = PCURVE('',#1687,#1692);
#1687 = CYLINDRICAL_SURFACE('',#1688,2.);
#1688 = AXIS2_PLACEMENT_3D('',#1689,#1690,#1691);
#1689 = CARTESIAN_POINT('',(38.,-53.,20.));
#1690 = DIRECTION('',(0.,0.,1.));
#1691 = DIRECTION('',(1.,0.,0.));
#1692 = DEFINITIONAL_REPRESENTATION('',(#1693),#1697);
#1693 = LINE('',#1694,#1695);
#1694 = CARTESIAN_POINT('',(0.,0.));
#1695 = VECTOR('',#1696,1.);
#1696 = DIRECTION('',(1.,0.));
#1697 = ( GEOMETRIC_REPRESENTATION_CONTEXT(2) 
PARAMETRIC_REPRESENTATION_CONTEXT() REPRESENTATION_CONTEXT('2D SPACE',''
  ) );
#1698 = ORIENTED_EDGE('',*,*,#1699,.F.);
#1699 = EDGE_CURVE('',#1700,#1671,#1702,.T.);
#1700 = VERTEX_POINT('',#1701);
#1701 = CARTESIAN_POINT('',(-28.,-55.,20.));
#1702 = SURFACE_CURVE('',#1703,(#1707,#1714),.PCURVE_S1.);
#1703 = LINE('',#1704,#1705);
#1704 = CARTESIAN_POINT('',(-28.,-55.,20.));
#1705 = VECTOR('',#1706,1.);
#1706 = DIRECTION('',(1.,0.,0.));
#1707 = PCURVE('',#298,#1708);
#1708 = DEFINITIONAL_REPRESENTATION('',(#1709),#1713);
#1709 = LINE('',#1710,#1711);
#1710 = CARTESIAN_POINT('',(-28.,-55.));
#1711 = VECTOR('',#1712,1.);
#1712 = DIRECTION('',(1.,0.));
#1713 = ( GEOMETRIC_REPRESENTATION_CONTEXT(2) 
PARAMETRIC_REPRESENTATION_CONTEXT() REPRESENTATION_CONTEXT('2D SPACE',''
  ) );
#1714 = PCURVE('',#1715,#1720);
#1715 = PLANE('',#1716);
#1716 = AXIS2_PLACEMENT_3D('',#1717,#1718,#1719);
#1717 = CARTESIAN_POINT('',(-28.,-55.,20.));
#1718 = DIRECTION('',(0.,-1.,0.));
#1719 = DIRECTION('',(1.,0.,0.));
#1720 = DEFINITIONAL_REPRESENTATION('',(#1721),#1725);
#1721 = LINE('',#1722,#1723);
#1722 = CARTESIAN_POINT('',(0.,0.));
#1723 = VECTOR('',#1724,1.);
#1724 = DIRECTION('',(1.,0.));
#1725 = ( GEOMETRIC_REPRESENTATION_CONTEXT(2) 
PARAMETRIC_REPRESENTATION_CONTEXT() REPRESENTATION_CONTEXT('2D SPACE',''
  ) );
#1726 = ORIENTED_EDGE('',*,*,#1727,.F.);
#1727 = EDGE_CURVE('',#1529,#1700,#1728,.T.);
#1728 = SURFACE_CURVE('',#1729,(#1734,#1741),.PCURVE_S1.);
#1729 = CIRCLE('',#1730,2.);
#1730 = AXIS2_PLACEMENT_3D('',#1731,#1732,#1733);
#1731 = CARTESIAN_POINT('',(-28.,-53.,20.));
#1732 = DIRECTION('',(0.,0.,1.));
#1733 = DIRECTION('',(1.,0.,0.));
#1734 = PCURVE('',#298,#1735);
#1735 = DEFINITIONAL_REPRESENTATION('',(#1736),#1740);
#1736 = CIRCLE('',#1737,2.);
#1737 = AXIS2_PLACEMENT_2D('',#1738,#1739);
#1738 = CARTESIAN_POINT('',(-28.,-53.));
#1739 = DIRECTION('',(1.,0.));
#1740 = ( GEOMETRIC_REPRESENTATION_CONTEXT(2) 
PARAMETRIC_REPRESENTATION_CONTEXT() REPRESENTATION_CONTEXT('2D SPACE',''
  ) );
#1741 = PCURVE('',#1742,#1747);
#1742 = CYLINDRICAL_SURFACE('',#1743,2.);
#1743 = AXIS2_PLACEMENT_3D('',#1744,#1745,#1746);
#1744 = CARTESIAN_POINT('',(-28.,-53.,20.));
#1745 = DIRECTION('',(0.,0.,1.));
#1746 = DIRECTION('',(1.,0.,0.));
#1747 = DEFINITIONAL_REPRESENTATION('',(#1748),#1752);
#1748 = LINE('',#1749,#1750);
#1749 = CARTESIAN_POINT('',(0.,0.));
#1750 = VECTOR('',#1751,1.);
#1751 = DIRECTION('',(1.,0.));
#1752 = ( GEOMETRIC_REPRESENTATION_CONTEXT(2) 
PARAMETRIC_REPRESENTATION_CONTEXT() REPRESENTATION_CONTEXT('2D SPACE',''
  ) );
#1753 = FACE_BOUND('',#1754,.T.);
#1754 = EDGE_LOOP('',(#1755,#2610,#2718,#2926));
#1755 = ORIENTED_EDGE('',*,*,#1756,.T.);
#1756 = EDGE_CURVE('',#1757,#1759,#1761,.T.);
#1757 = VERTEX_POINT('',#1758);
#1758 = CARTESIAN_POINT('',(-80.,20.964101615138,20.));
#1759 = VERTEX_POINT('',#1760);
#1760 = CARTESIAN_POINT('',(-39.76583177821,20.935982781753,20.));
#1761 = SURFACE_CURVE('',#1762,(#1930,#2101),.PCURVE_S1.);
#1762 = ( BOUNDED_CURVE() B_SPLINE_CURVE(12,(#1763,#1764,#1765,#1766,
    #1767,#1768,#1769,#1770,#1771,#1772,#1773,#1774,#1775,#1776,#1777,
    #1778,#1779,#1780,#1781,#1782,#1783,#1784,#1785,#1786,#1787,#1788,
    #1789,#1790,#1791,#1792,#1793,#1794,#1795,#1796,#1797,#1798,#1799,
    #1800,#1801,#1802,#1803,#1804,#1805,#1806,#1807,#1808,#1809,#1810,
    #1811,#1812,#1813,#1814,#1815,#1816,#1817,#1818,#1819,#1820,#1821,
    #1822,#1823,#1824,#1825,#1826,#1827,#1828,#1829,#1830,#1831,#1832,
    #1833,#1834,#1835,#1836,#1837,#1838,#1839,#1840,#1841,#1842,#1843,
    #1844,#1845,#1846,#1847,#1848,#1849,#1850,#1851,#1852,#1853,#1854,
    #1855,#1856,#1857,#1858,#1859,#1860,#1861,#1862,#1863,#1864,#1865,
    #1866,#1867,#1868,#1869,#1870,#1871,#1872,#1873,#1874,#1875,#1876,
    #1877,#1878,#1879,#1880,#1881,#1882,#1883,#1884,#1885,#1886,#1887,
    #1888,#1889,#1890,#1891,#1892,#1893,#1894,#1895,#1896,#1897,#1898,
    #1899,#1900,#1901,#1902,#1903,#1904,#1905,#1906,#1907,#1908,#1909,
    #1910,#1911,#1912,#1913,#1914,#1915,#1916,#1917,#1918,#1919,#1920,
    #1921,#1922,#1923,#1924,#1925,#1926,#1927,#1928,#1929),
.UNSPECIFIED.,.F.,.F.) B_SPLINE_CURVE_WITH_KNOTS((13,11,11,11,11,11,11,
    11,11,11,11,11,11,11,11,13),(-1.423E-14,4.883195644882E-03,
    9.766391289778E-03,1.953278257957E-02,3.906556515915E-02,
    7.813113031832E-02,0.156262260637,0.312524521273,0.625049042547,
    1.250098085093,2.500196170187,5.000392340373,10.000784680747,
    20.001569361494,40.003138722987,40.009014116152),.UNSPECIFIED.) 
CURVE() GEOMETRIC_REPRESENTATION_ITEM() RATIONAL_B_SPLINE_CURVE((1.,1.,
    1.,1.000000000001,0.999999999999,1.000000000001,0.999999999999,
    1.000000000001,0.999999999999,1.,1.,1.,1.,1.,0.999999999999,
    1.000000000002,0.999999999997,1.000000000003,0.999999999997,
    1.000000000002,0.999999999999,1.,1.,1.,0.999999999999,1.000000000002
    ,0.999999999996,1.000000000005,0.999999999995,1.000000000004,
    0.999999999997,1.000000000001,1.,1.,1.,1.,1.,1.000000000001,
    0.999999999999,1.000000000001,0.999999999999,1.,1.,1.,1.,1.,1.,1.,1.
    ,1.,1.,1.,1.,1.,1.,1.,1.,1.,1.000000000001,0.999999999999,
    1.000000000002,0.999999999998,1.000000000002,0.999999999999,
    1.000000000001,1.,1.,1.,1.,0.999999999999,1.000000000001,
    0.999999999998,1.000000000002,0.999999999998,1.000000000001,1.,1.,1.
    ,1.,1.,1.,1.000000000001,0.999999999999,1.000000000001,
    0.999999999999,1.000000000001,1.,1.,1.,1.,1.,1.,1.,0.999999999999,
    1.000000000001,0.999999999999,1.,1.,1.,1.,1.,1.,0.999999999999,
    1.000000000001,0.999999999998,1.000000000002,0.999999999998,
    1.000000000001,1.,1.,1.,1.,1.,1.,1.000000000001,0.999999999998,
    1.000000000002,0.999999999998,1.000000000001,1.,1.,1.,1.,1.,
    0.999999999999,1.000000000001,0.999999999998,1.000000000002,
    0.999999999998,1.000000000001,0.999999999999,1.,1.,1.,0.999999999999
    ,1.000000000001,0.999999999998,1.000000000003,0.999999999998,
    1.000000000002,0.999999999999,1.000000000001,1.,1.,1.,1.,
    0.999999999999,1.000000000001,0.999999999998,1.000000000002,
    0.999999999998,1.000000000001,0.999999999999,1.,1.,1.,1.,
    0.999999999999,1.000000000002,0.999999999997,1.000000000003,
    0.999999999997,1.000000000002,0.999999999999,1.,1.,1.)) 
REPRESENTATION_ITEM('') );
#1763 = CARTESIAN_POINT('',(-80.,20.964101615138,20.));
#1764 = CARTESIAN_POINT('',(-79.99951464016,20.964101615138,20.));
#1765 = CARTESIAN_POINT('',(-79.99960345602,20.964101615138,20.));
#1766 = CARTESIAN_POINT('',(-79.99757759351,20.964101615138,20.));
#1767 = CARTESIAN_POINT('',(-80.0006571158,20.964101615138,20.));
#1768 = CARTESIAN_POINT('',(-79.99490560197,20.964101615138,20.));
#1769 = CARTESIAN_POINT('',(-80.00050920468,20.964101615138,20.));
#1770 = CARTESIAN_POINT('',(-79.99511176416,20.964101615138,20.));
#1771 = CARTESIAN_POINT('',(-79.99772395737,20.964101615138,20.));
#1772 = CARTESIAN_POINT('',(-79.99603746478,20.964101615138,20.));
#1773 = CARTESIAN_POINT('',(-79.99597735159,20.964101615138,20.));
#1774 = CARTESIAN_POINT('',(-79.99552408854,20.964101615138,20.));
#1775 = CARTESIAN_POINT('',(-79.99471028646,20.964101615138,20.));
#1776 = CARTESIAN_POINT('',(-79.99430338541,20.964101615138,20.));
#1777 = CARTESIAN_POINT('',(-79.99389648439,20.964101615138,20.));
#1778 = CARTESIAN_POINT('',(-79.99348958329,20.964101615137,20.));
#1779 = CARTESIAN_POINT('',(-79.99308268234,20.964101615139,20.));
#1780 = CARTESIAN_POINT('',(-79.99267578119,20.964101615137,20.));
#1781 = CARTESIAN_POINT('',(-79.99226888025,20.964101615139,20.));
#1782 = CARTESIAN_POINT('',(-79.99186197913,20.964101615137,20.));
#1783 = CARTESIAN_POINT('',(-79.99145507814,20.964101615138,20.));
#1784 = CARTESIAN_POINT('',(-79.99104817707,20.964101615138,20.));
#1785 = CARTESIAN_POINT('',(-79.99064127604,20.964101615138,20.));
#1786 = CARTESIAN_POINT('',(-79.98942057291,20.964101615138,20.));
#1787 = CARTESIAN_POINT('',(-79.98860677083,20.964101615138,20.));
#1788 = CARTESIAN_POINT('',(-79.98779296874,20.964101615138,20.));
#1789 = CARTESIAN_POINT('',(-79.98697916668,20.964101615137,20.));
#1790 = CARTESIAN_POINT('',(-79.98616536456,20.964101615138,20.));
#1791 = CARTESIAN_POINT('',(-79.98535156252,20.964101615137,20.));
#1792 = CARTESIAN_POINT('',(-79.98453776039,20.964101615138,20.));
#1793 = CARTESIAN_POINT('',(-79.98372395834,20.964101615137,20.));
#1794 = CARTESIAN_POINT('',(-79.98291015624,20.964101615138,20.));
#1795 = CARTESIAN_POINT('',(-79.98209635416,20.964101615138,20.));
#1796 = CARTESIAN_POINT('',(-79.98128255208,20.964101615138,20.));
#1797 = CARTESIAN_POINT('',(-79.97884114583,20.964101615138,20.));
#1798 = CARTESIAN_POINT('',(-79.97721354166,20.964101615138,20.));
#1799 = CARTESIAN_POINT('',(-79.9755859375,20.964101615138,20.));
#1800 = CARTESIAN_POINT('',(-79.97395833332,20.964101615138,20.));
#1801 = CARTESIAN_POINT('',(-79.97233072918,20.964101615138,20.));
#1802 = CARTESIAN_POINT('',(-79.97070312498,20.964101615138,20.));
#1803 = CARTESIAN_POINT('',(-79.96907552084,20.964101615138,20.));
#1804 = CARTESIAN_POINT('',(-79.96744791666,20.964101615138,20.));
#1805 = CARTESIAN_POINT('',(-79.9658203125,20.964101615138,20.));
#1806 = CARTESIAN_POINT('',(-79.96419270833,20.964101615138,20.));
#1807 = CARTESIAN_POINT('',(-79.96256510416,20.964101615138,20.));
#1808 = CARTESIAN_POINT('',(-79.95768229166,20.964101615138,20.));
#1809 = CARTESIAN_POINT('',(-79.95442708333,20.964101615138,20.));
#1810 = CARTESIAN_POINT('',(-79.95117187499,20.964101615137,20.));
#1811 = CARTESIAN_POINT('',(-79.94791666668,20.964101615138,
    20.000000000001));
#1812 = CARTESIAN_POINT('',(-79.94466145832,20.964101615137,
    19.999999999999));
#1813 = CARTESIAN_POINT('',(-79.94140625001,20.964101615139,
    20.000000000001));
#1814 = CARTESIAN_POINT('',(-79.93815104166,20.964101615137,
    19.999999999999));
#1815 = CARTESIAN_POINT('',(-79.93489583334,20.964101615138,
    20.000000000001));
#1816 = CARTESIAN_POINT('',(-79.931640625,20.964101615137,20.));
#1817 = CARTESIAN_POINT('',(-79.92838541667,20.964101615138,20.));
#1818 = CARTESIAN_POINT('',(-79.92513020834,20.964101615138,20.));
#1819 = CARTESIAN_POINT('',(-79.91536458335,20.964101615138,20.));
#1820 = CARTESIAN_POINT('',(-79.90885416669,20.964101615138,20.));
#1821 = CARTESIAN_POINT('',(-79.90234375003,20.964101615138,20.));
#1822 = CARTESIAN_POINT('',(-79.89583333338,20.964101615138,20.));
#1823 = CARTESIAN_POINT('',(-79.88932291671,20.964101615138,20.));
#1824 = CARTESIAN_POINT('',(-79.88281250008,20.964101615138,20.));
#1825 = CARTESIAN_POINT('',(-79.87630208341,20.964101615138,20.));
#1826 = CARTESIAN_POINT('',(-79.86979166678,20.964101615138,20.));
#1827 = CARTESIAN_POINT('',(-79.86328125013,20.964101615138,20.));
#1828 = CARTESIAN_POINT('',(-79.8567708335,20.964101615138,20.));
#1829 = CARTESIAN_POINT('',(-79.85026041687,20.964101615138,20.));
#1830 = CARTESIAN_POINT('',(-79.83072916699,20.964101615138,20.));
#1831 = CARTESIAN_POINT('',(-79.81770833376,20.964101615138,20.));
#1832 = CARTESIAN_POINT('',(-79.80468750055,20.964101615138,20.));
#1833 = CARTESIAN_POINT('',(-79.79166666738,20.964101615138,20.));
#1834 = CARTESIAN_POINT('',(-79.77864583423,20.964101615138,20.));
#1835 = CARTESIAN_POINT('',(-79.76562500116,20.964101615138,20.));
#1836 = CARTESIAN_POINT('',(-79.75260416809,20.964101615138,20.));
#1837 = CARTESIAN_POINT('',(-79.73958333514,20.964101615138,20.));
#1838 = CARTESIAN_POINT('',(-79.7265625022,20.964101615138,20.));
#1839 = CARTESIAN_POINT('',(-79.71354166936,20.964101615138,20.));
#1840 = CARTESIAN_POINT('',(-79.70052083658,20.964101615138,20.));
#1841 = CARTESIAN_POINT('',(-79.66145833851,20.964101615138,20.));
#1842 = CARTESIAN_POINT('',(-79.63541667343,20.964101615138,20.));
#1843 = CARTESIAN_POINT('',(-79.60937500873,20.964101615138,20.));
#1844 = CARTESIAN_POINT('',(-79.58333334455,20.964101615138,20.));
#1845 = CARTESIAN_POINT('',(-79.5572916809,20.964101615137,20.));
#1846 = CARTESIAN_POINT('',(-79.531250018,20.964101615138,20.));
#1847 = CARTESIAN_POINT('',(-79.50520835579,20.964101615137,20.));
#1848 = CARTESIAN_POINT('',(-79.47916669453,20.964101615138,20.));
#1849 = CARTESIAN_POINT('',(-79.45312503416,20.964101615138,20.));
#1850 = CARTESIAN_POINT('',(-79.42708337488,20.964101615138,20.));
#1851 = CARTESIAN_POINT('',(-79.40104171674,20.964101615138,20.));
#1852 = CARTESIAN_POINT('',(-79.32291674607,20.964101615138,20.));
#1853 = CARTESIAN_POINT('',(-79.27083343694,20.964101615138,20.));
#1854 = CARTESIAN_POINT('',(-79.21875013374,20.964101615137,20.));
#1855 = CARTESIAN_POINT('',(-79.16666683774,20.964101615138,20.));
#1856 = CARTESIAN_POINT('',(-79.11458355023,20.964101615137,20.));
#1857 = CARTESIAN_POINT('',(-79.06250027247,20.964101615139,20.));
#1858 = CARTESIAN_POINT('',(-79.01041700573,20.964101615137,20.));
#1859 = CARTESIAN_POINT('',(-78.95833375132,20.964101615138,20.));
#1860 = CARTESIAN_POINT('',(-78.90625051046,20.964101615137,20.));
#1861 = CARTESIAN_POINT('',(-78.85416728447,20.964101615138,20.));
#1862 = CARTESIAN_POINT('',(-78.80208407461,20.964101615137,20.));
#1863 = CARTESIAN_POINT('',(-78.64583449723,20.964101615137,20.));
#1864 = CARTESIAN_POINT('',(-78.541668182,20.964101615138,20.));
#1865 = CARTESIAN_POINT('',(-78.43750195007,20.964101615141,20.));
#1866 = CARTESIAN_POINT('',(-78.33333581511,20.964101615142,20.));
#1867 = CARTESIAN_POINT('',(-78.22916979069,20.964101615144,20.));
#1868 = CARTESIAN_POINT('',(-78.12500389054,20.964101615141,20.));
#1869 = CARTESIAN_POINT('',(-78.02083812818,20.964101615136,20.));
#1870 = CARTESIAN_POINT('',(-77.91667251735,20.964101615125,20.));
#1871 = CARTESIAN_POINT('',(-77.81250707159,20.964101615109,20.));
#1872 = CARTESIAN_POINT('',(-77.70834180461,20.964101615085,20.));
#1873 = CARTESIAN_POINT('',(-77.60417672999,20.964101615053,20.));
#1874 = CARTESIAN_POINT('',(-77.29168212419,20.964101614931,20.));
#1875 = CARTESIAN_POINT('',(-77.0833533212,20.964101615222,20.));
#1876 = CARTESIAN_POINT('',(-76.87502550207,20.964101615657,20.));
#1877 = CARTESIAN_POINT('',(-76.6666987165,20.964101616005,20.));
#1878 = CARTESIAN_POINT('',(-76.45837301411,20.964101616035,20.));
#1879 = CARTESIAN_POINT('',(-76.25004844462,20.96410161552,
    19.999999999999));
#1880 = CARTESIAN_POINT('',(-76.04172505762,20.964101614226,
    20.000000000001));
#1881 = CARTESIAN_POINT('',(-75.83340290285,20.964101611925,20.));
#1882 = CARTESIAN_POINT('',(-75.62508202993,20.964101608386,20.));
#1883 = CARTESIAN_POINT('',(-75.41676248854,20.96410160338,20.));
#1884 = CARTESIAN_POINT('',(-75.20844432835,20.964101596676,20.));
#1885 = CARTESIAN_POINT('',(-74.58349414033,20.964101570779,20.));
#1886 = CARTESIAN_POINT('',(-74.16686584631,20.964101532577,20.));
#1887 = CARTESIAN_POINT('',(-73.75024245044,20.9641014801,20.));
#1888 = CARTESIAN_POINT('',(-73.33362326043,20.96410141083,20.));
#1889 = CARTESIAN_POINT('',(-72.91700715832,20.964101313067,20.));
#1890 = CARTESIAN_POINT('',(-72.50039260027,20.964101165927,20.));
#1891 = CARTESIAN_POINT('',(-72.08377761686,20.96410093935,20.));
#1892 = CARTESIAN_POINT('',(-71.66715981278,20.964100594088,20.));
#1893 = CARTESIAN_POINT('',(-71.25053636706,20.964100081716,20.));
#1894 = CARTESIAN_POINT('',(-70.83390403294,20.964099344625,20.));
#1895 = CARTESIAN_POINT('',(-70.41725913793,20.964098316025,20.));
#1896 = CARTESIAN_POINT('',(-69.16727447556,20.964094127782,20.));
#1897 = CARTESIAN_POINT('',(-68.3338819082,20.964089515119,20.));
#1898 = CARTESIAN_POINT('',(-67.50039291373,20.964082951774,20.));
#1899 = CARTESIAN_POINT('',(-66.66676977141,20.964073504,20.));
#1900 = CARTESIAN_POINT('',(-65.83296690596,20.964059680781,20.));
#1901 = CARTESIAN_POINT('',(-64.99893378554,20.964039680129,20.));
#1902 = CARTESIAN_POINT('',(-64.16461781993,20.964011635377,20.));
#1903 = CARTESIAN_POINT('',(-63.32996725849,20.963973861475,20.));
#1904 = CARTESIAN_POINT('',(-62.4949340884,20.96392510129,20.));
#1905 = CARTESIAN_POINT('',(-61.65947693261,20.963864771898,20.));
#1906 = CARTESIAN_POINT('',(-60.823563948,20.963793210881,20.));
#1907 = CARTESIAN_POINT('',(-58.31439927427,20.963549346107,20.));
#1908 = CARTESIAN_POINT('',(-56.63969986928,20.963368478818,20.));
#1909 = CARTESIAN_POINT('',(-54.96324297878,20.963049795187,20.));
#1910 = CARTESIAN_POINT('',(-53.28446900496,20.963050904238,20.));
#1911 = CARTESIAN_POINT('',(-51.60549480792,20.962769449027,20.));
#1912 = CARTESIAN_POINT('',(-49.92700563216,20.962859310939,20.));
#1913 = CARTESIAN_POINT('',(-48.25171962551,20.96364895325,20.));
#1914 = CARTESIAN_POINT('',(-46.58503150348,20.964472483176,20.));
#1915 = CARTESIAN_POINT('',(-44.92956250839,20.965481449235,20.));
#1916 = CARTESIAN_POINT('',(-43.2804684397,20.966621631415,20.));
#1917 = CARTESIAN_POINT('',(-41.61189399765,20.960197236168,20.));
#1918 = CARTESIAN_POINT('',(-39.77177741467,20.936060999113,20.));
#1919 = CARTESIAN_POINT('',(-39.77123702154,20.936053907458,20.));
#1920 = CARTESIAN_POINT('',(-39.77069660457,20.936046812003,20.));
#1921 = CARTESIAN_POINT('',(-39.77015616372,20.936039712746,20.));
#1922 = CARTESIAN_POINT('',(-39.76961569907,20.936032609688,20.));
#1923 = CARTESIAN_POINT('',(-39.76907521047,20.936025502825,20.));
#1924 = CARTESIAN_POINT('',(-39.76853469813,20.936018392161,20.));
#1925 = CARTESIAN_POINT('',(-39.76799416182,20.936011277691,20.));
#1926 = CARTESIAN_POINT('',(-39.76745360173,20.936004159417,20.));
#1927 = CARTESIAN_POINT('',(-39.76691301774,20.935997037336,20.));
#1928 = CARTESIAN_POINT('',(-39.76637240991,20.935989911448,20.));
#1929 = CARTESIAN_POINT('',(-39.76583177821,20.935982781753,20.));
#1930 = PCURVE('',#298,#1931);
#1931 = DEFINITIONAL_REPRESENTATION('',(#1932),#2100);
#1932 = ( BOUNDED_CURVE() B_SPLINE_CURVE(12,(#1933,#1934,#1935,#1936,
    #1937,#1938,#1939,#1940,#1941,#1942,#1943,#1944,#1945,#1946,#1947,
    #1948,#1949,#1950,#1951,#1952,#1953,#1954,#1955,#1956,#1957,#1958,
    #1959,#1960,#1961,#1962,#1963,#1964,#1965,#1966,#1967,#1968,#1969,
    #1970,#1971,#1972,#1973,#1974,#1975,#1976,#1977,#1978,#1979,#1980,
    #1981,#1982,#1983,#1984,#1985,#1986,#1987,#1988,#1989,#1990,#1991,
    #1992,#1993,#1994,#1995,#1996,#1997,#1998,#1999,#2000,#2001,#2002,
    #2003,#2004,#2005,#2006,#2007,#2008,#2009,#2010,#2011,#2012,#2013,
    #2014,#2015,#2016,#2017,#2018,#2019,#2020,#2021,#2022,#2023,#2024,
    #2025,#2026,#2027,#2028,#2029,#2030,#2031,#2032,#2033,#2034,#2035,
    #2036,#2037,#2038,#2039,#2040,#2041,#2042,#2043,#2044,#2045,#2046,
    #2047,#2048,#2049,#2050,#2051,#2052,#2053,#2054,#2055,#2056,#2057,
    #2058,#2059,#2060,#2061,#2062,#2063,#2064,#2065,#2066,#2067,#2068,
    #2069,#2070,#2071,#2072,#2073,#2074,#2075,#2076,#2077,#2078,#2079,
    #2080,#2081,#2082,#2083,#2084,#2085,#2086,#2087,#2088,#2089,#2090,
    #2091,#2092,#2093,#2094,#2095,#2096,#2097,#2098,#2099),
.UNSPECIFIED.,.F.,.F.) B_SPLINE_CURVE_WITH_KNOTS((13,11,11,11,11,11,11,
    11,11,11,11,11,11,11,11,13),(-1.423E-14,4.883195644882E-03,
    9.766391289778E-03,1.953278257957E-02,3.906556515915E-02,
    7.813113031832E-02,0.156262260637,0.312524521273,0.625049042547,
    1.250098085093,2.500196170187,5.000392340373,10.000784680747,
    20.001569361494,40.003138722987,40.009014116152),.UNSPECIFIED.) 
CURVE() GEOMETRIC_REPRESENTATION_ITEM() RATIONAL_B_SPLINE_CURVE((1.,1.,
    1.,1.000000000001,0.999999999999,1.000000000001,0.999999999999,
    1.000000000001,0.999999999999,1.,1.,1.,1.,1.,0.999999999999,
    1.000000000002,0.999999999997,1.000000000003,0.999999999997,
    1.000000000002,0.999999999999,1.,1.,1.,0.999999999999,1.000000000002
    ,0.999999999996,1.000000000005,0.999999999995,1.000000000004,
    0.999999999997,1.000000000001,1.,1.,1.,1.,1.,1.000000000001,
    0.999999999999,1.000000000001,0.999999999999,1.,1.,1.,1.,1.,1.,1.,1.
    ,1.,1.,1.,1.,1.,1.,1.,1.,1.,1.000000000001,0.999999999999,
    1.000000000002,0.999999999998,1.000000000002,0.999999999999,
    1.000000000001,1.,1.,1.,1.,0.999999999999,1.000000000001,
    0.999999999998,1.000000000002,0.999999999998,1.000000000001,1.,1.,1.
    ,1.,1.,1.,1.000000000001,0.999999999999,1.000000000001,
    0.999999999999,1.000000000001,1.,1.,1.,1.,1.,1.,1.,0.999999999999,
    1.000000000001,0.999999999999,1.,1.,1.,1.,1.,1.,0.999999999999,
    1.000000000001,0.999999999998,1.000000000002,0.999999999998,
    1.000000000001,1.,1.,1.,1.,1.,1.,1.000000000001,0.999999999998,
    1.000000000002,0.999999999998,1.000000000001,1.,1.,1.,1.,1.,
    0.999999999999,1.000000000001,0.999999999998,1.000000000002,
    0.999999999998,1.000000000001,0.999999999999,1.,1.,1.,0.999999999999
    ,1.000000000001,0.999999999998,1.000000000003,0.999999999998,
    1.000000000002,0.999999999999,1.000000000001,1.,1.,1.,1.,
    0.999999999999,1.000000000001,0.999999999998,1.000000000002,
    0.999999999998,1.000000000001,0.999999999999,1.,1.,1.,1.,
    0.999999999999,1.000000000002,0.999999999997,1.000000000003,
    0.999999999997,1.000000000002,0.999999999999,1.,1.,1.)) 
REPRESENTATION_ITEM('') );
#1933 = CARTESIAN_POINT('',(-80.,20.964101615138));
#1934 = CARTESIAN_POINT('',(-79.99951464016,20.964101615138));
#1935 = CARTESIAN_POINT('',(-79.99960345602,20.964101615138));
#1936 = CARTESIAN_POINT('',(-79.99757759351,20.964101615138));
#1937 = CARTESIAN_POINT('',(-80.0006571158,20.964101615138));
#1938 = CARTESIAN_POINT('',(-79.99490560197,20.964101615138));
#1939 = CARTESIAN_POINT('',(-80.00050920468,20.964101615138));
#1940 = CARTESIAN_POINT('',(-79.99511176416,20.964101615138));
#1941 = CARTESIAN_POINT('',(-79.99772395737,20.964101615138));
#1942 = CARTESIAN_POINT('',(-79.99603746478,20.964101615138));
#1943 = CARTESIAN_POINT('',(-79.99597735159,20.964101615138));
#1944 = CARTESIAN_POINT('',(-79.99552408854,20.964101615138));
#1945 = CARTESIAN_POINT('',(-79.99471028646,20.964101615138));
#1946 = CARTESIAN_POINT('',(-79.99430338541,20.964101615138));
#1947 = CARTESIAN_POINT('',(-79.99389648439,20.964101615138));
#1948 = CARTESIAN_POINT('',(-79.99348958329,20.964101615137));
#1949 = CARTESIAN_POINT('',(-79.99308268234,20.964101615139));
#1950 = CARTESIAN_POINT('',(-79.99267578119,20.964101615137));
#1951 = CARTESIAN_POINT('',(-79.99226888025,20.964101615139));
#1952 = CARTESIAN_POINT('',(-79.99186197913,20.964101615137));
#1953 = CARTESIAN_POINT('',(-79.99145507814,20.964101615138));
#1954 = CARTESIAN_POINT('',(-79.99104817707,20.964101615138));
#1955 = CARTESIAN_POINT('',(-79.99064127604,20.964101615138));
#1956 = CARTESIAN_POINT('',(-79.98942057291,20.964101615138));
#1957 = CARTESIAN_POINT('',(-79.98860677083,20.964101615138));
#1958 = CARTESIAN_POINT('',(-79.98779296874,20.964101615138));
#1959 = CARTESIAN_POINT('',(-79.98697916668,20.964101615137));
#1960 = CARTESIAN_POINT('',(-79.98616536456,20.964101615138));
#1961 = CARTESIAN_POINT('',(-79.98535156252,20.964101615137));
#1962 = CARTESIAN_POINT('',(-79.98453776039,20.964101615138));
#1963 = CARTESIAN_POINT('',(-79.98372395834,20.964101615137));
#1964 = CARTESIAN_POINT('',(-79.98291015624,20.964101615138));
#1965 = CARTESIAN_POINT('',(-79.98209635416,20.964101615138));
#1966 = CARTESIAN_POINT('',(-79.98128255208,20.964101615138));
#1967 = CARTESIAN_POINT('',(-79.97884114583,20.964101615138));
#1968 = CARTESIAN_POINT('',(-79.97721354166,20.964101615138));
#1969 = CARTESIAN_POINT('',(-79.9755859375,20.964101615138));
#1970 = CARTESIAN_POINT('',(-79.97395833332,20.964101615138));
#1971 = CARTESIAN_POINT('',(-79.97233072918,20.964101615138));
#1972 = CARTESIAN_POINT('',(-79.97070312498,20.964101615138));
#1973 = CARTESIAN_POINT('',(-79.96907552084,20.964101615138));
#1974 = CARTESIAN_POINT('',(-79.96744791666,20.964101615138));
#1975 = CARTESIAN_POINT('',(-79.9658203125,20.964101615138));
#1976 = CARTESIAN_POINT('',(-79.96419270833,20.964101615138));
#1977 = CARTESIAN_POINT('',(-79.96256510416,20.964101615138));
#1978 = CARTESIAN_POINT('',(-79.95768229166,20.964101615138));
#1979 = CARTESIAN_POINT('',(-79.95442708333,20.964101615138));
#1980 = CARTESIAN_POINT('',(-79.95117187499,20.964101615137));
#1981 = CARTESIAN_POINT('',(-79.94791666668,20.964101615138));
#1982 = CARTESIAN_POINT('',(-79.94466145832,20.964101615137));
#1983 = CARTESIAN_POINT('',(-79.94140625001,20.964101615139));
#1984 = CARTESIAN_POINT('',(-79.93815104166,20.964101615137));
#1985 = CARTESIAN_POINT('',(-79.93489583334,20.964101615138));
#1986 = CARTESIAN_POINT('',(-79.931640625,20.964101615137));
#1987 = CARTESIAN_POINT('',(-79.92838541667,20.964101615138));
#1988 = CARTESIAN_POINT('',(-79.92513020834,20.964101615138));
#1989 = CARTESIAN_POINT('',(-79.91536458335,20.964101615138));
#1990 = CARTESIAN_POINT('',(-79.90885416669,20.964101615138));
#1991 = CARTESIAN_POINT('',(-79.90234375003,20.964101615138));
#1992 = CARTESIAN_POINT('',(-79.89583333338,20.964101615138));
#1993 = CARTESIAN_POINT('',(-79.88932291671,20.964101615138));
#1994 = CARTESIAN_POINT('',(-79.88281250008,20.964101615138));
#1995 = CARTESIAN_POINT('',(-79.87630208341,20.964101615138));
#1996 = CARTESIAN_POINT('',(-79.86979166678,20.964101615138));
#1997 = CARTESIAN_POINT('',(-79.86328125013,20.964101615138));
#1998 = CARTESIAN_POINT('',(-79.8567708335,20.964101615138));
#1999 = CARTESIAN_POINT('',(-79.85026041687,20.964101615138));
#2000 = CARTESIAN_POINT('',(-79.83072916699,20.964101615138));
#2001 = CARTESIAN_POINT('',(-79.81770833376,20.964101615138));
#2002 = CARTESIAN_POINT('',(-79.80468750055,20.964101615138));
#2003 = CARTESIAN_POINT('',(-79.79166666738,20.964101615138));
#2004 = CARTESIAN_POINT('',(-79.77864583423,20.964101615138));
#2005 = CARTESIAN_POINT('',(-79.76562500116,20.964101615138));
#2006 = CARTESIAN_POINT('',(-79.75260416809,20.964101615138));
#2007 = CARTESIAN_POINT('',(-79.73958333514,20.964101615138));
#2008 = CARTESIAN_POINT('',(-79.7265625022,20.964101615138));
#2009 = CARTESIAN_POINT('',(-79.71354166936,20.964101615138));
#2010 = CARTESIAN_POINT('',(-79.70052083658,20.964101615138));
#2011 = CARTESIAN_POINT('',(-79.66145833851,20.964101615138));
#2012 = CARTESIAN_POINT('',(-79.63541667343,20.964101615138));
#2013 = CARTESIAN_POINT('',(-79.60937500873,20.964101615138));
#2014 = CARTESIAN_POINT('',(-79.58333334455,20.964101615138));
#2015 = CARTESIAN_POINT('',(-79.5572916809,20.964101615137));
#2016 = CARTESIAN_POINT('',(-79.531250018,20.964101615138));
#2017 = CARTESIAN_POINT('',(-79.50520835579,20.964101615137));
#2018 = CARTESIAN_POINT('',(-79.47916669453,20.964101615138));
#2019 = CARTESIAN_POINT('',(-79.45312503416,20.964101615138));
#2020 = CARTESIAN_POINT('',(-79.42708337488,20.964101615138));
#2021 = CARTESIAN_POINT('',(-79.40104171674,20.964101615138));
#2022 = CARTESIAN_POINT('',(-79.32291674607,20.964101615138));
#2023 = CARTESIAN_POINT('',(-79.27083343694,20.964101615138));
#2024 = CARTESIAN_POINT('',(-79.21875013374,20.964101615137));
#2025 = CARTESIAN_POINT('',(-79.16666683774,20.964101615138));
#2026 = CARTESIAN_POINT('',(-79.11458355023,20.964101615137));
#2027 = CARTESIAN_POINT('',(-79.06250027247,20.964101615139));
#2028 = CARTESIAN_POINT('',(-79.01041700573,20.964101615137));
#2029 = CARTESIAN_POINT('',(-78.95833375132,20.964101615138));
#2030 = CARTESIAN_POINT('',(-78.90625051046,20.964101615137));
#2031 = CARTESIAN_POINT('',(-78.85416728447,20.964101615138));
#2032 = CARTESIAN_POINT('',(-78.80208407461,20.964101615137));
#2033 = CARTESIAN_POINT('',(-78.64583449723,20.964101615137));
#2034 = CARTESIAN_POINT('',(-78.541668182,20.964101615138));
#2035 = CARTESIAN_POINT('',(-78.43750195007,20.964101615141));
#2036 = CARTESIAN_POINT('',(-78.33333581511,20.964101615142));
#2037 = CARTESIAN_POINT('',(-78.22916979069,20.964101615144));
#2038 = CARTESIAN_POINT('',(-78.12500389054,20.964101615141));
#2039 = CARTESIAN_POINT('',(-78.02083812818,20.964101615136));
#2040 = CARTESIAN_POINT('',(-77.91667251735,20.964101615125));
#2041 = CARTESIAN_POINT('',(-77.81250707159,20.964101615109));
#2042 = CARTESIAN_POINT('',(-77.70834180461,20.964101615085));
#2043 = CARTESIAN_POINT('',(-77.60417672999,20.964101615053));
#2044 = CARTESIAN_POINT('',(-77.29168212419,20.964101614931));
#2045 = CARTESIAN_POINT('',(-77.0833533212,20.964101615222));
#2046 = CARTESIAN_POINT('',(-76.87502550207,20.964101615657));
#2047 = CARTESIAN_POINT('',(-76.6666987165,20.964101616005));
#2048 = CARTESIAN_POINT('',(-76.45837301411,20.964101616035));
#2049 = CARTESIAN_POINT('',(-76.25004844462,20.96410161552));
#2050 = CARTESIAN_POINT('',(-76.04172505762,20.964101614226));
#2051 = CARTESIAN_POINT('',(-75.83340290285,20.964101611925));
#2052 = CARTESIAN_POINT('',(-75.62508202993,20.964101608386));
#2053 = CARTESIAN_POINT('',(-75.41676248854,20.96410160338));
#2054 = CARTESIAN_POINT('',(-75.20844432835,20.964101596676));
#2055 = CARTESIAN_POINT('',(-74.58349414033,20.964101570779));
#2056 = CARTESIAN_POINT('',(-74.16686584631,20.964101532577));
#2057 = CARTESIAN_POINT('',(-73.75024245044,20.9641014801));
#2058 = CARTESIAN_POINT('',(-73.33362326043,20.96410141083));
#2059 = CARTESIAN_POINT('',(-72.91700715832,20.964101313067));
#2060 = CARTESIAN_POINT('',(-72.50039260027,20.964101165927));
#2061 = CARTESIAN_POINT('',(-72.08377761686,20.96410093935));
#2062 = CARTESIAN_POINT('',(-71.66715981278,20.964100594088));
#2063 = CARTESIAN_POINT('',(-71.25053636706,20.964100081716));
#2064 = CARTESIAN_POINT('',(-70.83390403294,20.964099344625));
#2065 = CARTESIAN_POINT('',(-70.41725913793,20.964098316025));
#2066 = CARTESIAN_POINT('',(-69.16727447556,20.964094127782));
#2067 = CARTESIAN_POINT('',(-68.3338819082,20.964089515119));
#2068 = CARTESIAN_POINT('',(-67.50039291373,20.964082951774));
#2069 = CARTESIAN_POINT('',(-66.66676977141,20.964073504));
#2070 = CARTESIAN_POINT('',(-65.83296690596,20.964059680781));
#2071 = CARTESIAN_POINT('',(-64.99893378554,20.964039680129));
#2072 = CARTESIAN_POINT('',(-64.16461781993,20.964011635377));
#2073 = CARTESIAN_POINT('',(-63.32996725849,20.963973861475));
#2074 = CARTESIAN_POINT('',(-62.4949340884,20.96392510129));
#2075 = CARTESIAN_POINT('',(-61.65947693261,20.963864771898));
#2076 = CARTESIAN_POINT('',(-60.823563948,20.963793210881));
#2077 = CARTESIAN_POINT('',(-58.31439927427,20.963549346107));
#2078 = CARTESIAN_POINT('',(-56.63969986928,20.963368478818));
#2079 = CARTESIAN_POINT('',(-54.96324297878,20.963049795187));
#2080 = CARTESIAN_POINT('',(-53.28446900496,20.963050904238));
#2081 = CARTESIAN_POINT('',(-51.60549480792,20.962769449027));
#2082 = CARTESIAN_POINT('',(-49.92700563216,20.962859310939));
#2083 = CARTESIAN_POINT('',(-48.25171962551,20.96364895325));
#2084 = CARTESIAN_POINT('',(-46.58503150348,20.964472483176));
#2085 = CARTESIAN_POINT('',(-44.92956250839,20.965481449235));
#2086 = CARTESIAN_POINT('',(-43.2804684397,20.966621631415));
#2087 = CARTESIAN_POINT('',(-41.61189399765,20.960197236168));
#2088 = CARTESIAN_POINT('',(-39.77177741467,20.936060999113));
#2089 = CARTESIAN_POINT('',(-39.77123702154,20.936053907458));
#2090 = CARTESIAN_POINT('',(-39.77069660457,20.936046812003));
#2091 = CARTESIAN_POINT('',(-39.77015616372,20.936039712746));
#2092 = CARTESIAN_POINT('',(-39.76961569907,20.936032609688));
#2093 = CARTESIAN_POINT('',(-39.76907521047,20.936025502825));
#2094 = CARTESIAN_POINT('',(-39.76853469813,20.936018392161));
#2095 = CARTESIAN_POINT('',(-39.76799416182,20.936011277691));
#2096 = CARTESIAN_POINT('',(-39.76745360173,20.936004159417));
#2097 = CARTESIAN_POINT('',(-39.76691301774,20.935997037336));
#2098 = CARTESIAN_POINT('',(-39.76637240991,20.935989911448));
#2099 = CARTESIAN_POINT('',(-39.76583177821,20.935982781753));
#2100 = ( GEOMETRIC_REPRESENTATION_CONTEXT(2) 
PARAMETRIC_REPRESENTATION_CONTEXT() REPRESENTATION_CONTEXT('2D SPACE',''
  ) );
#2101 = PCURVE('',#2102,#2604);
#2102 = ( BOUNDED_SURFACE() B_SPLINE_SURFACE(2,12,(
    (#2103,#2104,#2105,#2106,#2107,#2108,#2109,#2110,#2111,#2112,#2113
      ,#2114,#2115,#2116,#2117,#2118,#2119,#2120,#2121,#2122,#2123,#2124
      ,#2125,#2126,#2127,#2128,#2129,#2130,#2131,#2132,#2133,#2134,#2135
      ,#2136,#2137,#2138,#2139,#2140,#2141,#2142,#2143,#2144,#2145,#2146
      ,#2147,#2148,#2149,#2150,#2151,#2152,#2153,#2154,#2155,#2156,#2157
      ,#2158,#2159,#2160,#2161,#2162,#2163,#2164,#2165,#2166,#2167,#2168
      ,#2169,#2170,#2171,#2172,#2173,#2174,#2175,#2176,#2177,#2178,#2179
      ,#2180,#2181,#2182,#2183,#2184,#2185,#2186,#2187,#2188,#2189,#2190
      ,#2191,#2192,#2193,#2194,#2195,#2196,#2197,#2198,#2199,#2200,#2201
      ,#2202,#2203,#2204,#2205,#2206,#2207,#2208,#2209,#2210,#2211,#2212
      ,#2213,#2214,#2215,#2216,#2217,#2218,#2219,#2220,#2221,#2222,#2223
      ,#2224,#2225,#2226,#2227,#2228,#2229,#2230,#2231,#2232,#2233,#2234
      ,#2235,#2236,#2237,#2238,#2239,#2240,#2241,#2242,#2243,#2244,#2245
      ,#2246,#2247,#2248,#2249,#2250,#2251,#2252,#2253,#2254,#2255,#2256
      ,#2257,#2258,#2259,#2260,#2261,#2262,#2263,#2264,#2265,#2266,#2267
      ,#2268,#2269)
    ,(#2270,#2271,#2272,#2273,#2274,#2275,#2276,#2277,#2278,#2279,#2280
      ,#2281,#2282,#2283,#2284,#2285,#2286,#2287,#2288,#2289,#2290,#2291
      ,#2292,#2293,#2294,#2295,#2296,#2297,#2298,#2299,#2300,#2301,#2302
      ,#2303,#2304,#2305,#2306,#2307,#2308,#2309,#2310,#2311,#2312,#2313
      ,#2314,#2315,#2316,#2317,#2318,#2319,#2320,#2321,#2322,#2323,#2324
      ,#2325,#2326,#2327,#2328,#2329,#2330,#2331,#2332,#2333,#2334,#2335
      ,#2336,#2337,#2338,#2339,#2340,#2341,#2342,#2343,#2344,#2345,#2346
      ,#2347,#2348,#2349,#2350,#2351,#2352,#2353,#2354,#2355,#2356,#2357
      ,#2358,#2359,#2360,#2361,#2362,#2363,#2364,#2365,#2366,#2367,#2368
      ,#2369,#2370,#2371,#2372,#2373,#2374,#2375,#2376,#2377,#2378,#2379
      ,#2380,#2381,#2382,#2383,#2384,#2385,#2386,#2387,#2388,#2389,#2390
      ,#2391,#2392,#2393,#2394,#2395,#2396,#2397,#2398,#2399,#2400,#2401
      ,#2402,#2403,#2404,#2405,#2406,#2407,#2408,#2409,#2410,#2411,#2412
      ,#2413,#2414,#2415,#2416,#2417,#2418,#2419,#2420,#2421,#2422,#2423
      ,#2424,#2425,#2426,#2427,#2428,#2429,#2430,#2431,#2432,#2433,#2434
      ,#2435,#2436)
    ,(#2437,#2438,#2439,#2440,#2441,#2442,#2443,#2444,#2445,#2446,#2447
      ,#2448,#2449,#2450,#2451,#2452,#2453,#2454,#2455,#2456,#2457,#2458
      ,#2459,#2460,#2461,#2462,#2463,#2464,#2465,#2466,#2467,#2468,#2469
      ,#2470,#2471,#2472,#2473,#2474,#2475,#2476,#2477,#2478,#2479,#2480
      ,#2481,#2482,#2483,#2484,#2485,#2486,#2487,#2488,#2489,#2490,#2491
      ,#2492,#2493,#2494,#2495,#2496,#2497,#2498,#2499,#2500,#2501,#2502
      ,#2503,#2504,#2505,#2506,#2507,#2508,#2509,#2510,#2511,#2512,#2513
      ,#2514,#2515,#2516,#2517,#2518,#2519,#2520,#2521,#2522,#2523,#2524
      ,#2525,#2526,#2527,#2528,#2529,#2530,#2531,#2532,#2533,#2534,#2535
      ,#2536,#2537,#2538,#2539,#2540,#2541,#2542,#2543,#2544,#2545,#2546
      ,#2547,#2548,#2549,#2550,#2551,#2552,#2553,#2554,#2555,#2556,#2557
      ,#2558,#2559,#2560,#2561,#2562,#2563,#2564,#2565,#2566,#2567,#2568
      ,#2569,#2570,#2571,#2572,#2573,#2574,#2575,#2576,#2577,#2578,#2579
      ,#2580,#2581,#2582,#2583,#2584,#2585,#2586,#2587,#2588,#2589,#2590
      ,#2591,#2592,#2593,#2594,#2595,#2596,#2597,#2598,#2599,#2600,#2601
      ,#2602,#2603
)),.UNSPECIFIED.,.F.,.F.,.F.) B_SPLINE_SURFACE_WITH_KNOTS((3,3),(13,11,
    11,11,11,11,11,11,11,11,11,11,11,11,11,13),(0.,40.009014116152),(
    -1.423E-14,4.883195644882E-03,9.766391289778E-03,1.953278257957E-02,
    3.906556515915E-02,7.813113031832E-02,0.156262260637,0.312524521273,
    0.625049042547,1.250098085093,2.500196170187,5.000392340373,
    10.000784680747,20.001569361494,40.003138722987,40.009014116152),
.UNSPECIFIED.) GEOMETRIC_REPRESENTATION_ITEM() RATIONAL_B_SPLINE_SURFACE
((
    (1.,1.,1.,1.000000000001,0.999999999999,1.000000000001
      ,0.999999999999,1.000000000001,0.999999999999,1.,1.,1.,1.,1.
      ,0.999999999999,1.000000000002,0.999999999997,1.000000000003
      ,0.999999999997,1.000000000002,0.999999999999,1.,1.,1.
      ,0.999999999999,1.000000000002,0.999999999996,1.000000000005
      ,0.999999999995,1.000000000004,0.999999999997,1.000000000001,1.,1.
      ,1.,1.,1.,1.000000000001,0.999999999999,1.000000000001
      ,0.999999999999,1.,1.,1.,1.,1.,1.,1.,1.,1.,1.,1.,1.,1.,1.,1.,1.,1.
      ,1.000000000001,0.999999999999,1.000000000002,0.999999999998
      ,1.000000000002,0.999999999999,1.000000000001,1.,1.,1.,1.
      ,0.999999999999,1.000000000001,0.999999999998,1.000000000002
      ,0.999999999998,1.000000000001,1.,1.,1.,1.,1.,1.,1.000000000001
      ,0.999999999999,1.000000000001,0.999999999999,1.000000000001,1.,1.
      ,1.,1.,1.,1.,1.,0.999999999999,1.000000000001,0.999999999999,1.,1.
      ,1.,1.,1.,1.,0.999999999999,1.000000000001,0.999999999998
      ,1.000000000002,0.999999999998,1.000000000001,1.,1.,1.,1.,1.,1.
      ,1.000000000001,0.999999999998,1.000000000002,0.999999999998
      ,1.000000000001,1.,1.,1.,1.,1.,0.999999999999,1.000000000001
      ,0.999999999998,1.000000000002,0.999999999998,1.000000000001
      ,0.999999999999,1.,1.,1.,0.999999999999,1.000000000001
      ,0.999999999998,1.000000000003,0.999999999998,1.000000000002
      ,0.999999999999,1.000000000001,1.,1.,1.,1.,0.999999999999
      ,1.000000000001,0.999999999998,1.000000000002,0.999999999998
      ,1.000000000001,0.999999999999,1.,1.,1.,1.,0.999999999999
      ,1.000000000002,0.999999999997,1.000000000003,0.999999999997
      ,1.000000000002,0.999999999999,1.,1.,1.)
    ,(0.755928946018,0.755928946018,0.755928946018,0.755928946019
      ,0.755928946018,0.755928946019,0.755928946019,0.755928946018
      ,0.755928946019,0.755928946018,0.755928946019,0.755928946018
      ,0.755928946018,0.755928946019,0.755928946018,0.75592894602
      ,0.755928946017,0.755928946021,0.755928946016,0.75592894602
      ,0.755928946018,0.755928946019,0.755928946018,0.755928946019
      ,0.755928946018,0.75592894602,0.755928946016,0.755928946022
      ,0.755928946015,0.755928946021,0.755928946017,0.755928946019
      ,0.755928946018,0.755928946018,0.755928946018,0.755928946018
      ,0.755928946019,0.755928946018,0.755928946019,0.755928946018
      ,0.755928946019,0.755928946018,0.755928946019,0.755928946018
      ,0.755928946018,0.755928946018,0.755928946019,0.755928946018
      ,0.755928946019,0.755928946017,0.75592894602,0.755928946017
      ,0.755928946019,0.755928946018,0.755928946019,0.755928946018
      ,0.755928946018,0.755928946018,0.755928946019,0.755928946018
      ,0.755928946019,0.755928946018,0.755928946019,0.755928946018
      ,0.755928946019,0.755928946018,0.755928946018,0.755928946018
      ,0.755928946019,0.755928946018,0.755928946019,0.755928946017
      ,0.75592894602,0.755928946017,0.755928946019,0.755928946018
      ,0.755928946019,0.755928946018,0.755928946018,0.755928946019
      ,0.755928946018,0.75592894602,0.755928946017,0.75592894602
      ,0.755928946017,0.75592894602,0.755928946018,0.755928946019
      ,0.755928946018,0.755928946018,0.755928946019,0.755928946018
      ,0.755928946019,0.755928946018,0.755928946019,0.755928946018
      ,0.755928946019,0.755928946018,0.755928946019,0.755928946018
      ,0.755928946018,0.755928946019,0.755928946018,0.75592894602
      ,0.755928946016,0.75592894602,0.755928946017,0.75592894602
      ,0.755928946019,0.75592894602,0.755928946021,0.755928946025
      ,0.755928946016,0.755928946001,0.75592894599,0.755928945988
      ,0.755928946006,0.755928946048,0.755928946126,0.755928946244
      ,0.755928946411,0.755928946635,0.7559289475,0.755928948776
      ,0.755928950528,0.755928952844,0.755928956106,0.755928961025
      ,0.755928968588,0.755928980123,0.755928997235,0.755929021855
      ,0.755929056211,0.755929196103,0.755929350176,0.755929569406
      ,0.755929884969,0.755930346681,0.755931014729,0.755931951505
      ,0.755933213326,0.755934842259,0.755936857862,0.755939248987
      ,0.755947398646,0.75595369627,0.755963078463,0.755965755547
      ,0.75597258832,0.755969216668,0.755946424555,0.755915944783
      ,0.755879276586,0.755853409309,0.756045630387,0.756884107986
      ,0.756884354349,0.756884600845,0.756884847479,0.756885094242
      ,0.756885341147,0.75688558818,0.756885835354,0.756886082658
      ,0.7568863301,0.756886577676,0.756886825387)
    ,(1.,1.,1.,1.000000000001,0.999999999999,1.000000000001
      ,0.999999999999,1.000000000001,0.999999999999,1.,1.,1.,1.,1.
      ,0.999999999999,1.000000000002,0.999999999997,1.000000000003
      ,0.999999999997,1.000000000002,0.999999999999,1.,1.,1.
      ,0.999999999999,1.000000000002,0.999999999996,1.000000000005
      ,0.999999999995,1.000000000004,0.999999999997,1.000000000001,1.,1.
      ,1.,1.,1.,1.000000000001,0.999999999999,1.000000000001
      ,0.999999999999,1.,1.,1.,1.,1.,1.,1.,1.,1.,1.,1.,1.,1.,1.,1.,1.,1.
      ,1.000000000001,0.999999999999,1.000000000002,0.999999999998
      ,1.000000000002,0.999999999999,1.000000000001,1.,1.,1.,1.
      ,0.999999999999,1.000000000001,0.999999999998,1.000000000002
      ,0.999999999998,1.000000000001,1.,1.,1.,1.,1.,1.,1.000000000001
      ,0.999999999999,1.000000000001,0.999999999999,1.000000000001,1.,1.
      ,1.,1.,1.,1.,1.,0.999999999999,1.000000000001,0.999999999999,1.,1.
      ,1.,1.,1.,1.,0.999999999999,1.000000000001,0.999999999998
      ,1.000000000002,0.999999999998,1.000000000001,1.,1.,1.,1.,1.,1.
      ,1.000000000001,0.999999999998,1.000000000002,0.999999999998
      ,1.000000000001,1.,1.,1.,1.,1.,0.999999999999,1.000000000001
      ,0.999999999998,1.000000000002,0.999999999998,1.000000000001
      ,0.999999999999,1.,1.,1.,0.999999999999,1.000000000001
      ,0.999999999998,1.000000000003,0.999999999998,1.000000000002
      ,0.999999999999,1.000000000001,1.,1.,1.,1.,0.999999999999
      ,1.000000000001,0.999999999998,1.000000000002,0.999999999998
      ,1.000000000001,0.999999999999,1.,1.,1.,1.,0.999999999999
      ,1.000000000002,0.999999999997,1.000000000003,0.999999999997
,1.000000000002,0.999999999999,1.,1.,1.
))) REPRESENTATION_ITEM('') SURFACE() );
#2103 = CARTESIAN_POINT('',(-80.,19.974358296527,19.142857142857));
#2104 = CARTESIAN_POINT('',(-79.99959518568,19.974358296527,
    19.142857142857));
#2105 = CARTESIAN_POINT('',(-79.99917510032,19.974358296527,
    19.142857142857));
#2106 = CARTESIAN_POINT('',(-79.99881125795,19.974358296527,
    19.142857142857));
#2107 = CARTESIAN_POINT('',(-79.99831163033,19.974358296527,
    19.142857142857));
#2108 = CARTESIAN_POINT('',(-79.99804687715,19.974358296527,
    19.142857142857));
#2109 = CARTESIAN_POINT('',(-79.99748011789,19.974358296527,
    19.142857142857));
#2110 = CARTESIAN_POINT('',(-79.99720594762,19.974358296527,
    19.142857142857));
#2111 = CARTESIAN_POINT('',(-79.9967187493,19.974358296527,
    19.142857142857));
#2112 = CARTESIAN_POINT('',(-79.99634588089,19.974358296527,
    19.142857142857));
#2113 = CARTESIAN_POINT('',(-79.99592975651,19.974358296527,
    19.142857142857));
#2114 = CARTESIAN_POINT('',(-79.99552408854,19.974358296527,
    19.142857142857));
#2115 = CARTESIAN_POINT('',(-79.99471028646,19.974358296527,
    19.142857142857));
#2116 = CARTESIAN_POINT('',(-79.99430338541,19.974358296527,
    19.142857142857));
#2117 = CARTESIAN_POINT('',(-79.99389648439,19.974358296527,
    19.142857142857));
#2118 = CARTESIAN_POINT('',(-79.99348958329,19.974358296527,
    19.142857142857));
#2119 = CARTESIAN_POINT('',(-79.99308268235,19.974358296527,
    19.142857142857));
#2120 = CARTESIAN_POINT('',(-79.99267578118,19.974358296527,
    19.142857142857));
#2121 = CARTESIAN_POINT('',(-79.99226888026,19.974358296527,
    19.142857142857));
#2122 = CARTESIAN_POINT('',(-79.99186197912,19.974358296527,
    19.142857142857));
#2123 = CARTESIAN_POINT('',(-79.99145507814,19.974358296527,
    19.142857142857));
#2124 = CARTESIAN_POINT('',(-79.99104817707,19.974358296527,
    19.142857142857));
#2125 = CARTESIAN_POINT('',(-79.99064127604,19.974358296527,
    19.142857142857));
#2126 = CARTESIAN_POINT('',(-79.98942057291,19.974358296527,
    19.142857142857));
#2127 = CARTESIAN_POINT('',(-79.98860677083,19.974358296527,
    19.142857142857));
#2128 = CARTESIAN_POINT('',(-79.98779296875,19.974358296527,
    19.142857142857));
#2129 = CARTESIAN_POINT('',(-79.98697916666,19.974358296527,
    19.142857142857));
#2130 = CARTESIAN_POINT('',(-79.98616536459,19.974358296526,
    19.142857142857));
#2131 = CARTESIAN_POINT('',(-79.98535156249,19.974358296528,
    19.142857142857));
#2132 = CARTESIAN_POINT('',(-79.98453776042,19.974358296526,
    19.142857142857));
#2133 = CARTESIAN_POINT('',(-79.98372395832,19.974358296527,
    19.142857142857));
#2134 = CARTESIAN_POINT('',(-79.98291015625,19.974358296527,
    19.142857142857));
#2135 = CARTESIAN_POINT('',(-79.98209635416,19.974358296527,
    19.142857142857));
#2136 = CARTESIAN_POINT('',(-79.98128255208,19.974358296527,
    19.142857142857));
#2137 = CARTESIAN_POINT('',(-79.97884114583,19.974358296527,
    19.142857142857));
#2138 = CARTESIAN_POINT('',(-79.97721354166,19.974358296527,
    19.142857142857));
#2139 = CARTESIAN_POINT('',(-79.9755859375,19.974358296527,
    19.142857142857));
#2140 = CARTESIAN_POINT('',(-79.97395833332,19.974358296527,
    19.142857142857));
#2141 = CARTESIAN_POINT('',(-79.97233072918,19.974358296527,
    19.142857142857));
#2142 = CARTESIAN_POINT('',(-79.97070312498,19.974358296527,
    19.142857142857));
#2143 = CARTESIAN_POINT('',(-79.96907552085,19.974358296527,
    19.142857142858));
#2144 = CARTESIAN_POINT('',(-79.96744791665,19.974358296527,
    19.142857142857));
#2145 = CARTESIAN_POINT('',(-79.9658203125,19.974358296527,
    19.142857142857));
#2146 = CARTESIAN_POINT('',(-79.96419270833,19.974358296527,
    19.142857142857));
#2147 = CARTESIAN_POINT('',(-79.96256510416,19.974358296527,
    19.142857142857));
#2148 = CARTESIAN_POINT('',(-79.95768229166,19.974358296527,
    19.142857142857));
#2149 = CARTESIAN_POINT('',(-79.95442708333,19.974358296527,
    19.142857142857));
#2150 = CARTESIAN_POINT('',(-79.951171875,19.974358296527,
    19.142857142857));
#2151 = CARTESIAN_POINT('',(-79.94791666665,19.974358296527,
    19.142857142857));
#2152 = CARTESIAN_POINT('',(-79.94466145834,19.974358296528,
    19.142857142858));
#2153 = CARTESIAN_POINT('',(-79.94140624999,19.974358296526,
    19.142857142857));
#2154 = CARTESIAN_POINT('',(-79.93815104166,19.974358296528,
    19.142857142858));
#2155 = CARTESIAN_POINT('',(-79.93489583333,19.974358296527,
    19.142857142857));
#2156 = CARTESIAN_POINT('',(-79.93164062499,19.974358296527,
    19.142857142857));
#2157 = CARTESIAN_POINT('',(-79.92838541666,19.974358296527,
    19.142857142857));
#2158 = CARTESIAN_POINT('',(-79.92513020833,19.974358296527,
    19.142857142857));
#2159 = CARTESIAN_POINT('',(-79.91536458333,19.974358296527,
    19.142857142857));
#2160 = CARTESIAN_POINT('',(-79.90885416666,19.974358296527,
    19.142857142857));
#2161 = CARTESIAN_POINT('',(-79.90234374999,19.974358296527,
    19.142857142857));
#2162 = CARTESIAN_POINT('',(-79.89583333334,19.974358296526,
    19.142857142857));
#2163 = CARTESIAN_POINT('',(-79.88932291664,19.974358296528,
    19.142857142858));
#2164 = CARTESIAN_POINT('',(-79.88281250001,19.974358296526,
    19.142857142857));
#2165 = CARTESIAN_POINT('',(-79.87630208331,19.974358296528,
    19.142857142857));
#2166 = CARTESIAN_POINT('',(-79.86979166667,19.974358296526,
    19.142857142857));
#2167 = CARTESIAN_POINT('',(-79.86328124999,19.974358296527,
    19.142857142857));
#2168 = CARTESIAN_POINT('',(-79.85677083332,19.974358296527,
    19.142857142857));
#2169 = CARTESIAN_POINT('',(-79.85026041665,19.974358296527,
    19.142857142857));
#2170 = CARTESIAN_POINT('',(-79.83072916665,19.974358296527,
    19.142857142857));
#2171 = CARTESIAN_POINT('',(-79.81770833331,19.974358296527,
    19.142857142857));
#2172 = CARTESIAN_POINT('',(-79.80468749997,19.974358296527,
    19.142857142857));
#2173 = CARTESIAN_POINT('',(-79.79166666663,19.974358296527,
    19.142857142857));
#2174 = CARTESIAN_POINT('',(-79.77864583329,19.974358296527,
    19.142857142857));
#2175 = CARTESIAN_POINT('',(-79.76562499994,19.974358296527,
    19.142857142857));
#2176 = CARTESIAN_POINT('',(-79.75260416659,19.974358296527,
    19.142857142857));
#2177 = CARTESIAN_POINT('',(-79.73958333324,19.974358296527,
    19.142857142857));
#2178 = CARTESIAN_POINT('',(-79.72656249988,19.974358296527,
    19.142857142857));
#2179 = CARTESIAN_POINT('',(-79.71354166652,19.974358296527,
    19.142857142857));
#2180 = CARTESIAN_POINT('',(-79.70052083315,19.974358296527,
    19.142857142857));
#2181 = CARTESIAN_POINT('',(-79.66145833302,19.974358296527,
    19.142857142857));
#2182 = CARTESIAN_POINT('',(-79.63541666625,19.974358296527,
    19.142857142857));
#2183 = CARTESIAN_POINT('',(-79.60937499946,19.974358296527,
    19.142857142857));
#2184 = CARTESIAN_POINT('',(-79.58333333262,19.974358296527,
    19.142857142857));
#2185 = CARTESIAN_POINT('',(-79.55729166573,19.974358296527,
    19.142857142858));
#2186 = CARTESIAN_POINT('',(-79.53124999875,19.974358296527,
    19.142857142857));
#2187 = CARTESIAN_POINT('',(-79.5052083317,19.974358296527,
    19.142857142857));
#2188 = CARTESIAN_POINT('',(-79.47916666454,19.974358296527,
    19.142857142857));
#2189 = CARTESIAN_POINT('',(-79.45312499726,19.974358296527,
    19.142857142857));
#2190 = CARTESIAN_POINT('',(-79.42708332985,19.974358296527,
    19.142857142857));
#2191 = CARTESIAN_POINT('',(-79.4010416623,19.974358296527,
    19.142857142857));
#2192 = CARTESIAN_POINT('',(-79.32291665914,19.974358296527,
    19.142857142857));
#2193 = CARTESIAN_POINT('',(-79.27083332337,19.974358296527,
    19.142857142857));
#2194 = CARTESIAN_POINT('',(-79.21874998686,19.974358296527,
    19.142857142857));
#2195 = CARTESIAN_POINT('',(-79.16666664923,19.974358296527,
    19.142857142857));
#2196 = CARTESIAN_POINT('',(-79.11458330999,19.974358296527,
    19.142857142858));
#2197 = CARTESIAN_POINT('',(-79.06249996886,19.974358296527,
    19.142857142856));
#2198 = CARTESIAN_POINT('',(-79.01041662528,19.974358296527,
    19.142857142858));
#2199 = CARTESIAN_POINT('',(-78.95833327898,19.974358296527,
    19.142857142857));
#2200 = CARTESIAN_POINT('',(-78.90624992945,19.974358296527,
    19.142857142857));
#2201 = CARTESIAN_POINT('',(-78.85416657635,19.974358296527,
    19.142857142857));
#2202 = CARTESIAN_POINT('',(-78.80208321922,19.974358296527,
    19.142857142857));
#2203 = CARTESIAN_POINT('',(-78.6458331346,19.974358296527,
    19.142857142857));
#2204 = CARTESIAN_POINT('',(-78.54166640237,19.974358296527,
    19.142857142857));
#2205 = CARTESIAN_POINT('',(-78.43749964981,19.974358296527,
    19.142857142857));
#2206 = CARTESIAN_POINT('',(-78.3333328656,19.974358296528,
    19.142857142857));
#2207 = CARTESIAN_POINT('',(-78.22916603868,19.974358296526,
    19.142857142856));
#2208 = CARTESIAN_POINT('',(-78.1249991576,19.974358296528,
    19.142857142858));
#2209 = CARTESIAN_POINT('',(-78.02083221142,19.974358296526,
    19.142857142857));
#2210 = CARTESIAN_POINT('',(-77.91666518864,19.974358296528,
    19.142857142859));
#2211 = CARTESIAN_POINT('',(-77.81249807825,19.974358296527,
    19.14285714286));
#2212 = CARTESIAN_POINT('',(-77.7083308689,19.974358296528,
    19.142857142863));
#2213 = CARTESIAN_POINT('',(-77.60416354944,19.974358296528,
    19.142857142866));
#2214 = CARTESIAN_POINT('',(-77.29166122695,19.97435829653,
    19.142857142878));
#2215 = CARTESIAN_POINT('',(-77.08332604712,19.974358296526,
    19.142857142849));
#2216 = CARTESIAN_POINT('',(-76.87499028804,19.974358296519,
    19.142857142805));
#2217 = CARTESIAN_POINT('',(-76.66665366859,19.974358296515,
    19.142857142769));
#2218 = CARTESIAN_POINT('',(-76.45831590776,19.974358296513,
    19.142857142767));
#2219 = CARTESIAN_POINT('',(-76.24997672436,19.974358296522,
    19.142857142818));
#2220 = CARTESIAN_POINT('',(-76.04163583743,19.97435829654,
    19.14285714295));
#2221 = CARTESIAN_POINT('',(-75.83329296575,19.974358296574,
    19.142857143181));
#2222 = CARTESIAN_POINT('',(-75.62494782837,19.974358296625,
    19.142857143539));
#2223 = CARTESIAN_POINT('',(-75.4166001441,19.974358296698,
    19.142857144045));
#2224 = CARTESIAN_POINT('',(-75.20824963191,19.974358296796,
    19.142857144722));
#2225 = CARTESIAN_POINT('',(-74.5831887683,19.974358297174,
    19.142857147337));
#2226 = CARTESIAN_POINT('',(-74.16646843365,19.974358297731,
    19.142857151195));
#2227 = CARTESIAN_POINT('',(-73.74973127161,19.974358298495,
    19.142857156495));
#2228 = CARTESIAN_POINT('',(-73.33297319491,19.974358299505,
    19.142857163492));
#2229 = CARTESIAN_POINT('',(-72.91618976409,19.97435830093,
    19.142857173364));
#2230 = CARTESIAN_POINT('',(-72.49937618759,19.974358303076,
    19.142857188225));
#2231 = CARTESIAN_POINT('',(-72.08252732163,19.974358306378,
    19.142857211107));
#2232 = CARTESIAN_POINT('',(-71.66563767038,19.974358311411,
    19.142857245977));
#2233 = CARTESIAN_POINT('',(-71.24870138576,19.97435831888,
    19.142857297724));
#2234 = CARTESIAN_POINT('',(-70.83171226762,19.974358329625,
    19.142857372166));
#2235 = CARTESIAN_POINT('',(-70.41466376362,19.974358344619,
    19.142857476049));
#2236 = CARTESIAN_POINT('',(-69.1633193806,19.974358405672,
    19.14285789904));
#2237 = CARTESIAN_POINT('',(-68.32882320347,19.974358472916,
    19.142858364919));
#2238 = CARTESIAN_POINT('',(-67.49401371548,19.974358568594,
    19.142859027804));
#2239 = CARTESIAN_POINT('',(-66.65883823494,19.974358706318,
    19.142859981986));
#2240 = CARTESIAN_POINT('',(-65.82324245728,19.974358907823,
    19.142861378059));
#2241 = CARTESIAN_POINT('',(-64.98717479112,19.974359199385,
    19.14286339806));
#2242 = CARTESIAN_POINT('',(-64.15059069489,19.97435960822,
    19.142866230601));
#2243 = CARTESIAN_POINT('',(-63.31345701269,19.974360158914,
    19.142870046009));
#2244 = CARTESIAN_POINT('',(-62.47575631103,19.974360869814,
    19.142874971464));
#2245 = CARTESIAN_POINT('',(-61.63749121475,19.974361749453,
    19.142881066132));
#2246 = CARTESIAN_POINT('',(-60.79868874355,19.974362792953,
    19.142888296303));
#2247 = CARTESIAN_POINT('',(-58.28083645734,19.974366349417,
    19.14291293898));
#2248 = CARTESIAN_POINT('',(-56.60032448022,19.974369073217,
    19.142932011736));
#2249 = CARTESIAN_POINT('',(-54.91860379884,19.974373288827,
    19.142960231407));
#2250 = CARTESIAN_POINT('',(-53.23605291114,19.974374202078,
    19.142968641799));
#2251 = CARTESIAN_POINT('',(-51.55588708248,19.974377417248,
    19.142989013201));
#2252 = CARTESIAN_POINT('',(-49.88030153893,19.974375993101,
    19.142978760522));
#2253 = CARTESIAN_POINT('',(-48.21420660748,19.974365713629,
    19.142910254965));
#2254 = CARTESIAN_POINT('',(-46.5656503777,19.974352656493,
    19.142817786954));
#2255 = CARTESIAN_POINT('',(-44.94059025629,19.974336951569,
    19.142706544858));
#2256 = CARTESIAN_POINT('',(-43.33996072088,19.974324600182,
    19.14262964933));
#2257 = CARTESIAN_POINT('',(-41.74659847567,19.974410325429,
    19.143208585191));
#2258 = CARTESIAN_POINT('',(-40.00562462691,19.974773704197,
    19.145747105844));
#2259 = CARTESIAN_POINT('',(-40.00511335948,19.974773810965,
    19.145747851715));
#2260 = CARTESIAN_POINT('',(-40.00460207959,19.974773917791,
    19.145748597994));
#2261 = CARTESIAN_POINT('',(-40.00409078728,19.974774024675,
    19.145749344682));
#2262 = CARTESIAN_POINT('',(-40.00357948247,19.974774131618,
    19.145750091777));
#2263 = CARTESIAN_POINT('',(-40.00306816525,19.974774238619,
    19.145750839282));
#2264 = CARTESIAN_POINT('',(-40.00255683553,19.974774345678,
    19.145751587194));
#2265 = CARTESIAN_POINT('',(-40.00204549338,19.974774452795,
    19.145752335515));
#2266 = CARTESIAN_POINT('',(-40.00153413873,19.974774559971,
    19.145753084245));
#2267 = CARTESIAN_POINT('',(-40.00102277163,19.974774667205,
    19.145753833384));
#2268 = CARTESIAN_POINT('',(-40.00051139205,19.974774774497,
    19.145754582932));
#2269 = CARTESIAN_POINT('',(-40.,19.974774881847,19.145755332889));
#2270 = CARTESIAN_POINT('',(-80.,20.098076211353,20.));
#2271 = CARTESIAN_POINT('',(-79.99958511749,20.098076211353,20.));
#2272 = CARTESIAN_POINT('',(-79.99922864478,20.098076211353,20.));
#2273 = CARTESIAN_POINT('',(-79.99865704989,20.098076211353,20.));
#2274 = CARTESIAN_POINT('',(-79.99860481601,20.098076211353,20.));
#2275 = CARTESIAN_POINT('',(-79.99765421776,20.098076211354,
    20.000000000001));
#2276 = CARTESIAN_POINT('',(-79.99785875373,20.098076211353,
    19.999999999999));
#2277 = CARTESIAN_POINT('',(-79.9969441747,20.098076211354,
    20.000000000001));
#2278 = CARTESIAN_POINT('',(-79.9968444003,20.098076211353,
    19.999999999999));
#2279 = CARTESIAN_POINT('',(-79.99630732888,20.098076211353,20.));
#2280 = CARTESIAN_POINT('',(-79.9959357059,20.098076211353,20.));
#2281 = CARTESIAN_POINT('',(-79.99552408854,20.098076211353,20.));
#2282 = CARTESIAN_POINT('',(-79.99471028645,20.098076211353,20.));
#2283 = CARTESIAN_POINT('',(-79.99430338541,20.098076211353,20.));
#2284 = CARTESIAN_POINT('',(-79.99389648438,20.098076211353,20.));
#2285 = CARTESIAN_POINT('',(-79.99348958332,20.098076211353,20.));
#2286 = CARTESIAN_POINT('',(-79.9930826823,20.098076211353,20.));
#2287 = CARTESIAN_POINT('',(-79.99267578123,20.098076211354,20.));
#2288 = CARTESIAN_POINT('',(-79.99226888022,20.098076211353,20.));
#2289 = CARTESIAN_POINT('',(-79.99186197915,20.098076211354,20.));
#2290 = CARTESIAN_POINT('',(-79.99145507813,20.098076211353,20.));
#2291 = CARTESIAN_POINT('',(-79.99104817708,20.098076211353,20.));
#2292 = CARTESIAN_POINT('',(-79.99064127604,20.098076211353,20.));
#2293 = CARTESIAN_POINT('',(-79.98942057291,20.098076211353,20.));
#2294 = CARTESIAN_POINT('',(-79.98860677083,20.098076211353,20.));
#2295 = CARTESIAN_POINT('',(-79.98779296875,20.098076211353,20.));
#2296 = CARTESIAN_POINT('',(-79.98697916666,20.098076211354,20.));
#2297 = CARTESIAN_POINT('',(-79.98616536458,20.098076211353,20.));
#2298 = CARTESIAN_POINT('',(-79.98535156249,20.098076211354,20.));
#2299 = CARTESIAN_POINT('',(-79.98453776042,20.098076211353,20.));
#2300 = CARTESIAN_POINT('',(-79.98372395832,20.098076211354,20.));
#2301 = CARTESIAN_POINT('',(-79.98291015625,20.098076211353,20.));
#2302 = CARTESIAN_POINT('',(-79.98209635416,20.098076211353,20.));
#2303 = CARTESIAN_POINT('',(-79.98128255208,20.098076211353,20.));
#2304 = CARTESIAN_POINT('',(-79.97884114583,20.098076211353,20.));
#2305 = CARTESIAN_POINT('',(-79.97721354167,20.098076211353,20.));
#2306 = CARTESIAN_POINT('',(-79.97558593748,20.098076211353,20.));
#2307 = CARTESIAN_POINT('',(-79.97395833335,20.098076211353,20.));
#2308 = CARTESIAN_POINT('',(-79.97233072913,20.098076211353,20.));
#2309 = CARTESIAN_POINT('',(-79.97070312503,20.098076211353,20.));
#2310 = CARTESIAN_POINT('',(-79.9690755208,20.098076211353,20.));
#2311 = CARTESIAN_POINT('',(-79.96744791668,20.098076211353,20.));
#2312 = CARTESIAN_POINT('',(-79.96582031248,20.098076211353,20.));
#2313 = CARTESIAN_POINT('',(-79.96419270833,20.098076211353,20.));
#2314 = CARTESIAN_POINT('',(-79.96256510416,20.098076211353,20.));
#2315 = CARTESIAN_POINT('',(-79.95768229166,20.098076211353,20.));
#2316 = CARTESIAN_POINT('',(-79.95442708333,20.098076211353,20.));
#2317 = CARTESIAN_POINT('',(-79.95117187499,20.098076211353,20.));
#2318 = CARTESIAN_POINT('',(-79.94791666667,20.098076211354,20.));
#2319 = CARTESIAN_POINT('',(-79.94466145832,20.098076211353,20.));
#2320 = CARTESIAN_POINT('',(-79.94140625001,20.098076211354,20.));
#2321 = CARTESIAN_POINT('',(-79.93815104165,20.098076211353,20.));
#2322 = CARTESIAN_POINT('',(-79.93489583334,20.098076211354,20.));
#2323 = CARTESIAN_POINT('',(-79.93164062499,20.098076211353,20.));
#2324 = CARTESIAN_POINT('',(-79.92838541666,20.098076211353,20.));
#2325 = CARTESIAN_POINT('',(-79.92513020833,20.098076211353,20.));
#2326 = CARTESIAN_POINT('',(-79.91536458333,20.098076211353,20.));
#2327 = CARTESIAN_POINT('',(-79.90885416666,20.098076211353,20.));
#2328 = CARTESIAN_POINT('',(-79.90234375,20.098076211353,20.));
#2329 = CARTESIAN_POINT('',(-79.89583333332,20.098076211353,20.));
#2330 = CARTESIAN_POINT('',(-79.88932291668,20.098076211354,20.));
#2331 = CARTESIAN_POINT('',(-79.88281249999,20.098076211353,20.));
#2332 = CARTESIAN_POINT('',(-79.87630208335,20.098076211354,20.));
#2333 = CARTESIAN_POINT('',(-79.86979166667,20.098076211353,20.));
#2334 = CARTESIAN_POINT('',(-79.86328125001,20.098076211353,20.));
#2335 = CARTESIAN_POINT('',(-79.85677083334,20.098076211353,20.));
#2336 = CARTESIAN_POINT('',(-79.85026041668,20.098076211353,20.));
#2337 = CARTESIAN_POINT('',(-79.83072916669,20.098076211353,20.));
#2338 = CARTESIAN_POINT('',(-79.81770833336,20.098076211353,20.));
#2339 = CARTESIAN_POINT('',(-79.80468750005,20.098076211353,20.));
#2340 = CARTESIAN_POINT('',(-79.79166666671,20.098076211354,20.));
#2341 = CARTESIAN_POINT('',(-79.77864583342,20.098076211353,20.));
#2342 = CARTESIAN_POINT('',(-79.76562500007,20.098076211354,20.));
#2343 = CARTESIAN_POINT('',(-79.7526041668,20.098076211353,20.));
#2344 = CARTESIAN_POINT('',(-79.73958333346,20.098076211354,20.));
#2345 = CARTESIAN_POINT('',(-79.72656250017,20.098076211353,20.));
#2346 = CARTESIAN_POINT('',(-79.71354166687,20.098076211353,20.));
#2347 = CARTESIAN_POINT('',(-79.70052083358,20.098076211353,20.));
#2348 = CARTESIAN_POINT('',(-79.66145833371,20.098076211353,20.));
#2349 = CARTESIAN_POINT('',(-79.63541666715,20.098076211353,20.));
#2350 = CARTESIAN_POINT('',(-79.60937500063,20.098076211353,20.));
#2351 = CARTESIAN_POINT('',(-79.58333333408,20.098076211354,20.));
#2352 = CARTESIAN_POINT('',(-79.55729166767,20.098076211353,20.));
#2353 = CARTESIAN_POINT('',(-79.53125000111,20.098076211354,20.));
#2354 = CARTESIAN_POINT('',(-79.50520833476,20.098076211353,20.));
#2355 = CARTESIAN_POINT('',(-79.47916666825,20.098076211354,20.));
#2356 = CARTESIAN_POINT('',(-79.45312500189,20.098076211353,20.));
#2357 = CARTESIAN_POINT('',(-79.42708333548,20.098076211353,20.));
#2358 = CARTESIAN_POINT('',(-79.4010416691,20.098076211353,20.));
#2359 = CARTESIAN_POINT('',(-79.32291667,20.098076211353,20.));
#2360 = CARTESIAN_POINT('',(-79.27083333757,20.098076211353,20.));
#2361 = CARTESIAN_POINT('',(-79.21875000522,20.098076211353,20.));
#2362 = CARTESIAN_POINT('',(-79.16666667278,20.098076211353,20.));
#2363 = CARTESIAN_POINT('',(-79.11458334003,20.098076211353,
    19.999999999999));
#2364 = CARTESIAN_POINT('',(-79.0625000068,20.098076211353,
    20.000000000001));
#2365 = CARTESIAN_POINT('',(-79.01041667285,20.098076211353,20.));
#2366 = CARTESIAN_POINT('',(-78.95833333802,20.098076211353,20.));
#2367 = CARTESIAN_POINT('',(-78.90625000208,20.098076211353,20.));
#2368 = CARTESIAN_POINT('',(-78.85416666486,20.098076211353,20.));
#2369 = CARTESIAN_POINT('',(-78.80208332615,20.098076211353,20.));
#2370 = CARTESIAN_POINT('',(-78.64583330493,20.098076211353,20.));
#2371 = CARTESIAN_POINT('',(-78.54166662483,20.098076211353,20.));
#2372 = CARTESIAN_POINT('',(-78.43749993733,20.098076211353,20.));
#2373 = CARTESIAN_POINT('',(-78.33333323431,20.098076211354,20.));
#2374 = CARTESIAN_POINT('',(-78.22916650766,20.098076211353,20.));
#2375 = CARTESIAN_POINT('',(-78.12499974925,20.098076211354,20.));
#2376 = CARTESIAN_POINT('',(-78.02083295099,20.098076211353,20.));
#2377 = CARTESIAN_POINT('',(-77.91666610474,20.098076211353,20.));
#2378 = CARTESIAN_POINT('',(-77.81249920241,20.098076211352,20.));
#2379 = CARTESIAN_POINT('',(-77.70833223587,20.098076211351,20.));
#2380 = CARTESIAN_POINT('',(-77.60416519701,20.09807621135,20.));
#2381 = CARTESIAN_POINT('',(-77.29166383911,20.098076211346,20.));
#2382 = CARTESIAN_POINT('',(-77.08332945647,20.098076211356,20.));
#2383 = CARTESIAN_POINT('',(-76.87499468998,20.098076211372,20.));
#2384 = CARTESIAN_POINT('',(-76.66665929991,20.098076211384,
    20.000000000001));
#2385 = CARTESIAN_POINT('',(-76.45832304642,20.098076211385,
    19.999999999999));
#2386 = CARTESIAN_POINT('',(-76.24998568988,20.098076211367,
    20.000000000001));
#2387 = CARTESIAN_POINT('',(-76.04164699037,20.098076211321,
    19.999999999999));
#2388 = CARTESIAN_POINT('',(-75.83330670831,20.098076211239,20.));
#2389 = CARTESIAN_POINT('',(-75.62496460386,20.098076211112,20.));
#2390 = CARTESIAN_POINT('',(-75.41662043735,20.098076210933,20.));
#2391 = CARTESIAN_POINT('',(-75.20827396905,20.098076210694,20.));
#2392 = CARTESIAN_POINT('',(-74.58322694012,20.098076209769,20.));
#2393 = CARTESIAN_POINT('',(-74.16651810387,20.098076208405,20.));
#2394 = CARTESIAN_POINT('',(-73.74979515753,20.098076206531,20.));
#2395 = CARTESIAN_POINT('',(-73.33305444251,20.098076204056,20.));
#2396 = CARTESIAN_POINT('',(-72.91629193552,20.098076200565,20.));
#2397 = CARTESIAN_POINT('',(-72.49950324934,20.09807619531,20.));
#2398 = CARTESIAN_POINT('',(-72.08268363369,20.098076187218,20.));
#2399 = CARTESIAN_POINT('',(-71.66582797612,20.098076174887,20.));
#2400 = CARTESIAN_POINT('',(-71.24893080278,20.098076156588,20.));
#2401 = CARTESIAN_POINT('',(-70.83198627933,20.098076130263,20.));
#2402 = CARTESIAN_POINT('',(-70.41498821175,20.098076093528,20.));
#2403 = CARTESIAN_POINT('',(-69.16381387247,20.098075943947,20.));
#2404 = CARTESIAN_POINT('',(-68.32945556074,20.0980757792,20.));
#2405 = CARTESIAN_POINT('',(-67.49481141416,20.098075544786,20.));
#2406 = CARTESIAN_POINT('',(-66.65983072216,20.098075207363,20.));
#2407 = CARTESIAN_POINT('',(-65.82446012636,20.098074713675,
    20.000000000001));
#2408 = CARTESIAN_POINT('',(-64.98864793131,20.098073999352,
    19.999999999999));
#2409 = CARTESIAN_POINT('',(-64.15234836069,20.098072997698,
    20.000000000001));
#2410 = CARTESIAN_POINT('',(-63.31552575907,20.098071648485,20.));
#2411 = CARTESIAN_POINT('',(-62.47815873914,20.098069906745,20.));
#2412 = CARTESIAN_POINT('',(-61.6402442739,20.098067751566,20.));
#2413 = CARTESIAN_POINT('',(-60.80180173396,20.098065194877,20.));
#2414 = CARTESIAN_POINT('',(-58.28504522923,20.098056481052,20.));
#2415 = CARTESIAN_POINT('',(-56.60528129311,20.0980497488,20.));
#2416 = CARTESIAN_POINT('',(-54.92421186178,20.098039711643,20.));
#2417 = CARTESIAN_POINT('',(-53.24216795436,20.098036861387,20.));
#2418 = CARTESIAN_POINT('',(-51.56210478807,20.098029545802,20.));
#2419 = CARTESIAN_POINT('',(-49.8860616979,20.098033147377,20.));
#2420 = CARTESIAN_POINT('',(-48.2187032843,20.098057531628,20.));
#2421 = CARTESIAN_POINT('',(-46.56780333282,20.098090113656,20.));
#2422 = CARTESIAN_POINT('',(-44.93901812933,20.098129309468,20.));
#2423 = CARTESIAN_POINT('',(-43.33286810259,20.098157016154,20.));
#2424 = CARTESIAN_POINT('',(-41.73185934852,20.097951426669,20.));
#2425 = CARTESIAN_POINT('',(-39.97587761379,20.097056222223,20.));
#2426 = CARTESIAN_POINT('',(-39.97536250864,20.097055959485,20.));
#2427 = CARTESIAN_POINT('',(-39.97484738945,20.097055696603,20.));
#2428 = CARTESIAN_POINT('',(-39.9743322562,20.097055433578,
    19.999999999999));
#2429 = CARTESIAN_POINT('',(-39.97381710894,20.097055170408,
    20.000000000001));
#2430 = CARTESIAN_POINT('',(-39.97330194758,20.097054907096,
    19.999999999999));
#2431 = CARTESIAN_POINT('',(-39.97278677224,20.09705464364,
    20.000000000001));
#2432 = CARTESIAN_POINT('',(-39.97227158278,20.09705438004,20.));
#2433 = CARTESIAN_POINT('',(-39.97175637931,20.097054116296,20.));
#2434 = CARTESIAN_POINT('',(-39.97124116175,20.097053852409,20.));
#2435 = CARTESIAN_POINT('',(-39.97072593015,20.097053588378,20.));
#2436 = CARTESIAN_POINT('',(-39.97021068448,20.097053324203,20.));
#2437 = CARTESIAN_POINT('',(-80.,20.964101615138,20.));
#2438 = CARTESIAN_POINT('',(-79.99951464016,20.964101615138,20.));
#2439 = CARTESIAN_POINT('',(-79.99960345602,20.964101615138,20.));
#2440 = CARTESIAN_POINT('',(-79.99757759351,20.964101615138,20.));
#2441 = CARTESIAN_POINT('',(-80.0006571158,20.964101615138,20.));
#2442 = CARTESIAN_POINT('',(-79.99490560197,20.964101615138,20.));
#2443 = CARTESIAN_POINT('',(-80.00050920468,20.964101615138,20.));
#2444 = CARTESIAN_POINT('',(-79.99511176416,20.964101615138,20.));
#2445 = CARTESIAN_POINT('',(-79.99772395737,20.964101615138,20.));
#2446 = CARTESIAN_POINT('',(-79.99603746478,20.964101615138,20.));
#2447 = CARTESIAN_POINT('',(-79.99597735159,20.964101615138,20.));
#2448 = CARTESIAN_POINT('',(-79.99552408854,20.964101615138,20.));
#2449 = CARTESIAN_POINT('',(-79.99471028646,20.964101615138,20.));
#2450 = CARTESIAN_POINT('',(-79.99430338541,20.964101615138,20.));
#2451 = CARTESIAN_POINT('',(-79.99389648439,20.964101615138,20.));
#2452 = CARTESIAN_POINT('',(-79.99348958329,20.964101615137,20.));
#2453 = CARTESIAN_POINT('',(-79.99308268234,20.964101615139,20.));
#2454 = CARTESIAN_POINT('',(-79.99267578119,20.964101615137,20.));
#2455 = CARTESIAN_POINT('',(-79.99226888025,20.964101615139,20.));
#2456 = CARTESIAN_POINT('',(-79.99186197913,20.964101615137,20.));
#2457 = CARTESIAN_POINT('',(-79.99145507814,20.964101615138,20.));
#2458 = CARTESIAN_POINT('',(-79.99104817707,20.964101615138,20.));
#2459 = CARTESIAN_POINT('',(-79.99064127604,20.964101615138,20.));
#2460 = CARTESIAN_POINT('',(-79.98942057291,20.964101615138,20.));
#2461 = CARTESIAN_POINT('',(-79.98860677083,20.964101615138,20.));
#2462 = CARTESIAN_POINT('',(-79.98779296874,20.964101615138,20.));
#2463 = CARTESIAN_POINT('',(-79.98697916668,20.964101615137,20.));
#2464 = CARTESIAN_POINT('',(-79.98616536456,20.964101615138,20.));
#2465 = CARTESIAN_POINT('',(-79.98535156252,20.964101615137,20.));
#2466 = CARTESIAN_POINT('',(-79.98453776039,20.964101615138,20.));
#2467 = CARTESIAN_POINT('',(-79.98372395834,20.964101615137,20.));
#2468 = CARTESIAN_POINT('',(-79.98291015624,20.964101615138,20.));
#2469 = CARTESIAN_POINT('',(-79.98209635416,20.964101615138,20.));
#2470 = CARTESIAN_POINT('',(-79.98128255208,20.964101615138,20.));
#2471 = CARTESIAN_POINT('',(-79.97884114583,20.964101615138,20.));
#2472 = CARTESIAN_POINT('',(-79.97721354166,20.964101615138,20.));
#2473 = CARTESIAN_POINT('',(-79.9755859375,20.964101615138,20.));
#2474 = CARTESIAN_POINT('',(-79.97395833332,20.964101615138,20.));
#2475 = CARTESIAN_POINT('',(-79.97233072918,20.964101615138,20.));
#2476 = CARTESIAN_POINT('',(-79.97070312498,20.964101615138,20.));
#2477 = CARTESIAN_POINT('',(-79.96907552084,20.964101615138,20.));
#2478 = CARTESIAN_POINT('',(-79.96744791666,20.964101615138,20.));
#2479 = CARTESIAN_POINT('',(-79.9658203125,20.964101615138,20.));
#2480 = CARTESIAN_POINT('',(-79.96419270833,20.964101615138,20.));
#2481 = CARTESIAN_POINT('',(-79.96256510416,20.964101615138,20.));
#2482 = CARTESIAN_POINT('',(-79.95768229166,20.964101615138,20.));
#2483 = CARTESIAN_POINT('',(-79.95442708333,20.964101615138,20.));
#2484 = CARTESIAN_POINT('',(-79.95117187499,20.964101615137,20.));
#2485 = CARTESIAN_POINT('',(-79.94791666668,20.964101615138,
    20.000000000001));
#2486 = CARTESIAN_POINT('',(-79.94466145832,20.964101615137,
    19.999999999999));
#2487 = CARTESIAN_POINT('',(-79.94140625001,20.964101615139,
    20.000000000001));
#2488 = CARTESIAN_POINT('',(-79.93815104166,20.964101615137,
    19.999999999999));
#2489 = CARTESIAN_POINT('',(-79.93489583334,20.964101615138,
    20.000000000001));
#2490 = CARTESIAN_POINT('',(-79.931640625,20.964101615137,20.));
#2491 = CARTESIAN_POINT('',(-79.92838541667,20.964101615138,20.));
#2492 = CARTESIAN_POINT('',(-79.92513020834,20.964101615138,20.));
#2493 = CARTESIAN_POINT('',(-79.91536458335,20.964101615138,20.));
#2494 = CARTESIAN_POINT('',(-79.90885416669,20.964101615138,20.));
#2495 = CARTESIAN_POINT('',(-79.90234375003,20.964101615138,20.));
#2496 = CARTESIAN_POINT('',(-79.89583333338,20.964101615138,20.));
#2497 = CARTESIAN_POINT('',(-79.88932291671,20.964101615138,20.));
#2498 = CARTESIAN_POINT('',(-79.88281250008,20.964101615138,20.));
#2499 = CARTESIAN_POINT('',(-79.87630208341,20.964101615138,20.));
#2500 = CARTESIAN_POINT('',(-79.86979166678,20.964101615138,20.));
#2501 = CARTESIAN_POINT('',(-79.86328125013,20.964101615138,20.));
#2502 = CARTESIAN_POINT('',(-79.8567708335,20.964101615138,20.));
#2503 = CARTESIAN_POINT('',(-79.85026041687,20.964101615138,20.));
#2504 = CARTESIAN_POINT('',(-79.83072916699,20.964101615138,20.));
#2505 = CARTESIAN_POINT('',(-79.81770833376,20.964101615138,20.));
#2506 = CARTESIAN_POINT('',(-79.80468750055,20.964101615138,20.));
#2507 = CARTESIAN_POINT('',(-79.79166666738,20.964101615138,20.));
#2508 = CARTESIAN_POINT('',(-79.77864583423,20.964101615138,20.));
#2509 = CARTESIAN_POINT('',(-79.76562500116,20.964101615138,20.));
#2510 = CARTESIAN_POINT('',(-79.75260416809,20.964101615138,20.));
#2511 = CARTESIAN_POINT('',(-79.73958333514,20.964101615138,20.));
#2512 = CARTESIAN_POINT('',(-79.7265625022,20.964101615138,20.));
#2513 = CARTESIAN_POINT('',(-79.71354166936,20.964101615138,20.));
#2514 = CARTESIAN_POINT('',(-79.70052083658,20.964101615138,20.));
#2515 = CARTESIAN_POINT('',(-79.66145833851,20.964101615138,20.));
#2516 = CARTESIAN_POINT('',(-79.63541667343,20.964101615138,20.));
#2517 = CARTESIAN_POINT('',(-79.60937500873,20.964101615138,20.));
#2518 = CARTESIAN_POINT('',(-79.58333334455,20.964101615138,20.));
#2519 = CARTESIAN_POINT('',(-79.5572916809,20.964101615137,20.));
#2520 = CARTESIAN_POINT('',(-79.531250018,20.964101615138,20.));
#2521 = CARTESIAN_POINT('',(-79.50520835579,20.964101615137,20.));
#2522 = CARTESIAN_POINT('',(-79.47916669453,20.964101615138,20.));
#2523 = CARTESIAN_POINT('',(-79.45312503416,20.964101615138,20.));
#2524 = CARTESIAN_POINT('',(-79.42708337488,20.964101615138,20.));
#2525 = CARTESIAN_POINT('',(-79.40104171674,20.964101615138,20.));
#2526 = CARTESIAN_POINT('',(-79.32291674607,20.964101615138,20.));
#2527 = CARTESIAN_POINT('',(-79.27083343694,20.964101615138,20.));
#2528 = CARTESIAN_POINT('',(-79.21875013374,20.964101615137,20.));
#2529 = CARTESIAN_POINT('',(-79.16666683774,20.964101615138,20.));
#2530 = CARTESIAN_POINT('',(-79.11458355023,20.964101615137,20.));
#2531 = CARTESIAN_POINT('',(-79.06250027247,20.964101615139,20.));
#2532 = CARTESIAN_POINT('',(-79.01041700573,20.964101615137,20.));
#2533 = CARTESIAN_POINT('',(-78.95833375132,20.964101615138,20.));
#2534 = CARTESIAN_POINT('',(-78.90625051046,20.964101615137,20.));
#2535 = CARTESIAN_POINT('',(-78.85416728447,20.964101615138,20.));
#2536 = CARTESIAN_POINT('',(-78.80208407461,20.964101615137,20.));
#2537 = CARTESIAN_POINT('',(-78.64583449723,20.964101615137,20.));
#2538 = CARTESIAN_POINT('',(-78.541668182,20.964101615138,20.));
#2539 = CARTESIAN_POINT('',(-78.43750195007,20.964101615141,20.));
#2540 = CARTESIAN_POINT('',(-78.33333581511,20.964101615142,20.));
#2541 = CARTESIAN_POINT('',(-78.22916979069,20.964101615144,20.));
#2542 = CARTESIAN_POINT('',(-78.12500389054,20.964101615141,20.));
#2543 = CARTESIAN_POINT('',(-78.02083812818,20.964101615136,20.));
#2544 = CARTESIAN_POINT('',(-77.91667251735,20.964101615125,20.));
#2545 = CARTESIAN_POINT('',(-77.81250707159,20.964101615109,20.));
#2546 = CARTESIAN_POINT('',(-77.70834180461,20.964101615085,20.));
#2547 = CARTESIAN_POINT('',(-77.60417672999,20.964101615053,20.));
#2548 = CARTESIAN_POINT('',(-77.29168212419,20.964101614931,20.));
#2549 = CARTESIAN_POINT('',(-77.0833533212,20.964101615222,20.));
#2550 = CARTESIAN_POINT('',(-76.87502550207,20.964101615657,20.));
#2551 = CARTESIAN_POINT('',(-76.6666987165,20.964101616005,20.));
#2552 = CARTESIAN_POINT('',(-76.45837301411,20.964101616035,20.));
#2553 = CARTESIAN_POINT('',(-76.25004844462,20.96410161552,
    19.999999999999));
#2554 = CARTESIAN_POINT('',(-76.04172505762,20.964101614226,
    20.000000000001));
#2555 = CARTESIAN_POINT('',(-75.83340290285,20.964101611925,20.));
#2556 = CARTESIAN_POINT('',(-75.62508202993,20.964101608386,20.));
#2557 = CARTESIAN_POINT('',(-75.41676248854,20.96410160338,20.));
#2558 = CARTESIAN_POINT('',(-75.20844432835,20.964101596676,20.));
#2559 = CARTESIAN_POINT('',(-74.58349414033,20.964101570779,20.));
#2560 = CARTESIAN_POINT('',(-74.16686584631,20.964101532577,20.));
#2561 = CARTESIAN_POINT('',(-73.75024245044,20.9641014801,20.));
#2562 = CARTESIAN_POINT('',(-73.33362326043,20.96410141083,20.));
#2563 = CARTESIAN_POINT('',(-72.91700715832,20.964101313067,20.));
#2564 = CARTESIAN_POINT('',(-72.50039260027,20.964101165927,20.));
#2565 = CARTESIAN_POINT('',(-72.08377761686,20.96410093935,20.));
#2566 = CARTESIAN_POINT('',(-71.66715981278,20.964100594088,20.));
#2567 = CARTESIAN_POINT('',(-71.25053636706,20.964100081716,20.));
#2568 = CARTESIAN_POINT('',(-70.83390403294,20.964099344625,20.));
#2569 = CARTESIAN_POINT('',(-70.41725913793,20.964098316025,20.));
#2570 = CARTESIAN_POINT('',(-69.16727447556,20.964094127782,20.));
#2571 = CARTESIAN_POINT('',(-68.3338819082,20.964089515119,20.));
#2572 = CARTESIAN_POINT('',(-67.50039291373,20.964082951774,20.));
#2573 = CARTESIAN_POINT('',(-66.66676977141,20.964073504,20.));
#2574 = CARTESIAN_POINT('',(-65.83296690596,20.964059680781,20.));
#2575 = CARTESIAN_POINT('',(-64.99893378554,20.964039680129,20.));
#2576 = CARTESIAN_POINT('',(-64.16461781993,20.964011635377,20.));
#2577 = CARTESIAN_POINT('',(-63.32996725849,20.963973861475,20.));
#2578 = CARTESIAN_POINT('',(-62.4949340884,20.96392510129,20.));
#2579 = CARTESIAN_POINT('',(-61.65947693261,20.963864771898,20.));
#2580 = CARTESIAN_POINT('',(-60.823563948,20.963793210881,20.));
#2581 = CARTESIAN_POINT('',(-58.31439927427,20.963549346107,20.));
#2582 = CARTESIAN_POINT('',(-56.63969986928,20.963368478818,20.));
#2583 = CARTESIAN_POINT('',(-54.96324297878,20.963049795187,20.));
#2584 = CARTESIAN_POINT('',(-53.28446900496,20.963050904238,20.));
#2585 = CARTESIAN_POINT('',(-51.60549480792,20.962769449027,20.));
#2586 = CARTESIAN_POINT('',(-49.92700563216,20.962859310939,20.));
#2587 = CARTESIAN_POINT('',(-48.25171962551,20.96364895325,20.));
#2588 = CARTESIAN_POINT('',(-46.58503150348,20.964472483176,20.));
#2589 = CARTESIAN_POINT('',(-44.92956250839,20.965481449235,20.));
#2590 = CARTESIAN_POINT('',(-43.2804684397,20.966621631415,20.));
#2591 = CARTESIAN_POINT('',(-41.61189399765,20.960197236168,20.));
#2592 = CARTESIAN_POINT('',(-39.77177741467,20.936060999113,20.));
#2593 = CARTESIAN_POINT('',(-39.77123702154,20.936053907458,20.));
#2594 = CARTESIAN_POINT('',(-39.77069660457,20.936046812003,20.));
#2595 = CARTESIAN_POINT('',(-39.77015616372,20.936039712746,20.));
#2596 = CARTESIAN_POINT('',(-39.76961569907,20.936032609688,20.));
#2597 = CARTESIAN_POINT('',(-39.76907521047,20.936025502825,20.));
#2598 = CARTESIAN_POINT('',(-39.76853469813,20.936018392161,20.));
#2599 = CARTESIAN_POINT('',(-39.76799416182,20.936011277691,20.));
#2600 = CARTESIAN_POINT('',(-39.76745360173,20.936004159417,20.));
#2601 = CARTESIAN_POINT('',(-39.76691301774,20.935997037336,20.));
#2602 = CARTESIAN_POINT('',(-39.76637240991,20.935989911448,20.));
#2603 = CARTESIAN_POINT('',(-39.76583177821,20.935982781753,20.));
#2604 = DEFINITIONAL_REPRESENTATION('',(#2605),#2609);
#2605 = LINE('',#2606,#2607);
#2606 = CARTESIAN_POINT('',(40.009014116152,0.));
#2607 = VECTOR('',#2608,1.);
#2608 = DIRECTION('',(0.,1.));
#2609 = ( GEOMETRIC_REPRESENTATION_CONTEXT(2) 
PARAMETRIC_REPRESENTATION_CONTEXT() REPRESENTATION_CONTEXT('2D SPACE',''
  ) );
#2610 = ORIENTED_EDGE('',*,*,#2611,.T.);
#2611 = EDGE_CURVE('',#1759,#2612,#2614,.T.);
#2612 = VERTEX_POINT('',#2613);
#2613 = CARTESIAN_POINT('',(-39.76583177821,9.064017218247,20.));
#2614 = SURFACE_CURVE('',#2615,(#2634,#2656),.PCURVE_S1.);
#2615 = ( BOUNDED_CURVE() B_SPLINE_CURVE(9,(#2616,#2617,#2618,#2619,
    #2620,#2621,#2622,#2623,#2624,#2625,#2626,#2627,#2628,#2629,#2630,
#2631,#2632,#2633),.UNSPECIFIED.,.F.,.F.) B_SPLINE_CURVE_WITH_KNOTS((10,
    8,10),(40.009014116152,47.855550995468,55.702087874784),
.UNSPECIFIED.) CURVE() GEOMETRIC_REPRESENTATION_ITEM() 
RATIONAL_B_SPLINE_CURVE((1.,1.,1.,1.,1.,1.,1.,1.,1.,1.,1.,1.,1.,1.,1.,1.
,1.,1.)) REPRESENTATION_ITEM('') );
#2616 = CARTESIAN_POINT('',(-39.76583177821,20.935982781753,20.));
#2617 = CARTESIAN_POINT('',(-38.80315315255,20.923287253119,20.));
#2618 = CARTESIAN_POINT('',(-37.80786817349,20.710666133788,20.));
#2619 = CARTESIAN_POINT('',(-36.81724213012,20.296083206475,20.));
#2620 = CARTESIAN_POINT('',(-35.90782674504,19.662480242291,20.));
#2621 = CARTESIAN_POINT('',(-35.16307669758,18.859901540584,20.));
#2622 = CARTESIAN_POINT('',(-34.60160092681,17.961635810744,20.));
#2623 = CARTESIAN_POINT('',(-34.22419811879,16.995370345763,20.));
#2624 = CARTESIAN_POINT('',(-34.03589838486,15.997745932631,20.));
#2625 = CARTESIAN_POINT('',(-34.03589838486,14.002254067369,20.));
#2626 = CARTESIAN_POINT('',(-34.22419811879,13.004629654237,20.));
#2627 = CARTESIAN_POINT('',(-34.60160092681,12.038364189257,20.));
#2628 = CARTESIAN_POINT('',(-35.16307669758,11.140098459415,20.));
#2629 = CARTESIAN_POINT('',(-35.90782674503,10.33751975771,20.));
#2630 = CARTESIAN_POINT('',(-36.81724213012,9.703916793525,20.));
#2631 = CARTESIAN_POINT('',(-37.80786817349,9.289333866212,20.));
#2632 = CARTESIAN_POINT('',(-38.80315315255,9.076712746881,20.));
#2633 = CARTESIAN_POINT('',(-39.76583177821,9.064017218247,20.));
#2634 = PCURVE('',#298,#2635);
#2635 = DEFINITIONAL_REPRESENTATION('',(#2636),#2655);
#2636 = ( BOUNDED_CURVE() B_SPLINE_CURVE(9,(#2637,#2638,#2639,#2640,
    #2641,#2642,#2643,#2644,#2645,#2646,#2647,#2648,#2649,#2650,#2651,
#2652,#2653,#2654),.UNSPECIFIED.,.F.,.F.) B_SPLINE_CURVE_WITH_KNOTS((10,
    8,10),(40.009014116152,47.855550995468,55.702087874784),
.UNSPECIFIED.) CURVE() GEOMETRIC_REPRESENTATION_ITEM() 
RATIONAL_B_SPLINE_CURVE((1.,1.,1.,1.,1.,1.,1.,1.,1.,1.,1.,1.,1.,1.,1.,1.
,1.,1.)) REPRESENTATION_ITEM('') );
#2637 = CARTESIAN_POINT('',(-39.76583177821,20.935982781753));
#2638 = CARTESIAN_POINT('',(-38.80315315255,20.923287253119));
#2639 = CARTESIAN_POINT('',(-37.80786817349,20.710666133788));
#2640 = CARTESIAN_POINT('',(-36.81724213012,20.296083206475));
#2641 = CARTESIAN_POINT('',(-35.90782674504,19.662480242291));
#2642 = CARTESIAN_POINT('',(-35.16307669758,18.859901540584));
#2643 = CARTESIAN_POINT('',(-34.60160092681,17.961635810744));
#2644 = CARTESIAN_POINT('',(-34.22419811879,16.995370345763));
#2645 = CARTESIAN_POINT('',(-34.03589838486,15.997745932631));
#2646 = CARTESIAN_POINT('',(-34.03589838486,14.002254067369));
#2647 = CARTESIAN_POINT('',(-34.22419811879,13.004629654237));
#2648 = CARTESIAN_POINT('',(-34.60160092681,12.038364189257));
#2649 = CARTESIAN_POINT('',(-35.16307669758,11.140098459415));
#2650 = CARTESIAN_POINT('',(-35.90782674503,10.33751975771));
#2651 = CARTESIAN_POINT('',(-36.81724213012,9.703916793525));
#2652 = CARTESIAN_POINT('',(-37.80786817349,9.289333866212));
#2653 = CARTESIAN_POINT('',(-38.80315315255,9.076712746881));
#2654 = CARTESIAN_POINT('',(-39.76583177821,9.064017218247));
#2655 = ( GEOMETRIC_REPRESENTATION_CONTEXT(2) 
PARAMETRIC_REPRESENTATION_CONTEXT() REPRESENTATION_CONTEXT('2D SPACE',''
  ) );
#2656 = PCURVE('',#2657,#2712);
#2657 = ( BOUNDED_SURFACE() B_SPLINE_SURFACE(2,9,(
    (#2658,#2659,#2660,#2661,#2662,#2663,#2664,#2665,#2666,#2667,#2668
      ,#2669,#2670,#2671,#2672,#2673,#2674,#2675)
    ,(#2676,#2677,#2678,#2679,#2680,#2681,#2682,#2683,#2684,#2685,#2686
      ,#2687,#2688,#2689,#2690,#2691,#2692,#2693)
    ,(#2694,#2695,#2696,#2697,#2698,#2699,#2700,#2701,#2702,#2703,#2704
      ,#2705,#2706,#2707,#2708,#2709,#2710,#2711
)),.UNSPECIFIED.,.F.,.F.,.F.) B_SPLINE_SURFACE_WITH_KNOTS((3,3),(10,8,10
    ),(0.,15.693073758631),(40.009014116152,47.855550995468,
55.702087874784),.UNSPECIFIED.) GEOMETRIC_REPRESENTATION_ITEM() 
RATIONAL_B_SPLINE_SURFACE((
    (1.,1.,1.,1.,1.,1.,1.,1.,1.,1.,1.,1.,1.,1.,1.,1.,1.,1.)
    ,(0.756886825387,0.755838937226,0.755792037603,0.755826367349
      ,0.75610165272,0.756035168542,0.756010540765,0.755953131283
      ,0.755928946018,0.755928946018,0.755953131283,0.756010540765
      ,0.756035168542,0.75610165272,0.755826367349,0.755792037603
      ,0.755838937226,0.756886825387)
    ,(1.,1.,1.,1.,1.,1.,1.,1.,1.,1.,1.,1.,1.,1.,1.,1.,1.,1.
))) REPRESENTATION_ITEM('') SURFACE() );
#2658 = CARTESIAN_POINT('',(-40.,19.974774881847,19.145755332889));
#2659 = CARTESIAN_POINT('',(-39.08954429776,19.974320758854,
    19.142582801916));
#2660 = CARTESIAN_POINT('',(-38.18367036088,19.786769172142,
    19.142445570496));
#2661 = CARTESIAN_POINT('',(-37.30657010199,19.415438519534,
    19.142544687234));
#2662 = CARTESIAN_POINT('',(-36.52660348978,18.851996728961,
    19.143381065614));
#2663 = CARTESIAN_POINT('',(-35.92045401887,18.159637488806,
    19.143177422618));
#2664 = CARTESIAN_POINT('',(-35.47188601569,17.413313017075,
    19.143104212626));
#2665 = CARTESIAN_POINT('',(-35.17416172162,16.621141031158,
    19.142930203904));
#2666 = CARTESIAN_POINT('',(-35.02564170347,15.810681032247,
    19.142857142857));
#2667 = CARTESIAN_POINT('',(-35.02564170347,14.189318967753,
    19.142857142857));
#2668 = CARTESIAN_POINT('',(-35.17416172162,13.378858968842,
    19.142930203904));
#2669 = CARTESIAN_POINT('',(-35.47188601569,12.586686982925,
    19.143104212626));
#2670 = CARTESIAN_POINT('',(-35.92045401887,11.840362511194,
    19.143177422618));
#2671 = CARTESIAN_POINT('',(-36.52660348978,11.14800327104,
    19.143381065614));
#2672 = CARTESIAN_POINT('',(-37.30657010199,10.584561480465,
    19.142544687233));
#2673 = CARTESIAN_POINT('',(-38.18367036088,10.213230827858,
    19.142445570496));
#2674 = CARTESIAN_POINT('',(-39.08954429776,10.025679241146,
    19.142582801916));
#2675 = CARTESIAN_POINT('',(-40.,10.025225118153,19.145755332889));
#2676 = CARTESIAN_POINT('',(-39.97021068448,20.097053324203,20.));
#2677 = CARTESIAN_POINT('',(-39.05240677132,20.092712974664,20.));
#2678 = CARTESIAN_POINT('',(-38.13690206542,19.901668440168,20.));
#2679 = CARTESIAN_POINT('',(-37.24593744624,19.525476724692,20.));
#2680 = CARTESIAN_POINT('',(-36.44972310166,18.954328100585,20.));
#2681 = CARTESIAN_POINT('',(-35.82496229518,18.246941571727,20.));
#2682 = CARTESIAN_POINT('',(-35.36306706004,17.481850997673,20.));
#2683 = CARTESIAN_POINT('',(-35.05531653753,16.667846901822,20.));
#2684 = CARTESIAN_POINT('',(-34.90192378864,15.834064144795,20.));
#2685 = CARTESIAN_POINT('',(-34.90192378864,14.165935855205,20.));
#2686 = CARTESIAN_POINT('',(-35.05531653753,13.332153098178,20.));
#2687 = CARTESIAN_POINT('',(-35.36306706004,12.518149002326,20.));
#2688 = CARTESIAN_POINT('',(-35.82496229518,11.753058428274,20.));
#2689 = CARTESIAN_POINT('',(-36.44972310166,11.045671899415,20.));
#2690 = CARTESIAN_POINT('',(-37.24593744624,10.474523275309,20.));
#2691 = CARTESIAN_POINT('',(-38.13690206542,10.098331559831,20.));
#2692 = CARTESIAN_POINT('',(-39.05240677132,9.907287025336,20.));
#2693 = CARTESIAN_POINT('',(-39.97021068448,9.902946675797,20.));
#2694 = CARTESIAN_POINT('',(-39.76583177821,20.935982781753,20.));
#2695 = CARTESIAN_POINT('',(-38.80315315255,20.923287253119,20.));
#2696 = CARTESIAN_POINT('',(-37.80786817349,20.710666133788,20.));
#2697 = CARTESIAN_POINT('',(-36.81724213012,20.296083206475,20.));
#2698 = CARTESIAN_POINT('',(-35.90782674504,19.662480242291,20.));
#2699 = CARTESIAN_POINT('',(-35.16307669758,18.859901540584,20.));
#2700 = CARTESIAN_POINT('',(-34.60160092681,17.961635810744,20.));
#2701 = CARTESIAN_POINT('',(-34.22419811879,16.995370345763,20.));
#2702 = CARTESIAN_POINT('',(-34.03589838486,15.997745932631,20.));
#2703 = CARTESIAN_POINT('',(-34.03589838486,14.002254067369,20.));
#2704 = CARTESIAN_POINT('',(-34.22419811879,13.004629654237,20.));
#2705 = CARTESIAN_POINT('',(-34.60160092681,12.038364189257,20.));
#2706 = CARTESIAN_POINT('',(-35.16307669758,11.140098459415,20.));
#2707 = CARTESIAN_POINT('',(-35.90782674503,10.33751975771,20.));
#2708 = CARTESIAN_POINT('',(-36.81724213012,9.703916793525,20.));
#2709 = CARTESIAN_POINT('',(-37.80786817349,9.289333866212,20.));
#2710 = CARTESIAN_POINT('',(-38.80315315255,9.076712746881,20.));
#2711 = CARTESIAN_POINT('',(-39.76583177821,9.064017218247,20.));
#2712 = DEFINITIONAL_REPRESENTATION('',(#2713),#2717);
#2713 = LINE('',#2714,#2715);
#2714 = CARTESIAN_POINT('',(15.693073758631,0.));
#2715 = VECTOR('',#2716,1.);
#2716 = DIRECTION('',(0.,1.));
#2717 = ( GEOMETRIC_REPRESENTATION_CONTEXT(2) 
PARAMETRIC_REPRESENTATION_CONTEXT() REPRESENTATION_CONTEXT('2D SPACE',''
  ) );
#2718 = ORIENTED_EDGE('',*,*,#2719,.T.);
#2719 = EDGE_CURVE('',#2612,#2720,#2722,.T.);
#2720 = VERTEX_POINT('',#2721);
#2721 = CARTESIAN_POINT('',(-80.23416822178,9.064017218247,20.));
#2722 = SURFACE_CURVE('',#2723,(#2762,#2804),.PCURVE_S1.);
#2723 = ( BOUNDED_CURVE() B_SPLINE_CURVE(13,(#2724,#2725,#2726,#2727,
    #2728,#2729,#2730,#2731,#2732,#2733,#2734,#2735,#2736,#2737,#2738,
    #2739,#2740,#2741,#2742,#2743,#2744,#2745,#2746,#2747,#2748,#2749,
    #2750,#2751,#2752,#2753,#2754,#2755,#2756,#2757,#2758,#2759,#2760,
#2761),.UNSPECIFIED.,.F.,.F.) B_SPLINE_CURVE_WITH_KNOTS((14,12,12,14),(
    55.702087874784,55.707963267949,95.711101990936,95.716977384101),
.UNSPECIFIED.) CURVE() GEOMETRIC_REPRESENTATION_ITEM() 
RATIONAL_B_SPLINE_CURVE((1.,1.,1.,0.999999999999,1.000000000002,
    0.999999999996,1.000000000006,0.999999999994,1.000000000005,
    0.999999999997,1.000000000001,1.,1.,1.,0.999999999999,1.000000000002
    ,0.999999999997,1.000000000005,0.999999999994,1.000000000006,
    0.999999999996,1.000000000003,0.999999999999,1.000000000001,1.,1.,1.
    ,1.000000000001,0.999999999997,1.000000000005,0.999999999994,
    1.000000000007,0.999999999995,1.000000000003,0.999999999998,
1.000000000001,1.,1.)) REPRESENTATION_ITEM('') );
#2724 = CARTESIAN_POINT('',(-39.76583177821,9.064017218247,20.));
#2725 = CARTESIAN_POINT('',(-39.76633082286,9.06401063699,20.));
#2726 = CARTESIAN_POINT('',(-39.76682984731,9.064004058955,20.));
#2727 = CARTESIAN_POINT('',(-39.76732885158,9.063997484141,20.));
#2728 = CARTESIAN_POINT('',(-39.76782783565,9.063990912547,20.));
#2729 = CARTESIAN_POINT('',(-39.76832679955,9.063984344174,20.));
#2730 = CARTESIAN_POINT('',(-39.76882574323,9.063977779019,20.));
#2731 = CARTESIAN_POINT('',(-39.76932466676,9.063971217085,20.));
#2732 = CARTESIAN_POINT('',(-39.76982357008,9.063964658366,20.));
#2733 = CARTESIAN_POINT('',(-39.77032245322,9.063958102868,20.));
#2734 = CARTESIAN_POINT('',(-39.77082131618,9.063951550584,20.));
#2735 = CARTESIAN_POINT('',(-39.77132015895,9.063945001518,20.));
#2736 = CARTESIAN_POINT('',(-39.77181898154,9.063938455667,20.));
#2737 = CARTESIAN_POINT('',(-43.16845848616,9.019385791433,20.));
#2738 = CARTESIAN_POINT('',(-45.98583702731,9.034984251636,20.));
#2739 = CARTESIAN_POINT('',(-49.15700291198,9.046147265001,
    19.999999999999));
#2740 = CARTESIAN_POINT('',(-52.21827285401,9.027980668968,
    20.000000000001));
#2741 = CARTESIAN_POINT('',(-55.41046430141,9.045943095761,
    19.999999999998));
#2742 = CARTESIAN_POINT('',(-58.41682715927,9.030099905821,
    20.000000000002));
#2743 = CARTESIAN_POINT('',(-61.5831728407,9.03009990582,19.999999999998
    ));
#2744 = CARTESIAN_POINT('',(-64.58953569862,9.045943095762,
    20.000000000002));
#2745 = CARTESIAN_POINT('',(-67.78172714594,9.027980668967,
    19.999999999999));
#2746 = CARTESIAN_POINT('',(-70.84299708805,9.046147265001,
    20.000000000001));
#2747 = CARTESIAN_POINT('',(-74.01416297267,9.034984251636,20.));
#2748 = CARTESIAN_POINT('',(-76.83154151383,9.019385791433,20.));
#2749 = CARTESIAN_POINT('',(-80.22818101845,9.063938455667,20.));
#2750 = CARTESIAN_POINT('',(-80.22867984105,9.063945001518,20.));
#2751 = CARTESIAN_POINT('',(-80.2291786838,9.063951550585,20.));
#2752 = CARTESIAN_POINT('',(-80.22967754681,9.063958102867,20.));
#2753 = CARTESIAN_POINT('',(-80.23017642985,9.063964658368,20.));
#2754 = CARTESIAN_POINT('',(-80.23067533331,9.063971217083,20.));
#2755 = CARTESIAN_POINT('',(-80.23117425668,9.063977779021,20.));
#2756 = CARTESIAN_POINT('',(-80.23167320051,9.063984344172,20.));
#2757 = CARTESIAN_POINT('',(-80.2321721643,9.063990912548,20.));
#2758 = CARTESIAN_POINT('',(-80.23267114844,9.06399748414,20.));
#2759 = CARTESIAN_POINT('',(-80.23317015267,9.064004058955,20.));
#2760 = CARTESIAN_POINT('',(-80.23366917714,9.06401063699,20.));
#2761 = CARTESIAN_POINT('',(-80.23416822178,9.064017218247,20.));
#2762 = PCURVE('',#298,#2763);
#2763 = DEFINITIONAL_REPRESENTATION('',(#2764),#2803);
#2764 = ( BOUNDED_CURVE() B_SPLINE_CURVE(13,(#2765,#2766,#2767,#2768,
    #2769,#2770,#2771,#2772,#2773,#2774,#2775,#2776,#2777,#2778,#2779,
    #2780,#2781,#2782,#2783,#2784,#2785,#2786,#2787,#2788,#2789,#2790,
    #2791,#2792,#2793,#2794,#2795,#2796,#2797,#2798,#2799,#2800,#2801,
#2802),.UNSPECIFIED.,.F.,.F.) B_SPLINE_CURVE_WITH_KNOTS((14,12,12,14),(
    55.702087874784,55.707963267949,95.711101990936,95.716977384101),
.UNSPECIFIED.) CURVE() GEOMETRIC_REPRESENTATION_ITEM() 
RATIONAL_B_SPLINE_CURVE((1.,1.,1.,0.999999999999,1.000000000002,
    0.999999999996,1.000000000006,0.999999999994,1.000000000005,
    0.999999999997,1.000000000001,1.,1.,1.,0.999999999999,1.000000000002
    ,0.999999999997,1.000000000005,0.999999999994,1.000000000006,
    0.999999999996,1.000000000003,0.999999999999,1.000000000001,1.,1.,1.
    ,1.000000000001,0.999999999997,1.000000000005,0.999999999994,
    1.000000000007,0.999999999995,1.000000000003,0.999999999998,
1.000000000001,1.,1.)) REPRESENTATION_ITEM('') );
#2765 = CARTESIAN_POINT('',(-39.76583177821,9.064017218247));
#2766 = CARTESIAN_POINT('',(-39.76633082286,9.06401063699));
#2767 = CARTESIAN_POINT('',(-39.76682984731,9.064004058955));
#2768 = CARTESIAN_POINT('',(-39.76732885158,9.063997484141));
#2769 = CARTESIAN_POINT('',(-39.76782783565,9.063990912547));
#2770 = CARTESIAN_POINT('',(-39.76832679955,9.063984344174));
#2771 = CARTESIAN_POINT('',(-39.76882574323,9.063977779019));
#2772 = CARTESIAN_POINT('',(-39.76932466676,9.063971217085));
#2773 = CARTESIAN_POINT('',(-39.76982357008,9.063964658366));
#2774 = CARTESIAN_POINT('',(-39.77032245322,9.063958102868));
#2775 = CARTESIAN_POINT('',(-39.77082131618,9.063951550584));
#2776 = CARTESIAN_POINT('',(-39.77132015895,9.063945001518));
#2777 = CARTESIAN_POINT('',(-39.77181898154,9.063938455667));
#2778 = CARTESIAN_POINT('',(-43.16845848616,9.019385791433));
#2779 = CARTESIAN_POINT('',(-45.98583702731,9.034984251636));
#2780 = CARTESIAN_POINT('',(-49.15700291198,9.046147265001));
#2781 = CARTESIAN_POINT('',(-52.21827285401,9.027980668968));
#2782 = CARTESIAN_POINT('',(-55.41046430141,9.045943095761));
#2783 = CARTESIAN_POINT('',(-58.41682715927,9.030099905821));
#2784 = CARTESIAN_POINT('',(-61.5831728407,9.03009990582));
#2785 = CARTESIAN_POINT('',(-64.58953569862,9.045943095762));
#2786 = CARTESIAN_POINT('',(-67.78172714594,9.027980668967));
#2787 = CARTESIAN_POINT('',(-70.84299708805,9.046147265001));
#2788 = CARTESIAN_POINT('',(-74.01416297267,9.034984251636));
#2789 = CARTESIAN_POINT('',(-76.83154151383,9.019385791433));
#2790 = CARTESIAN_POINT('',(-80.22818101845,9.063938455667));
#2791 = CARTESIAN_POINT('',(-80.22867984105,9.063945001518));
#2792 = CARTESIAN_POINT('',(-80.2291786838,9.063951550585));
#2793 = CARTESIAN_POINT('',(-80.22967754681,9.063958102867));
#2794 = CARTESIAN_POINT('',(-80.23017642985,9.063964658368));
#2795 = CARTESIAN_POINT('',(-80.23067533331,9.063971217083));
#2796 = CARTESIAN_POINT('',(-80.23117425668,9.063977779021));
#2797 = CARTESIAN_POINT('',(-80.23167320051,9.063984344172));
#2798 = CARTESIAN_POINT('',(-80.2321721643,9.063990912548));
#2799 = CARTESIAN_POINT('',(-80.23267114844,9.06399748414));
#2800 = CARTESIAN_POINT('',(-80.23317015267,9.064004058955));
#2801 = CARTESIAN_POINT('',(-80.23366917714,9.06401063699));
#2802 = CARTESIAN_POINT('',(-80.23416822178,9.064017218247));
#2803 = ( GEOMETRIC_REPRESENTATION_CONTEXT(2) 
PARAMETRIC_REPRESENTATION_CONTEXT() REPRESENTATION_CONTEXT('2D SPACE',''
  ) );
#2804 = PCURVE('',#2805,#2920);
#2805 = ( BOUNDED_SURFACE() B_SPLINE_SURFACE(2,13,(
    (#2806,#2807,#2808,#2809,#2810,#2811,#2812,#2813,#2814,#2815,#2816
      ,#2817,#2818,#2819,#2820,#2821,#2822,#2823,#2824,#2825,#2826,#2827
      ,#2828,#2829,#2830,#2831,#2832,#2833,#2834,#2835,#2836,#2837,#2838
      ,#2839,#2840,#2841,#2842,#2843)
    ,(#2844,#2845,#2846,#2847,#2848,#2849,#2850,#2851,#2852,#2853,#2854
      ,#2855,#2856,#2857,#2858,#2859,#2860,#2861,#2862,#2863,#2864,#2865
      ,#2866,#2867,#2868,#2869,#2870,#2871,#2872,#2873,#2874,#2875,#2876
      ,#2877,#2878,#2879,#2880,#2881)
    ,(#2882,#2883,#2884,#2885,#2886,#2887,#2888,#2889,#2890,#2891,#2892
      ,#2893,#2894,#2895,#2896,#2897,#2898,#2899,#2900,#2901,#2902,#2903
      ,#2904,#2905,#2906,#2907,#2908,#2909,#2910,#2911,#2912,#2913,#2914
      ,#2915,#2916,#2917,#2918,#2919
)),.UNSPECIFIED.,.F.,.F.,.F.) B_SPLINE_SURFACE_WITH_KNOTS((3,3),(14,12,
    12,14),(0.,40.014889509318),(55.702087874784,55.707963267949,
    95.711101990936,95.716977384101),.UNSPECIFIED.) 
GEOMETRIC_REPRESENTATION_ITEM() RATIONAL_B_SPLINE_SURFACE((
    (1.,1.,1.,0.999999999999,1.000000000002,0.999999999996
      ,1.000000000006,0.999999999994,1.000000000005,0.999999999997
      ,1.000000000001,1.,1.,1.,0.999999999999,1.000000000002
      ,0.999999999997,1.000000000005,0.999999999994,1.000000000006
      ,0.999999999996,1.000000000003,0.999999999999,1.000000000001,1.,1.
      ,1.,1.000000000001,0.999999999997,1.000000000005,0.999999999994
      ,1.000000000007,0.999999999995,1.000000000003,0.999999999998
      ,1.000000000001,1.,1.)
    ,(0.756886825387,0.756886596731,0.756886368189,0.75688613976
      ,0.75688591145,0.756885683243,0.756885455168,0.756885227185
      ,0.756884999339,0.756884771588,0.756884543963,0.756884316446
      ,0.756884089046,0.755336357688,0.755979943071,0.756135561094
      ,0.755839984896,0.756106907503,0.755799599181,0.75579959919
      ,0.756106907496,0.755839984901,0.756135561092,0.755979943072
      ,0.755336357688,0.756884089046,0.756884316446,0.756884543963
      ,0.756884771588,0.756884999339,0.756885227185,0.756885455169
      ,0.756885683242,0.75688591145,0.756886139759,0.756886368189
      ,0.75688659673,0.756886825387)
    ,(1.,1.,1.,0.999999999999,1.000000000002,0.999999999996
      ,1.000000000006,0.999999999994,1.000000000005,0.999999999997
      ,1.000000000001,1.,1.,1.,0.999999999999,1.000000000002
      ,0.999999999997,1.000000000005,0.999999999994,1.000000000006
      ,0.999999999996,1.000000000003,0.999999999999,1.000000000001,1.,1.
      ,1.,1.000000000001,0.999999999997,1.000000000005,0.999999999994
      ,1.000000000007,0.999999999995,1.000000000003,0.999999999998
,1.000000000001,1.,1.))) REPRESENTATION_ITEM('') SURFACE() );
#2806 = CARTESIAN_POINT('',(-40.,10.025225118153,19.145755332889));
#2807 = CARTESIAN_POINT('',(-40.0004720542,10.025225217245,
    19.145754640621));
#2808 = CARTESIAN_POINT('',(-40.00094409784,10.025225316289,
    19.145753948699));
#2809 = CARTESIAN_POINT('',(-40.00141613095,10.025225415283,
    19.145753257123));
#2810 = CARTESIAN_POINT('',(-40.00188815346,10.025225514227,
    19.145752565894));
#2811 = CARTESIAN_POINT('',(-40.0023601655,10.025225613123,
    19.145751875009));
#2812 = CARTESIAN_POINT('',(-40.00283216688,10.025225711969,
    19.145751184472));
#2813 = CARTESIAN_POINT('',(-40.00330415784,10.025225810767,
    19.145750494279));
#2814 = CARTESIAN_POINT('',(-40.00377613815,10.025225909513,
    19.145749804433));
#2815 = CARTESIAN_POINT('',(-40.004248108,10.025226008212,
    19.145749114931));
#2816 = CARTESIAN_POINT('',(-40.00472006726,10.025226106861,
    19.145748425776));
#2817 = CARTESIAN_POINT('',(-40.00519201601,10.025226205461,
    19.145747736966));
#2818 = CARTESIAN_POINT('',(-40.00566395421,10.025226304012,
    19.145747048501));
#2819 = CARTESIAN_POINT('',(-43.21929759348,10.02589705862,
    19.141061236953));
#2820 = CARTESIAN_POINT('',(-45.93452823006,10.025626057804,
    19.143019593953));
#2821 = CARTESIAN_POINT('',(-49.10265065313,10.025540353069,
    19.143467954091));
#2822 = CARTESIAN_POINT('',(-52.14677284529,10.025695149236,
    19.142606364608));
#2823 = CARTESIAN_POINT('',(-55.3737647055,10.02555081401,
    19.143378783481));
#2824 = CARTESIAN_POINT('',(-58.39566843654,10.025703572561,
    19.142472780012));
#2825 = CARTESIAN_POINT('',(-61.60433156343,10.02570357256,
    19.142472780011));
#2826 = CARTESIAN_POINT('',(-64.62623529453,10.02555081401,
    19.143378783481));
#2827 = CARTESIAN_POINT('',(-67.85322715465,10.025695149236,
    19.142606364608));
#2828 = CARTESIAN_POINT('',(-70.89734934689,10.02554035307,
    19.143467954091));
#2829 = CARTESIAN_POINT('',(-74.06547176991,10.025626057804,
    19.143019593953));
#2830 = CARTESIAN_POINT('',(-76.78070240652,10.02589705862,
    19.141061236953));
#2831 = CARTESIAN_POINT('',(-79.99433604578,10.025226304012,
    19.145747048501));
#2832 = CARTESIAN_POINT('',(-79.99480798399,10.025226205461,
    19.145747736966));
#2833 = CARTESIAN_POINT('',(-79.99527993272,10.025226106861,
    19.145748425777));
#2834 = CARTESIAN_POINT('',(-79.99575189203,10.025226008212,
    19.145749114931));
#2835 = CARTESIAN_POINT('',(-79.99622386178,10.025225909514,
    19.145749804434));
#2836 = CARTESIAN_POINT('',(-79.99669584223,10.025225810766,
    19.145750494278));
#2837 = CARTESIAN_POINT('',(-79.99716783302,10.025225711969,
    19.145751184474));
#2838 = CARTESIAN_POINT('',(-79.99763983456,10.025225613123,
    19.145751875008));
#2839 = CARTESIAN_POINT('',(-79.99811184648,10.025225514227,
    19.145752565895));
#2840 = CARTESIAN_POINT('',(-79.99858386907,10.025225415283,
    19.145753257123));
#2841 = CARTESIAN_POINT('',(-79.99905590214,10.025225316289,
    19.145753948699));
#2842 = CARTESIAN_POINT('',(-79.99952794579,10.025225217245,
    19.145754640621));
#2843 = CARTESIAN_POINT('',(-80.,10.025225118153,19.145755332889));
#2844 = CARTESIAN_POINT('',(-39.97021068448,9.902946675797,20.));
#2845 = CARTESIAN_POINT('',(-39.97068629586,9.902946431943,20.));
#2846 = CARTESIAN_POINT('',(-39.97116189533,9.902946188211,20.));
#2847 = CARTESIAN_POINT('',(-39.97163748292,9.902945944601,20.));
#2848 = CARTESIAN_POINT('',(-39.9721130586,9.902945701111,20.));
#2849 = CARTESIAN_POINT('',(-39.9725886224,9.902945457747,
    20.000000000001));
#2850 = CARTESIAN_POINT('',(-39.9730641743,9.902945214497,
    19.999999999999));
#2851 = CARTESIAN_POINT('',(-39.97353971433,9.902944971377,
    20.000000000001));
#2852 = CARTESIAN_POINT('',(-39.97401524245,9.902944728371,
    19.999999999999));
#2853 = CARTESIAN_POINT('',(-39.97449075871,9.902944485493,
    20.000000000001));
#2854 = CARTESIAN_POINT('',(-39.97496626307,9.902944242732,20.));
#2855 = CARTESIAN_POINT('',(-39.97544175556,9.902944000094,20.));
#2856 = CARTESIAN_POINT('',(-39.97591723617,9.902943757577,20.));
#2857 = CARTESIAN_POINT('',(-43.22029742064,9.901289763399,20.));
#2858 = CARTESIAN_POINT('',(-45.93301408405,9.901978087045,20.));
#2859 = CARTESIAN_POINT('',(-49.11205584334,9.902145055098,
    20.000000000001));
#2860 = CARTESIAN_POINT('',(-52.15646257979,9.901828115791,
    19.999999999999));
#2861 = CARTESIAN_POINT('',(-55.37550399537,9.902114527605,
    20.000000000002));
#2862 = CARTESIAN_POINT('',(-58.40596694642,9.901785253859,
    19.999999999997));
#2863 = CARTESIAN_POINT('',(-61.59403305355,9.90178525386,
    20.000000000002));
#2864 = CARTESIAN_POINT('',(-64.62449600468,9.902114527604,
    19.999999999999));
#2865 = CARTESIAN_POINT('',(-67.84353742014,9.901828115792,
    20.000000000001));
#2866 = CARTESIAN_POINT('',(-70.88794415669,9.902145055097,20.));
#2867 = CARTESIAN_POINT('',(-74.06698591592,9.901978087045,20.));
#2868 = CARTESIAN_POINT('',(-76.77970257936,9.901289763399,20.));
#2869 = CARTESIAN_POINT('',(-80.02408276382,9.902943757577,20.));
#2870 = CARTESIAN_POINT('',(-80.02455824444,9.902944000094,20.));
#2871 = CARTESIAN_POINT('',(-80.0250337369,9.902944242732,20.));
#2872 = CARTESIAN_POINT('',(-80.02550924134,9.902944485492,
    20.000000000001));
#2873 = CARTESIAN_POINT('',(-80.02598475745,9.902944728372,
    19.999999999999));
#2874 = CARTESIAN_POINT('',(-80.02646028578,9.902944971376,
    20.000000000001));
#2875 = CARTESIAN_POINT('',(-80.02693582557,9.902945214499,
    19.999999999999));
#2876 = CARTESIAN_POINT('',(-80.02741137768,9.902945457745,
    20.000000000001));
#2877 = CARTESIAN_POINT('',(-80.02788694133,9.902945701112,20.));
#2878 = CARTESIAN_POINT('',(-80.02836251711,9.902945944601,20.));
#2879 = CARTESIAN_POINT('',(-80.02883810464,9.902946188211,20.));
#2880 = CARTESIAN_POINT('',(-80.02931370414,9.902946431943,20.));
#2881 = CARTESIAN_POINT('',(-80.02978931551,9.902946675797,20.));
#2882 = CARTESIAN_POINT('',(-39.76583177821,9.064017218247,20.));
#2883 = CARTESIAN_POINT('',(-39.76633082286,9.06401063699,20.));
#2884 = CARTESIAN_POINT('',(-39.76682984731,9.064004058955,20.));
#2885 = CARTESIAN_POINT('',(-39.76732885158,9.063997484141,20.));
#2886 = CARTESIAN_POINT('',(-39.76782783565,9.063990912547,20.));
#2887 = CARTESIAN_POINT('',(-39.76832679955,9.063984344174,20.));
#2888 = CARTESIAN_POINT('',(-39.76882574323,9.063977779019,20.));
#2889 = CARTESIAN_POINT('',(-39.76932466676,9.063971217085,20.));
#2890 = CARTESIAN_POINT('',(-39.76982357008,9.063964658366,20.));
#2891 = CARTESIAN_POINT('',(-39.77032245322,9.063958102868,20.));
#2892 = CARTESIAN_POINT('',(-39.77082131618,9.063951550584,20.));
#2893 = CARTESIAN_POINT('',(-39.77132015895,9.063945001518,20.));
#2894 = CARTESIAN_POINT('',(-39.77181898154,9.063938455667,20.));
#2895 = CARTESIAN_POINT('',(-43.16845848616,9.019385791433,20.));
#2896 = CARTESIAN_POINT('',(-45.98583702731,9.034984251636,20.));
#2897 = CARTESIAN_POINT('',(-49.15700291198,9.046147265001,
    19.999999999999));
#2898 = CARTESIAN_POINT('',(-52.21827285401,9.027980668968,
    20.000000000001));
#2899 = CARTESIAN_POINT('',(-55.41046430141,9.045943095761,
    19.999999999998));
#2900 = CARTESIAN_POINT('',(-58.41682715927,9.030099905821,
    20.000000000002));
#2901 = CARTESIAN_POINT('',(-61.5831728407,9.03009990582,19.999999999998
    ));
#2902 = CARTESIAN_POINT('',(-64.58953569862,9.045943095762,
    20.000000000002));
#2903 = CARTESIAN_POINT('',(-67.78172714594,9.027980668967,
    19.999999999999));
#2904 = CARTESIAN_POINT('',(-70.84299708805,9.046147265001,
    20.000000000001));
#2905 = CARTESIAN_POINT('',(-74.01416297267,9.034984251636,20.));
#2906 = CARTESIAN_POINT('',(-76.83154151383,9.019385791433,20.));
#2907 = CARTESIAN_POINT('',(-80.22818101845,9.063938455667,20.));
#2908 = CARTESIAN_POINT('',(-80.22867984105,9.063945001518,20.));
#2909 = CARTESIAN_POINT('',(-80.2291786838,9.063951550585,20.));
#2910 = CARTESIAN_POINT('',(-80.22967754681,9.063958102867,20.));
#2911 = CARTESIAN_POINT('',(-80.23017642985,9.063964658368,20.));
#2912 = CARTESIAN_POINT('',(-80.23067533331,9.063971217083,20.));
#2913 = CARTESIAN_POINT('',(-80.23117425668,9.063977779021,20.));
#2914 = CARTESIAN_POINT('',(-80.23167320051,9.063984344172,20.));
#2915 = CARTESIAN_POINT('',(-80.2321721643,9.063990912548,20.));
#2916 = CARTESIAN_POINT('',(-80.23267114844,9.06399748414,20.));
#2917 = CARTESIAN_POINT('',(-80.23317015267,9.064004058955,20.));
#2918 = CARTESIAN_POINT('',(-80.23366917714,9.06401063699,20.));
#2919 = CARTESIAN_POINT('',(-80.23416822178,9.064017218247,20.));
#2920 = DEFINITIONAL_REPRESENTATION('',(#2921),#2925);
#2921 = LINE('',#2922,#2923);
#2922 = CARTESIAN_POINT('',(40.014889509318,0.));
#2923 = VECTOR('',#2924,1.);
#2924 = DIRECTION('',(0.,1.));
#2925 = ( GEOMETRIC_REPRESENTATION_CONTEXT(2) 
PARAMETRIC_REPRESENTATION_CONTEXT() REPRESENTATION_CONTEXT('2D SPACE',''
  ) );
#2926 = ORIENTED_EDGE('',*,*,#2927,.T.);
#2927 = EDGE_CURVE('',#2720,#1757,#2928,.T.);
#2928 = SURFACE_CURVE('',#2929,(#2945,#2964),.PCURVE_S1.);
#2929 = ( BOUNDED_CURVE() B_SPLINE_CURVE(14,(#2930,#2931,#2932,#2933,
    #2934,#2935,#2936,#2937,#2938,#2939,#2940,#2941,#2942,#2943,#2944),
.UNSPECIFIED.,.F.,.F.) B_SPLINE_CURVE_WITH_KNOTS((15,15),(
95.716977384101,111.41592653589),.PIECEWISE_BEZIER_KNOTS.) CURVE() 
GEOMETRIC_REPRESENTATION_ITEM() RATIONAL_B_SPLINE_CURVE((1.,1.,
    0.999999999999,1.000000000004,0.999999999992,1.000000000015,
    0.999999999978,1.000000000026,0.999999999974,1.00000000002,
    0.999999999987,1.000000000006,0.999999999998,1.000000000001,1.)) 
REPRESENTATION_ITEM('') );
#2930 = CARTESIAN_POINT('',(-80.23416822178,9.064017218247,20.));
#2931 = CARTESIAN_POINT('',(-81.47236128196,9.08034615195,20.));
#2932 = CARTESIAN_POINT('',(-82.76165747218,9.412911270378,20.));
#2933 = CARTESIAN_POINT('',(-84.03907949246,10.069235736809,20.));
#2934 = CARTESIAN_POINT('',(-85.12534510663,11.065417345978,
    19.999999999999));
#2935 = CARTESIAN_POINT('',(-85.97586625138,12.353468649007,
    20.000000000001));
#2936 = CARTESIAN_POINT('',(-86.27339171201,13.678647440206,
    19.999999999999));
#2937 = CARTESIAN_POINT('',(-86.56799431903,14.988064585174,
    20.000000000001));
#2938 = CARTESIAN_POINT('',(-86.3499746692,16.524681934706,
    19.999999999999));
#2939 = CARTESIAN_POINT('',(-85.85061616109,17.834539567408,20.));
#2940 = CARTESIAN_POINT('',(-85.01079185078,19.056517861864,20.));
#2941 = CARTESIAN_POINT('',(-83.92925930105,19.992800072902,20.));
#2942 = CARTESIAN_POINT('',(-82.67552949954,20.641325139467,20.));
#2943 = CARTESIAN_POINT('',(-81.33746830847,20.964101615135,20.));
#2944 = CARTESIAN_POINT('',(-80.,20.964101615138,20.));
#2945 = PCURVE('',#298,#2946);
#2946 = DEFINITIONAL_REPRESENTATION('',(#2947),#2963);
#2947 = ( BOUNDED_CURVE() B_SPLINE_CURVE(14,(#2948,#2949,#2950,#2951,
    #2952,#2953,#2954,#2955,#2956,#2957,#2958,#2959,#2960,#2961,#2962),
.UNSPECIFIED.,.F.,.F.) B_SPLINE_CURVE_WITH_KNOTS((15,15),(
95.716977384101,111.41592653589),.PIECEWISE_BEZIER_KNOTS.) CURVE() 
GEOMETRIC_REPRESENTATION_ITEM() RATIONAL_B_SPLINE_CURVE((1.,1.,
    0.999999999999,1.000000000004,0.999999999992,1.000000000015,
    0.999999999978,1.000000000026,0.999999999974,1.00000000002,
    0.999999999987,1.000000000006,0.999999999998,1.000000000001,1.)) 
REPRESENTATION_ITEM('') );
#2948 = CARTESIAN_POINT('',(-80.23416822178,9.064017218247));
#2949 = CARTESIAN_POINT('',(-81.47236128196,9.08034615195));
#2950 = CARTESIAN_POINT('',(-82.76165747218,9.412911270378));
#2951 = CARTESIAN_POINT('',(-84.03907949246,10.069235736809));
#2952 = CARTESIAN_POINT('',(-85.12534510663,11.065417345978));
#2953 = CARTESIAN_POINT('',(-85.97586625138,12.353468649007));
#2954 = CARTESIAN_POINT('',(-86.27339171201,13.678647440206));
#2955 = CARTESIAN_POINT('',(-86.56799431903,14.988064585174));
#2956 = CARTESIAN_POINT('',(-86.3499746692,16.524681934706));
#2957 = CARTESIAN_POINT('',(-85.85061616109,17.834539567408));
#2958 = CARTESIAN_POINT('',(-85.01079185078,19.056517861864));
#2959 = CARTESIAN_POINT('',(-83.92925930105,19.992800072902));
#2960 = CARTESIAN_POINT('',(-82.67552949954,20.641325139467));
#2961 = CARTESIAN_POINT('',(-81.33746830847,20.964101615135));
#2962 = CARTESIAN_POINT('',(-80.,20.964101615138));
#2963 = ( GEOMETRIC_REPRESENTATION_CONTEXT(2) 
PARAMETRIC_REPRESENTATION_CONTEXT() REPRESENTATION_CONTEXT('2D SPACE',''
  ) );
#2964 = PCURVE('',#2965,#3011);
#2965 = ( BOUNDED_SURFACE() B_SPLINE_SURFACE(2,14,(
    (#2966,#2967,#2968,#2969,#2970,#2971,#2972,#2973,#2974,#2975,#2976
      ,#2977,#2978,#2979,#2980)
    ,(#2981,#2982,#2983,#2984,#2985,#2986,#2987,#2988,#2989,#2990,#2991
      ,#2992,#2993,#2994,#2995)
    ,(#2996,#2997,#2998,#2999,#3000,#3001,#3002,#3003,#3004,#3005,#3006
      ,#3007,#3008,#3009,#3010
)),.UNSPECIFIED.,.F.,.F.,.F.) B_SPLINE_SURFACE_WITH_KNOTS((3,3),(15,15),
  (0.,15.698949151797),(95.716977384101,111.41592653589),
.PIECEWISE_BEZIER_KNOTS.) GEOMETRIC_REPRESENTATION_ITEM() 
RATIONAL_B_SPLINE_SURFACE((
    (1.,1.,0.999999999999,1.000000000004,0.999999999992,1.000000000015
      ,0.999999999978,1.000000000026,0.999999999974,1.00000000002
      ,0.999999999987,1.000000000006,0.999999999998,1.000000000001,1.)
    ,(0.756886825387,0.755539036194,0.755776835635,0.755904113666
      ,0.756326473707,0.756541706904,0.754440461594,0.757461319004
      ,0.754879781026,0.756446765817,0.755747096879,0.755970918974
      ,0.755923943247,0.755928946019,0.755928946018)
    ,(1.,1.,0.999999999999,1.000000000004,0.999999999992,1.000000000015
      ,0.999999999978,1.000000000026,0.999999999974,1.00000000002
      ,0.999999999987,1.000000000006,0.999999999998,1.000000000001,1.
))) REPRESENTATION_ITEM('') SURFACE() );
#2966 = CARTESIAN_POINT('',(-80.,10.025225118153,19.145755332889));
#2967 = CARTESIAN_POINT('',(-81.17102416325,10.025809209173,
    19.141674837354));
#2968 = CARTESIAN_POINT('',(-82.33404270247,10.321603032294,
    19.142402501915));
#2969 = CARTESIAN_POINT('',(-83.45313651642,10.9178656702,
    19.142774890657));
#2970 = CARTESIAN_POINT('',(-84.34296096937,11.774083858392,
    19.144067024729));
#2971 = CARTESIAN_POINT('',(-85.05305331664,12.944427454152,
    19.14470326938));
#2972 = CARTESIAN_POINT('',(-85.07075897459,13.888623138662,
    19.138360748216));
#2973 = CARTESIAN_POINT('',(-85.5911001113,14.960582787035,
    19.147488441463));
#2974 = CARTESIAN_POINT('',(-85.22484322698,16.293012202219,
    19.139685563077));
#2975 = CARTESIAN_POINT('',(-84.92081329179,17.341821006619,
    19.14442267481));
#2976 = CARTESIAN_POINT('',(-84.16749335884,18.392520444027,
    19.142307317463));
#2977 = CARTESIAN_POINT('',(-83.28008410661,19.161761849708,
    19.142984054265));
#2978 = CARTESIAN_POINT('',(-82.2311858832,19.70547962768,
    19.142842015918));
#2979 = CARTESIAN_POINT('',(-81.11551529566,19.974358296525,
    19.142857142857));
#2980 = CARTESIAN_POINT('',(-80.,19.974358296527,19.142857142857));
#2981 = CARTESIAN_POINT('',(-80.02978931551,9.902946675797,20.));
#2982 = CARTESIAN_POINT('',(-81.21073328948,9.908531430407,20.));
#2983 = CARTESIAN_POINT('',(-82.38624019731,10.208692921469,20.));
#2984 = CARTESIAN_POINT('',(-83.52641013945,10.811958897636,
    20.000000000001));
#2985 = CARTESIAN_POINT('',(-84.43494845894,11.680002125642,
    19.999999999998));
#2986 = CARTESIAN_POINT('',(-85.18310839684,12.875709609,20.000000000004
    ));
#2987 = CARTESIAN_POINT('',(-85.20407857644,13.867409210306,
    19.999999999995));
#2988 = CARTESIAN_POINT('',(-85.72512815433,14.950411379945,
    20.000000000005));
#2989 = CARTESIAN_POINT('',(-85.35857576229,16.336238794547,
    19.999999999996));
#2990 = CARTESIAN_POINT('',(-85.04001559237,17.394478776713,
    20.000000000003));
#2991 = CARTESIAN_POINT('',(-84.27186148224,18.479252853294,
    19.999999999998));
#2992 = CARTESIAN_POINT('',(-83.36148641083,19.264671333314,
    20.000000000001));
#2993 = CARTESIAN_POINT('',(-82.28669497755,19.822586320011,20.));
#2994 = CARTESIAN_POINT('',(-81.14325942226,20.098076211353,20.));
#2995 = CARTESIAN_POINT('',(-80.,20.098076211353,20.));
#2996 = CARTESIAN_POINT('',(-80.23416822178,9.064017218247,20.));
#2997 = CARTESIAN_POINT('',(-81.47236128196,9.08034615195,20.));
#2998 = CARTESIAN_POINT('',(-82.76165747218,9.412911270378,20.));
#2999 = CARTESIAN_POINT('',(-84.03907949246,10.069235736809,20.));
#3000 = CARTESIAN_POINT('',(-85.12534510663,11.065417345978,
    19.999999999999));
#3001 = CARTESIAN_POINT('',(-85.97586625138,12.353468649007,
    20.000000000001));
#3002 = CARTESIAN_POINT('',(-86.27339171201,13.678647440206,
    19.999999999999));
#3003 = CARTESIAN_POINT('',(-86.56799431903,14.988064585174,
    20.000000000001));
#3004 = CARTESIAN_POINT('',(-86.3499746692,16.524681934706,
    19.999999999999));
#3005 = CARTESIAN_POINT('',(-85.85061616109,17.834539567408,20.));
#3006 = CARTESIAN_POINT('',(-85.01079185078,19.056517861864,20.));
#3007 = CARTESIAN_POINT('',(-83.92925930105,19.992800072902,20.));
#3008 = CARTESIAN_POINT('',(-82.67552949954,20.641325139467,20.));
#3009 = CARTESIAN_POINT('',(-81.33746830847,20.964101615135,20.));
#3010 = CARTESIAN_POINT('',(-80.,20.964101615138,20.));
#3011 = DEFINITIONAL_REPRESENTATION('',(#3012),#3016);
#3012 = LINE('',#3013,#3014);
#3013 = CARTESIAN_POINT('',(15.698949151797,0.));
#3014 = VECTOR('',#3015,1.);
#3015 = DIRECTION('',(0.,1.));
#3016 = ( GEOMETRIC_REPRESENTATION_CONTEXT(2) 
PARAMETRIC_REPRESENTATION_CONTEXT() REPRESENTATION_CONTEXT('2D SPACE',''
  ) );
#3017 = FACE_BOUND('',#3018,.T.);
#3018 = EDGE_LOOP('',(#3019));
#3019 = ORIENTED_EDGE('',*,*,#3020,.F.);
#3020 = EDGE_CURVE('',#3021,#3021,#3023,.T.);
#3021 = VERTEX_POINT('',#3022);
#3022 = CARTESIAN_POINT('',(-43.,45.,20.));
#3023 = SURFACE_CURVE('',#3024,(#3029,#3036),.PCURVE_S1.);
#3024 = CIRCLE('',#3025,22.);
#3025 = AXIS2_PLACEMENT_3D('',#3026,#3027,#3028);
#3026 = CARTESIAN_POINT('',(-65.,45.,20.));
#3027 = DIRECTION('',(0.,0.,1.));
#3028 = DIRECTION('',(1.,0.,0.));
#3029 = PCURVE('',#298,#3030);
#3030 = DEFINITIONAL_REPRESENTATION('',(#3031),#3035);
#3031 = CIRCLE('',#3032,22.);
#3032 = AXIS2_PLACEMENT_2D('',#3033,#3034);
#3033 = CARTESIAN_POINT('',(-65.,45.));
#3034 = DIRECTION('',(1.,0.));
#3035 = ( GEOMETRIC_REPRESENTATION_CONTEXT(2) 
PARAMETRIC_REPRESENTATION_CONTEXT() REPRESENTATION_CONTEXT('2D SPACE',''
  ) );
#3036 = PCURVE('',#3037,#3042);
#3037 = TOROIDAL_SURFACE('',#3038,22.,2.);
#3038 = AXIS2_PLACEMENT_3D('',#3039,#3040,#3041);
#3039 = CARTESIAN_POINT('',(-65.,45.,18.));
#3040 = DIRECTION('',(-0.,-0.,-1.));
#3041 = DIRECTION('',(1.,0.,0.));
#3042 = DEFINITIONAL_REPRESENTATION('',(#3043),#3047);
#3043 = LINE('',#3044,#3045);
#3044 = CARTESIAN_POINT('',(-0.,4.712388980385));
#3045 = VECTOR('',#3046,1.);
#3046 = DIRECTION('',(-1.,0.));
#3047 = ( GEOMETRIC_REPRESENTATION_CONTEXT(2) 
PARAMETRIC_REPRESENTATION_CONTEXT() REPRESENTATION_CONTEXT('2D SPACE',''
  ) );
#3048 = FACE_BOUND('',#3049,.T.);
#3049 = EDGE_LOOP('',(#3050,#3080,#3108,#3136));
#3050 = ORIENTED_EDGE('',*,*,#3051,.T.);
#3051 = EDGE_CURVE('',#3052,#3054,#3056,.T.);
#3052 = VERTEX_POINT('',#3053);
#3053 = CARTESIAN_POINT('',(-30.,6.168593513323,20.));
#3054 = VERTEX_POINT('',#3055);
#3055 = CARTESIAN_POINT('',(-30.,63.831406486677,20.));
#3056 = SURFACE_CURVE('',#3057,(#3061,#3068),.PCURVE_S1.);
#3057 = LINE('',#3058,#3059);
#3058 = CARTESIAN_POINT('',(-30.,9.382623085101,20.));
#3059 = VECTOR('',#3060,1.);
#3060 = DIRECTION('',(0.,1.,0.));
#3061 = PCURVE('',#298,#3062);
#3062 = DEFINITIONAL_REPRESENTATION('',(#3063),#3067);
#3063 = LINE('',#3064,#3065);
#3064 = CARTESIAN_POINT('',(-30.,9.382623085101));
#3065 = VECTOR('',#3066,1.);
#3066 = DIRECTION('',(0.,1.));
#3067 = ( GEOMETRIC_REPRESENTATION_CONTEXT(2) 
PARAMETRIC_REPRESENTATION_CONTEXT() REPRESENTATION_CONTEXT('2D SPACE',''
  ) );
#3068 = PCURVE('',#3069,#3074);
#3069 = CYLINDRICAL_SURFACE('',#3070,5.);
#3070 = AXIS2_PLACEMENT_3D('',#3071,#3072,#3073);
#3071 = CARTESIAN_POINT('',(-30.,9.382623085101,15.));
#3072 = DIRECTION('',(0.,1.,0.));
#3073 = DIRECTION('',(0.,0.,1.));
#3074 = DEFINITIONAL_REPRESENTATION('',(#3075),#3079);
#3075 = LINE('',#3076,#3077);
#3076 = CARTESIAN_POINT('',(0.,0.));
#3077 = VECTOR('',#3078,1.);
#3078 = DIRECTION('',(0.,1.));
#3079 = ( GEOMETRIC_REPRESENTATION_CONTEXT(2) 
PARAMETRIC_REPRESENTATION_CONTEXT() REPRESENTATION_CONTEXT('2D SPACE',''
  ) );
#3080 = ORIENTED_EDGE('',*,*,#3081,.T.);
#3081 = EDGE_CURVE('',#3054,#3082,#3084,.T.);
#3082 = VERTEX_POINT('',#3083);
#3083 = CARTESIAN_POINT('',(80.,63.831406486677,20.));
#3084 = SURFACE_CURVE('',#3085,(#3089,#3096),.PCURVE_S1.);
#3085 = LINE('',#3086,#3087);
#3086 = CARTESIAN_POINT('',(-25.,63.831406486677,20.));
#3087 = VECTOR('',#3088,1.);
#3088 = DIRECTION('',(1.,0.,0.));
#3089 = PCURVE('',#298,#3090);
#3090 = DEFINITIONAL_REPRESENTATION('',(#3091),#3095);
#3091 = LINE('',#3092,#3093);
#3092 = CARTESIAN_POINT('',(-25.,63.831406486677));
#3093 = VECTOR('',#3094,1.);
#3094 = DIRECTION('',(1.,0.));
#3095 = ( GEOMETRIC_REPRESENTATION_CONTEXT(2) 
PARAMETRIC_REPRESENTATION_CONTEXT() REPRESENTATION_CONTEXT('2D SPACE',''
  ) );
#3096 = PCURVE('',#3097,#3102);
#3097 = CYLINDRICAL_SURFACE('',#3098,5.);
#3098 = AXIS2_PLACEMENT_3D('',#3099,#3100,#3101);
#3099 = CARTESIAN_POINT('',(-25.,63.831406486677,15.));
#3100 = DIRECTION('',(1.,0.,0.));
#3101 = DIRECTION('',(0.,0.,1.));
#3102 = DEFINITIONAL_REPRESENTATION('',(#3103),#3107);
#3103 = LINE('',#3104,#3105);
#3104 = CARTESIAN_POINT('',(0.,0.));
#3105 = VECTOR('',#3106,1.);
#3106 = DIRECTION('',(0.,1.));
#3107 = ( GEOMETRIC_REPRESENTATION_CONTEXT(2) 
PARAMETRIC_REPRESENTATION_CONTEXT() REPRESENTATION_CONTEXT('2D SPACE',''
  ) );
#3108 = ORIENTED_EDGE('',*,*,#3109,.F.);
#3109 = EDGE_CURVE('',#3110,#3082,#3112,.T.);
#3110 = VERTEX_POINT('',#3111);
#3111 = CARTESIAN_POINT('',(80.,6.168593513323,20.));
#3112 = SURFACE_CURVE('',#3113,(#3117,#3124),.PCURVE_S1.);
#3113 = LINE('',#3114,#3115);
#3114 = CARTESIAN_POINT('',(80.,9.382623085101,20.));
#3115 = VECTOR('',#3116,1.);
#3116 = DIRECTION('',(0.,1.,0.));
#3117 = PCURVE('',#298,#3118);
#3118 = DEFINITIONAL_REPRESENTATION('',(#3119),#3123);
#3119 = LINE('',#3120,#3121);
#3120 = CARTESIAN_POINT('',(80.,9.382623085101));
#3121 = VECTOR('',#3122,1.);
#3122 = DIRECTION('',(0.,1.));
#3123 = ( GEOMETRIC_REPRESENTATION_CONTEXT(2) 
PARAMETRIC_REPRESENTATION_CONTEXT() REPRESENTATION_CONTEXT('2D SPACE',''
  ) );
#3124 = PCURVE('',#3125,#3130);
#3125 = CYLINDRICAL_SURFACE('',#3126,5.);
#3126 = AXIS2_PLACEMENT_3D('',#3127,#3128,#3129);
#3127 = CARTESIAN_POINT('',(80.,9.382623085101,15.));
#3128 = DIRECTION('',(0.,1.,0.));
#3129 = DIRECTION('',(0.,0.,1.));
#3130 = DEFINITIONAL_REPRESENTATION('',(#3131),#3135);
#3131 = LINE('',#3132,#3133);
#3132 = CARTESIAN_POINT('',(-0.,0.));
#3133 = VECTOR('',#3134,1.);
#3134 = DIRECTION('',(-0.,1.));
#3135 = ( GEOMETRIC_REPRESENTATION_CONTEXT(2) 
PARAMETRIC_REPRESENTATION_CONTEXT() REPRESENTATION_CONTEXT('2D SPACE',''
  ) );
#3136 = ORIENTED_EDGE('',*,*,#3137,.F.);
#3137 = EDGE_CURVE('',#3052,#3110,#3138,.T.);
#3138 = SURFACE_CURVE('',#3139,(#3143,#3150),.PCURVE_S1.);
#3139 = LINE('',#3140,#3141);
#3140 = CARTESIAN_POINT('',(-25.,6.168593513323,20.));
#3141 = VECTOR('',#3142,1.);
#3142 = DIRECTION('',(1.,0.,0.));
#3143 = PCURVE('',#298,#3144);
#3144 = DEFINITIONAL_REPRESENTATION('',(#3145),#3149);
#3145 = LINE('',#3146,#3147);
#3146 = CARTESIAN_POINT('',(-25.,6.168593513323));
#3147 = VECTOR('',#3148,1.);
#3148 = DIRECTION('',(1.,0.));
#3149 = ( GEOMETRIC_REPRESENTATION_CONTEXT(2) 
PARAMETRIC_REPRESENTATION_CONTEXT() REPRESENTATION_CONTEXT('2D SPACE',''
  ) );
#3150 = PCURVE('',#3151,#3156);
#3151 = CYLINDRICAL_SURFACE('',#3152,5.);
#3152 = AXIS2_PLACEMENT_3D('',#3153,#3154,#3155);
#3153 = CARTESIAN_POINT('',(-25.,6.168593513323,15.));
#3154 = DIRECTION('',(1.,0.,0.));
#3155 = DIRECTION('',(0.,0.,1.));
#3156 = DEFINITIONAL_REPRESENTATION('',(#3157),#3161);
#3157 = LINE('',#3158,#3159);
#3158 = CARTESIAN_POINT('',(-0.,0.));
#3159 = VECTOR('',#3160,1.);
#3160 = DIRECTION('',(-0.,1.));
#3161 = ( GEOMETRIC_REPRESENTATION_CONTEXT(2) 
PARAMETRIC_REPRESENTATION_CONTEXT() REPRESENTATION_CONTEXT('2D SPACE',''
  ) );
#3162 = ADVANCED_FACE('',(#3163),#271,.T.);
#3163 = FACE_BOUND('',#3164,.T.);
#3164 = EDGE_LOOP('',(#3165,#3166,#3167,#3189));
#3165 = ORIENTED_EDGE('',*,*,#254,.T.);
#3166 = ORIENTED_EDGE('',*,*,#650,.T.);
#3167 = ORIENTED_EDGE('',*,*,#3168,.F.);
#3168 = EDGE_CURVE('',#420,#627,#3169,.T.);
#3169 = SURFACE_CURVE('',#3170,(#3175,#3182),.PCURVE_S1.);
#3170 = CIRCLE('',#3171,1.5);
#3171 = AXIS2_PLACEMENT_3D('',#3172,#3173,#3174);
#3172 = CARTESIAN_POINT('',(35.,-66.5,18.5));
#3173 = DIRECTION('',(1.,0.,0.));
#3174 = DIRECTION('',(0.,1.,0.));
#3175 = PCURVE('',#271,#3176);
#3176 = DEFINITIONAL_REPRESENTATION('',(#3177),#3181);
#3177 = LINE('',#3178,#3179);
#3178 = CARTESIAN_POINT('',(0.,60.));
#3179 = VECTOR('',#3180,1.);
#3180 = DIRECTION('',(1.,0.));
#3181 = ( GEOMETRIC_REPRESENTATION_CONTEXT(2) 
PARAMETRIC_REPRESENTATION_CONTEXT() REPRESENTATION_CONTEXT('2D SPACE',''
  ) );
#3182 = PCURVE('',#483,#3183);
#3183 = DEFINITIONAL_REPRESENTATION('',(#3184),#3188);
#3184 = LINE('',#3185,#3186);
#3185 = CARTESIAN_POINT('',(-0.,3.14159265359));
#3186 = VECTOR('',#3187,1.);
#3187 = DIRECTION('',(-0.,1.));
#3188 = ( GEOMETRIC_REPRESENTATION_CONTEXT(2) 
PARAMETRIC_REPRESENTATION_CONTEXT() REPRESENTATION_CONTEXT('2D SPACE',''
  ) );
#3189 = ORIENTED_EDGE('',*,*,#442,.F.);
#3190 = ADVANCED_FACE('',(#3191),#380,.T.);
#3191 = FACE_BOUND('',#3192,.T.);
#3192 = EDGE_LOOP('',(#3193,#3194,#3217,#3239));
#3193 = ORIENTED_EDGE('',*,*,#365,.T.);
#3194 = ORIENTED_EDGE('',*,*,#3195,.T.);
#3195 = EDGE_CURVE('',#338,#3196,#3198,.T.);
#3196 = VERTEX_POINT('',#3197);
#3197 = CARTESIAN_POINT('',(35.,-64.5,17.5));
#3198 = SURFACE_CURVE('',#3199,(#3203,#3210),.PCURVE_S1.);
#3199 = LINE('',#3200,#3201);
#3200 = CARTESIAN_POINT('',(-25.,-64.5,17.5));
#3201 = VECTOR('',#3202,1.);
#3202 = DIRECTION('',(1.,0.,0.));
#3203 = PCURVE('',#380,#3204);
#3204 = DEFINITIONAL_REPRESENTATION('',(#3205),#3209);
#3205 = LINE('',#3206,#3207);
#3206 = CARTESIAN_POINT('',(-30.,-2.5));
#3207 = VECTOR('',#3208,1.);
#3208 = DIRECTION('',(1.,0.));
#3209 = ( GEOMETRIC_REPRESENTATION_CONTEXT(2) 
PARAMETRIC_REPRESENTATION_CONTEXT() REPRESENTATION_CONTEXT('2D SPACE',''
  ) );
#3210 = PCURVE('',#353,#3211);
#3211 = DEFINITIONAL_REPRESENTATION('',(#3212),#3216);
#3212 = LINE('',#3213,#3214);
#3213 = CARTESIAN_POINT('',(0.,0.353553390593));
#3214 = VECTOR('',#3215,1.);
#3215 = DIRECTION('',(1.,0.));
#3216 = ( GEOMETRIC_REPRESENTATION_CONTEXT(2) 
PARAMETRIC_REPRESENTATION_CONTEXT() REPRESENTATION_CONTEXT('2D SPACE',''
  ) );
#3217 = ORIENTED_EDGE('',*,*,#3218,.T.);
#3218 = EDGE_CURVE('',#3196,#522,#3219,.T.);
#3219 = SURFACE_CURVE('',#3220,(#3225,#3232),.PCURVE_S1.);
#3220 = CIRCLE('',#3221,2.5);
#3221 = AXIS2_PLACEMENT_3D('',#3222,#3223,#3224);
#3222 = CARTESIAN_POINT('',(35.,-62.,17.5));
#3223 = DIRECTION('',(-0.,0.,1.));
#3224 = DIRECTION('',(0.,-1.,0.));
#3225 = PCURVE('',#380,#3226);
#3226 = DEFINITIONAL_REPRESENTATION('',(#3227),#3231);
#3227 = CIRCLE('',#3228,2.5);
#3228 = AXIS2_PLACEMENT_2D('',#3229,#3230);
#3229 = CARTESIAN_POINT('',(30.,-7.105427357601E-15));
#3230 = DIRECTION('',(0.,-1.));
#3231 = ( GEOMETRIC_REPRESENTATION_CONTEXT(2) 
PARAMETRIC_REPRESENTATION_CONTEXT() REPRESENTATION_CONTEXT('2D SPACE',''
  ) );
#3232 = PCURVE('',#537,#3233);
#3233 = DEFINITIONAL_REPRESENTATION('',(#3234),#3238);
#3234 = LINE('',#3235,#3236);
#3235 = CARTESIAN_POINT('',(0.,-0.5));
#3236 = VECTOR('',#3237,1.);
#3237 = DIRECTION('',(1.,-0.));
#3238 = ( GEOMETRIC_REPRESENTATION_CONTEXT(2) 
PARAMETRIC_REPRESENTATION_CONTEXT() REPRESENTATION_CONTEXT('2D SPACE',''
  ) );
#3239 = ORIENTED_EDGE('',*,*,#551,.T.);
#3240 = ADVANCED_FACE('',(#3241),#353,.T.);
#3241 = FACE_BOUND('',#3242,.T.);
#3242 = EDGE_LOOP('',(#3243,#3244,#3245,#3266));
#3243 = ORIENTED_EDGE('',*,*,#337,.F.);
#3244 = ORIENTED_EDGE('',*,*,#396,.T.);
#3245 = ORIENTED_EDGE('',*,*,#3246,.T.);
#3246 = EDGE_CURVE('',#397,#3196,#3247,.T.);
#3247 = SURFACE_CURVE('',#3248,(#3252,#3259),.PCURVE_S1.);
#3248 = LINE('',#3249,#3250);
#3249 = CARTESIAN_POINT('',(35.,-64.75,17.75));
#3250 = VECTOR('',#3251,1.);
#3251 = DIRECTION('',(0.,0.707106781187,-0.707106781187));
#3252 = PCURVE('',#353,#3253);
#3253 = DEFINITIONAL_REPRESENTATION('',(#3254),#3258);
#3254 = LINE('',#3255,#3256);
#3255 = CARTESIAN_POINT('',(60.,0.));
#3256 = VECTOR('',#3257,1.);
#3257 = DIRECTION('',(0.,1.));
#3258 = ( GEOMETRIC_REPRESENTATION_CONTEXT(2) 
PARAMETRIC_REPRESENTATION_CONTEXT() REPRESENTATION_CONTEXT('2D SPACE',''
  ) );
#3259 = PCURVE('',#537,#3260);
#3260 = DEFINITIONAL_REPRESENTATION('',(#3261),#3265);
#3261 = LINE('',#3262,#3263);
#3262 = CARTESIAN_POINT('',(0.,-0.25));
#3263 = VECTOR('',#3264,1.);
#3264 = DIRECTION('',(0.,-1.));
#3265 = ( GEOMETRIC_REPRESENTATION_CONTEXT(2) 
PARAMETRIC_REPRESENTATION_CONTEXT() REPRESENTATION_CONTEXT('2D SPACE',''
  ) );
#3266 = ORIENTED_EDGE('',*,*,#3195,.F.);
#3267 = ADVANCED_FACE('',(#3268),#483,.T.);
#3268 = FACE_BOUND('',#3269,.F.);
#3269 = EDGE_LOOP('',(#3270,#3271,#3272,#3273));
#3270 = ORIENTED_EDGE('',*,*,#3168,.F.);
#3271 = ORIENTED_EDGE('',*,*,#599,.T.);
#3272 = ORIENTED_EDGE('',*,*,#466,.T.);
#3273 = ORIENTED_EDGE('',*,*,#626,.F.);
#3274 = ADVANCED_FACE('',(#3275),#537,.F.);
#3275 = FACE_BOUND('',#3276,.T.);
#3276 = EDGE_LOOP('',(#3277,#3278,#3279,#3280));
#3277 = ORIENTED_EDGE('',*,*,#3246,.F.);
#3278 = ORIENTED_EDGE('',*,*,#576,.T.);
#3279 = ORIENTED_EDGE('',*,*,#521,.T.);
#3280 = ORIENTED_EDGE('',*,*,#3218,.F.);
#3281 = ADVANCED_FACE('',(#3282),#692,.T.);
#3282 = FACE_BOUND('',#3283,.F.);
#3283 = EDGE_LOOP('',(#3284,#3307,#3308,#3331));
#3284 = ORIENTED_EDGE('',*,*,#3285,.T.);
#3285 = EDGE_CURVE('',#3286,#674,#3288,.T.);
#3286 = VERTEX_POINT('',#3287);
#3287 = CARTESIAN_POINT('',(-80.,70.,0.));
#3288 = SURFACE_CURVE('',#3289,(#3293,#3300),.PCURVE_S1.);
#3289 = LINE('',#3290,#3291);
#3290 = CARTESIAN_POINT('',(-80.,70.,0.));
#3291 = VECTOR('',#3292,1.);
#3292 = DIRECTION('',(0.,0.,1.));
#3293 = PCURVE('',#692,#3294);
#3294 = DEFINITIONAL_REPRESENTATION('',(#3295),#3299);
#3295 = LINE('',#3296,#3297);
#3296 = CARTESIAN_POINT('',(-1.570796326795,0.));
#3297 = VECTOR('',#3298,1.);
#3298 = DIRECTION('',(-0.,-1.));
#3299 = ( GEOMETRIC_REPRESENTATION_CONTEXT(2) 
PARAMETRIC_REPRESENTATION_CONTEXT() REPRESENTATION_CONTEXT('2D SPACE',''
  ) );
#3300 = PCURVE('',#1282,#3301);
#3301 = DEFINITIONAL_REPRESENTATION('',(#3302),#3306);
#3302 = LINE('',#3303,#3304);
#3303 = CARTESIAN_POINT('',(160.,0.));
#3304 = VECTOR('',#3305,1.);
#3305 = DIRECTION('',(0.,-1.));
#3306 = ( GEOMETRIC_REPRESENTATION_CONTEXT(2) 
PARAMETRIC_REPRESENTATION_CONTEXT() REPRESENTATION_CONTEXT('2D SPACE',''
  ) );
#3307 = ORIENTED_EDGE('',*,*,#673,.T.);
#3308 = ORIENTED_EDGE('',*,*,#3309,.F.);
#3309 = EDGE_CURVE('',#3310,#676,#3312,.T.);
#3310 = VERTEX_POINT('',#3311);
#3311 = CARTESIAN_POINT('',(-90.,60.,0.));
#3312 = SURFACE_CURVE('',#3313,(#3317,#3324),.PCURVE_S1.);
#3313 = LINE('',#3314,#3315);
#3314 = CARTESIAN_POINT('',(-90.,60.,0.));
#3315 = VECTOR('',#3316,1.);
#3316 = DIRECTION('',(0.,0.,1.));
#3317 = PCURVE('',#692,#3318);
#3318 = DEFINITIONAL_REPRESENTATION('',(#3319),#3323);
#3319 = LINE('',#3320,#3321);
#3320 = CARTESIAN_POINT('',(-3.14159265359,0.));
#3321 = VECTOR('',#3322,1.);
#3322 = DIRECTION('',(-0.,-1.));
#3323 = ( GEOMETRIC_REPRESENTATION_CONTEXT(2) 
PARAMETRIC_REPRESENTATION_CONTEXT() REPRESENTATION_CONTEXT('2D SPACE',''
  ) );
#3324 = PCURVE('',#720,#3325);
#3325 = DEFINITIONAL_REPRESENTATION('',(#3326),#3330);
#3326 = LINE('',#3327,#3328);
#3327 = CARTESIAN_POINT('',(0.,0.));
#3328 = VECTOR('',#3329,1.);
#3329 = DIRECTION('',(0.,-1.));
#3330 = ( GEOMETRIC_REPRESENTATION_CONTEXT(2) 
PARAMETRIC_REPRESENTATION_CONTEXT() REPRESENTATION_CONTEXT('2D SPACE',''
  ) );
#3331 = ORIENTED_EDGE('',*,*,#3332,.F.);
#3332 = EDGE_CURVE('',#3286,#3310,#3333,.T.);
#3333 = SURFACE_CURVE('',#3334,(#3339,#3346),.PCURVE_S1.);
#3334 = CIRCLE('',#3335,10.);
#3335 = AXIS2_PLACEMENT_3D('',#3336,#3337,#3338);
#3336 = CARTESIAN_POINT('',(-80.,60.,0.));
#3337 = DIRECTION('',(0.,0.,1.));
#3338 = DIRECTION('',(1.,0.,0.));
#3339 = PCURVE('',#692,#3340);
#3340 = DEFINITIONAL_REPRESENTATION('',(#3341),#3345);
#3341 = LINE('',#3342,#3343);
#3342 = CARTESIAN_POINT('',(-0.,0.));
#3343 = VECTOR('',#3344,1.);
#3344 = DIRECTION('',(-1.,0.));
#3345 = ( GEOMETRIC_REPRESENTATION_CONTEXT(2) 
PARAMETRIC_REPRESENTATION_CONTEXT() REPRESENTATION_CONTEXT('2D SPACE',''
  ) );
#3346 = PCURVE('',#3347,#3352);
#3347 = PLANE('',#3348);
#3348 = AXIS2_PLACEMENT_3D('',#3349,#3350,#3351);
#3349 = CARTESIAN_POINT('',(-1.32E-15,6.3E-15,0.));
#3350 = DIRECTION('',(0.,0.,1.));
#3351 = DIRECTION('',(1.,0.,0.));
#3352 = DEFINITIONAL_REPRESENTATION('',(#3353),#3357);
#3353 = CIRCLE('',#3354,10.);
#3354 = AXIS2_PLACEMENT_2D('',#3355,#3356);
#3355 = CARTESIAN_POINT('',(-80.,60.));
#3356 = DIRECTION('',(1.,0.));
#3357 = ( GEOMETRIC_REPRESENTATION_CONTEXT(2) 
PARAMETRIC_REPRESENTATION_CONTEXT() REPRESENTATION_CONTEXT('2D SPACE',''
  ) );
#3358 = ADVANCED_FACE('',(#3359),#1282,.F.);
#3359 = FACE_BOUND('',#3360,.F.);
#3360 = EDGE_LOOP('',(#3361,#3384,#3385,#3386));
#3361 = ORIENTED_EDGE('',*,*,#3362,.T.);
#3362 = EDGE_CURVE('',#3363,#1240,#3365,.T.);
#3363 = VERTEX_POINT('',#3364);
#3364 = CARTESIAN_POINT('',(80.,70.,0.));
#3365 = SURFACE_CURVE('',#3366,(#3370,#3377),.PCURVE_S1.);
#3366 = LINE('',#3367,#3368);
#3367 = CARTESIAN_POINT('',(80.,70.,0.));
#3368 = VECTOR('',#3369,1.);
#3369 = DIRECTION('',(0.,0.,1.));
#3370 = PCURVE('',#1282,#3371);
#3371 = DEFINITIONAL_REPRESENTATION('',(#3372),#3376);
#3372 = LINE('',#3373,#3374);
#3373 = CARTESIAN_POINT('',(0.,-0.));
#3374 = VECTOR('',#3375,1.);
#3375 = DIRECTION('',(0.,-1.));
#3376 = ( GEOMETRIC_REPRESENTATION_CONTEXT(2) 
PARAMETRIC_REPRESENTATION_CONTEXT() REPRESENTATION_CONTEXT('2D SPACE',''
  ) );
#3377 = PCURVE('',#1256,#3378);
#3378 = DEFINITIONAL_REPRESENTATION('',(#3379),#3383);
#3379 = LINE('',#3380,#3381);
#3380 = CARTESIAN_POINT('',(-1.570796326795,0.));
#3381 = VECTOR('',#3382,1.);
#3382 = DIRECTION('',(-0.,-1.));
#3383 = ( GEOMETRIC_REPRESENTATION_CONTEXT(2) 
PARAMETRIC_REPRESENTATION_CONTEXT() REPRESENTATION_CONTEXT('2D SPACE',''
  ) );
#3384 = ORIENTED_EDGE('',*,*,#1268,.T.);
#3385 = ORIENTED_EDGE('',*,*,#3285,.F.);
#3386 = ORIENTED_EDGE('',*,*,#3387,.F.);
#3387 = EDGE_CURVE('',#3363,#3286,#3388,.T.);
#3388 = SURFACE_CURVE('',#3389,(#3393,#3400),.PCURVE_S1.);
#3389 = LINE('',#3390,#3391);
#3390 = CARTESIAN_POINT('',(80.,70.,0.));
#3391 = VECTOR('',#3392,1.);
#3392 = DIRECTION('',(-1.,0.,0.));
#3393 = PCURVE('',#1282,#3394);
#3394 = DEFINITIONAL_REPRESENTATION('',(#3395),#3399);
#3395 = LINE('',#3396,#3397);
#3396 = CARTESIAN_POINT('',(0.,-0.));
#3397 = VECTOR('',#3398,1.);
#3398 = DIRECTION('',(1.,0.));
#3399 = ( GEOMETRIC_REPRESENTATION_CONTEXT(2) 
PARAMETRIC_REPRESENTATION_CONTEXT() REPRESENTATION_CONTEXT('2D SPACE',''
  ) );
#3400 = PCURVE('',#3347,#3401);
#3401 = DEFINITIONAL_REPRESENTATION('',(#3402),#3406);
#3402 = LINE('',#3403,#3404);
#3403 = CARTESIAN_POINT('',(80.,70.));
#3404 = VECTOR('',#3405,1.);
#3405 = DIRECTION('',(-1.,0.));
#3406 = ( GEOMETRIC_REPRESENTATION_CONTEXT(2) 
PARAMETRIC_REPRESENTATION_CONTEXT() REPRESENTATION_CONTEXT('2D SPACE',''
  ) );
#3407 = ADVANCED_FACE('',(#3408),#720,.F.);
#3408 = FACE_BOUND('',#3409,.F.);
#3409 = EDGE_LOOP('',(#3410,#3411,#3412,#3435));
#3410 = ORIENTED_EDGE('',*,*,#3309,.T.);
#3411 = ORIENTED_EDGE('',*,*,#704,.T.);
#3412 = ORIENTED_EDGE('',*,*,#3413,.F.);
#3413 = EDGE_CURVE('',#3414,#705,#3416,.T.);
#3414 = VERTEX_POINT('',#3415);
#3415 = CARTESIAN_POINT('',(-90.,-60.,0.));
#3416 = SURFACE_CURVE('',#3417,(#3421,#3428),.PCURVE_S1.);
#3417 = LINE('',#3418,#3419);
#3418 = CARTESIAN_POINT('',(-90.,-60.,0.));
#3419 = VECTOR('',#3420,1.);
#3420 = DIRECTION('',(0.,0.,1.));
#3421 = PCURVE('',#720,#3422);
#3422 = DEFINITIONAL_REPRESENTATION('',(#3423),#3427);
#3423 = LINE('',#3424,#3425);
#3424 = CARTESIAN_POINT('',(120.,0.));
#3425 = VECTOR('',#3426,1.);
#3426 = DIRECTION('',(0.,-1.));
#3427 = ( GEOMETRIC_REPRESENTATION_CONTEXT(2) 
PARAMETRIC_REPRESENTATION_CONTEXT() REPRESENTATION_CONTEXT('2D SPACE',''
  ) );
#3428 = PCURVE('',#749,#3429);
#3429 = DEFINITIONAL_REPRESENTATION('',(#3430),#3434);
#3430 = LINE('',#3431,#3432);
#3431 = CARTESIAN_POINT('',(-3.14159265359,0.));
#3432 = VECTOR('',#3433,1.);
#3433 = DIRECTION('',(-0.,-1.));
#3434 = ( GEOMETRIC_REPRESENTATION_CONTEXT(2) 
PARAMETRIC_REPRESENTATION_CONTEXT() REPRESENTATION_CONTEXT('2D SPACE',''
  ) );
#3435 = ORIENTED_EDGE('',*,*,#3436,.F.);
#3436 = EDGE_CURVE('',#3310,#3414,#3437,.T.);
#3437 = SURFACE_CURVE('',#3438,(#3442,#3449),.PCURVE_S1.);
#3438 = LINE('',#3439,#3440);
#3439 = CARTESIAN_POINT('',(-90.,60.,0.));
#3440 = VECTOR('',#3441,1.);
#3441 = DIRECTION('',(0.,-1.,0.));
#3442 = PCURVE('',#720,#3443);
#3443 = DEFINITIONAL_REPRESENTATION('',(#3444),#3448);
#3444 = LINE('',#3445,#3446);
#3445 = CARTESIAN_POINT('',(0.,0.));
#3446 = VECTOR('',#3447,1.);
#3447 = DIRECTION('',(1.,0.));
#3448 = ( GEOMETRIC_REPRESENTATION_CONTEXT(2) 
PARAMETRIC_REPRESENTATION_CONTEXT() REPRESENTATION_CONTEXT('2D SPACE',''
  ) );
#3449 = PCURVE('',#3347,#3450);
#3450 = DEFINITIONAL_REPRESENTATION('',(#3451),#3455);
#3451 = LINE('',#3452,#3453);
#3452 = CARTESIAN_POINT('',(-90.,60.));
#3453 = VECTOR('',#3454,1.);
#3454 = DIRECTION('',(0.,-1.));
#3455 = ( GEOMETRIC_REPRESENTATION_CONTEXT(2) 
PARAMETRIC_REPRESENTATION_CONTEXT() REPRESENTATION_CONTEXT('2D SPACE',''
  ) );
#3456 = ADVANCED_FACE('',(#3457),#1256,.T.);
#3457 = FACE_BOUND('',#3458,.F.);
#3458 = EDGE_LOOP('',(#3459,#3482,#3483,#3484));
#3459 = ORIENTED_EDGE('',*,*,#3460,.T.);
#3460 = EDGE_CURVE('',#3461,#1212,#3463,.T.);
#3461 = VERTEX_POINT('',#3462);
#3462 = CARTESIAN_POINT('',(90.,60.,0.));
#3463 = SURFACE_CURVE('',#3464,(#3468,#3475),.PCURVE_S1.);
#3464 = LINE('',#3465,#3466);
#3465 = CARTESIAN_POINT('',(90.,60.,0.));
#3466 = VECTOR('',#3467,1.);
#3467 = DIRECTION('',(0.,0.,1.));
#3468 = PCURVE('',#1256,#3469);
#3469 = DEFINITIONAL_REPRESENTATION('',(#3470),#3474);
#3470 = LINE('',#3471,#3472);
#3471 = CARTESIAN_POINT('',(-0.,0.));
#3472 = VECTOR('',#3473,1.);
#3473 = DIRECTION('',(-0.,-1.));
#3474 = ( GEOMETRIC_REPRESENTATION_CONTEXT(2) 
PARAMETRIC_REPRESENTATION_CONTEXT() REPRESENTATION_CONTEXT('2D SPACE',''
  ) );
#3475 = PCURVE('',#1227,#3476);
#3476 = DEFINITIONAL_REPRESENTATION('',(#3477),#3481);
#3477 = LINE('',#3478,#3479);
#3478 = CARTESIAN_POINT('',(120.,0.));
#3479 = VECTOR('',#3480,1.);
#3480 = DIRECTION('',(0.,-1.));
#3481 = ( GEOMETRIC_REPRESENTATION_CONTEXT(2) 
PARAMETRIC_REPRESENTATION_CONTEXT() REPRESENTATION_CONTEXT('2D SPACE',''
  ) );
#3482 = ORIENTED_EDGE('',*,*,#1239,.T.);
#3483 = ORIENTED_EDGE('',*,*,#3362,.F.);
#3484 = ORIENTED_EDGE('',*,*,#3485,.F.);
#3485 = EDGE_CURVE('',#3461,#3363,#3486,.T.);
#3486 = SURFACE_CURVE('',#3487,(#3492,#3499),.PCURVE_S1.);
#3487 = CIRCLE('',#3488,10.);
#3488 = AXIS2_PLACEMENT_3D('',#3489,#3490,#3491);
#3489 = CARTESIAN_POINT('',(80.,60.,0.));
#3490 = DIRECTION('',(0.,0.,1.));
#3491 = DIRECTION('',(1.,0.,0.));
#3492 = PCURVE('',#1256,#3493);
#3493 = DEFINITIONAL_REPRESENTATION('',(#3494),#3498);
#3494 = LINE('',#3495,#3496);
#3495 = CARTESIAN_POINT('',(-0.,0.));
#3496 = VECTOR('',#3497,1.);
#3497 = DIRECTION('',(-1.,0.));
#3498 = ( GEOMETRIC_REPRESENTATION_CONTEXT(2) 
PARAMETRIC_REPRESENTATION_CONTEXT() REPRESENTATION_CONTEXT('2D SPACE',''
  ) );
#3499 = PCURVE('',#3347,#3500);
#3500 = DEFINITIONAL_REPRESENTATION('',(#3501),#3505);
#3501 = CIRCLE('',#3502,10.);
#3502 = AXIS2_PLACEMENT_2D('',#3503,#3504);
#3503 = CARTESIAN_POINT('',(80.,60.));
#3504 = DIRECTION('',(1.,0.));
#3505 = ( GEOMETRIC_REPRESENTATION_CONTEXT(2) 
PARAMETRIC_REPRESENTATION_CONTEXT() REPRESENTATION_CONTEXT('2D SPACE',''
  ) );
#3506 = ADVANCED_FACE('',(#3507),#749,.T.);
#3507 = FACE_BOUND('',#3508,.F.);
#3508 = EDGE_LOOP('',(#3509,#3510,#3511,#3534));
#3509 = ORIENTED_EDGE('',*,*,#3413,.T.);
#3510 = ORIENTED_EDGE('',*,*,#732,.T.);
#3511 = ORIENTED_EDGE('',*,*,#3512,.F.);
#3512 = EDGE_CURVE('',#3513,#733,#3515,.T.);
#3513 = VERTEX_POINT('',#3514);
#3514 = CARTESIAN_POINT('',(-80.,-70.,0.));
#3515 = SURFACE_CURVE('',#3516,(#3520,#3527),.PCURVE_S1.);
#3516 = LINE('',#3517,#3518);
#3517 = CARTESIAN_POINT('',(-80.,-70.,0.));
#3518 = VECTOR('',#3519,1.);
#3519 = DIRECTION('',(0.,0.,1.));
#3520 = PCURVE('',#749,#3521);
#3521 = DEFINITIONAL_REPRESENTATION('',(#3522),#3526);
#3522 = LINE('',#3523,#3524);
#3523 = CARTESIAN_POINT('',(-4.712388980385,0.));
#3524 = VECTOR('',#3525,1.);
#3525 = DIRECTION('',(-0.,-1.));
#3526 = ( GEOMETRIC_REPRESENTATION_CONTEXT(2) 
PARAMETRIC_REPRESENTATION_CONTEXT() REPRESENTATION_CONTEXT('2D SPACE',''
  ) );
#3527 = PCURVE('',#777,#3528);
#3528 = DEFINITIONAL_REPRESENTATION('',(#3529),#3533);
#3529 = LINE('',#3530,#3531);
#3530 = CARTESIAN_POINT('',(0.,0.));
#3531 = VECTOR('',#3532,1.);
#3532 = DIRECTION('',(0.,-1.));
#3533 = ( GEOMETRIC_REPRESENTATION_CONTEXT(2) 
PARAMETRIC_REPRESENTATION_CONTEXT() REPRESENTATION_CONTEXT('2D SPACE',''
  ) );
#3534 = ORIENTED_EDGE('',*,*,#3535,.F.);
#3535 = EDGE_CURVE('',#3414,#3513,#3536,.T.);
#3536 = SURFACE_CURVE('',#3537,(#3542,#3549),.PCURVE_S1.);
#3537 = CIRCLE('',#3538,10.);
#3538 = AXIS2_PLACEMENT_3D('',#3539,#3540,#3541);
#3539 = CARTESIAN_POINT('',(-80.,-60.,0.));
#3540 = DIRECTION('',(0.,0.,1.));
#3541 = DIRECTION('',(1.,0.,0.));
#3542 = PCURVE('',#749,#3543);
#3543 = DEFINITIONAL_REPRESENTATION('',(#3544),#3548);
#3544 = LINE('',#3545,#3546);
#3545 = CARTESIAN_POINT('',(-0.,0.));
#3546 = VECTOR('',#3547,1.);
#3547 = DIRECTION('',(-1.,0.));
#3548 = ( GEOMETRIC_REPRESENTATION_CONTEXT(2) 
PARAMETRIC_REPRESENTATION_CONTEXT() REPRESENTATION_CONTEXT('2D SPACE',''
  ) );
#3549 = PCURVE('',#3347,#3550);
#3550 = DEFINITIONAL_REPRESENTATION('',(#3551),#3555);
#3551 = CIRCLE('',#3552,10.);
#3552 = AXIS2_PLACEMENT_2D('',#3553,#3554);
#3553 = CARTESIAN_POINT('',(-80.,-60.));
#3554 = DIRECTION('',(1.,0.));
#3555 = ( GEOMETRIC_REPRESENTATION_CONTEXT(2) 
PARAMETRIC_REPRESENTATION_CONTEXT() REPRESENTATION_CONTEXT('2D SPACE',''
  ) );
#3556 = ADVANCED_FACE('',(#3557),#1227,.F.);
#3557 = FACE_BOUND('',#3558,.F.);
#3558 = EDGE_LOOP('',(#3559,#3582,#3583,#3584));
#3559 = ORIENTED_EDGE('',*,*,#3560,.T.);
#3560 = EDGE_CURVE('',#3561,#1183,#3563,.T.);
#3561 = VERTEX_POINT('',#3562);
#3562 = CARTESIAN_POINT('',(90.,-60.,0.));
#3563 = SURFACE_CURVE('',#3564,(#3568,#3575),.PCURVE_S1.);
#3564 = LINE('',#3565,#3566);
#3565 = CARTESIAN_POINT('',(90.,-60.,0.));
#3566 = VECTOR('',#3567,1.);
#3567 = DIRECTION('',(0.,0.,1.));
#3568 = PCURVE('',#1227,#3569);
#3569 = DEFINITIONAL_REPRESENTATION('',(#3570),#3574);
#3570 = LINE('',#3571,#3572);
#3571 = CARTESIAN_POINT('',(0.,0.));
#3572 = VECTOR('',#3573,1.);
#3573 = DIRECTION('',(0.,-1.));
#3574 = ( GEOMETRIC_REPRESENTATION_CONTEXT(2) 
PARAMETRIC_REPRESENTATION_CONTEXT() REPRESENTATION_CONTEXT('2D SPACE',''
  ) );
#3575 = PCURVE('',#1199,#3576);
#3576 = DEFINITIONAL_REPRESENTATION('',(#3577),#3581);
#3577 = LINE('',#3578,#3579);
#3578 = CARTESIAN_POINT('',(-6.28318530718,0.));
#3579 = VECTOR('',#3580,1.);
#3580 = DIRECTION('',(-0.,-1.));
#3581 = ( GEOMETRIC_REPRESENTATION_CONTEXT(2) 
PARAMETRIC_REPRESENTATION_CONTEXT() REPRESENTATION_CONTEXT('2D SPACE',''
  ) );
#3582 = ORIENTED_EDGE('',*,*,#1211,.T.);
#3583 = ORIENTED_EDGE('',*,*,#3460,.F.);
#3584 = ORIENTED_EDGE('',*,*,#3585,.F.);
#3585 = EDGE_CURVE('',#3561,#3461,#3586,.T.);
#3586 = SURFACE_CURVE('',#3587,(#3591,#3598),.PCURVE_S1.);
#3587 = LINE('',#3588,#3589);
#3588 = CARTESIAN_POINT('',(90.,-60.,0.));
#3589 = VECTOR('',#3590,1.);
#3590 = DIRECTION('',(0.,1.,0.));
#3591 = PCURVE('',#1227,#3592);
#3592 = DEFINITIONAL_REPRESENTATION('',(#3593),#3597);
#3593 = LINE('',#3594,#3595);
#3594 = CARTESIAN_POINT('',(0.,0.));
#3595 = VECTOR('',#3596,1.);
#3596 = DIRECTION('',(1.,0.));
#3597 = ( GEOMETRIC_REPRESENTATION_CONTEXT(2) 
PARAMETRIC_REPRESENTATION_CONTEXT() REPRESENTATION_CONTEXT('2D SPACE',''
  ) );
#3598 = PCURVE('',#3347,#3599);
#3599 = DEFINITIONAL_REPRESENTATION('',(#3600),#3604);
#3600 = LINE('',#3601,#3602);
#3601 = CARTESIAN_POINT('',(90.,-60.));
#3602 = VECTOR('',#3603,1.);
#3603 = DIRECTION('',(0.,1.));
#3604 = ( GEOMETRIC_REPRESENTATION_CONTEXT(2) 
PARAMETRIC_REPRESENTATION_CONTEXT() REPRESENTATION_CONTEXT('2D SPACE',''
  ) );
#3605 = ADVANCED_FACE('',(#3606),#777,.F.);
#3606 = FACE_BOUND('',#3607,.F.);
#3607 = EDGE_LOOP('',(#3608,#3631,#3632,#3655,#3676,#3677,#3678,#3701,
    #3949,#3977));
#3608 = ORIENTED_EDGE('',*,*,#3609,.F.);
#3609 = EDGE_CURVE('',#1132,#3610,#3612,.T.);
#3610 = VERTEX_POINT('',#3611);
#3611 = CARTESIAN_POINT('',(-40.,-70.,7.));
#3612 = SURFACE_CURVE('',#3613,(#3617,#3624),.PCURVE_S1.);
#3613 = LINE('',#3614,#3615);
#3614 = CARTESIAN_POINT('',(-40.,-70.,10.));
#3615 = VECTOR('',#3616,1.);
#3616 = DIRECTION('',(0.,0.,-1.));
#3617 = PCURVE('',#777,#3618);
#3618 = DEFINITIONAL_REPRESENTATION('',(#3619),#3623);
#3619 = LINE('',#3620,#3621);
#3620 = CARTESIAN_POINT('',(40.,-10.));
#3621 = VECTOR('',#3622,1.);
#3622 = DIRECTION('',(0.,1.));
#3623 = ( GEOMETRIC_REPRESENTATION_CONTEXT(2) 
PARAMETRIC_REPRESENTATION_CONTEXT() REPRESENTATION_CONTEXT('2D SPACE',''
  ) );
#3624 = PCURVE('',#1147,#3625);
#3625 = DEFINITIONAL_REPRESENTATION('',(#3626),#3630);
#3626 = LINE('',#3627,#3628);
#3627 = CARTESIAN_POINT('',(5.,-10.));
#3628 = VECTOR('',#3629,1.);
#3629 = DIRECTION('',(0.,-1.));
#3630 = ( GEOMETRIC_REPRESENTATION_CONTEXT(2) 
PARAMETRIC_REPRESENTATION_CONTEXT() REPRESENTATION_CONTEXT('2D SPACE',''
  ) );
#3631 = ORIENTED_EDGE('',*,*,#1159,.T.);
#3632 = ORIENTED_EDGE('',*,*,#3633,.F.);
#3633 = EDGE_CURVE('',#3634,#1160,#3636,.T.);
#3634 = VERTEX_POINT('',#3635);
#3635 = CARTESIAN_POINT('',(80.,-70.,0.));
#3636 = SURFACE_CURVE('',#3637,(#3641,#3648),.PCURVE_S1.);
#3637 = LINE('',#3638,#3639);
#3638 = CARTESIAN_POINT('',(80.,-70.,0.));
#3639 = VECTOR('',#3640,1.);
#3640 = DIRECTION('',(0.,0.,1.));
#3641 = PCURVE('',#777,#3642);
#3642 = DEFINITIONAL_REPRESENTATION('',(#3643),#3647);
#3643 = LINE('',#3644,#3645);
#3644 = CARTESIAN_POINT('',(160.,0.));
#3645 = VECTOR('',#3646,1.);
#3646 = DIRECTION('',(0.,-1.));
#3647 = ( GEOMETRIC_REPRESENTATION_CONTEXT(2) 
PARAMETRIC_REPRESENTATION_CONTEXT() REPRESENTATION_CONTEXT('2D SPACE',''
  ) );
#3648 = PCURVE('',#1199,#3649);
#3649 = DEFINITIONAL_REPRESENTATION('',(#3650),#3654);
#3650 = LINE('',#3651,#3652);
#3651 = CARTESIAN_POINT('',(-4.712388980385,0.));
#3652 = VECTOR('',#3653,1.);
#3653 = DIRECTION('',(-0.,-1.));
#3654 = ( GEOMETRIC_REPRESENTATION_CONTEXT(2) 
PARAMETRIC_REPRESENTATION_CONTEXT() REPRESENTATION_CONTEXT('2D SPACE',''
  ) );
#3655 = ORIENTED_EDGE('',*,*,#3656,.F.);
#3656 = EDGE_CURVE('',#3513,#3634,#3657,.T.);
#3657 = SURFACE_CURVE('',#3658,(#3662,#3669),.PCURVE_S1.);
#3658 = LINE('',#3659,#3660);
#3659 = CARTESIAN_POINT('',(-80.,-70.,0.));
#3660 = VECTOR('',#3661,1.);
#3661 = DIRECTION('',(1.,0.,0.));
#3662 = PCURVE('',#777,#3663);
#3663 = DEFINITIONAL_REPRESENTATION('',(#3664),#3668);
#3664 = LINE('',#3665,#3666);
#3665 = CARTESIAN_POINT('',(0.,0.));
#3666 = VECTOR('',#3667,1.);
#3667 = DIRECTION('',(1.,0.));
#3668 = ( GEOMETRIC_REPRESENTATION_CONTEXT(2) 
PARAMETRIC_REPRESENTATION_CONTEXT() REPRESENTATION_CONTEXT('2D SPACE',''
  ) );
#3669 = PCURVE('',#3347,#3670);
#3670 = DEFINITIONAL_REPRESENTATION('',(#3671),#3675);
#3671 = LINE('',#3672,#3673);
#3672 = CARTESIAN_POINT('',(-80.,-70.));
#3673 = VECTOR('',#3674,1.);
#3674 = DIRECTION('',(1.,0.));
#3675 = ( GEOMETRIC_REPRESENTATION_CONTEXT(2) 
PARAMETRIC_REPRESENTATION_CONTEXT() REPRESENTATION_CONTEXT('2D SPACE',''
  ) );
#3676 = ORIENTED_EDGE('',*,*,#3512,.T.);
#3677 = ORIENTED_EDGE('',*,*,#761,.T.);
#3678 = ORIENTED_EDGE('',*,*,#3679,.F.);
#3679 = EDGE_CURVE('',#3680,#762,#3682,.T.);
#3680 = VERTEX_POINT('',#3681);
#3681 = CARTESIAN_POINT('',(-78.,-70.,7.));
#3682 = SURFACE_CURVE('',#3683,(#3687,#3694),.PCURVE_S1.);
#3683 = LINE('',#3684,#3685);
#3684 = CARTESIAN_POINT('',(-78.,-70.,10.));
#3685 = VECTOR('',#3686,1.);
#3686 = DIRECTION('',(0.,0.,1.));
#3687 = PCURVE('',#777,#3688);
#3688 = DEFINITIONAL_REPRESENTATION('',(#3689),#3693);
#3689 = LINE('',#3690,#3691);
#3690 = CARTESIAN_POINT('',(2.,-10.));
#3691 = VECTOR('',#3692,1.);
#3692 = DIRECTION('',(0.,-1.));
#3693 = ( GEOMETRIC_REPRESENTATION_CONTEXT(2) 
PARAMETRIC_REPRESENTATION_CONTEXT() REPRESENTATION_CONTEXT('2D SPACE',''
  ) );
#3694 = PCURVE('',#805,#3695);
#3695 = DEFINITIONAL_REPRESENTATION('',(#3696),#3700);
#3696 = LINE('',#3697,#3698);
#3697 = CARTESIAN_POINT('',(2.,-10.));
#3698 = VECTOR('',#3699,1.);
#3699 = DIRECTION('',(0.,1.));
#3700 = ( GEOMETRIC_REPRESENTATION_CONTEXT(2) 
PARAMETRIC_REPRESENTATION_CONTEXT() REPRESENTATION_CONTEXT('2D SPACE',''
  ) );
#3701 = ORIENTED_EDGE('',*,*,#3702,.F.);
#3702 = EDGE_CURVE('',#3703,#3680,#3705,.T.);
#3703 = VERTEX_POINT('',#3704);
#3704 = CARTESIAN_POINT('',(-76.,-70.,3.));
#3705 = SURFACE_CURVE('',#3706,(#3730,#3757),.PCURVE_S1.);
#3706 = B_SPLINE_CURVE_WITH_KNOTS('',8,(#3707,#3708,#3709,#3710,#3711,
    #3712,#3713,#3714,#3715,#3716,#3717,#3718,#3719,#3720,#3721,#3722,
    #3723,#3724,#3725,#3726,#3727,#3728,#3729),.UNSPECIFIED.,.F.,.F.,(9,
    7,7,9),(0.,0.25,0.5,1.),.UNSPECIFIED.);
#3707 = CARTESIAN_POINT('',(-76.,-70.,3.));
#3708 = CARTESIAN_POINT('',(-76.15035767709,-70.,3.));
#3709 = CARTESIAN_POINT('',(-76.29784072925,-70.,3.034355436851));
#3710 = CARTESIAN_POINT('',(-76.44075291445,-70.,3.099429774304));
#3711 = CARTESIAN_POINT('',(-76.56491561643,-70.,3.185522078229));
#3712 = CARTESIAN_POINT('',(-76.68181195507,-70.,3.278540888347));
#3713 = CARTESIAN_POINT('',(-76.78946840114,-70.,3.385671842536));
#3714 = CARTESIAN_POINT('',(-76.88857590889,-70.,3.49738907522));
#3715 = CARTESIAN_POINT('',(-77.07319119427,-70.,3.733073738627));
#3716 = CARTESIAN_POINT('',(-77.15850150477,-69.99999999999,
    3.856521673336));
#3717 = CARTESIAN_POINT('',(-77.23759240594,-70.,3.984056048774));
#3718 = CARTESIAN_POINT('',(-77.31109922576,-69.99999999999,
    4.114720599784));
#3719 = CARTESIAN_POINT('',(-77.37952615882,-70.,4.247958829579));
#3720 = CARTESIAN_POINT('',(-77.4432577276,-69.99999999999,
    4.383450880984));
#3721 = CARTESIAN_POINT('',(-77.50257024399,-70.,4.52095040769));
#3722 = CARTESIAN_POINT('',(-77.66778932389,-70.,4.938463521124));
#3723 = CARTESIAN_POINT('',(-77.76103423428,-70.,5.223672955681));
#3724 = CARTESIAN_POINT('',(-77.83879498271,-70.,5.51341689927));
#3725 = CARTESIAN_POINT('',(-77.90173648692,-70.,5.806738571489));
#3726 = CARTESIAN_POINT('',(-77.94992271392,-70.,6.102999645784));
#3727 = CARTESIAN_POINT('',(-77.98294106029,-70.,6.401336816134));
#3728 = CARTESIAN_POINT('',(-78.,-70.,6.700632546062));
#3729 = CARTESIAN_POINT('',(-78.,-70.,7.));
#3730 = PCURVE('',#777,#3731);
#3731 = DEFINITIONAL_REPRESENTATION('',(#3732),#3756);
#3732 = B_SPLINE_CURVE_WITH_KNOTS('',8,(#3733,#3734,#3735,#3736,#3737,
    #3738,#3739,#3740,#3741,#3742,#3743,#3744,#3745,#3746,#3747,#3748,
    #3749,#3750,#3751,#3752,#3753,#3754,#3755),.UNSPECIFIED.,.F.,.F.,(9,
    7,7,9),(0.,0.25,0.5,1.),.UNSPECIFIED.);
#3733 = CARTESIAN_POINT('',(4.,-3.));
#3734 = CARTESIAN_POINT('',(3.849642322902,-3.));
#3735 = CARTESIAN_POINT('',(3.70215927075,-3.034355436851));
#3736 = CARTESIAN_POINT('',(3.559247085549,-3.099429774304));
#3737 = CARTESIAN_POINT('',(3.435084383569,-3.185522078229));
#3738 = CARTESIAN_POINT('',(3.318188044921,-3.278540888347));
#3739 = CARTESIAN_POINT('',(3.210531598858,-3.385671842536));
#3740 = CARTESIAN_POINT('',(3.111424091102,-3.49738907522));
#3741 = CARTESIAN_POINT('',(2.926808805727,-3.733073738627));
#3742 = CARTESIAN_POINT('',(2.841498495226,-3.856521673336));
#3743 = CARTESIAN_POINT('',(2.762407594056,-3.984056048774));
#3744 = CARTESIAN_POINT('',(2.688900774236,-4.114720599784));
#3745 = CARTESIAN_POINT('',(2.620473841179,-4.247958829579));
#3746 = CARTESIAN_POINT('',(2.556742272398,-4.383450880984));
#3747 = CARTESIAN_POINT('',(2.497429756001,-4.52095040769));
#3748 = CARTESIAN_POINT('',(2.332210676101,-4.938463521124));
#3749 = CARTESIAN_POINT('',(2.23896576572,-5.223672955681));
#3750 = CARTESIAN_POINT('',(2.161205017284,-5.51341689927));
#3751 = CARTESIAN_POINT('',(2.098263513079,-5.806738571489));
#3752 = CARTESIAN_POINT('',(2.050077286075,-6.102999645784));
#3753 = CARTESIAN_POINT('',(2.017058939708,-6.401336816134));
#3754 = CARTESIAN_POINT('',(2.,-6.700632546062));
#3755 = CARTESIAN_POINT('',(2.,-7.));
#3756 = ( GEOMETRIC_REPRESENTATION_CONTEXT(2) 
PARAMETRIC_REPRESENTATION_CONTEXT() REPRESENTATION_CONTEXT('2D SPACE',''
  ) );
#3757 = PCURVE('',#3758,#3943);
#3758 = B_SPLINE_SURFACE_WITH_KNOTS('',7,8,(
    (#3759,#3760,#3761,#3762,#3763,#3764,#3765,#3766,#3767,#3768,#3769
      ,#3770,#3771,#3772,#3773,#3774,#3775,#3776,#3777,#3778,#3779,#3780
      ,#3781)
    ,(#3782,#3783,#3784,#3785,#3786,#3787,#3788,#3789,#3790,#3791,#3792
      ,#3793,#3794,#3795,#3796,#3797,#3798,#3799,#3800,#3801,#3802,#3803
      ,#3804)
    ,(#3805,#3806,#3807,#3808,#3809,#3810,#3811,#3812,#3813,#3814,#3815
      ,#3816,#3817,#3818,#3819,#3820,#3821,#3822,#3823,#3824,#3825,#3826
      ,#3827)
    ,(#3828,#3829,#3830,#3831,#3832,#3833,#3834,#3835,#3836,#3837,#3838
      ,#3839,#3840,#3841,#3842,#3843,#3844,#3845,#3846,#3847,#3848,#3849
      ,#3850)
    ,(#3851,#3852,#3853,#3854,#3855,#3856,#3857,#3858,#3859,#3860,#3861
      ,#3862,#3863,#3864,#3865,#3866,#3867,#3868,#3869,#3870,#3871,#3872
      ,#3873)
    ,(#3874,#3875,#3876,#3877,#3878,#3879,#3880,#3881,#3882,#3883,#3884
      ,#3885,#3886,#3887,#3888,#3889,#3890,#3891,#3892,#3893,#3894,#3895
      ,#3896)
    ,(#3897,#3898,#3899,#3900,#3901,#3902,#3903,#3904,#3905,#3906,#3907
      ,#3908,#3909,#3910,#3911,#3912,#3913,#3914,#3915,#3916,#3917,#3918
      ,#3919)
    ,(#3920,#3921,#3922,#3923,#3924,#3925,#3926,#3927,#3928,#3929,#3930
      ,#3931,#3932,#3933,#3934,#3935,#3936,#3937,#3938,#3939,#3940,#3941
      ,#3942
    )),.UNSPECIFIED.,.F.,.F.,.F.,(8,8),(9,7,7,9),(0.,1.),(0.,0.25,0.5,1.
    ),.UNSPECIFIED.);
#3759 = CARTESIAN_POINT('',(-76.,-70.,3.));
#3760 = CARTESIAN_POINT('',(-76.15035767709,-70.,3.));
#3761 = CARTESIAN_POINT('',(-76.29784072925,-70.,3.034355436851));
#3762 = CARTESIAN_POINT('',(-76.44075291445,-70.,3.099429774304));
#3763 = CARTESIAN_POINT('',(-76.56491561643,-70.,3.185522078229));
#3764 = CARTESIAN_POINT('',(-76.68181195507,-70.,3.278540888347));
#3765 = CARTESIAN_POINT('',(-76.78946840114,-70.,3.385671842536));
#3766 = CARTESIAN_POINT('',(-76.88857590889,-70.,3.49738907522));
#3767 = CARTESIAN_POINT('',(-77.07319119427,-70.,3.733073738627));
#3768 = CARTESIAN_POINT('',(-77.15850150477,-69.99999999999,
    3.856521673336));
#3769 = CARTESIAN_POINT('',(-77.23759240594,-70.,3.984056048774));
#3770 = CARTESIAN_POINT('',(-77.31109922576,-69.99999999999,
    4.114720599784));
#3771 = CARTESIAN_POINT('',(-77.37952615882,-70.,4.247958829579));
#3772 = CARTESIAN_POINT('',(-77.4432577276,-69.99999999999,
    4.383450880984));
#3773 = CARTESIAN_POINT('',(-77.50257024399,-70.,4.52095040769));
#3774 = CARTESIAN_POINT('',(-77.66778932389,-70.,4.938463521124));
#3775 = CARTESIAN_POINT('',(-77.76103423428,-70.,5.223672955681));
#3776 = CARTESIAN_POINT('',(-77.83879498271,-70.,5.51341689927));
#3777 = CARTESIAN_POINT('',(-77.90173648692,-70.,5.806738571489));
#3778 = CARTESIAN_POINT('',(-77.94992271392,-70.,6.102999645784));
#3779 = CARTESIAN_POINT('',(-77.98294106029,-70.,6.401336816134));
#3780 = CARTESIAN_POINT('',(-78.,-70.,6.700632546062));
#3781 = CARTESIAN_POINT('',(-78.,-70.,7.));
#3782 = CARTESIAN_POINT('',(-76.,-70.,3.448798950513));
#3783 = CARTESIAN_POINT('',(-76.14290297614,-70.,3.443702554738));
#3784 = CARTESIAN_POINT('',(-76.28334198805,-70.,3.468840475084));
#3785 = CARTESIAN_POINT('',(-76.41981161813,-70.,3.521095680481));
#3786 = CARTESIAN_POINT('',(-76.54010727087,-70.,3.592149040055));
#3787 = CARTESIAN_POINT('',(-76.65402052166,-70.,3.669914070331));
#3788 = CARTESIAN_POINT('',(-76.75980946935,-70.,3.760537808041));
#3789 = CARTESIAN_POINT('',(-76.85801723673,-70.,3.855839255543));
#3790 = CARTESIAN_POINT('',(-77.04217367019,-70.,4.058396134947));
#3791 = CARTESIAN_POINT('',(-77.12795308506,-69.99999999999,
    4.165206274594));
#3792 = CARTESIAN_POINT('',(-77.20805289325,-70.,4.276226300545));
#3793 = CARTESIAN_POINT('',(-77.28297164774,-69.99999999999,
    4.390613088277));
#3794 = CARTESIAN_POINT('',(-77.35309741299,-70.,4.507862597892));
#3795 = CARTESIAN_POINT('',(-77.41871791831,-69.99999999999,
    4.627670269615));
#3796 = CARTESIAN_POINT('',(-77.48003071149,-70.,4.749791419297));
#3797 = CARTESIAN_POINT('',(-77.65139851394,-70.,5.122122063162));
#3798 = CARTESIAN_POINT('',(-77.74893160361,-70.,5.378454170796));
#3799 = CARTESIAN_POINT('',(-77.83067590252,-70.,5.640607214604));
#3800 = CARTESIAN_POINT('',(-77.89695566555,-70.,5.907423787818));
#3801 = CARTESIAN_POINT('',(-77.94763500846,-70.,6.177983037604));
#3802 = CARTESIAN_POINT('',(-77.98223086874,-70.,6.451145875865));
#3803 = CARTESIAN_POINT('',(-78.,-70.,6.725542182339));
#3804 = CARTESIAN_POINT('',(-78.,-70.,7.));
#3805 = CARTESIAN_POINT('',(-75.99999999999,-69.88250222689,
    3.897595729967));
#3806 = CARTESIAN_POINT('',(-76.13544827519,-69.88517382131,
    3.889721340036));
#3807 = CARTESIAN_POINT('',(-76.26785656365,-69.87032622746,
    3.919913163878));
#3808 = CARTESIAN_POINT('',(-76.39637073009,-69.86639664618,
    3.960642423576));
#3809 = CARTESIAN_POINT('',(-76.51302801004,-69.86378088483,
    4.01525928003));
#3810 = CARTESIAN_POINT('',(-76.62418997397,-69.86238509912,
    4.076126664497));
#3811 = CARTESIAN_POINT('',(-76.72878554804,-69.86211544476,
    4.147103839081));
#3812 = CARTESIAN_POINT('',(-76.82705163934,-69.86287807749,
    4.222992672457));
#3813 = CARTESIAN_POINT('',(-77.01282713299,-69.86628022855,
    4.386138787308));
#3814 = CARTESIAN_POINT('',(-77.10021920156,-69.86891974688,
    4.473115252168));
#3815 = CARTESIAN_POINT('',(-77.18247746276,-69.87240386373,
    4.564611709544));
#3816 = CARTESIAN_POINT('',(-77.2598843828,-69.87663873481,
    4.660034677167));
#3817 = CARTESIAN_POINT('',(-77.33265156388,-69.88153051587,
    4.758993464921));
#3818 = CARTESIAN_POINT('',(-77.40092828477,-69.8869853626,
    4.861213034343));
#3819 = CARTESIAN_POINT('',(-77.46481004142,-69.89290943073,
    4.966446858127));
#3820 = CARTESIAN_POINT('',(-77.64342117985,-69.91180776648,
    5.290275622615));
#3821 = CARTESIAN_POINT('',(-77.74514924522,-69.92590816546,
    5.517096529096));
#3822 = CARTESIAN_POINT('',(-77.82991264095,-69.94075931869,
    5.752593880909));
#3823 = CARTESIAN_POINT('',(-77.89782475993,-69.95561047191,
    5.995089122089));
#3824 = CARTESIAN_POINT('',(-77.9488588126,-69.96971087089,
    6.242952164465));
#3825 = CARTESIAN_POINT('',(-77.98293970319,-69.9823097614,
    6.494355123559));
#3826 = CARTESIAN_POINT('',(-78.,-69.97363569242,6.764325849929));
#3827 = CARTESIAN_POINT('',(-78.,-70.,7.));
#3828 = CARTESIAN_POINT('',(-76.,-69.6475254444,4.309493881646));
#3829 = CARTESIAN_POINT('',(-76.12799357424,-69.65552365501,
    4.30010728832));
#3830 = CARTESIAN_POINT('',(-76.25328505913,-69.65550112,4.314292785317)
  );
#3831 = CARTESIAN_POINT('',(-76.37534101629,-69.66104300413,
    4.342262358792));
#3832 = CARTESIAN_POINT('',(-76.48726647529,-69.66753082949,
    4.382657404267));
#3833 = CARTESIAN_POINT('',(-76.59454758684,-69.67489702886,
    4.429252010294));
#3834 = CARTESIAN_POINT('',(-76.69636340825,-69.683074035,4.485189118235
    ));
#3835 = CARTESIAN_POINT('',(-76.79274382048,-69.69199428069,
    4.546212847558));
#3836 = CARTESIAN_POINT('',(-76.97629621725,-69.7111861167,
    4.679641496397));
#3837 = CARTESIAN_POINT('',(-77.06335583425,-69.72145770702,
    4.751817776171));
#3838 = CARTESIAN_POINT('',(-77.14594831353,-69.73233740242,
    4.828706638864));
#3839 = CARTESIAN_POINT('',(-77.22424874006,-69.74375763566,
    4.90978648483));
#3840 = CARTESIAN_POINT('',(-77.29836726164,-69.75565083954,
    4.994693338103));
#3841 = CARTESIAN_POINT('',(-77.36835851018,-69.76794944679,
    5.083150697293));
#3842 = CARTESIAN_POINT('',(-77.43423102322,-69.78058589021,
    5.174899386474));
#3843 = CARTESIAN_POINT('',(-77.61940794935,-69.81930602723,
    5.459083445297));
#3844 = CARTESIAN_POINT('',(-77.72630196592,-69.84620052761,
    5.660538184595));
#3845 = CARTESIAN_POINT('',(-77.81638114883,-69.87363556585,
    5.871628288976));
#3846 = CARTESIAN_POINT('',(-77.88921631774,-69.90107060408,
    6.090378464812));
#3847 = CARTESIAN_POINT('',(-77.94434810142,-69.92796510446,
    6.31479512545));
#3848 = CARTESIAN_POINT('',(-77.98137670202,-69.95377852914,
    6.542699316386));
#3849 = CARTESIAN_POINT('',(-78.,-69.96886851895,6.777186882279));
#3850 = CARTESIAN_POINT('',(-78.,-70.,7.));
#3851 = CARTESIAN_POINT('',(-75.99999999999,-69.30949388164,
    4.647525444404));
#3852 = CARTESIAN_POINT('',(-76.12053887328,-69.32648115294,
    4.636177638414));
#3853 = CARTESIAN_POINT('',(-76.23891089124,-69.34912741418,
    4.632345894695));
#3854 = CARTESIAN_POINT('',(-76.35481122083,-69.36933375398,
    4.648141784971));
#3855 = CARTESIAN_POINT('',(-76.46195912359,-69.38977722552,
    4.675692157426));
#3856 = CARTESIAN_POINT('',(-76.56531302256,-69.41044089079,
    4.709675299894));
#3857 = CARTESIAN_POINT('',(-76.66421426635,-69.43130781183,
    4.752749597273));
#3858 = CARTESIAN_POINT('',(-76.75851738666,-69.45236105064,
    4.801255749724));
#3859 = CARTESIAN_POINT('',(-76.93943110413,-69.49480628787,
    4.910081259886));
#3860 = CARTESIAN_POINT('',(-77.0259295597,-69.51619828629,
    4.970206100351));
#3861 = CARTESIAN_POINT('',(-77.10862634785,-69.53774272653,
    5.035361415808));
#3862 = CARTESIAN_POINT('',(-77.1876050347,-69.55942267061,
    5.105052118488));
#3863 = CARTESIAN_POINT('',(-77.26288638004,-69.58122118055,
    5.178910697574));
#3864 = CARTESIAN_POINT('',(-77.33443870043,-69.60312131837,
    5.256638273544));
#3865 = CARTESIAN_POINT('',(-77.40218823254,-69.62510614609,
    5.337945652496));
#3866 = CARTESIAN_POINT('',(-77.59371202368,-69.69126388501,
    5.591591836478));
#3867 = CARTESIAN_POINT('',(-77.70579063216,-69.73564005198,
    5.773724942763));
#3868 = CARTESIAN_POINT('',(-77.80137849299,-69.78015172278,
    5.966283080855));
#3869 = CARTESIAN_POINT('',(-77.8794778924,-69.82466339359,
    6.166913760653));
#3870 = CARTESIAN_POINT('',(-77.93913508832,-69.86903956055,
    6.373200675459));
#3871 = CARTESIAN_POINT('',(-77.97952989565,-69.91314471984,
    6.582551840227));
#3872 = CARTESIAN_POINT('',(-78.,-69.96223134986,6.783195991748));
#3873 = CARTESIAN_POINT('',(-78.,-70.,7.));
#3874 = CARTESIAN_POINT('',(-76.,-68.89759572997,4.882502226897));
#3875 = CARTESIAN_POINT('',(-76.11308417233,-68.92938648056,
    4.871128293731));
#3876 = CARTESIAN_POINT('',(-76.22467177334,-68.97735628919,
    4.855608792552));
#3877 = CARTESIAN_POINT('',(-76.33457559329,-69.0160356711,4.86315217252
    ));
#3878 = CARTESIAN_POINT('',(-76.43735545802,-69.05398407178,
    4.881620332487));
#3879 = CARTESIAN_POINT('',(-76.53720784657,-69.0912537042,
    4.906651721471));
#3880 = CARTESIAN_POINT('',(-76.63358322741,-69.12789678128,
    4.940387440984));
#3881 = CARTESIAN_POINT('',(-76.72620621871,-69.16396551599,
    4.979805776549));
#3882 = CARTESIAN_POINT('',(-76.90515558816,-69.23505872651,
    5.070692203692));
#3883 = CARTESIAN_POINT('',(-76.99137930534,-69.27008320233,
    5.122001886776));
#3884 = CARTESIAN_POINT('',(-77.07440279223,-69.30463776166,
    5.178575235026));
#3885 = CARTESIAN_POINT('',(-77.15421133041,-69.33877461744,
    5.239954147326));
#3886 = CARTESIAN_POINT('',(-77.23073498699,-69.3725459826,
    5.305777856031));
#3887 = CARTESIAN_POINT('',(-77.30385885577,-69.4060040701,
    5.375735557188));
#3888 = CARTESIAN_POINT('',(-77.37343329846,-69.43920109289,
    5.449519040781));
#3889 = CARTESIAN_POINT('',(-77.57098596069,-69.53816560591,
    5.681287881299));
#3890 = CARTESIAN_POINT('',(-77.6878195955,-69.60330654081,
    5.849749542053));
#3891 = CARTESIAN_POINT('',(-77.78834646125,-69.66802977217,
    6.029404779346));
#3892 = CARTESIAN_POINT('',(-77.8710882859,-69.73275300353,
    6.217631982021));
#3893 = CARTESIAN_POINT('',(-77.93468242712,-69.79789393844,
    6.411703247826));
#3894 = CARTESIAN_POINT('',(-77.97796759149,-69.86387028045,
    6.608720474068));
#3895 = CARTESIAN_POINT('',(-78.,-69.94811419825,6.786707045963));
#3896 = CARTESIAN_POINT('',(-78.,-70.,7.));
#3897 = CARTESIAN_POINT('',(-76.,-68.44879895051,5.));
#3898 = CARTESIAN_POINT('',(-76.10562947137,-68.4972739833,
    4.992987516398));
#3899 = CARTESIAN_POINT('',(-76.20985112219,-68.5457490161,
    4.993322038189));
#3900 = CARTESIAN_POINT('',(-76.31272287777,-68.5942240489,
    5.000663177248));
#3901 = CARTESIAN_POINT('',(-76.41259193556,-68.6426990817,
    5.014762472627));
#3902 = CARTESIAN_POINT('',(-76.51045172117,-68.69117411449,
    5.034843003812));
#3903 = CARTESIAN_POINT('',(-76.60614150782,-68.73964914729,
    5.061193380356));
#3904 = CARTESIAN_POINT('',(-76.69923392315,-68.78812418008,
    5.093202631202));
#3905 = CARTESIAN_POINT('',(-76.8803198505,-68.88507424568,
    5.168388810757));
#3906 = CARTESIAN_POINT('',(-76.96827164772,-68.93354927847,
    5.211539670372));
#3907 = CARTESIAN_POINT('',(-77.05343854896,-68.98202431127,
    5.260010629285));
#3908 = CARTESIAN_POINT('',(-77.13560794234,-69.03049934407,
    5.313560644661));
#3909 = CARTESIAN_POINT('',(-77.21455495628,-69.07897437686,
    5.371939564624));
#3910 = CARTESIAN_POINT('',(-77.29004908208,-69.12744940966,5.4348823915
    ));
#3911 = CARTESIAN_POINT('',(-77.36186079662,-69.17592444246,
    5.502103545066));
#3912 = CARTESIAN_POINT('',(-77.56558296162,-69.32134954085,
    5.71566628727));
#3913 = CARTESIAN_POINT('',(-77.68578972237,-69.41829960644,
    5.873918233958));
#3914 = CARTESIAN_POINT('',(-77.78858212044,-69.51524967203,
    6.045540852642));
#3915 = CARTESIAN_POINT('',(-77.87239505166,-69.61219973763,
    6.227744279844));
#3916 = CARTESIAN_POINT('',(-77.93602233123,-69.70914980322,
    6.417492847496));
#3917 = CARTESIAN_POINT('',(-77.97867781996,-69.80609986881,
    6.611587224945));
#3918 = CARTESIAN_POINT('',(-77.99999999999,-69.9030499344,
    6.806790757281));
#3919 = CARTESIAN_POINT('',(-78.,-70.,7.));
#3920 = CARTESIAN_POINT('',(-76.,-68.,5.));
#3921 = CARTESIAN_POINT('',(-76.09817477042,-68.0625,5.));
#3922 = CARTESIAN_POINT('',(-76.19634954085,-68.125,5.005507591742));
#3923 = CARTESIAN_POINT('',(-76.29416384023,-68.18749999999,
    5.016522775224));
#3924 = CARTESIAN_POINT('',(-76.39125719756,-68.25,5.033017239122));
#3925 = CARTESIAN_POINT('',(-76.48727192119,-68.31249999999,
    5.054934360769));
#3926 = CARTESIAN_POINT('',(-76.58185587861,-68.375,5.082189570025));
#3927 = CARTESIAN_POINT('',(-76.67466520372,-68.4375,5.11467107686));
#3928 = CARTESIAN_POINT('',(-76.85606852573,-68.5625,5.189810793095));
#3929 = CARTESIAN_POINT('',(-76.94466256684,-68.625,5.2324689328));
#3930 = CARTESIAN_POINT('',(-77.0308158171,-68.6875,5.280077632254));
#3931 = CARTESIAN_POINT('',(-77.11420617964,-68.75,5.332472610743));
#3932 = CARTESIAN_POINT('',(-77.19452493805,-68.8125,5.389464569706));
#3933 = CARTESIAN_POINT('',(-77.27147906256,-68.875,5.450840733759));
#3934 = CARTESIAN_POINT('',(-77.34479351646,-68.9375,5.516366391718));
#3935 = CARTESIAN_POINT('',(-77.55305365419,-69.125,5.724626529444));
#3936 = CARTESIAN_POINT('',(-77.67631581959,-69.25,5.879044216388));
#3937 = CARTESIAN_POINT('',(-77.78196142138,-69.37499999999,
    6.047001402364));
#3938 = CARTESIAN_POINT('',(-77.86827073738,-69.5,6.226136922393));
#3939 = CARTESIAN_POINT('',(-77.93390877572,-69.62499999999,
    6.413834765972));
#3940 = CARTESIAN_POINT('',(-77.97796971945,-69.75,6.607301152557));
#3941 = CARTESIAN_POINT('',(-77.99999999999,-69.875,6.803650459151));
#3942 = CARTESIAN_POINT('',(-78.,-70.,7.));
#3943 = DEFINITIONAL_REPRESENTATION('',(#3944),#3948);
#3944 = LINE('',#3945,#3946);
#3945 = CARTESIAN_POINT('',(0.,0.));
#3946 = VECTOR('',#3947,1.);
#3947 = DIRECTION('',(0.,1.));
#3948 = ( GEOMETRIC_REPRESENTATION_CONTEXT(2) 
PARAMETRIC_REPRESENTATION_CONTEXT() REPRESENTATION_CONTEXT('2D SPACE',''
  ) );
#3949 = ORIENTED_EDGE('',*,*,#3950,.T.);
#3950 = EDGE_CURVE('',#3703,#3951,#3953,.T.);
#3951 = VERTEX_POINT('',#3952);
#3952 = CARTESIAN_POINT('',(-42.,-70.,3.));
#3953 = SURFACE_CURVE('',#3954,(#3958,#3965),.PCURVE_S1.);
#3954 = LINE('',#3955,#3956);
#3955 = CARTESIAN_POINT('',(-78.,-70.,3.));
#3956 = VECTOR('',#3957,1.);
#3957 = DIRECTION('',(1.,0.,0.));
#3958 = PCURVE('',#777,#3959);
#3959 = DEFINITIONAL_REPRESENTATION('',(#3960),#3964);
#3960 = LINE('',#3961,#3962);
#3961 = CARTESIAN_POINT('',(2.,-3.));
#3962 = VECTOR('',#3963,1.);
#3963 = DIRECTION('',(1.,0.));
#3964 = ( GEOMETRIC_REPRESENTATION_CONTEXT(2) 
PARAMETRIC_REPRESENTATION_CONTEXT() REPRESENTATION_CONTEXT('2D SPACE',''
  ) );
#3965 = PCURVE('',#3966,#3971);
#3966 = CYLINDRICAL_SURFACE('',#3967,2.);
#3967 = AXIS2_PLACEMENT_3D('',#3968,#3969,#3970);
#3968 = CARTESIAN_POINT('',(-78.,-68.,3.));
#3969 = DIRECTION('',(1.,0.,0.));
#3970 = DIRECTION('',(0.,-1.,0.));
#3971 = DEFINITIONAL_REPRESENTATION('',(#3972),#3976);
#3972 = LINE('',#3973,#3974);
#3973 = CARTESIAN_POINT('',(-0.,0.));
#3974 = VECTOR('',#3975,1.);
#3975 = DIRECTION('',(-0.,1.));
#3976 = ( GEOMETRIC_REPRESENTATION_CONTEXT(2) 
PARAMETRIC_REPRESENTATION_CONTEXT() REPRESENTATION_CONTEXT('2D SPACE',''
  ) );
#3977 = ORIENTED_EDGE('',*,*,#3978,.T.);
#3978 = EDGE_CURVE('',#3951,#3610,#3979,.T.);
#3979 = SURFACE_CURVE('',#3980,(#4004,#4031),.PCURVE_S1.);
#3980 = B_SPLINE_CURVE_WITH_KNOTS('',8,(#3981,#3982,#3983,#3984,#3985,
    #3986,#3987,#3988,#3989,#3990,#3991,#3992,#3993,#3994,#3995,#3996,
    #3997,#3998,#3999,#4000,#4001,#4002,#4003),.UNSPECIFIED.,.F.,.F.,(9,
    7,7,9),(0.,0.25,0.5,1.),.UNSPECIFIED.);
#3981 = CARTESIAN_POINT('',(-42.,-70.,3.));
#3982 = CARTESIAN_POINT('',(-41.8496423229,-70.,3.));
#3983 = CARTESIAN_POINT('',(-41.70215927075,-70.,3.034355436851));
#3984 = CARTESIAN_POINT('',(-41.55924708554,-70.,3.099429774304));
#3985 = CARTESIAN_POINT('',(-41.43508438357,-70.,3.185522078229));
#3986 = CARTESIAN_POINT('',(-41.31818804491,-70.,3.278540888347));
#3987 = CARTESIAN_POINT('',(-41.21053159886,-70.,3.385671842536));
#3988 = CARTESIAN_POINT('',(-41.1114240911,-70.,3.49738907522));
#3989 = CARTESIAN_POINT('',(-40.92680880572,-70.,3.733073738627));
#3990 = CARTESIAN_POINT('',(-40.84149849522,-69.99999999999,
    3.856521673336));
#3991 = CARTESIAN_POINT('',(-40.76240759406,-70.,3.984056048774));
#3992 = CARTESIAN_POINT('',(-40.68890077423,-69.99999999999,
    4.114720599784));
#3993 = CARTESIAN_POINT('',(-40.62047384118,-70.,4.247958829578));
#3994 = CARTESIAN_POINT('',(-40.55674227239,-69.99999999999,
    4.383450880984));
#3995 = CARTESIAN_POINT('',(-40.497429756,-70.,4.52095040769));
#3996 = CARTESIAN_POINT('',(-40.3322106761,-70.,4.938463521124));
#3997 = CARTESIAN_POINT('',(-40.23896576572,-70.,5.223672955681));
#3998 = CARTESIAN_POINT('',(-40.16120501728,-70.,5.51341689927));
#3999 = CARTESIAN_POINT('',(-40.09826351308,-70.,5.806738571489));
#4000 = CARTESIAN_POINT('',(-40.05007728607,-70.,6.102999645784));
#4001 = CARTESIAN_POINT('',(-40.0170589397,-70.,6.401336816134));
#4002 = CARTESIAN_POINT('',(-40.,-70.,6.700632546062));
#4003 = CARTESIAN_POINT('',(-40.,-70.,7.));
#4004 = PCURVE('',#777,#4005);
#4005 = DEFINITIONAL_REPRESENTATION('',(#4006),#4030);
#4006 = B_SPLINE_CURVE_WITH_KNOTS('',8,(#4007,#4008,#4009,#4010,#4011,
    #4012,#4013,#4014,#4015,#4016,#4017,#4018,#4019,#4020,#4021,#4022,
    #4023,#4024,#4025,#4026,#4027,#4028,#4029),.UNSPECIFIED.,.F.,.F.,(9,
    7,7,9),(0.,0.25,0.5,1.),.UNSPECIFIED.);
#4007 = CARTESIAN_POINT('',(38.,-3.));
#4008 = CARTESIAN_POINT('',(38.150357677098,-3.));
#4009 = CARTESIAN_POINT('',(38.297840729248,-3.034355436851));
#4010 = CARTESIAN_POINT('',(38.440752914453,-3.099429774304));
#4011 = CARTESIAN_POINT('',(38.564915616426,-3.185522078229));
#4012 = CARTESIAN_POINT('',(38.681811955081,-3.278540888347));
#4013 = CARTESIAN_POINT('',(38.789468401138,-3.385671842536));
#4014 = CARTESIAN_POINT('',(38.888575908898,-3.49738907522));
#4015 = CARTESIAN_POINT('',(39.073191194271,-3.733073738627));
#4016 = CARTESIAN_POINT('',(39.158501504774,-3.856521673336));
#4017 = CARTESIAN_POINT('',(39.237592405939,-3.984056048774));
#4018 = CARTESIAN_POINT('',(39.311099225767,-4.114720599784));
#4019 = CARTESIAN_POINT('',(39.379526158816,-4.247958829578));
#4020 = CARTESIAN_POINT('',(39.443257727602,-4.383450880984));
#4021 = CARTESIAN_POINT('',(39.502570243997,-4.52095040769));
#4022 = CARTESIAN_POINT('',(39.667789323898,-4.938463521124));
#4023 = CARTESIAN_POINT('',(39.761034234279,-5.223672955681));
#4024 = CARTESIAN_POINT('',(39.838794982715,-5.51341689927));
#4025 = CARTESIAN_POINT('',(39.90173648692,-5.806738571489));
#4026 = CARTESIAN_POINT('',(39.949922713925,-6.102999645784));
#4027 = CARTESIAN_POINT('',(39.982941060291,-6.401336816134));
#4028 = CARTESIAN_POINT('',(40.,-6.700632546062));
#4029 = CARTESIAN_POINT('',(40.,-7.));
#4030 = ( GEOMETRIC_REPRESENTATION_CONTEXT(2) 
PARAMETRIC_REPRESENTATION_CONTEXT() REPRESENTATION_CONTEXT('2D SPACE',''
  ) );
#4031 = PCURVE('',#4032,#4217);
#4032 = B_SPLINE_SURFACE_WITH_KNOTS('',7,8,(
    (#4033,#4034,#4035,#4036,#4037,#4038,#4039,#4040,#4041,#4042,#4043
      ,#4044,#4045,#4046,#4047,#4048,#4049,#4050,#4051,#4052,#4053,#4054
      ,#4055)
    ,(#4056,#4057,#4058,#4059,#4060,#4061,#4062,#4063,#4064,#4065,#4066
      ,#4067,#4068,#4069,#4070,#4071,#4072,#4073,#4074,#4075,#4076,#4077
      ,#4078)
    ,(#4079,#4080,#4081,#4082,#4083,#4084,#4085,#4086,#4087,#4088,#4089
      ,#4090,#4091,#4092,#4093,#4094,#4095,#4096,#4097,#4098,#4099,#4100
      ,#4101)
    ,(#4102,#4103,#4104,#4105,#4106,#4107,#4108,#4109,#4110,#4111,#4112
      ,#4113,#4114,#4115,#4116,#4117,#4118,#4119,#4120,#4121,#4122,#4123
      ,#4124)
    ,(#4125,#4126,#4127,#4128,#4129,#4130,#4131,#4132,#4133,#4134,#4135
      ,#4136,#4137,#4138,#4139,#4140,#4141,#4142,#4143,#4144,#4145,#4146
      ,#4147)
    ,(#4148,#4149,#4150,#4151,#4152,#4153,#4154,#4155,#4156,#4157,#4158
      ,#4159,#4160,#4161,#4162,#4163,#4164,#4165,#4166,#4167,#4168,#4169
      ,#4170)
    ,(#4171,#4172,#4173,#4174,#4175,#4176,#4177,#4178,#4179,#4180,#4181
      ,#4182,#4183,#4184,#4185,#4186,#4187,#4188,#4189,#4190,#4191,#4192
      ,#4193)
    ,(#4194,#4195,#4196,#4197,#4198,#4199,#4200,#4201,#4202,#4203,#4204
      ,#4205,#4206,#4207,#4208,#4209,#4210,#4211,#4212,#4213,#4214,#4215
      ,#4216
    )),.UNSPECIFIED.,.F.,.F.,.F.,(8,8),(9,7,7,9),(0.,1.),(0.,0.25,0.5,1.
    ),.UNSPECIFIED.);
#4033 = CARTESIAN_POINT('',(-42.,-70.,3.));
#4034 = CARTESIAN_POINT('',(-41.8496423229,-70.,3.));
#4035 = CARTESIAN_POINT('',(-41.70215927075,-70.,3.034355436851));
#4036 = CARTESIAN_POINT('',(-41.55924708554,-70.,3.099429774304));
#4037 = CARTESIAN_POINT('',(-41.43508438357,-70.,3.185522078229));
#4038 = CARTESIAN_POINT('',(-41.31818804491,-70.,3.278540888347));
#4039 = CARTESIAN_POINT('',(-41.21053159886,-70.,3.385671842536));
#4040 = CARTESIAN_POINT('',(-41.1114240911,-70.,3.49738907522));
#4041 = CARTESIAN_POINT('',(-40.92680880572,-70.,3.733073738627));
#4042 = CARTESIAN_POINT('',(-40.84149849522,-69.99999999999,
    3.856521673336));
#4043 = CARTESIAN_POINT('',(-40.76240759406,-70.,3.984056048774));
#4044 = CARTESIAN_POINT('',(-40.68890077423,-69.99999999999,
    4.114720599784));
#4045 = CARTESIAN_POINT('',(-40.62047384118,-70.,4.247958829578));
#4046 = CARTESIAN_POINT('',(-40.55674227239,-69.99999999999,
    4.383450880984));
#4047 = CARTESIAN_POINT('',(-40.497429756,-70.,4.52095040769));
#4048 = CARTESIAN_POINT('',(-40.3322106761,-70.,4.938463521124));
#4049 = CARTESIAN_POINT('',(-40.23896576572,-70.,5.223672955681));
#4050 = CARTESIAN_POINT('',(-40.16120501728,-70.,5.51341689927));
#4051 = CARTESIAN_POINT('',(-40.09826351308,-70.,5.806738571489));
#4052 = CARTESIAN_POINT('',(-40.05007728607,-70.,6.102999645784));
#4053 = CARTESIAN_POINT('',(-40.0170589397,-70.,6.401336816134));
#4054 = CARTESIAN_POINT('',(-40.,-70.,6.700632546062));
#4055 = CARTESIAN_POINT('',(-40.,-70.,7.));
#4056 = CARTESIAN_POINT('',(-42.,-70.,3.448798950513));
#4057 = CARTESIAN_POINT('',(-41.85709702385,-70.,3.443702554738));
#4058 = CARTESIAN_POINT('',(-41.71665801195,-70.,3.468840475084));
#4059 = CARTESIAN_POINT('',(-41.58018838186,-70.,3.521095680481));
#4060 = CARTESIAN_POINT('',(-41.45989272912,-70.,3.592149040055));
#4061 = CARTESIAN_POINT('',(-41.34597947833,-70.,3.669914070331));
#4062 = CARTESIAN_POINT('',(-41.24019053065,-70.,3.760537808041));
#4063 = CARTESIAN_POINT('',(-41.14198276327,-70.,3.855839255543));
#4064 = CARTESIAN_POINT('',(-40.9578263298,-70.,4.058396134947));
#4065 = CARTESIAN_POINT('',(-40.87204691493,-69.99999999999,
    4.165206274594));
#4066 = CARTESIAN_POINT('',(-40.79194710675,-70.,4.276226300545));
#4067 = CARTESIAN_POINT('',(-40.71702835225,-69.99999999999,
    4.390613088277));
#4068 = CARTESIAN_POINT('',(-40.646902587,-70.,4.507862597892));
#4069 = CARTESIAN_POINT('',(-40.58128208169,-69.99999999999,
    4.627670269615));
#4070 = CARTESIAN_POINT('',(-40.5199692885,-70.,4.749791419297));
#4071 = CARTESIAN_POINT('',(-40.34860148606,-70.,5.122122063162));
#4072 = CARTESIAN_POINT('',(-40.25106839639,-70.,5.378454170796));
#4073 = CARTESIAN_POINT('',(-40.16932409747,-70.,5.640607214604));
#4074 = CARTESIAN_POINT('',(-40.10304433444,-70.,5.907423787818));
#4075 = CARTESIAN_POINT('',(-40.05236499153,-70.,6.177983037604));
#4076 = CARTESIAN_POINT('',(-40.01776913125,-70.,6.451145875865));
#4077 = CARTESIAN_POINT('',(-40.,-70.,6.725542182339));
#4078 = CARTESIAN_POINT('',(-40.,-70.,7.));
#4079 = CARTESIAN_POINT('',(-42.,-69.88250222689,3.897595729967));
#4080 = CARTESIAN_POINT('',(-41.8645517248,-69.88517382131,
    3.889721340036));
#4081 = CARTESIAN_POINT('',(-41.73214343634,-69.87032622746,
    3.919913163878));
#4082 = CARTESIAN_POINT('',(-41.6036292699,-69.86639664618,
    3.960642423576));
#4083 = CARTESIAN_POINT('',(-41.48697198995,-69.86378088483,
    4.01525928003));
#4084 = CARTESIAN_POINT('',(-41.37581002602,-69.86238509912,
    4.076126664497));
#4085 = CARTESIAN_POINT('',(-41.27121445195,-69.86211544476,
    4.147103839081));
#4086 = CARTESIAN_POINT('',(-41.17294836065,-69.86287807749,
    4.222992672457));
#4087 = CARTESIAN_POINT('',(-40.98717286701,-69.86628022855,
    4.386138787308));
#4088 = CARTESIAN_POINT('',(-40.89978079843,-69.86891974688,
    4.473115252168));
#4089 = CARTESIAN_POINT('',(-40.81752253723,-69.87240386373,
    4.564611709544));
#4090 = CARTESIAN_POINT('',(-40.74011561719,-69.87663873481,
    4.660034677167));
#4091 = CARTESIAN_POINT('',(-40.66734843611,-69.88153051587,
    4.758993464921));
#4092 = CARTESIAN_POINT('',(-40.59907171522,-69.8869853626,
    4.861213034343));
#4093 = CARTESIAN_POINT('',(-40.53518995858,-69.89290943073,
    4.966446858127));
#4094 = CARTESIAN_POINT('',(-40.35657882014,-69.91180776648,
    5.290275622615));
#4095 = CARTESIAN_POINT('',(-40.25485075477,-69.92590816546,
    5.517096529096));
#4096 = CARTESIAN_POINT('',(-40.17008735904,-69.94075931869,
    5.752593880909));
#4097 = CARTESIAN_POINT('',(-40.10217524007,-69.95561047191,
    5.995089122089));
#4098 = CARTESIAN_POINT('',(-40.05114118739,-69.96971087089,
    6.242952164465));
#4099 = CARTESIAN_POINT('',(-40.0170602968,-69.9823097614,6.494355123559
    ));
#4100 = CARTESIAN_POINT('',(-40.,-69.97363569242,6.764325849929));
#4101 = CARTESIAN_POINT('',(-40.,-70.,7.));
#4102 = CARTESIAN_POINT('',(-42.,-69.6475254444,4.309493881646));
#4103 = CARTESIAN_POINT('',(-41.87200642576,-69.65552365501,
    4.30010728832));
#4104 = CARTESIAN_POINT('',(-41.74671494087,-69.65550112,4.314292785317)
  );
#4105 = CARTESIAN_POINT('',(-41.6246589837,-69.66104300413,
    4.342262358792));
#4106 = CARTESIAN_POINT('',(-41.51273352471,-69.66753082949,
    4.382657404267));
#4107 = CARTESIAN_POINT('',(-41.40545241315,-69.67489702886,
    4.429252010294));
#4108 = CARTESIAN_POINT('',(-41.30363659175,-69.683074035,4.485189118235
    ));
#4109 = CARTESIAN_POINT('',(-41.20725617952,-69.69199428069,
    4.546212847558));
#4110 = CARTESIAN_POINT('',(-41.02370378275,-69.7111861167,
    4.679641496397));
#4111 = CARTESIAN_POINT('',(-40.93664416574,-69.72145770702,
    4.751817776171));
#4112 = CARTESIAN_POINT('',(-40.85405168647,-69.73233740242,
    4.828706638864));
#4113 = CARTESIAN_POINT('',(-40.77575125993,-69.74375763566,
    4.90978648483));
#4114 = CARTESIAN_POINT('',(-40.70163273836,-69.75565083954,
    4.994693338103));
#4115 = CARTESIAN_POINT('',(-40.63164148981,-69.76794944679,
    5.083150697293));
#4116 = CARTESIAN_POINT('',(-40.56576897677,-69.78058589021,
    5.174899386474));
#4117 = CARTESIAN_POINT('',(-40.38059205064,-69.81930602723,
    5.459083445297));
#4118 = CARTESIAN_POINT('',(-40.27369803407,-69.84620052761,
    5.660538184595));
#4119 = CARTESIAN_POINT('',(-40.18361885116,-69.87363556585,
    5.871628288976));
#4120 = CARTESIAN_POINT('',(-40.11078368226,-69.90107060408,
    6.090378464812));
#4121 = CARTESIAN_POINT('',(-40.05565189857,-69.92796510446,
    6.31479512545));
#4122 = CARTESIAN_POINT('',(-40.01862329797,-69.95377852914,
    6.542699316386));
#4123 = CARTESIAN_POINT('',(-40.,-69.96886851895,6.777186882279));
#4124 = CARTESIAN_POINT('',(-40.,-70.,7.));
#4125 = CARTESIAN_POINT('',(-41.99999999999,-69.30949388164,
    4.647525444404));
#4126 = CARTESIAN_POINT('',(-41.87946112671,-69.32648115294,
    4.636177638414));
#4127 = CARTESIAN_POINT('',(-41.76108910875,-69.34912741418,
    4.632345894695));
#4128 = CARTESIAN_POINT('',(-41.64518877916,-69.36933375398,
    4.648141784971));
#4129 = CARTESIAN_POINT('',(-41.53804087641,-69.38977722552,
    4.675692157426));
#4130 = CARTESIAN_POINT('',(-41.43468697743,-69.41044089079,
    4.709675299894));
#4131 = CARTESIAN_POINT('',(-41.33578573364,-69.43130781183,
    4.752749597273));
#4132 = CARTESIAN_POINT('',(-41.24148261334,-69.45236105064,
    4.801255749724));
#4133 = CARTESIAN_POINT('',(-41.06056889586,-69.49480628787,
    4.910081259886));
#4134 = CARTESIAN_POINT('',(-40.97407044029,-69.51619828629,
    4.970206100351));
#4135 = CARTESIAN_POINT('',(-40.89137365215,-69.53774272653,
    5.035361415808));
#4136 = CARTESIAN_POINT('',(-40.81239496528,-69.55942267061,
    5.105052118488));
#4137 = CARTESIAN_POINT('',(-40.73711361995,-69.58122118055,
    5.178910697574));
#4138 = CARTESIAN_POINT('',(-40.66556129956,-69.60312131837,
    5.256638273544));
#4139 = CARTESIAN_POINT('',(-40.59781176745,-69.62510614609,
    5.337945652496));
#4140 = CARTESIAN_POINT('',(-40.40628797631,-69.69126388501,
    5.591591836478));
#4141 = CARTESIAN_POINT('',(-40.29420936783,-69.73564005198,
    5.773724942763));
#4142 = CARTESIAN_POINT('',(-40.198621507,-69.78015172278,5.966283080855
    ));
#4143 = CARTESIAN_POINT('',(-40.12052210759,-69.82466339359,
    6.166913760653));
#4144 = CARTESIAN_POINT('',(-40.06086491167,-69.86903956055,
    6.373200675459));
#4145 = CARTESIAN_POINT('',(-40.02047010434,-69.91314471984,
    6.582551840227));
#4146 = CARTESIAN_POINT('',(-40.,-69.96223134986,6.783195991748));
#4147 = CARTESIAN_POINT('',(-40.,-70.,7.));
#4148 = CARTESIAN_POINT('',(-42.,-68.89759572997,4.882502226897));
#4149 = CARTESIAN_POINT('',(-41.88691582766,-68.92938648056,
    4.871128293731));
#4150 = CARTESIAN_POINT('',(-41.77532822666,-68.97735628919,
    4.855608792552));
#4151 = CARTESIAN_POINT('',(-41.6654244067,-69.0160356711,4.86315217252)
  );
#4152 = CARTESIAN_POINT('',(-41.56264454198,-69.05398407178,
    4.881620332487));
#4153 = CARTESIAN_POINT('',(-41.46279215342,-69.0912537042,
    4.906651721471));
#4154 = CARTESIAN_POINT('',(-41.36641677258,-69.12789678128,
    4.940387440984));
#4155 = CARTESIAN_POINT('',(-41.27379378129,-69.16396551599,
    4.979805776549));
#4156 = CARTESIAN_POINT('',(-41.09484441183,-69.23505872651,
    5.070692203692));
#4157 = CARTESIAN_POINT('',(-41.00862069466,-69.27008320233,
    5.122001886776));
#4158 = CARTESIAN_POINT('',(-40.92559720777,-69.30463776166,
    5.178575235026));
#4159 = CARTESIAN_POINT('',(-40.84578866958,-69.33877461743,
    5.239954147326));
#4160 = CARTESIAN_POINT('',(-40.76926501301,-69.3725459826,
    5.305777856031));
#4161 = CARTESIAN_POINT('',(-40.69614114422,-69.4060040701,
    5.375735557188));
#4162 = CARTESIAN_POINT('',(-40.62656670153,-69.43920109289,
    5.449519040781));
#4163 = CARTESIAN_POINT('',(-40.4290140393,-69.53816560591,
    5.681287881299));
#4164 = CARTESIAN_POINT('',(-40.3121804045,-69.60330654081,
    5.849749542053));
#4165 = CARTESIAN_POINT('',(-40.21165353874,-69.66802977217,
    6.029404779346));
#4166 = CARTESIAN_POINT('',(-40.12891171409,-69.73275300353,
    6.217631982021));
#4167 = CARTESIAN_POINT('',(-40.06531757287,-69.79789393844,
    6.411703247826));
#4168 = CARTESIAN_POINT('',(-40.0220324085,-69.86387028045,
    6.608720474068));
#4169 = CARTESIAN_POINT('',(-40.,-69.94811419825,6.786707045963));
#4170 = CARTESIAN_POINT('',(-40.,-70.,7.));
#4171 = CARTESIAN_POINT('',(-42.,-68.44879895051,5.));
#4172 = CARTESIAN_POINT('',(-41.89437052862,-68.4972739833,
    4.992987516398));
#4173 = CARTESIAN_POINT('',(-41.79014887781,-68.5457490161,
    4.993322038189));
#4174 = CARTESIAN_POINT('',(-41.68727712222,-68.5942240489,
    5.000663177248));
#4175 = CARTESIAN_POINT('',(-41.58740806444,-68.6426990817,
    5.014762472627));
#4176 = CARTESIAN_POINT('',(-41.48954827882,-68.69117411449,
    5.034843003812));
#4177 = CARTESIAN_POINT('',(-41.39385849217,-68.73964914729,
    5.061193380356));
#4178 = CARTESIAN_POINT('',(-41.30076607684,-68.78812418008,
    5.093202631202));
#4179 = CARTESIAN_POINT('',(-41.1196801495,-68.88507424568,
    5.168388810757));
#4180 = CARTESIAN_POINT('',(-41.03172835228,-68.93354927847,
    5.211539670372));
#4181 = CARTESIAN_POINT('',(-40.94656145104,-68.98202431127,
    5.260010629285));
#4182 = CARTESIAN_POINT('',(-40.86439205765,-69.03049934407,
    5.313560644661));
#4183 = CARTESIAN_POINT('',(-40.78544504372,-69.07897437686,
    5.371939564624));
#4184 = CARTESIAN_POINT('',(-40.70995091791,-69.12744940966,5.4348823915
    ));
#4185 = CARTESIAN_POINT('',(-40.63813920338,-69.17592444246,
    5.502103545066));
#4186 = CARTESIAN_POINT('',(-40.43441703837,-69.32134954085,
    5.71566628727));
#4187 = CARTESIAN_POINT('',(-40.31421027763,-69.41829960644,
    5.873918233958));
#4188 = CARTESIAN_POINT('',(-40.21141787955,-69.51524967203,
    6.045540852642));
#4189 = CARTESIAN_POINT('',(-40.12760494833,-69.61219973763,
    6.227744279844));
#4190 = CARTESIAN_POINT('',(-40.06397766876,-69.70914980321,
    6.417492847496));
#4191 = CARTESIAN_POINT('',(-40.02132218003,-69.80609986881,
    6.611587224945));
#4192 = CARTESIAN_POINT('',(-40.,-69.9030499344,6.806790757281));
#4193 = CARTESIAN_POINT('',(-40.,-70.,7.));
#4194 = CARTESIAN_POINT('',(-42.,-68.,5.));
#4195 = CARTESIAN_POINT('',(-41.90182522957,-68.0625,5.));
#4196 = CARTESIAN_POINT('',(-41.80365045915,-68.125,5.005507591742));
#4197 = CARTESIAN_POINT('',(-41.70583615976,-68.18749999999,
    5.016522775225));
#4198 = CARTESIAN_POINT('',(-41.60874280243,-68.25,5.033017239122));
#4199 = CARTESIAN_POINT('',(-41.5127280788,-68.31249999999,
    5.054934360769));
#4200 = CARTESIAN_POINT('',(-41.41814412139,-68.375,5.082189570025));
#4201 = CARTESIAN_POINT('',(-41.32533479627,-68.4375,5.11467107686));
#4202 = CARTESIAN_POINT('',(-41.14393147426,-68.5625,5.189810793095));
#4203 = CARTESIAN_POINT('',(-41.05533743316,-68.625,5.2324689328));
#4204 = CARTESIAN_POINT('',(-40.9691841829,-68.6875,5.280077632254));
#4205 = CARTESIAN_POINT('',(-40.88579382035,-68.75,5.332472610743));
#4206 = CARTESIAN_POINT('',(-40.80547506195,-68.8125,5.389464569706));
#4207 = CARTESIAN_POINT('',(-40.72852093744,-68.875,5.450840733759));
#4208 = CARTESIAN_POINT('',(-40.65520648353,-68.9375,5.516366391718));
#4209 = CARTESIAN_POINT('',(-40.44694634581,-69.125,5.724626529444));
#4210 = CARTESIAN_POINT('',(-40.3236841804,-69.25,5.879044216388));
#4211 = CARTESIAN_POINT('',(-40.21803857861,-69.37499999999,
    6.047001402364));
#4212 = CARTESIAN_POINT('',(-40.13172926262,-69.5,6.226136922393));
#4213 = CARTESIAN_POINT('',(-40.06609122427,-69.62499999999,
    6.413834765972));
#4214 = CARTESIAN_POINT('',(-40.02203028055,-69.75,6.607301152557));
#4215 = CARTESIAN_POINT('',(-40.,-69.875,6.803650459151));
#4216 = CARTESIAN_POINT('',(-40.,-70.,7.));
#4217 = DEFINITIONAL_REPRESENTATION('',(#4218),#4222);
#4218 = LINE('',#4219,#4220);
#4219 = CARTESIAN_POINT('',(0.,0.));
#4220 = VECTOR('',#4221,1.);
#4221 = DIRECTION('',(0.,1.));
#4222 = ( GEOMETRIC_REPRESENTATION_CONTEXT(2) 
PARAMETRIC_REPRESENTATION_CONTEXT() REPRESENTATION_CONTEXT('2D SPACE',''
  ) );
#4223 = ADVANCED_FACE('',(#4224),#1199,.T.);
#4224 = FACE_BOUND('',#4225,.F.);
#4225 = EDGE_LOOP('',(#4226,#4227,#4228,#4229));
#4226 = ORIENTED_EDGE('',*,*,#3633,.T.);
#4227 = ORIENTED_EDGE('',*,*,#1182,.T.);
#4228 = ORIENTED_EDGE('',*,*,#3560,.F.);
#4229 = ORIENTED_EDGE('',*,*,#4230,.F.);
#4230 = EDGE_CURVE('',#3634,#3561,#4231,.T.);
#4231 = SURFACE_CURVE('',#4232,(#4237,#4244),.PCURVE_S1.);
#4232 = CIRCLE('',#4233,10.);
#4233 = AXIS2_PLACEMENT_3D('',#4234,#4235,#4236);
#4234 = CARTESIAN_POINT('',(80.,-60.,0.));
#4235 = DIRECTION('',(0.,0.,1.));
#4236 = DIRECTION('',(1.,0.,0.));
#4237 = PCURVE('',#1199,#4238);
#4238 = DEFINITIONAL_REPRESENTATION('',(#4239),#4243);
#4239 = LINE('',#4240,#4241);
#4240 = CARTESIAN_POINT('',(-0.,0.));
#4241 = VECTOR('',#4242,1.);
#4242 = DIRECTION('',(-1.,0.));
#4243 = ( GEOMETRIC_REPRESENTATION_CONTEXT(2) 
PARAMETRIC_REPRESENTATION_CONTEXT() REPRESENTATION_CONTEXT('2D SPACE',''
  ) );
#4244 = PCURVE('',#3347,#4245);
#4245 = DEFINITIONAL_REPRESENTATION('',(#4246),#4250);
#4246 = CIRCLE('',#4247,10.);
#4247 = AXIS2_PLACEMENT_2D('',#4248,#4249);
#4248 = CARTESIAN_POINT('',(80.,-60.));
#4249 = DIRECTION('',(1.,0.));
#4250 = ( GEOMETRIC_REPRESENTATION_CONTEXT(2) 
PARAMETRIC_REPRESENTATION_CONTEXT() REPRESENTATION_CONTEXT('2D SPACE',''
  ) );
#4251 = ADVANCED_FACE('',(#4252),#805,.F.);
#4252 = FACE_BOUND('',#4253,.F.);
#4253 = EDGE_LOOP('',(#4254,#4255,#4256,#4279));
#4254 = ORIENTED_EDGE('',*,*,#3679,.T.);
#4255 = ORIENTED_EDGE('',*,*,#789,.F.);
#4256 = ORIENTED_EDGE('',*,*,#4257,.T.);
#4257 = EDGE_CURVE('',#790,#4258,#4260,.T.);
#4258 = VERTEX_POINT('',#4259);
#4259 = CARTESIAN_POINT('',(-78.,-68.,7.));
#4260 = SURFACE_CURVE('',#4261,(#4265,#4272),.PCURVE_S1.);
#4261 = LINE('',#4262,#4263);
#4262 = CARTESIAN_POINT('',(-78.,-68.,20.));
#4263 = VECTOR('',#4264,1.);
#4264 = DIRECTION('',(-0.,-0.,-1.));
#4265 = PCURVE('',#805,#4266);
#4266 = DEFINITIONAL_REPRESENTATION('',(#4267),#4271);
#4267 = LINE('',#4268,#4269);
#4268 = CARTESIAN_POINT('',(0.,0.));
#4269 = VECTOR('',#4270,1.);
#4270 = DIRECTION('',(0.,-1.));
#4271 = ( GEOMETRIC_REPRESENTATION_CONTEXT(2) 
PARAMETRIC_REPRESENTATION_CONTEXT() REPRESENTATION_CONTEXT('2D SPACE',''
  ) );
#4272 = PCURVE('',#834,#4273);
#4273 = DEFINITIONAL_REPRESENTATION('',(#4274),#4278);
#4274 = LINE('',#4275,#4276);
#4275 = CARTESIAN_POINT('',(-1.78E-15,0.));
#4276 = VECTOR('',#4277,1.);
#4277 = DIRECTION('',(0.,-1.));
#4278 = ( GEOMETRIC_REPRESENTATION_CONTEXT(2) 
PARAMETRIC_REPRESENTATION_CONTEXT() REPRESENTATION_CONTEXT('2D SPACE',''
  ) );
#4279 = ORIENTED_EDGE('',*,*,#4280,.F.);
#4280 = EDGE_CURVE('',#3680,#4258,#4281,.T.);
#4281 = SURFACE_CURVE('',#4282,(#4286,#4293),.PCURVE_S1.);
#4282 = LINE('',#4283,#4284);
#4283 = CARTESIAN_POINT('',(-78.,-70.,7.));
#4284 = VECTOR('',#4285,1.);
#4285 = DIRECTION('',(0.,1.,0.));
#4286 = PCURVE('',#805,#4287);
#4287 = DEFINITIONAL_REPRESENTATION('',(#4288),#4292);
#4288 = LINE('',#4289,#4290);
#4289 = CARTESIAN_POINT('',(2.,-13.));
#4290 = VECTOR('',#4291,1.);
#4291 = DIRECTION('',(-1.,0.));
#4292 = ( GEOMETRIC_REPRESENTATION_CONTEXT(2) 
PARAMETRIC_REPRESENTATION_CONTEXT() REPRESENTATION_CONTEXT('2D SPACE',''
  ) );
#4293 = PCURVE('',#4294,#4299);
#4294 = CYLINDRICAL_SURFACE('',#4295,2.);
#4295 = AXIS2_PLACEMENT_3D('',#4296,#4297,#4298);
#4296 = CARTESIAN_POINT('',(-76.,-70.,7.));
#4297 = DIRECTION('',(0.,1.,0.));
#4298 = DIRECTION('',(-1.,0.,0.));
#4299 = DEFINITIONAL_REPRESENTATION('',(#4300),#4304);
#4300 = LINE('',#4301,#4302);
#4301 = CARTESIAN_POINT('',(-0.,0.));
#4302 = VECTOR('',#4303,1.);
#4303 = DIRECTION('',(-0.,1.));
#4304 = ( GEOMETRIC_REPRESENTATION_CONTEXT(2) 
PARAMETRIC_REPRESENTATION_CONTEXT() REPRESENTATION_CONTEXT('2D SPACE',''
  ) );
#4305 = ADVANCED_FACE('',(#4306),#834,.T.);
#4306 = FACE_BOUND('',#4307,.T.);
#4307 = EDGE_LOOP('',(#4308,#4309,#4338,#4359));
#4308 = ORIENTED_EDGE('',*,*,#4257,.T.);
#4309 = ORIENTED_EDGE('',*,*,#4310,.T.);
#4310 = EDGE_CURVE('',#4258,#4311,#4313,.T.);
#4311 = VERTEX_POINT('',#4312);
#4312 = CARTESIAN_POINT('',(-81.,-65.,7.));
#4313 = SURFACE_CURVE('',#4314,(#4319,#4326),.PCURVE_S1.);
#4314 = CIRCLE('',#4315,3.);
#4315 = AXIS2_PLACEMENT_3D('',#4316,#4317,#4318);
#4316 = CARTESIAN_POINT('',(-81.,-68.,7.));
#4317 = DIRECTION('',(0.,0.,1.));
#4318 = DIRECTION('',(1.,0.,0.));
#4319 = PCURVE('',#834,#4320);
#4320 = DEFINITIONAL_REPRESENTATION('',(#4321),#4325);
#4321 = LINE('',#4322,#4323);
#4322 = CARTESIAN_POINT('',(0.,-13.));
#4323 = VECTOR('',#4324,1.);
#4324 = DIRECTION('',(1.,0.));
#4325 = ( GEOMETRIC_REPRESENTATION_CONTEXT(2) 
PARAMETRIC_REPRESENTATION_CONTEXT() REPRESENTATION_CONTEXT('2D SPACE',''
  ) );
#4326 = PCURVE('',#4327,#4332);
#4327 = TOROIDAL_SURFACE('',#4328,5.,2.);
#4328 = AXIS2_PLACEMENT_3D('',#4329,#4330,#4331);
#4329 = CARTESIAN_POINT('',(-81.,-68.,7.));
#4330 = DIRECTION('',(0.,0.,1.));
#4331 = DIRECTION('',(1.,0.,0.));
#4332 = DEFINITIONAL_REPRESENTATION('',(#4333),#4337);
#4333 = LINE('',#4334,#4335);
#4334 = CARTESIAN_POINT('',(0.,3.14159265359));
#4335 = VECTOR('',#4336,1.);
#4336 = DIRECTION('',(1.,0.));
#4337 = ( GEOMETRIC_REPRESENTATION_CONTEXT(2) 
PARAMETRIC_REPRESENTATION_CONTEXT() REPRESENTATION_CONTEXT('2D SPACE',''
  ) );
#4338 = ORIENTED_EDGE('',*,*,#4339,.F.);
#4339 = EDGE_CURVE('',#818,#4311,#4340,.T.);
#4340 = SURFACE_CURVE('',#4341,(#4345,#4352),.PCURVE_S1.);
#4341 = LINE('',#4342,#4343);
#4342 = CARTESIAN_POINT('',(-81.,-65.,20.));
#4343 = VECTOR('',#4344,1.);
#4344 = DIRECTION('',(-0.,-0.,-1.));
#4345 = PCURVE('',#834,#4346);
#4346 = DEFINITIONAL_REPRESENTATION('',(#4347),#4351);
#4347 = LINE('',#4348,#4349);
#4348 = CARTESIAN_POINT('',(1.570796326795,0.));
#4349 = VECTOR('',#4350,1.);
#4350 = DIRECTION('',(0.,-1.));
#4351 = ( GEOMETRIC_REPRESENTATION_CONTEXT(2) 
PARAMETRIC_REPRESENTATION_CONTEXT() REPRESENTATION_CONTEXT('2D SPACE',''
  ) );
#4352 = PCURVE('',#862,#4353);
#4353 = DEFINITIONAL_REPRESENTATION('',(#4354),#4358);
#4354 = LINE('',#4355,#4356);
#4355 = CARTESIAN_POINT('',(1.,0.));
#4356 = VECTOR('',#4357,1.);
#4357 = DIRECTION('',(0.,-1.));
#4358 = ( GEOMETRIC_REPRESENTATION_CONTEXT(2) 
PARAMETRIC_REPRESENTATION_CONTEXT() REPRESENTATION_CONTEXT('2D SPACE',''
  ) );
#4359 = ORIENTED_EDGE('',*,*,#817,.F.);
#4360 = ADVANCED_FACE('',(#4361),#1147,.F.);
#4361 = FACE_BOUND('',#4362,.F.);
#4362 = EDGE_LOOP('',(#4363,#4386,#4387,#4388));
#4363 = ORIENTED_EDGE('',*,*,#4364,.F.);
#4364 = EDGE_CURVE('',#1103,#4365,#4367,.T.);
#4365 = VERTEX_POINT('',#4366);
#4366 = CARTESIAN_POINT('',(-40.,-68.,7.));
#4367 = SURFACE_CURVE('',#4368,(#4372,#4379),.PCURVE_S1.);
#4368 = LINE('',#4369,#4370);
#4369 = CARTESIAN_POINT('',(-40.,-68.,20.));
#4370 = VECTOR('',#4371,1.);
#4371 = DIRECTION('',(-0.,-0.,-1.));
#4372 = PCURVE('',#1147,#4373);
#4373 = DEFINITIONAL_REPRESENTATION('',(#4374),#4378);
#4374 = LINE('',#4375,#4376);
#4375 = CARTESIAN_POINT('',(7.,0.));
#4376 = VECTOR('',#4377,1.);
#4377 = DIRECTION('',(0.,-1.));
#4378 = ( GEOMETRIC_REPRESENTATION_CONTEXT(2) 
PARAMETRIC_REPRESENTATION_CONTEXT() REPRESENTATION_CONTEXT('2D SPACE',''
  ) );
#4379 = PCURVE('',#1119,#4380);
#4380 = DEFINITIONAL_REPRESENTATION('',(#4381),#4385);
#4381 = LINE('',#4382,#4383);
#4382 = CARTESIAN_POINT('',(3.14159265359,0.));
#4383 = VECTOR('',#4384,1.);
#4384 = DIRECTION('',(0.,-1.));
#4385 = ( GEOMETRIC_REPRESENTATION_CONTEXT(2) 
PARAMETRIC_REPRESENTATION_CONTEXT() REPRESENTATION_CONTEXT('2D SPACE',''
  ) );
#4386 = ORIENTED_EDGE('',*,*,#1131,.F.);
#4387 = ORIENTED_EDGE('',*,*,#3609,.T.);
#4388 = ORIENTED_EDGE('',*,*,#4389,.F.);
#4389 = EDGE_CURVE('',#4365,#3610,#4390,.T.);
#4390 = SURFACE_CURVE('',#4391,(#4395,#4402),.PCURVE_S1.);
#4391 = LINE('',#4392,#4393);
#4392 = CARTESIAN_POINT('',(-40.,-68.,7.));
#4393 = VECTOR('',#4394,1.);
#4394 = DIRECTION('',(-0.,-1.,-0.));
#4395 = PCURVE('',#1147,#4396);
#4396 = DEFINITIONAL_REPRESENTATION('',(#4397),#4401);
#4397 = LINE('',#4398,#4399);
#4398 = CARTESIAN_POINT('',(7.,-13.));
#4399 = VECTOR('',#4400,1.);
#4400 = DIRECTION('',(-1.,0.));
#4401 = ( GEOMETRIC_REPRESENTATION_CONTEXT(2) 
PARAMETRIC_REPRESENTATION_CONTEXT() REPRESENTATION_CONTEXT('2D SPACE',''
  ) );
#4402 = PCURVE('',#4403,#4408);
#4403 = CYLINDRICAL_SURFACE('',#4404,2.);
#4404 = AXIS2_PLACEMENT_3D('',#4405,#4406,#4407);
#4405 = CARTESIAN_POINT('',(-42.,-68.,7.));
#4406 = DIRECTION('',(-0.,-1.,-0.));
#4407 = DIRECTION('',(1.,0.,0.));
#4408 = DEFINITIONAL_REPRESENTATION('',(#4409),#4413);
#4409 = LINE('',#4410,#4411);
#4410 = CARTESIAN_POINT('',(-0.,0.));
#4411 = VECTOR('',#4412,1.);
#4412 = DIRECTION('',(-0.,1.));
#4413 = ( GEOMETRIC_REPRESENTATION_CONTEXT(2) 
PARAMETRIC_REPRESENTATION_CONTEXT() REPRESENTATION_CONTEXT('2D SPACE',''
  ) );
#4414 = ADVANCED_FACE('',(#4415),#862,.F.);
#4415 = FACE_BOUND('',#4416,.F.);
#4416 = EDGE_LOOP('',(#4417,#4440,#4466,#4467));
#4417 = ORIENTED_EDGE('',*,*,#4418,.T.);
#4418 = EDGE_CURVE('',#847,#4419,#4421,.T.);
#4419 = VERTEX_POINT('',#4420);
#4420 = CARTESIAN_POINT('',(-82.,-65.,7.));
#4421 = SURFACE_CURVE('',#4422,(#4426,#4433),.PCURVE_S1.);
#4422 = LINE('',#4423,#4424);
#4423 = CARTESIAN_POINT('',(-82.,-65.,20.));
#4424 = VECTOR('',#4425,1.);
#4425 = DIRECTION('',(-0.,-0.,-1.));
#4426 = PCURVE('',#862,#4427);
#4427 = DEFINITIONAL_REPRESENTATION('',(#4428),#4432);
#4428 = LINE('',#4429,#4430);
#4429 = CARTESIAN_POINT('',(0.,0.));
#4430 = VECTOR('',#4431,1.);
#4431 = DIRECTION('',(0.,-1.));
#4432 = ( GEOMETRIC_REPRESENTATION_CONTEXT(2) 
PARAMETRIC_REPRESENTATION_CONTEXT() REPRESENTATION_CONTEXT('2D SPACE',''
  ) );
#4433 = PCURVE('',#891,#4434);
#4434 = DEFINITIONAL_REPRESENTATION('',(#4435),#4439);
#4435 = LINE('',#4436,#4437);
#4436 = CARTESIAN_POINT('',(4.712388980385,0.));
#4437 = VECTOR('',#4438,1.);
#4438 = DIRECTION('',(0.,-1.));
#4439 = ( GEOMETRIC_REPRESENTATION_CONTEXT(2) 
PARAMETRIC_REPRESENTATION_CONTEXT() REPRESENTATION_CONTEXT('2D SPACE',''
  ) );
#4440 = ORIENTED_EDGE('',*,*,#4441,.F.);
#4441 = EDGE_CURVE('',#4311,#4419,#4442,.T.);
#4442 = SURFACE_CURVE('',#4443,(#4447,#4454),.PCURVE_S1.);
#4443 = LINE('',#4444,#4445);
#4444 = CARTESIAN_POINT('',(-81.,-65.,7.));
#4445 = VECTOR('',#4446,1.);
#4446 = DIRECTION('',(-1.,-0.,-0.));
#4447 = PCURVE('',#862,#4448);
#4448 = DEFINITIONAL_REPRESENTATION('',(#4449),#4453);
#4449 = LINE('',#4450,#4451);
#4450 = CARTESIAN_POINT('',(1.,-13.));
#4451 = VECTOR('',#4452,1.);
#4452 = DIRECTION('',(-1.,0.));
#4453 = ( GEOMETRIC_REPRESENTATION_CONTEXT(2) 
PARAMETRIC_REPRESENTATION_CONTEXT() REPRESENTATION_CONTEXT('2D SPACE',''
  ) );
#4454 = PCURVE('',#4455,#4460);
#4455 = CYLINDRICAL_SURFACE('',#4456,2.);
#4456 = AXIS2_PLACEMENT_3D('',#4457,#4458,#4459);
#4457 = CARTESIAN_POINT('',(-81.,-63.,7.));
#4458 = DIRECTION('',(-1.,-0.,-0.));
#4459 = DIRECTION('',(0.,-1.,0.));
#4460 = DEFINITIONAL_REPRESENTATION('',(#4461),#4465);
#4461 = LINE('',#4462,#4463);
#4462 = CARTESIAN_POINT('',(-0.,0.));
#4463 = VECTOR('',#4464,1.);
#4464 = DIRECTION('',(-0.,1.));
#4465 = ( GEOMETRIC_REPRESENTATION_CONTEXT(2) 
PARAMETRIC_REPRESENTATION_CONTEXT() REPRESENTATION_CONTEXT('2D SPACE',''
  ) );
#4466 = ORIENTED_EDGE('',*,*,#4339,.F.);
#4467 = ORIENTED_EDGE('',*,*,#846,.F.);
#4468 = ADVANCED_FACE('',(#4469),#1119,.T.);
#4469 = FACE_BOUND('',#4470,.T.);
#4470 = EDGE_LOOP('',(#4471,#4494,#4521,#4522));
#4471 = ORIENTED_EDGE('',*,*,#4472,.T.);
#4472 = EDGE_CURVE('',#1075,#4473,#4475,.T.);
#4473 = VERTEX_POINT('',#4474);
#4474 = CARTESIAN_POINT('',(-37.,-65.,7.));
#4475 = SURFACE_CURVE('',#4476,(#4480,#4487),.PCURVE_S1.);
#4476 = LINE('',#4477,#4478);
#4477 = CARTESIAN_POINT('',(-37.,-65.,20.));
#4478 = VECTOR('',#4479,1.);
#4479 = DIRECTION('',(-0.,-0.,-1.));
#4480 = PCURVE('',#1119,#4481);
#4481 = DEFINITIONAL_REPRESENTATION('',(#4482),#4486);
#4482 = LINE('',#4483,#4484);
#4483 = CARTESIAN_POINT('',(1.570796326795,0.));
#4484 = VECTOR('',#4485,1.);
#4485 = DIRECTION('',(0.,-1.));
#4486 = ( GEOMETRIC_REPRESENTATION_CONTEXT(2) 
PARAMETRIC_REPRESENTATION_CONTEXT() REPRESENTATION_CONTEXT('2D SPACE',''
  ) );
#4487 = PCURVE('',#1090,#4488);
#4488 = DEFINITIONAL_REPRESENTATION('',(#4489),#4493);
#4489 = LINE('',#4490,#4491);
#4490 = CARTESIAN_POINT('',(0.,0.));
#4491 = VECTOR('',#4492,1.);
#4492 = DIRECTION('',(0.,-1.));
#4493 = ( GEOMETRIC_REPRESENTATION_CONTEXT(2) 
PARAMETRIC_REPRESENTATION_CONTEXT() REPRESENTATION_CONTEXT('2D SPACE',''
  ) );
#4494 = ORIENTED_EDGE('',*,*,#4495,.T.);
#4495 = EDGE_CURVE('',#4473,#4365,#4496,.T.);
#4496 = SURFACE_CURVE('',#4497,(#4502,#4509),.PCURVE_S1.);
#4497 = CIRCLE('',#4498,3.);
#4498 = AXIS2_PLACEMENT_3D('',#4499,#4500,#4501);
#4499 = CARTESIAN_POINT('',(-37.,-68.,7.));
#4500 = DIRECTION('',(0.,-0.,1.));
#4501 = DIRECTION('',(0.,1.,0.));
#4502 = PCURVE('',#1119,#4503);
#4503 = DEFINITIONAL_REPRESENTATION('',(#4504),#4508);
#4504 = LINE('',#4505,#4506);
#4505 = CARTESIAN_POINT('',(1.570796326795,-13.));
#4506 = VECTOR('',#4507,1.);
#4507 = DIRECTION('',(1.,0.));
#4508 = ( GEOMETRIC_REPRESENTATION_CONTEXT(2) 
PARAMETRIC_REPRESENTATION_CONTEXT() REPRESENTATION_CONTEXT('2D SPACE',''
  ) );
#4509 = PCURVE('',#4510,#4515);
#4510 = TOROIDAL_SURFACE('',#4511,5.,2.);
#4511 = AXIS2_PLACEMENT_3D('',#4512,#4513,#4514);
#4512 = CARTESIAN_POINT('',(-37.,-68.,7.));
#4513 = DIRECTION('',(0.,0.,1.));
#4514 = DIRECTION('',(0.,1.,0.));
#4515 = DEFINITIONAL_REPRESENTATION('',(#4516),#4520);
#4516 = LINE('',#4517,#4518);
#4517 = CARTESIAN_POINT('',(0.,3.14159265359));
#4518 = VECTOR('',#4519,1.);
#4519 = DIRECTION('',(1.,0.));
#4520 = ( GEOMETRIC_REPRESENTATION_CONTEXT(2) 
PARAMETRIC_REPRESENTATION_CONTEXT() REPRESENTATION_CONTEXT('2D SPACE',''
  ) );
#4521 = ORIENTED_EDGE('',*,*,#4364,.F.);
#4522 = ORIENTED_EDGE('',*,*,#1102,.F.);
#4523 = ADVANCED_FACE('',(#4524),#891,.F.);
#4524 = FACE_BOUND('',#4525,.F.);
#4525 = EDGE_LOOP('',(#4526,#4549,#4588,#4589));
#4526 = ORIENTED_EDGE('',*,*,#4527,.T.);
#4527 = EDGE_CURVE('',#875,#4528,#4530,.T.);
#4528 = VERTEX_POINT('',#4529);
#4529 = CARTESIAN_POINT('',(-85.,-62.,7.));
#4530 = SURFACE_CURVE('',#4531,(#4535,#4542),.PCURVE_S1.);
#4531 = LINE('',#4532,#4533);
#4532 = CARTESIAN_POINT('',(-85.,-62.,20.));
#4533 = VECTOR('',#4534,1.);
#4534 = DIRECTION('',(-0.,-0.,-1.));
#4535 = PCURVE('',#891,#4536);
#4536 = DEFINITIONAL_REPRESENTATION('',(#4537),#4541);
#4537 = LINE('',#4538,#4539);
#4538 = CARTESIAN_POINT('',(3.14159265359,0.));
#4539 = VECTOR('',#4540,1.);
#4540 = DIRECTION('',(0.,-1.));
#4541 = ( GEOMETRIC_REPRESENTATION_CONTEXT(2) 
PARAMETRIC_REPRESENTATION_CONTEXT() REPRESENTATION_CONTEXT('2D SPACE',''
  ) );
#4542 = PCURVE('',#919,#4543);
#4543 = DEFINITIONAL_REPRESENTATION('',(#4544),#4548);
#4544 = LINE('',#4545,#4546);
#4545 = CARTESIAN_POINT('',(64.,0.));
#4546 = VECTOR('',#4547,1.);
#4547 = DIRECTION('',(0.,-1.));
#4548 = ( GEOMETRIC_REPRESENTATION_CONTEXT(2) 
PARAMETRIC_REPRESENTATION_CONTEXT() REPRESENTATION_CONTEXT('2D SPACE',''
  ) );
#4549 = ORIENTED_EDGE('',*,*,#4550,.F.);
#4550 = EDGE_CURVE('',#4419,#4528,#4551,.T.);
#4551 = SURFACE_CURVE('',#4552,(#4557,#4564),.PCURVE_S1.);
#4552 = CIRCLE('',#4553,3.);
#4553 = AXIS2_PLACEMENT_3D('',#4554,#4555,#4556);
#4554 = CARTESIAN_POINT('',(-82.,-62.,7.));
#4555 = DIRECTION('',(-0.,-0.,-1.));
#4556 = DIRECTION('',(0.,-1.,0.));
#4557 = PCURVE('',#891,#4558);
#4558 = DEFINITIONAL_REPRESENTATION('',(#4559),#4563);
#4559 = LINE('',#4560,#4561);
#4560 = CARTESIAN_POINT('',(4.712388980385,-13.));
#4561 = VECTOR('',#4562,1.);
#4562 = DIRECTION('',(-1.,-0.));
#4563 = ( GEOMETRIC_REPRESENTATION_CONTEXT(2) 
PARAMETRIC_REPRESENTATION_CONTEXT() REPRESENTATION_CONTEXT('2D SPACE',''
  ) );
#4564 = PCURVE('',#4565,#4582);
#4565 = SURFACE_OF_REVOLUTION('',#4566,#4579);
#4566 = B_SPLINE_CURVE_WITH_KNOTS('',6,(#4567,#4568,#4569,#4570,#4571,
    #4572,#4573,#4574,#4575,#4576,#4577,#4578),.UNSPECIFIED.,.F.,.F.,(7,
    5,7),(0.,0.785398163397,1.570796326795),.UNSPECIFIED.);
#4567 = CARTESIAN_POINT('',(-82.,-65.,7.));
#4568 = CARTESIAN_POINT('',(-82.,-65.,6.738200612201));
#4569 = CARTESIAN_POINT('',(-82.,-64.95887680963,6.476401661678));
#4570 = CARTESIAN_POINT('',(-82.,-64.87662935758,6.222674668543));
#4571 = CARTESIAN_POINT('',(-82.,-64.75537501124,5.985104860042));
#4572 = CARTESIAN_POINT('',(-82.,-64.59933368479,5.77090656005));
#4573 = CARTESIAN_POINT('',(-82.,-64.22909343995,5.400666315204));
#4574 = CARTESIAN_POINT('',(-82.,-64.01489513995,5.244624988751));
#4575 = CARTESIAN_POINT('',(-82.,-63.77732533145,5.12337064242));
#4576 = CARTESIAN_POINT('',(-82.,-63.52359833832,5.041123190363));
#4577 = CARTESIAN_POINT('',(-82.,-63.26179938779,5.));
#4578 = CARTESIAN_POINT('',(-82.,-63.,5.));
#4579 = AXIS1_PLACEMENT('',#4580,#4581);
#4580 = CARTESIAN_POINT('',(-82.,-62.,7.));
#4581 = DIRECTION('',(-0.,-0.,-1.));
#4582 = DEFINITIONAL_REPRESENTATION('',(#4583),#4587);
#4583 = LINE('',#4584,#4585);
#4584 = CARTESIAN_POINT('',(0.,0.));
#4585 = VECTOR('',#4586,1.);
#4586 = DIRECTION('',(1.,0.));
#4587 = ( GEOMETRIC_REPRESENTATION_CONTEXT(2) 
PARAMETRIC_REPRESENTATION_CONTEXT() REPRESENTATION_CONTEXT('2D SPACE',''
  ) );
#4588 = ORIENTED_EDGE('',*,*,#4418,.F.);
#4589 = ORIENTED_EDGE('',*,*,#874,.F.);
#4590 = ADVANCED_FACE('',(#4591),#1090,.F.);
#4591 = FACE_BOUND('',#4592,.F.);
#4592 = EDGE_LOOP('',(#4593,#4594,#4622,#4643));
#4593 = ORIENTED_EDGE('',*,*,#4472,.T.);
#4594 = ORIENTED_EDGE('',*,*,#4595,.F.);
#4595 = EDGE_CURVE('',#4596,#4473,#4598,.T.);
#4596 = VERTEX_POINT('',#4597);
#4597 = CARTESIAN_POINT('',(-36.,-65.,7.));
#4598 = SURFACE_CURVE('',#4599,(#4603,#4610),.PCURVE_S1.);
#4599 = LINE('',#4600,#4601);
#4600 = CARTESIAN_POINT('',(-36.,-65.,7.));
#4601 = VECTOR('',#4602,1.);
#4602 = DIRECTION('',(-1.,-0.,-0.));
#4603 = PCURVE('',#1090,#4604);
#4604 = DEFINITIONAL_REPRESENTATION('',(#4605),#4609);
#4605 = LINE('',#4606,#4607);
#4606 = CARTESIAN_POINT('',(1.,-13.));
#4607 = VECTOR('',#4608,1.);
#4608 = DIRECTION('',(-1.,0.));
#4609 = ( GEOMETRIC_REPRESENTATION_CONTEXT(2) 
PARAMETRIC_REPRESENTATION_CONTEXT() REPRESENTATION_CONTEXT('2D SPACE',''
  ) );
#4610 = PCURVE('',#4611,#4616);
#4611 = CYLINDRICAL_SURFACE('',#4612,2.);
#4612 = AXIS2_PLACEMENT_3D('',#4613,#4614,#4615);
#4613 = CARTESIAN_POINT('',(-36.,-63.,7.));
#4614 = DIRECTION('',(-1.,-0.,-0.));
#4615 = DIRECTION('',(0.,-1.,0.));
#4616 = DEFINITIONAL_REPRESENTATION('',(#4617),#4621);
#4617 = LINE('',#4618,#4619);
#4618 = CARTESIAN_POINT('',(-0.,0.));
#4619 = VECTOR('',#4620,1.);
#4620 = DIRECTION('',(-0.,1.));
#4621 = ( GEOMETRIC_REPRESENTATION_CONTEXT(2) 
PARAMETRIC_REPRESENTATION_CONTEXT() REPRESENTATION_CONTEXT('2D SPACE',''
  ) );
#4622 = ORIENTED_EDGE('',*,*,#4623,.F.);
#4623 = EDGE_CURVE('',#1046,#4596,#4624,.T.);
#4624 = SURFACE_CURVE('',#4625,(#4629,#4636),.PCURVE_S1.);
#4625 = LINE('',#4626,#4627);
#4626 = CARTESIAN_POINT('',(-36.,-65.,20.));
#4627 = VECTOR('',#4628,1.);
#4628 = DIRECTION('',(-0.,-0.,-1.));
#4629 = PCURVE('',#1090,#4630);
#4630 = DEFINITIONAL_REPRESENTATION('',(#4631),#4635);
#4631 = LINE('',#4632,#4633);
#4632 = CARTESIAN_POINT('',(1.,0.));
#4633 = VECTOR('',#4634,1.);
#4634 = DIRECTION('',(0.,-1.));
#4635 = ( GEOMETRIC_REPRESENTATION_CONTEXT(2) 
PARAMETRIC_REPRESENTATION_CONTEXT() REPRESENTATION_CONTEXT('2D SPACE',''
  ) );
#4636 = PCURVE('',#1062,#4637);
#4637 = DEFINITIONAL_REPRESENTATION('',(#4638),#4642);
#4638 = LINE('',#4639,#4640);
#4639 = CARTESIAN_POINT('',(4.712388980385,0.));
#4640 = VECTOR('',#4641,1.);
#4641 = DIRECTION('',(0.,-1.));
#4642 = ( GEOMETRIC_REPRESENTATION_CONTEXT(2) 
PARAMETRIC_REPRESENTATION_CONTEXT() REPRESENTATION_CONTEXT('2D SPACE',''
  ) );
#4643 = ORIENTED_EDGE('',*,*,#1074,.F.);
#4644 = ADVANCED_FACE('',(#4645),#919,.F.);
#4645 = FACE_BOUND('',#4646,.F.);
#4646 = EDGE_LOOP('',(#4647,#4670,#4696,#4697));
#4647 = ORIENTED_EDGE('',*,*,#4648,.T.);
#4648 = EDGE_CURVE('',#904,#4649,#4651,.T.);
#4649 = VERTEX_POINT('',#4650);
#4650 = CARTESIAN_POINT('',(-85.,2.,7.));
#4651 = SURFACE_CURVE('',#4652,(#4656,#4663),.PCURVE_S1.);
#4652 = LINE('',#4653,#4654);
#4653 = CARTESIAN_POINT('',(-85.,2.,20.));
#4654 = VECTOR('',#4655,1.);
#4655 = DIRECTION('',(-0.,-0.,-1.));
#4656 = PCURVE('',#919,#4657);
#4657 = DEFINITIONAL_REPRESENTATION('',(#4658),#4662);
#4658 = LINE('',#4659,#4660);
#4659 = CARTESIAN_POINT('',(0.,0.));
#4660 = VECTOR('',#4661,1.);
#4661 = DIRECTION('',(0.,-1.));
#4662 = ( GEOMETRIC_REPRESENTATION_CONTEXT(2) 
PARAMETRIC_REPRESENTATION_CONTEXT() REPRESENTATION_CONTEXT('2D SPACE',''
  ) );
#4663 = PCURVE('',#948,#4664);
#4664 = DEFINITIONAL_REPRESENTATION('',(#4665),#4669);
#4665 = LINE('',#4666,#4667);
#4666 = CARTESIAN_POINT('',(3.14159265359,0.));
#4667 = VECTOR('',#4668,1.);
#4668 = DIRECTION('',(0.,-1.));
#4669 = ( GEOMETRIC_REPRESENTATION_CONTEXT(2) 
PARAMETRIC_REPRESENTATION_CONTEXT() REPRESENTATION_CONTEXT('2D SPACE',''
  ) );
#4670 = ORIENTED_EDGE('',*,*,#4671,.F.);
#4671 = EDGE_CURVE('',#4528,#4649,#4672,.T.);
#4672 = SURFACE_CURVE('',#4673,(#4677,#4684),.PCURVE_S1.);
#4673 = LINE('',#4674,#4675);
#4674 = CARTESIAN_POINT('',(-85.,-62.,7.));
#4675 = VECTOR('',#4676,1.);
#4676 = DIRECTION('',(0.,1.,0.));
#4677 = PCURVE('',#919,#4678);
#4678 = DEFINITIONAL_REPRESENTATION('',(#4679),#4683);
#4679 = LINE('',#4680,#4681);
#4680 = CARTESIAN_POINT('',(64.,-13.));
#4681 = VECTOR('',#4682,1.);
#4682 = DIRECTION('',(-1.,0.));
#4683 = ( GEOMETRIC_REPRESENTATION_CONTEXT(2) 
PARAMETRIC_REPRESENTATION_CONTEXT() REPRESENTATION_CONTEXT('2D SPACE',''
  ) );
#4684 = PCURVE('',#4685,#4690);
#4685 = CYLINDRICAL_SURFACE('',#4686,2.);
#4686 = AXIS2_PLACEMENT_3D('',#4687,#4688,#4689);
#4687 = CARTESIAN_POINT('',(-83.,-62.,7.));
#4688 = DIRECTION('',(0.,1.,0.));
#4689 = DIRECTION('',(-1.,0.,0.));
#4690 = DEFINITIONAL_REPRESENTATION('',(#4691),#4695);
#4691 = LINE('',#4692,#4693);
#4692 = CARTESIAN_POINT('',(-0.,0.));
#4693 = VECTOR('',#4694,1.);
#4694 = DIRECTION('',(-0.,1.));
#4695 = ( GEOMETRIC_REPRESENTATION_CONTEXT(2) 
PARAMETRIC_REPRESENTATION_CONTEXT() REPRESENTATION_CONTEXT('2D SPACE',''
  ) );
#4696 = ORIENTED_EDGE('',*,*,#4527,.F.);
#4697 = ORIENTED_EDGE('',*,*,#903,.F.);
#4698 = ADVANCED_FACE('',(#4699),#1062,.F.);
#4699 = FACE_BOUND('',#4700,.F.);
#4700 = EDGE_LOOP('',(#4701,#4702,#4743,#4764));
#4701 = ORIENTED_EDGE('',*,*,#4623,.T.);
#4702 = ORIENTED_EDGE('',*,*,#4703,.F.);
#4703 = EDGE_CURVE('',#4704,#4596,#4706,.T.);
#4704 = VERTEX_POINT('',#4705);
#4705 = CARTESIAN_POINT('',(-33.,-62.,7.));
#4706 = SURFACE_CURVE('',#4707,(#4712,#4719),.PCURVE_S1.);
#4707 = CIRCLE('',#4708,3.);
#4708 = AXIS2_PLACEMENT_3D('',#4709,#4710,#4711);
#4709 = CARTESIAN_POINT('',(-36.,-62.,7.));
#4710 = DIRECTION('',(0.,0.,-1.));
#4711 = DIRECTION('',(1.,0.,0.));
#4712 = PCURVE('',#1062,#4713);
#4713 = DEFINITIONAL_REPRESENTATION('',(#4714),#4718);
#4714 = LINE('',#4715,#4716);
#4715 = CARTESIAN_POINT('',(6.28318530718,-13.));
#4716 = VECTOR('',#4717,1.);
#4717 = DIRECTION('',(-1.,-0.));
#4718 = ( GEOMETRIC_REPRESENTATION_CONTEXT(2) 
PARAMETRIC_REPRESENTATION_CONTEXT() REPRESENTATION_CONTEXT('2D SPACE',''
  ) );
#4719 = PCURVE('',#4720,#4737);
#4720 = SURFACE_OF_REVOLUTION('',#4721,#4734);
#4721 = B_SPLINE_CURVE_WITH_KNOTS('',6,(#4722,#4723,#4724,#4725,#4726,
    #4727,#4728,#4729,#4730,#4731,#4732,#4733),.UNSPECIFIED.,.F.,.F.,(7,
    5,7),(0.,0.785398163397,1.570796326795),.UNSPECIFIED.);
#4722 = CARTESIAN_POINT('',(-33.,-62.,7.));
#4723 = CARTESIAN_POINT('',(-33.,-62.,6.738200612201));
#4724 = CARTESIAN_POINT('',(-33.04112319036,-62.,6.476401661678));
#4725 = CARTESIAN_POINT('',(-33.12337064242,-62.,6.222674668543));
#4726 = CARTESIAN_POINT('',(-33.24462498875,-62.,5.985104860042));
#4727 = CARTESIAN_POINT('',(-33.4006663152,-62.,5.77090656005));
#4728 = CARTESIAN_POINT('',(-33.77090656005,-62.,5.400666315204));
#4729 = CARTESIAN_POINT('',(-33.98510486004,-62.,5.244624988751));
#4730 = CARTESIAN_POINT('',(-34.22267466854,-62.,5.12337064242));
#4731 = CARTESIAN_POINT('',(-34.47640166167,-62.,5.041123190363));
#4732 = CARTESIAN_POINT('',(-34.7382006122,-62.,5.));
#4733 = CARTESIAN_POINT('',(-35.,-62.,5.));
#4734 = AXIS1_PLACEMENT('',#4735,#4736);
#4735 = CARTESIAN_POINT('',(-36.,-62.,7.));
#4736 = DIRECTION('',(-0.,-0.,-1.));
#4737 = DEFINITIONAL_REPRESENTATION('',(#4738),#4742);
#4738 = LINE('',#4739,#4740);
#4739 = CARTESIAN_POINT('',(0.,0.));
#4740 = VECTOR('',#4741,1.);
#4741 = DIRECTION('',(1.,0.));
#4742 = ( GEOMETRIC_REPRESENTATION_CONTEXT(2) 
PARAMETRIC_REPRESENTATION_CONTEXT() REPRESENTATION_CONTEXT('2D SPACE',''
  ) );
#4743 = ORIENTED_EDGE('',*,*,#4744,.F.);
#4744 = EDGE_CURVE('',#1018,#4704,#4745,.T.);
#4745 = SURFACE_CURVE('',#4746,(#4750,#4757),.PCURVE_S1.);
#4746 = LINE('',#4747,#4748);
#4747 = CARTESIAN_POINT('',(-33.,-62.,20.));
#4748 = VECTOR('',#4749,1.);
#4749 = DIRECTION('',(-0.,-0.,-1.));
#4750 = PCURVE('',#1062,#4751);
#4751 = DEFINITIONAL_REPRESENTATION('',(#4752),#4756);
#4752 = LINE('',#4753,#4754);
#4753 = CARTESIAN_POINT('',(6.28318530718,0.));
#4754 = VECTOR('',#4755,1.);
#4755 = DIRECTION('',(0.,-1.));
#4756 = ( GEOMETRIC_REPRESENTATION_CONTEXT(2) 
PARAMETRIC_REPRESENTATION_CONTEXT() REPRESENTATION_CONTEXT('2D SPACE',''
  ) );
#4757 = PCURVE('',#1033,#4758);
#4758 = DEFINITIONAL_REPRESENTATION('',(#4759),#4763);
#4759 = LINE('',#4760,#4761);
#4760 = CARTESIAN_POINT('',(0.,0.));
#4761 = VECTOR('',#4762,1.);
#4762 = DIRECTION('',(0.,-1.));
#4763 = ( GEOMETRIC_REPRESENTATION_CONTEXT(2) 
PARAMETRIC_REPRESENTATION_CONTEXT() REPRESENTATION_CONTEXT('2D SPACE',''
  ) );
#4764 = ORIENTED_EDGE('',*,*,#1045,.F.);
#4765 = ADVANCED_FACE('',(#4766),#948,.F.);
#4766 = FACE_BOUND('',#4767,.F.);
#4767 = EDGE_LOOP('',(#4768,#4791,#4830,#4831));
#4768 = ORIENTED_EDGE('',*,*,#4769,.T.);
#4769 = EDGE_CURVE('',#932,#4770,#4772,.T.);
#4770 = VERTEX_POINT('',#4771);
#4771 = CARTESIAN_POINT('',(-82.,5.,7.));
#4772 = SURFACE_CURVE('',#4773,(#4777,#4784),.PCURVE_S1.);
#4773 = LINE('',#4774,#4775);
#4774 = CARTESIAN_POINT('',(-82.,5.,20.));
#4775 = VECTOR('',#4776,1.);
#4776 = DIRECTION('',(-0.,-0.,-1.));
#4777 = PCURVE('',#948,#4778);
#4778 = DEFINITIONAL_REPRESENTATION('',(#4779),#4783);
#4779 = LINE('',#4780,#4781);
#4780 = CARTESIAN_POINT('',(1.570796326795,0.));
#4781 = VECTOR('',#4782,1.);
#4782 = DIRECTION('',(0.,-1.));
#4783 = ( GEOMETRIC_REPRESENTATION_CONTEXT(2) 
PARAMETRIC_REPRESENTATION_CONTEXT() REPRESENTATION_CONTEXT('2D SPACE',''
  ) );
#4784 = PCURVE('',#976,#4785);
#4785 = DEFINITIONAL_REPRESENTATION('',(#4786),#4790);
#4786 = LINE('',#4787,#4788);
#4787 = CARTESIAN_POINT('',(46.,0.));
#4788 = VECTOR('',#4789,1.);
#4789 = DIRECTION('',(0.,-1.));
#4790 = ( GEOMETRIC_REPRESENTATION_CONTEXT(2) 
PARAMETRIC_REPRESENTATION_CONTEXT() REPRESENTATION_CONTEXT('2D SPACE',''
  ) );
#4791 = ORIENTED_EDGE('',*,*,#4792,.F.);
#4792 = EDGE_CURVE('',#4649,#4770,#4793,.T.);
#4793 = SURFACE_CURVE('',#4794,(#4799,#4806),.PCURVE_S1.);
#4794 = CIRCLE('',#4795,3.);
#4795 = AXIS2_PLACEMENT_3D('',#4796,#4797,#4798);
#4796 = CARTESIAN_POINT('',(-82.,2.,7.));
#4797 = DIRECTION('',(0.,0.,-1.));
#4798 = DIRECTION('',(-1.,5.9E-16,0.));
#4799 = PCURVE('',#948,#4800);
#4800 = DEFINITIONAL_REPRESENTATION('',(#4801),#4805);
#4801 = LINE('',#4802,#4803);
#4802 = CARTESIAN_POINT('',(3.14159265359,-13.));
#4803 = VECTOR('',#4804,1.);
#4804 = DIRECTION('',(-1.,-0.));
#4805 = ( GEOMETRIC_REPRESENTATION_CONTEXT(2) 
PARAMETRIC_REPRESENTATION_CONTEXT() REPRESENTATION_CONTEXT('2D SPACE',''
  ) );
#4806 = PCURVE('',#4807,#4824);
#4807 = SURFACE_OF_REVOLUTION('',#4808,#4821);
#4808 = B_SPLINE_CURVE_WITH_KNOTS('',6,(#4809,#4810,#4811,#4812,#4813,
    #4814,#4815,#4816,#4817,#4818,#4819,#4820),.UNSPECIFIED.,.F.,.F.,(7,
    5,7),(0.,0.785398163397,1.570796326795),.UNSPECIFIED.);
#4809 = CARTESIAN_POINT('',(-85.,2.,7.));
#4810 = CARTESIAN_POINT('',(-85.,2.,6.738200612201));
#4811 = CARTESIAN_POINT('',(-84.95887680963,2.,6.476401661678));
#4812 = CARTESIAN_POINT('',(-84.87662935758,2.,6.222674668543));
#4813 = CARTESIAN_POINT('',(-84.75537501124,2.,5.985104860042));
#4814 = CARTESIAN_POINT('',(-84.59933368479,2.,5.77090656005));
#4815 = CARTESIAN_POINT('',(-84.22909343995,2.,5.400666315204));
#4816 = CARTESIAN_POINT('',(-84.01489513995,2.,5.244624988751));
#4817 = CARTESIAN_POINT('',(-83.77732533145,2.,5.12337064242));
#4818 = CARTESIAN_POINT('',(-83.52359833832,2.,5.041123190363));
#4819 = CARTESIAN_POINT('',(-83.26179938779,2.,5.));
#4820 = CARTESIAN_POINT('',(-83.,2.,5.));
#4821 = AXIS1_PLACEMENT('',#4822,#4823);
#4822 = CARTESIAN_POINT('',(-82.,2.,7.));
#4823 = DIRECTION('',(-0.,-0.,-1.));
#4824 = DEFINITIONAL_REPRESENTATION('',(#4825),#4829);
#4825 = LINE('',#4826,#4827);
#4826 = CARTESIAN_POINT('',(0.,0.));
#4827 = VECTOR('',#4828,1.);
#4828 = DIRECTION('',(1.,0.));
#4829 = ( GEOMETRIC_REPRESENTATION_CONTEXT(2) 
PARAMETRIC_REPRESENTATION_CONTEXT() REPRESENTATION_CONTEXT('2D SPACE',''
  ) );
#4830 = ORIENTED_EDGE('',*,*,#4648,.F.);
#4831 = ORIENTED_EDGE('',*,*,#931,.F.);
#4832 = ADVANCED_FACE('',(#4833),#1033,.F.);
#4833 = FACE_BOUND('',#4834,.F.);
#4834 = EDGE_LOOP('',(#4835,#4836,#4864,#4885));
#4835 = ORIENTED_EDGE('',*,*,#4744,.T.);
#4836 = ORIENTED_EDGE('',*,*,#4837,.F.);
#4837 = EDGE_CURVE('',#4838,#4704,#4840,.T.);
#4838 = VERTEX_POINT('',#4839);
#4839 = CARTESIAN_POINT('',(-33.,2.,7.));
#4840 = SURFACE_CURVE('',#4841,(#4845,#4852),.PCURVE_S1.);
#4841 = LINE('',#4842,#4843);
#4842 = CARTESIAN_POINT('',(-33.,2.,7.));
#4843 = VECTOR('',#4844,1.);
#4844 = DIRECTION('',(-0.,-1.,-0.));
#4845 = PCURVE('',#1033,#4846);
#4846 = DEFINITIONAL_REPRESENTATION('',(#4847),#4851);
#4847 = LINE('',#4848,#4849);
#4848 = CARTESIAN_POINT('',(64.,-13.));
#4849 = VECTOR('',#4850,1.);
#4850 = DIRECTION('',(-1.,0.));
#4851 = ( GEOMETRIC_REPRESENTATION_CONTEXT(2) 
PARAMETRIC_REPRESENTATION_CONTEXT() REPRESENTATION_CONTEXT('2D SPACE',''
  ) );
#4852 = PCURVE('',#4853,#4858);
#4853 = CYLINDRICAL_SURFACE('',#4854,2.);
#4854 = AXIS2_PLACEMENT_3D('',#4855,#4856,#4857);
#4855 = CARTESIAN_POINT('',(-35.,2.,7.));
#4856 = DIRECTION('',(-0.,-1.,-0.));
#4857 = DIRECTION('',(1.,0.,0.));
#4858 = DEFINITIONAL_REPRESENTATION('',(#4859),#4863);
#4859 = LINE('',#4860,#4861);
#4860 = CARTESIAN_POINT('',(-0.,0.));
#4861 = VECTOR('',#4862,1.);
#4862 = DIRECTION('',(-0.,1.));
#4863 = ( GEOMETRIC_REPRESENTATION_CONTEXT(2) 
PARAMETRIC_REPRESENTATION_CONTEXT() REPRESENTATION_CONTEXT('2D SPACE',''
  ) );
#4864 = ORIENTED_EDGE('',*,*,#4865,.F.);
#4865 = EDGE_CURVE('',#989,#4838,#4866,.T.);
#4866 = SURFACE_CURVE('',#4867,(#4871,#4878),.PCURVE_S1.);
#4867 = LINE('',#4868,#4869);
#4868 = CARTESIAN_POINT('',(-33.,2.,20.));
#4869 = VECTOR('',#4870,1.);
#4870 = DIRECTION('',(-0.,-0.,-1.));
#4871 = PCURVE('',#1033,#4872);
#4872 = DEFINITIONAL_REPRESENTATION('',(#4873),#4877);
#4873 = LINE('',#4874,#4875);
#4874 = CARTESIAN_POINT('',(64.,0.));
#4875 = VECTOR('',#4876,1.);
#4876 = DIRECTION('',(0.,-1.));
#4877 = ( GEOMETRIC_REPRESENTATION_CONTEXT(2) 
PARAMETRIC_REPRESENTATION_CONTEXT() REPRESENTATION_CONTEXT('2D SPACE',''
  ) );
#4878 = PCURVE('',#1005,#4879);
#4879 = DEFINITIONAL_REPRESENTATION('',(#4880),#4884);
#4880 = LINE('',#4881,#4882);
#4881 = CARTESIAN_POINT('',(0.,0.));
#4882 = VECTOR('',#4883,1.);
#4883 = DIRECTION('',(0.,-1.));
#4884 = ( GEOMETRIC_REPRESENTATION_CONTEXT(2) 
PARAMETRIC_REPRESENTATION_CONTEXT() REPRESENTATION_CONTEXT('2D SPACE',''
  ) );
#4885 = ORIENTED_EDGE('',*,*,#1017,.F.);
#4886 = ADVANCED_FACE('',(#4887),#976,.F.);
#4887 = FACE_BOUND('',#4888,.F.);
#4888 = EDGE_LOOP('',(#4889,#4912,#4938,#4939));
#4889 = ORIENTED_EDGE('',*,*,#4890,.T.);
#4890 = EDGE_CURVE('',#961,#4891,#4893,.T.);
#4891 = VERTEX_POINT('',#4892);
#4892 = CARTESIAN_POINT('',(-36.,5.,7.));
#4893 = SURFACE_CURVE('',#4894,(#4898,#4905),.PCURVE_S1.);
#4894 = LINE('',#4895,#4896);
#4895 = CARTESIAN_POINT('',(-36.,5.,20.));
#4896 = VECTOR('',#4897,1.);
#4897 = DIRECTION('',(-0.,-0.,-1.));
#4898 = PCURVE('',#976,#4899);
#4899 = DEFINITIONAL_REPRESENTATION('',(#4900),#4904);
#4900 = LINE('',#4901,#4902);
#4901 = CARTESIAN_POINT('',(0.,0.));
#4902 = VECTOR('',#4903,1.);
#4903 = DIRECTION('',(0.,-1.));
#4904 = ( GEOMETRIC_REPRESENTATION_CONTEXT(2) 
PARAMETRIC_REPRESENTATION_CONTEXT() REPRESENTATION_CONTEXT('2D SPACE',''
  ) );
#4905 = PCURVE('',#1005,#4906);
#4906 = DEFINITIONAL_REPRESENTATION('',(#4907),#4911);
#4907 = LINE('',#4908,#4909);
#4908 = CARTESIAN_POINT('',(1.570796326795,0.));
#4909 = VECTOR('',#4910,1.);
#4910 = DIRECTION('',(0.,-1.));
#4911 = ( GEOMETRIC_REPRESENTATION_CONTEXT(2) 
PARAMETRIC_REPRESENTATION_CONTEXT() REPRESENTATION_CONTEXT('2D SPACE',''
  ) );
#4912 = ORIENTED_EDGE('',*,*,#4913,.F.);
#4913 = EDGE_CURVE('',#4770,#4891,#4914,.T.);
#4914 = SURFACE_CURVE('',#4915,(#4919,#4926),.PCURVE_S1.);
#4915 = LINE('',#4916,#4917);
#4916 = CARTESIAN_POINT('',(-82.,5.,7.));
#4917 = VECTOR('',#4918,1.);
#4918 = DIRECTION('',(1.,0.,0.));
#4919 = PCURVE('',#976,#4920);
#4920 = DEFINITIONAL_REPRESENTATION('',(#4921),#4925);
#4921 = LINE('',#4922,#4923);
#4922 = CARTESIAN_POINT('',(46.,-13.));
#4923 = VECTOR('',#4924,1.);
#4924 = DIRECTION('',(-1.,0.));
#4925 = ( GEOMETRIC_REPRESENTATION_CONTEXT(2) 
PARAMETRIC_REPRESENTATION_CONTEXT() REPRESENTATION_CONTEXT('2D SPACE',''
  ) );
#4926 = PCURVE('',#4927,#4932);
#4927 = CYLINDRICAL_SURFACE('',#4928,2.);
#4928 = AXIS2_PLACEMENT_3D('',#4929,#4930,#4931);
#4929 = CARTESIAN_POINT('',(-82.,3.,7.));
#4930 = DIRECTION('',(1.,0.,0.));
#4931 = DIRECTION('',(0.,1.,0.));
#4932 = DEFINITIONAL_REPRESENTATION('',(#4933),#4937);
#4933 = LINE('',#4934,#4935);
#4934 = CARTESIAN_POINT('',(-0.,0.));
#4935 = VECTOR('',#4936,1.);
#4936 = DIRECTION('',(-0.,1.));
#4937 = ( GEOMETRIC_REPRESENTATION_CONTEXT(2) 
PARAMETRIC_REPRESENTATION_CONTEXT() REPRESENTATION_CONTEXT('2D SPACE',''
  ) );
#4938 = ORIENTED_EDGE('',*,*,#4769,.F.);
#4939 = ORIENTED_EDGE('',*,*,#960,.F.);
#4940 = ADVANCED_FACE('',(#4941),#1005,.F.);
#4941 = FACE_BOUND('',#4942,.F.);
#4942 = EDGE_LOOP('',(#4943,#4944,#4983,#4984));
#4943 = ORIENTED_EDGE('',*,*,#4865,.T.);
#4944 = ORIENTED_EDGE('',*,*,#4945,.F.);
#4945 = EDGE_CURVE('',#4891,#4838,#4946,.T.);
#4946 = SURFACE_CURVE('',#4947,(#4952,#4959),.PCURVE_S1.);
#4947 = CIRCLE('',#4948,3.);
#4948 = AXIS2_PLACEMENT_3D('',#4949,#4950,#4951);
#4949 = CARTESIAN_POINT('',(-36.,2.,7.));
#4950 = DIRECTION('',(0.,0.,-1.));
#4951 = DIRECTION('',(0.,1.,0.));
#4952 = PCURVE('',#1005,#4953);
#4953 = DEFINITIONAL_REPRESENTATION('',(#4954),#4958);
#4954 = LINE('',#4955,#4956);
#4955 = CARTESIAN_POINT('',(1.570796326795,-13.));
#4956 = VECTOR('',#4957,1.);
#4957 = DIRECTION('',(-1.,-0.));
#4958 = ( GEOMETRIC_REPRESENTATION_CONTEXT(2) 
PARAMETRIC_REPRESENTATION_CONTEXT() REPRESENTATION_CONTEXT('2D SPACE',''
  ) );
#4959 = PCURVE('',#4960,#4977);
#4960 = SURFACE_OF_REVOLUTION('',#4961,#4974);
#4961 = B_SPLINE_CURVE_WITH_KNOTS('',6,(#4962,#4963,#4964,#4965,#4966,
    #4967,#4968,#4969,#4970,#4971,#4972,#4973),.UNSPECIFIED.,.F.,.F.,(7,
    5,7),(0.,0.785398163397,1.570796326795),.UNSPECIFIED.);
#4962 = CARTESIAN_POINT('',(-36.,5.,7.));
#4963 = CARTESIAN_POINT('',(-36.,5.,6.738200612201));
#4964 = CARTESIAN_POINT('',(-36.,4.958876809637,6.476401661678));
#4965 = CARTESIAN_POINT('',(-36.,4.87662935758,6.222674668543));
#4966 = CARTESIAN_POINT('',(-36.,4.755375011249,5.985104860042));
#4967 = CARTESIAN_POINT('',(-36.,4.599333684796,5.77090656005));
#4968 = CARTESIAN_POINT('',(-36.,4.22909343995,5.400666315204));
#4969 = CARTESIAN_POINT('',(-36.,4.014895139958,5.244624988751));
#4970 = CARTESIAN_POINT('',(-36.,3.777325331457,5.12337064242));
#4971 = CARTESIAN_POINT('',(-36.,3.523598338322,5.041123190363));
#4972 = CARTESIAN_POINT('',(-36.,3.261799387799,5.));
#4973 = CARTESIAN_POINT('',(-36.,3.,5.));
#4974 = AXIS1_PLACEMENT('',#4975,#4976);
#4975 = CARTESIAN_POINT('',(-36.,2.,7.));
#4976 = DIRECTION('',(-0.,-0.,-1.));
#4977 = DEFINITIONAL_REPRESENTATION('',(#4978),#4982);
#4978 = LINE('',#4979,#4980);
#4979 = CARTESIAN_POINT('',(0.,0.));
#4980 = VECTOR('',#4981,1.);
#4981 = DIRECTION('',(1.,0.));
#4982 = ( GEOMETRIC_REPRESENTATION_CONTEXT(2) 
PARAMETRIC_REPRESENTATION_CONTEXT() REPRESENTATION_CONTEXT('2D SPACE',''
  ) );
#4983 = ORIENTED_EDGE('',*,*,#4890,.F.);
#4984 = ORIENTED_EDGE('',*,*,#988,.F.);
#4985 = ADVANCED_FACE('',(#4986),#1314,.F.);
#4986 = FACE_BOUND('',#4987,.F.);
#4987 = EDGE_LOOP('',(#4988,#5011,#5039,#5060));
#4988 = ORIENTED_EDGE('',*,*,#4989,.T.);
#4989 = EDGE_CURVE('',#1297,#4990,#4992,.T.);
#4990 = VERTEX_POINT('',#4991);
#4991 = CARTESIAN_POINT('',(45.,-2.,2.));
#4992 = SURFACE_CURVE('',#4993,(#4997,#5004),.PCURVE_S1.);
#4993 = LINE('',#4994,#4995);
#4994 = CARTESIAN_POINT('',(45.,-2.,20.));
#4995 = VECTOR('',#4996,1.);
#4996 = DIRECTION('',(-0.,-0.,-1.));
#4997 = PCURVE('',#1314,#4998);
#4998 = DEFINITIONAL_REPRESENTATION('',(#4999),#5003);
#4999 = LINE('',#5000,#5001);
#5000 = CARTESIAN_POINT('',(0.,0.));
#5001 = VECTOR('',#5002,1.);
#5002 = DIRECTION('',(0.,-1.));
#5003 = ( GEOMETRIC_REPRESENTATION_CONTEXT(2) 
PARAMETRIC_REPRESENTATION_CONTEXT() REPRESENTATION_CONTEXT('2D SPACE',''
  ) );
#5004 = PCURVE('',#1343,#5005);
#5005 = DEFINITIONAL_REPRESENTATION('',(#5006),#5010);
#5006 = LINE('',#5007,#5008);
#5007 = CARTESIAN_POINT('',(3.14159265359,0.));
#5008 = VECTOR('',#5009,1.);
#5009 = DIRECTION('',(0.,-1.));
#5010 = ( GEOMETRIC_REPRESENTATION_CONTEXT(2) 
PARAMETRIC_REPRESENTATION_CONTEXT() REPRESENTATION_CONTEXT('2D SPACE',''
  ) );
#5011 = ORIENTED_EDGE('',*,*,#5012,.T.);
#5012 = EDGE_CURVE('',#4990,#5013,#5015,.T.);
#5013 = VERTEX_POINT('',#5014);
#5014 = CARTESIAN_POINT('',(45.,-63.,2.));
#5015 = SURFACE_CURVE('',#5016,(#5020,#5027),.PCURVE_S1.);
#5016 = LINE('',#5017,#5018);
#5017 = CARTESIAN_POINT('',(45.,-2.,2.));
#5018 = VECTOR('',#5019,1.);
#5019 = DIRECTION('',(0.,-1.,0.));
#5020 = PCURVE('',#1314,#5021);
#5021 = DEFINITIONAL_REPRESENTATION('',(#5022),#5026);
#5022 = LINE('',#5023,#5024);
#5023 = CARTESIAN_POINT('',(0.,-18.));
#5024 = VECTOR('',#5025,1.);
#5025 = DIRECTION('',(1.,0.));
#5026 = ( GEOMETRIC_REPRESENTATION_CONTEXT(2) 
PARAMETRIC_REPRESENTATION_CONTEXT() REPRESENTATION_CONTEXT('2D SPACE',''
  ) );
#5027 = PCURVE('',#5028,#5033);
#5028 = PLANE('',#5029);
#5029 = AXIS2_PLACEMENT_3D('',#5030,#5031,#5032);
#5030 = CARTESIAN_POINT('',(65.,-32.5,2.));
#5031 = DIRECTION('',(0.,0.,1.));
#5032 = DIRECTION('',(1.,0.,0.));
#5033 = DEFINITIONAL_REPRESENTATION('',(#5034),#5038);
#5034 = LINE('',#5035,#5036);
#5035 = CARTESIAN_POINT('',(-20.,30.5));
#5036 = VECTOR('',#5037,1.);
#5037 = DIRECTION('',(0.,-1.));
#5038 = ( GEOMETRIC_REPRESENTATION_CONTEXT(2) 
PARAMETRIC_REPRESENTATION_CONTEXT() REPRESENTATION_CONTEXT('2D SPACE',''
  ) );
#5039 = ORIENTED_EDGE('',*,*,#5040,.F.);
#5040 = EDGE_CURVE('',#1299,#5013,#5041,.T.);
#5041 = SURFACE_CURVE('',#5042,(#5046,#5053),.PCURVE_S1.);
#5042 = LINE('',#5043,#5044);
#5043 = CARTESIAN_POINT('',(45.,-63.,20.));
#5044 = VECTOR('',#5045,1.);
#5045 = DIRECTION('',(-0.,-0.,-1.));
#5046 = PCURVE('',#1314,#5047);
#5047 = DEFINITIONAL_REPRESENTATION('',(#5048),#5052);
#5048 = LINE('',#5049,#5050);
#5049 = CARTESIAN_POINT('',(61.,0.));
#5050 = VECTOR('',#5051,1.);
#5051 = DIRECTION('',(0.,-1.));
#5052 = ( GEOMETRIC_REPRESENTATION_CONTEXT(2) 
PARAMETRIC_REPRESENTATION_CONTEXT() REPRESENTATION_CONTEXT('2D SPACE',''
  ) );
#5053 = PCURVE('',#1512,#5054);
#5054 = DEFINITIONAL_REPRESENTATION('',(#5055),#5059);
#5055 = LINE('',#5056,#5057);
#5056 = CARTESIAN_POINT('',(3.14159265359,0.));
#5057 = VECTOR('',#5058,1.);
#5058 = DIRECTION('',(0.,-1.));
#5059 = ( GEOMETRIC_REPRESENTATION_CONTEXT(2) 
PARAMETRIC_REPRESENTATION_CONTEXT() REPRESENTATION_CONTEXT('2D SPACE',''
  ) );
#5060 = ORIENTED_EDGE('',*,*,#1296,.F.);
#5061 = ADVANCED_FACE('',(#5062),#1343,.F.);
#5062 = FACE_BOUND('',#5063,.F.);
#5063 = EDGE_LOOP('',(#5064,#5087,#5109,#5110));
#5064 = ORIENTED_EDGE('',*,*,#5065,.T.);
#5065 = EDGE_CURVE('',#1327,#5066,#5068,.T.);
#5066 = VERTEX_POINT('',#5067);
#5067 = CARTESIAN_POINT('',(47.,0.,2.));
#5068 = SURFACE_CURVE('',#5069,(#5073,#5080),.PCURVE_S1.);
#5069 = LINE('',#5070,#5071);
#5070 = CARTESIAN_POINT('',(47.,0.,20.));
#5071 = VECTOR('',#5072,1.);
#5072 = DIRECTION('',(-0.,-0.,-1.));
#5073 = PCURVE('',#1343,#5074);
#5074 = DEFINITIONAL_REPRESENTATION('',(#5075),#5079);
#5075 = LINE('',#5076,#5077);
#5076 = CARTESIAN_POINT('',(1.570796326795,0.));
#5077 = VECTOR('',#5078,1.);
#5078 = DIRECTION('',(0.,-1.));
#5079 = ( GEOMETRIC_REPRESENTATION_CONTEXT(2) 
PARAMETRIC_REPRESENTATION_CONTEXT() REPRESENTATION_CONTEXT('2D SPACE',''
  ) );
#5080 = PCURVE('',#1371,#5081);
#5081 = DEFINITIONAL_REPRESENTATION('',(#5082),#5086);
#5082 = LINE('',#5083,#5084);
#5083 = CARTESIAN_POINT('',(36.,0.));
#5084 = VECTOR('',#5085,1.);
#5085 = DIRECTION('',(0.,-1.));
#5086 = ( GEOMETRIC_REPRESENTATION_CONTEXT(2) 
PARAMETRIC_REPRESENTATION_CONTEXT() REPRESENTATION_CONTEXT('2D SPACE',''
  ) );
#5087 = ORIENTED_EDGE('',*,*,#5088,.T.);
#5088 = EDGE_CURVE('',#5066,#4990,#5089,.T.);
#5089 = SURFACE_CURVE('',#5090,(#5095,#5102),.PCURVE_S1.);
#5090 = CIRCLE('',#5091,2.);
#5091 = AXIS2_PLACEMENT_3D('',#5092,#5093,#5094);
#5092 = CARTESIAN_POINT('',(47.,-2.,2.));
#5093 = DIRECTION('',(0.,0.,1.));
#5094 = DIRECTION('',(1.,0.,0.));
#5095 = PCURVE('',#1343,#5096);
#5096 = DEFINITIONAL_REPRESENTATION('',(#5097),#5101);
#5097 = LINE('',#5098,#5099);
#5098 = CARTESIAN_POINT('',(0.,-18.));
#5099 = VECTOR('',#5100,1.);
#5100 = DIRECTION('',(1.,0.));
#5101 = ( GEOMETRIC_REPRESENTATION_CONTEXT(2) 
PARAMETRIC_REPRESENTATION_CONTEXT() REPRESENTATION_CONTEXT('2D SPACE',''
  ) );
#5102 = PCURVE('',#5028,#5103);
#5103 = DEFINITIONAL_REPRESENTATION('',(#5104),#5108);
#5104 = CIRCLE('',#5105,2.);
#5105 = AXIS2_PLACEMENT_2D('',#5106,#5107);
#5106 = CARTESIAN_POINT('',(-18.,30.5));
#5107 = DIRECTION('',(1.,0.));
#5108 = ( GEOMETRIC_REPRESENTATION_CONTEXT(2) 
PARAMETRIC_REPRESENTATION_CONTEXT() REPRESENTATION_CONTEXT('2D SPACE',''
  ) );
#5109 = ORIENTED_EDGE('',*,*,#4989,.F.);
#5110 = ORIENTED_EDGE('',*,*,#1326,.F.);
#5111 = ADVANCED_FACE('',(#5112),#1512,.F.);
#5112 = FACE_BOUND('',#5113,.F.);
#5113 = EDGE_LOOP('',(#5114,#5115,#5139,#5160));
#5114 = ORIENTED_EDGE('',*,*,#5040,.T.);
#5115 = ORIENTED_EDGE('',*,*,#5116,.T.);
#5116 = EDGE_CURVE('',#5013,#5117,#5119,.T.);
#5117 = VERTEX_POINT('',#5118);
#5118 = CARTESIAN_POINT('',(47.,-65.,2.));
#5119 = SURFACE_CURVE('',#5120,(#5125,#5132),.PCURVE_S1.);
#5120 = CIRCLE('',#5121,2.);
#5121 = AXIS2_PLACEMENT_3D('',#5122,#5123,#5124);
#5122 = CARTESIAN_POINT('',(47.,-63.,2.));
#5123 = DIRECTION('',(0.,0.,1.));
#5124 = DIRECTION('',(1.,0.,0.));
#5125 = PCURVE('',#1512,#5126);
#5126 = DEFINITIONAL_REPRESENTATION('',(#5127),#5131);
#5127 = LINE('',#5128,#5129);
#5128 = CARTESIAN_POINT('',(0.,-18.));
#5129 = VECTOR('',#5130,1.);
#5130 = DIRECTION('',(1.,0.));
#5131 = ( GEOMETRIC_REPRESENTATION_CONTEXT(2) 
PARAMETRIC_REPRESENTATION_CONTEXT() REPRESENTATION_CONTEXT('2D SPACE',''
  ) );
#5132 = PCURVE('',#5028,#5133);
#5133 = DEFINITIONAL_REPRESENTATION('',(#5134),#5138);
#5134 = CIRCLE('',#5135,2.);
#5135 = AXIS2_PLACEMENT_2D('',#5136,#5137);
#5136 = CARTESIAN_POINT('',(-18.,-30.5));
#5137 = DIRECTION('',(1.,0.));
#5138 = ( GEOMETRIC_REPRESENTATION_CONTEXT(2) 
PARAMETRIC_REPRESENTATION_CONTEXT() REPRESENTATION_CONTEXT('2D SPACE',''
  ) );
#5139 = ORIENTED_EDGE('',*,*,#5140,.F.);
#5140 = EDGE_CURVE('',#1470,#5117,#5141,.T.);
#5141 = SURFACE_CURVE('',#5142,(#5146,#5153),.PCURVE_S1.);
#5142 = LINE('',#5143,#5144);
#5143 = CARTESIAN_POINT('',(47.,-65.,20.));
#5144 = VECTOR('',#5145,1.);
#5145 = DIRECTION('',(-0.,-0.,-1.));
#5146 = PCURVE('',#1512,#5147);
#5147 = DEFINITIONAL_REPRESENTATION('',(#5148),#5152);
#5148 = LINE('',#5149,#5150);
#5149 = CARTESIAN_POINT('',(4.712388980385,0.));
#5150 = VECTOR('',#5151,1.);
#5151 = DIRECTION('',(0.,-1.));
#5152 = ( GEOMETRIC_REPRESENTATION_CONTEXT(2) 
PARAMETRIC_REPRESENTATION_CONTEXT() REPRESENTATION_CONTEXT('2D SPACE',''
  ) );
#5153 = PCURVE('',#1485,#5154);
#5154 = DEFINITIONAL_REPRESENTATION('',(#5155),#5159);
#5155 = LINE('',#5156,#5157);
#5156 = CARTESIAN_POINT('',(0.,0.));
#5157 = VECTOR('',#5158,1.);
#5158 = DIRECTION('',(0.,-1.));
#5159 = ( GEOMETRIC_REPRESENTATION_CONTEXT(2) 
PARAMETRIC_REPRESENTATION_CONTEXT() REPRESENTATION_CONTEXT('2D SPACE',''
  ) );
#5160 = ORIENTED_EDGE('',*,*,#1497,.F.);
#5161 = ADVANCED_FACE('',(#5162),#1371,.F.);
#5162 = FACE_BOUND('',#5163,.F.);
#5163 = EDGE_LOOP('',(#5164,#5187,#5208,#5209));
#5164 = ORIENTED_EDGE('',*,*,#5165,.T.);
#5165 = EDGE_CURVE('',#1356,#5166,#5168,.T.);
#5166 = VERTEX_POINT('',#5167);
#5167 = CARTESIAN_POINT('',(83.,0.,2.));
#5168 = SURFACE_CURVE('',#5169,(#5173,#5180),.PCURVE_S1.);
#5169 = LINE('',#5170,#5171);
#5170 = CARTESIAN_POINT('',(83.,0.,20.));
#5171 = VECTOR('',#5172,1.);
#5172 = DIRECTION('',(-0.,-0.,-1.));
#5173 = PCURVE('',#1371,#5174);
#5174 = DEFINITIONAL_REPRESENTATION('',(#5175),#5179);
#5175 = LINE('',#5176,#5177);
#5176 = CARTESIAN_POINT('',(0.,0.));
#5177 = VECTOR('',#5178,1.);
#5178 = DIRECTION('',(0.,-1.));
#5179 = ( GEOMETRIC_REPRESENTATION_CONTEXT(2) 
PARAMETRIC_REPRESENTATION_CONTEXT() REPRESENTATION_CONTEXT('2D SPACE',''
  ) );
#5180 = PCURVE('',#1400,#5181);
#5181 = DEFINITIONAL_REPRESENTATION('',(#5182),#5186);
#5182 = LINE('',#5183,#5184);
#5183 = CARTESIAN_POINT('',(1.570796326795,0.));
#5184 = VECTOR('',#5185,1.);
#5185 = DIRECTION('',(0.,-1.));
#5186 = ( GEOMETRIC_REPRESENTATION_CONTEXT(2) 
PARAMETRIC_REPRESENTATION_CONTEXT() REPRESENTATION_CONTEXT('2D SPACE',''
  ) );
#5187 = ORIENTED_EDGE('',*,*,#5188,.T.);
#5188 = EDGE_CURVE('',#5166,#5066,#5189,.T.);
#5189 = SURFACE_CURVE('',#5190,(#5194,#5201),.PCURVE_S1.);
#5190 = LINE('',#5191,#5192);
#5191 = CARTESIAN_POINT('',(83.,0.,2.));
#5192 = VECTOR('',#5193,1.);
#5193 = DIRECTION('',(-1.,0.,0.));
#5194 = PCURVE('',#1371,#5195);
#5195 = DEFINITIONAL_REPRESENTATION('',(#5196),#5200);
#5196 = LINE('',#5197,#5198);
#5197 = CARTESIAN_POINT('',(0.,-18.));
#5198 = VECTOR('',#5199,1.);
#5199 = DIRECTION('',(1.,0.));
#5200 = ( GEOMETRIC_REPRESENTATION_CONTEXT(2) 
PARAMETRIC_REPRESENTATION_CONTEXT() REPRESENTATION_CONTEXT('2D SPACE',''
  ) );
#5201 = PCURVE('',#5028,#5202);
#5202 = DEFINITIONAL_REPRESENTATION('',(#5203),#5207);
#5203 = LINE('',#5204,#5205);
#5204 = CARTESIAN_POINT('',(18.,32.5));
#5205 = VECTOR('',#5206,1.);
#5206 = DIRECTION('',(-1.,0.));
#5207 = ( GEOMETRIC_REPRESENTATION_CONTEXT(2) 
PARAMETRIC_REPRESENTATION_CONTEXT() REPRESENTATION_CONTEXT('2D SPACE',''
  ) );
#5208 = ORIENTED_EDGE('',*,*,#5065,.F.);
#5209 = ORIENTED_EDGE('',*,*,#1355,.F.);
#5210 = ADVANCED_FACE('',(#5211),#1485,.F.);
#5211 = FACE_BOUND('',#5212,.F.);
#5212 = EDGE_LOOP('',(#5213,#5214,#5237,#5258));
#5213 = ORIENTED_EDGE('',*,*,#5140,.T.);
#5214 = ORIENTED_EDGE('',*,*,#5215,.T.);
#5215 = EDGE_CURVE('',#5117,#5216,#5218,.T.);
#5216 = VERTEX_POINT('',#5217);
#5217 = CARTESIAN_POINT('',(83.,-65.,2.));
#5218 = SURFACE_CURVE('',#5219,(#5223,#5230),.PCURVE_S1.);
#5219 = LINE('',#5220,#5221);
#5220 = CARTESIAN_POINT('',(47.,-65.,2.));
#5221 = VECTOR('',#5222,1.);
#5222 = DIRECTION('',(1.,0.,0.));
#5223 = PCURVE('',#1485,#5224);
#5224 = DEFINITIONAL_REPRESENTATION('',(#5225),#5229);
#5225 = LINE('',#5226,#5227);
#5226 = CARTESIAN_POINT('',(0.,-18.));
#5227 = VECTOR('',#5228,1.);
#5228 = DIRECTION('',(1.,0.));
#5229 = ( GEOMETRIC_REPRESENTATION_CONTEXT(2) 
PARAMETRIC_REPRESENTATION_CONTEXT() REPRESENTATION_CONTEXT('2D SPACE',''
  ) );
#5230 = PCURVE('',#5028,#5231);
#5231 = DEFINITIONAL_REPRESENTATION('',(#5232),#5236);
#5232 = LINE('',#5233,#5234);
#5233 = CARTESIAN_POINT('',(-18.,-32.5));
#5234 = VECTOR('',#5235,1.);
#5235 = DIRECTION('',(1.,0.));
#5236 = ( GEOMETRIC_REPRESENTATION_CONTEXT(2) 
PARAMETRIC_REPRESENTATION_CONTEXT() REPRESENTATION_CONTEXT('2D SPACE',''
  ) );
#5237 = ORIENTED_EDGE('',*,*,#5238,.F.);
#5238 = EDGE_CURVE('',#1441,#5216,#5239,.T.);
#5239 = SURFACE_CURVE('',#5240,(#5244,#5251),.PCURVE_S1.);
#5240 = LINE('',#5241,#5242);
#5241 = CARTESIAN_POINT('',(83.,-65.,20.));
#5242 = VECTOR('',#5243,1.);
#5243 = DIRECTION('',(-0.,-0.,-1.));
#5244 = PCURVE('',#1485,#5245);
#5245 = DEFINITIONAL_REPRESENTATION('',(#5246),#5250);
#5246 = LINE('',#5247,#5248);
#5247 = CARTESIAN_POINT('',(36.,0.));
#5248 = VECTOR('',#5249,1.);
#5249 = DIRECTION('',(0.,-1.));
#5250 = ( GEOMETRIC_REPRESENTATION_CONTEXT(2) 
PARAMETRIC_REPRESENTATION_CONTEXT() REPRESENTATION_CONTEXT('2D SPACE',''
  ) );
#5251 = PCURVE('',#1457,#5252);
#5252 = DEFINITIONAL_REPRESENTATION('',(#5253),#5257);
#5253 = LINE('',#5254,#5255);
#5254 = CARTESIAN_POINT('',(4.712388980385,0.));
#5255 = VECTOR('',#5256,1.);
#5256 = DIRECTION('',(0.,-1.));
#5257 = ( GEOMETRIC_REPRESENTATION_CONTEXT(2) 
PARAMETRIC_REPRESENTATION_CONTEXT() REPRESENTATION_CONTEXT('2D SPACE',''
  ) );
#5258 = ORIENTED_EDGE('',*,*,#1469,.F.);
#5259 = ADVANCED_FACE('',(#5260),#1400,.F.);
#5260 = FACE_BOUND('',#5261,.F.);
#5261 = EDGE_LOOP('',(#5262,#5285,#5307,#5308));
#5262 = ORIENTED_EDGE('',*,*,#5263,.T.);
#5263 = EDGE_CURVE('',#1384,#5264,#5266,.T.);
#5264 = VERTEX_POINT('',#5265);
#5265 = CARTESIAN_POINT('',(85.,-2.,2.));
#5266 = SURFACE_CURVE('',#5267,(#5271,#5278),.PCURVE_S1.);
#5267 = LINE('',#5268,#5269);
#5268 = CARTESIAN_POINT('',(85.,-2.,20.));
#5269 = VECTOR('',#5270,1.);
#5270 = DIRECTION('',(-0.,-0.,-1.));
#5271 = PCURVE('',#1400,#5272);
#5272 = DEFINITIONAL_REPRESENTATION('',(#5273),#5277);
#5273 = LINE('',#5274,#5275);
#5274 = CARTESIAN_POINT('',(0.,0.));
#5275 = VECTOR('',#5276,1.);
#5276 = DIRECTION('',(0.,-1.));
#5277 = ( GEOMETRIC_REPRESENTATION_CONTEXT(2) 
PARAMETRIC_REPRESENTATION_CONTEXT() REPRESENTATION_CONTEXT('2D SPACE',''
  ) );
#5278 = PCURVE('',#1428,#5279);
#5279 = DEFINITIONAL_REPRESENTATION('',(#5280),#5284);
#5280 = LINE('',#5281,#5282);
#5281 = CARTESIAN_POINT('',(61.,0.));
#5282 = VECTOR('',#5283,1.);
#5283 = DIRECTION('',(0.,-1.));
#5284 = ( GEOMETRIC_REPRESENTATION_CONTEXT(2) 
PARAMETRIC_REPRESENTATION_CONTEXT() REPRESENTATION_CONTEXT('2D SPACE',''
  ) );
#5285 = ORIENTED_EDGE('',*,*,#5286,.T.);
#5286 = EDGE_CURVE('',#5264,#5166,#5287,.T.);
#5287 = SURFACE_CURVE('',#5288,(#5293,#5300),.PCURVE_S1.);
#5288 = CIRCLE('',#5289,2.);
#5289 = AXIS2_PLACEMENT_3D('',#5290,#5291,#5292);
#5290 = CARTESIAN_POINT('',(83.,-2.,2.));
#5291 = DIRECTION('',(0.,0.,1.));
#5292 = DIRECTION('',(1.,0.,0.));
#5293 = PCURVE('',#1400,#5294);
#5294 = DEFINITIONAL_REPRESENTATION('',(#5295),#5299);
#5295 = LINE('',#5296,#5297);
#5296 = CARTESIAN_POINT('',(0.,-18.));
#5297 = VECTOR('',#5298,1.);
#5298 = DIRECTION('',(1.,0.));
#5299 = ( GEOMETRIC_REPRESENTATION_CONTEXT(2) 
PARAMETRIC_REPRESENTATION_CONTEXT() REPRESENTATION_CONTEXT('2D SPACE',''
  ) );
#5300 = PCURVE('',#5028,#5301);
#5301 = DEFINITIONAL_REPRESENTATION('',(#5302),#5306);
#5302 = CIRCLE('',#5303,2.);
#5303 = AXIS2_PLACEMENT_2D('',#5304,#5305);
#5304 = CARTESIAN_POINT('',(18.,30.5));
#5305 = DIRECTION('',(1.,0.));
#5306 = ( GEOMETRIC_REPRESENTATION_CONTEXT(2) 
PARAMETRIC_REPRESENTATION_CONTEXT() REPRESENTATION_CONTEXT('2D SPACE',''
  ) );
#5307 = ORIENTED_EDGE('',*,*,#5165,.F.);
#5308 = ORIENTED_EDGE('',*,*,#1383,.F.);
#5309 = ADVANCED_FACE('',(#5310),#1457,.F.);
#5310 = FACE_BOUND('',#5311,.F.);
#5311 = EDGE_LOOP('',(#5312,#5313,#5337,#5358));
#5312 = ORIENTED_EDGE('',*,*,#5238,.T.);
#5313 = ORIENTED_EDGE('',*,*,#5314,.T.);
#5314 = EDGE_CURVE('',#5216,#5315,#5317,.T.);
#5315 = VERTEX_POINT('',#5316);
#5316 = CARTESIAN_POINT('',(85.,-63.,2.));
#5317 = SURFACE_CURVE('',#5318,(#5323,#5330),.PCURVE_S1.);
#5318 = CIRCLE('',#5319,2.);
#5319 = AXIS2_PLACEMENT_3D('',#5320,#5321,#5322);
#5320 = CARTESIAN_POINT('',(83.,-63.,2.));
#5321 = DIRECTION('',(0.,0.,1.));
#5322 = DIRECTION('',(1.,0.,0.));
#5323 = PCURVE('',#1457,#5324);
#5324 = DEFINITIONAL_REPRESENTATION('',(#5325),#5329);
#5325 = LINE('',#5326,#5327);
#5326 = CARTESIAN_POINT('',(0.,-18.));
#5327 = VECTOR('',#5328,1.);
#5328 = DIRECTION('',(1.,0.));
#5329 = ( GEOMETRIC_REPRESENTATION_CONTEXT(2) 
PARAMETRIC_REPRESENTATION_CONTEXT() REPRESENTATION_CONTEXT('2D SPACE',''
  ) );
#5330 = PCURVE('',#5028,#5331);
#5331 = DEFINITIONAL_REPRESENTATION('',(#5332),#5336);
#5332 = CIRCLE('',#5333,2.);
#5333 = AXIS2_PLACEMENT_2D('',#5334,#5335);
#5334 = CARTESIAN_POINT('',(18.,-30.5));
#5335 = DIRECTION('',(1.,0.));
#5336 = ( GEOMETRIC_REPRESENTATION_CONTEXT(2) 
PARAMETRIC_REPRESENTATION_CONTEXT() REPRESENTATION_CONTEXT('2D SPACE',''
  ) );
#5337 = ORIENTED_EDGE('',*,*,#5338,.F.);
#5338 = EDGE_CURVE('',#1413,#5315,#5339,.T.);
#5339 = SURFACE_CURVE('',#5340,(#5344,#5351),.PCURVE_S1.);
#5340 = LINE('',#5341,#5342);
#5341 = CARTESIAN_POINT('',(85.,-63.,20.));
#5342 = VECTOR('',#5343,1.);
#5343 = DIRECTION('',(-0.,-0.,-1.));
#5344 = PCURVE('',#1457,#5345);
#5345 = DEFINITIONAL_REPRESENTATION('',(#5346),#5350);
#5346 = LINE('',#5347,#5348);
#5347 = CARTESIAN_POINT('',(6.28318530718,0.));
#5348 = VECTOR('',#5349,1.);
#5349 = DIRECTION('',(0.,-1.));
#5350 = ( GEOMETRIC_REPRESENTATION_CONTEXT(2) 
PARAMETRIC_REPRESENTATION_CONTEXT() REPRESENTATION_CONTEXT('2D SPACE',''
  ) );
#5351 = PCURVE('',#1428,#5352);
#5352 = DEFINITIONAL_REPRESENTATION('',(#5353),#5357);
#5353 = LINE('',#5354,#5355);
#5354 = CARTESIAN_POINT('',(0.,0.));
#5355 = VECTOR('',#5356,1.);
#5356 = DIRECTION('',(0.,-1.));
#5357 = ( GEOMETRIC_REPRESENTATION_CONTEXT(2) 
PARAMETRIC_REPRESENTATION_CONTEXT() REPRESENTATION_CONTEXT('2D SPACE',''
  ) );
#5358 = ORIENTED_EDGE('',*,*,#1440,.F.);
#5359 = ADVANCED_FACE('',(#5360),#1428,.F.);
#5360 = FACE_BOUND('',#5361,.F.);
#5361 = EDGE_LOOP('',(#5362,#5363,#5384,#5385));
#5362 = ORIENTED_EDGE('',*,*,#5338,.T.);
#5363 = ORIENTED_EDGE('',*,*,#5364,.T.);
#5364 = EDGE_CURVE('',#5315,#5264,#5365,.T.);
#5365 = SURFACE_CURVE('',#5366,(#5370,#5377),.PCURVE_S1.);
#5366 = LINE('',#5367,#5368);
#5367 = CARTESIAN_POINT('',(85.,-63.,2.));
#5368 = VECTOR('',#5369,1.);
#5369 = DIRECTION('',(0.,1.,0.));
#5370 = PCURVE('',#1428,#5371);
#5371 = DEFINITIONAL_REPRESENTATION('',(#5372),#5376);
#5372 = LINE('',#5373,#5374);
#5373 = CARTESIAN_POINT('',(0.,-18.));
#5374 = VECTOR('',#5375,1.);
#5375 = DIRECTION('',(1.,0.));
#5376 = ( GEOMETRIC_REPRESENTATION_CONTEXT(2) 
PARAMETRIC_REPRESENTATION_CONTEXT() REPRESENTATION_CONTEXT('2D SPACE',''
  ) );
#5377 = PCURVE('',#5028,#5378);
#5378 = DEFINITIONAL_REPRESENTATION('',(#5379),#5383);
#5379 = LINE('',#5380,#5381);
#5380 = CARTESIAN_POINT('',(20.,-30.5));
#5381 = VECTOR('',#5382,1.);
#5382 = DIRECTION('',(0.,1.));
#5383 = ( GEOMETRIC_REPRESENTATION_CONTEXT(2) 
PARAMETRIC_REPRESENTATION_CONTEXT() REPRESENTATION_CONTEXT('2D SPACE',''
  ) );
#5384 = ORIENTED_EDGE('',*,*,#5263,.F.);
#5385 = ORIENTED_EDGE('',*,*,#1412,.F.);
#5386 = ADVANCED_FACE('',(#5387),#1544,.F.);
#5387 = FACE_BOUND('',#5388,.F.);
#5388 = EDGE_LOOP('',(#5389,#5412,#5440,#5461));
#5389 = ORIENTED_EDGE('',*,*,#5390,.T.);
#5390 = EDGE_CURVE('',#1527,#5391,#5393,.T.);
#5391 = VERTEX_POINT('',#5392);
#5392 = CARTESIAN_POINT('',(-30.,-2.,9.5));
#5393 = SURFACE_CURVE('',#5394,(#5398,#5405),.PCURVE_S1.);
#5394 = LINE('',#5395,#5396);
#5395 = CARTESIAN_POINT('',(-30.,-2.,20.));
#5396 = VECTOR('',#5397,1.);
#5397 = DIRECTION('',(-0.,-0.,-1.));
#5398 = PCURVE('',#1544,#5399);
#5399 = DEFINITIONAL_REPRESENTATION('',(#5400),#5404);
#5400 = LINE('',#5401,#5402);
#5401 = CARTESIAN_POINT('',(0.,0.));
#5402 = VECTOR('',#5403,1.);
#5403 = DIRECTION('',(0.,-1.));
#5404 = ( GEOMETRIC_REPRESENTATION_CONTEXT(2) 
PARAMETRIC_REPRESENTATION_CONTEXT() REPRESENTATION_CONTEXT('2D SPACE',''
  ) );
#5405 = PCURVE('',#1573,#5406);
#5406 = DEFINITIONAL_REPRESENTATION('',(#5407),#5411);
#5407 = LINE('',#5408,#5409);
#5408 = CARTESIAN_POINT('',(3.14159265359,0.));
#5409 = VECTOR('',#5410,1.);
#5410 = DIRECTION('',(0.,-1.));
#5411 = ( GEOMETRIC_REPRESENTATION_CONTEXT(2) 
PARAMETRIC_REPRESENTATION_CONTEXT() REPRESENTATION_CONTEXT('2D SPACE',''
  ) );
#5412 = ORIENTED_EDGE('',*,*,#5413,.T.);
#5413 = EDGE_CURVE('',#5391,#5414,#5416,.T.);
#5414 = VERTEX_POINT('',#5415);
#5415 = CARTESIAN_POINT('',(-30.,-53.,9.5));
#5416 = SURFACE_CURVE('',#5417,(#5421,#5428),.PCURVE_S1.);
#5417 = LINE('',#5418,#5419);
#5418 = CARTESIAN_POINT('',(-30.,-2.,9.5));
#5419 = VECTOR('',#5420,1.);
#5420 = DIRECTION('',(0.,-1.,0.));
#5421 = PCURVE('',#1544,#5422);
#5422 = DEFINITIONAL_REPRESENTATION('',(#5423),#5427);
#5423 = LINE('',#5424,#5425);
#5424 = CARTESIAN_POINT('',(0.,-10.5));
#5425 = VECTOR('',#5426,1.);
#5426 = DIRECTION('',(1.,0.));
#5427 = ( GEOMETRIC_REPRESENTATION_CONTEXT(2) 
PARAMETRIC_REPRESENTATION_CONTEXT() REPRESENTATION_CONTEXT('2D SPACE',''
  ) );
#5428 = PCURVE('',#5429,#5434);
#5429 = PLANE('',#5430);
#5430 = AXIS2_PLACEMENT_3D('',#5431,#5432,#5433);
#5431 = CARTESIAN_POINT('',(5.,-27.5,9.5));
#5432 = DIRECTION('',(0.,0.,1.));
#5433 = DIRECTION('',(1.,0.,0.));
#5434 = DEFINITIONAL_REPRESENTATION('',(#5435),#5439);
#5435 = LINE('',#5436,#5437);
#5436 = CARTESIAN_POINT('',(-35.,25.5));
#5437 = VECTOR('',#5438,1.);
#5438 = DIRECTION('',(0.,-1.));
#5439 = ( GEOMETRIC_REPRESENTATION_CONTEXT(2) 
PARAMETRIC_REPRESENTATION_CONTEXT() REPRESENTATION_CONTEXT('2D SPACE',''
  ) );
#5440 = ORIENTED_EDGE('',*,*,#5441,.F.);
#5441 = EDGE_CURVE('',#1529,#5414,#5442,.T.);
#5442 = SURFACE_CURVE('',#5443,(#5447,#5454),.PCURVE_S1.);
#5443 = LINE('',#5444,#5445);
#5444 = CARTESIAN_POINT('',(-30.,-53.,20.));
#5445 = VECTOR('',#5446,1.);
#5446 = DIRECTION('',(-0.,-0.,-1.));
#5447 = PCURVE('',#1544,#5448);
#5448 = DEFINITIONAL_REPRESENTATION('',(#5449),#5453);
#5449 = LINE('',#5450,#5451);
#5450 = CARTESIAN_POINT('',(51.,0.));
#5451 = VECTOR('',#5452,1.);
#5452 = DIRECTION('',(0.,-1.));
#5453 = ( GEOMETRIC_REPRESENTATION_CONTEXT(2) 
PARAMETRIC_REPRESENTATION_CONTEXT() REPRESENTATION_CONTEXT('2D SPACE',''
  ) );
#5454 = PCURVE('',#1742,#5455);
#5455 = DEFINITIONAL_REPRESENTATION('',(#5456),#5460);
#5456 = LINE('',#5457,#5458);
#5457 = CARTESIAN_POINT('',(3.14159265359,0.));
#5458 = VECTOR('',#5459,1.);
#5459 = DIRECTION('',(0.,-1.));
#5460 = ( GEOMETRIC_REPRESENTATION_CONTEXT(2) 
PARAMETRIC_REPRESENTATION_CONTEXT() REPRESENTATION_CONTEXT('2D SPACE',''
  ) );
#5461 = ORIENTED_EDGE('',*,*,#1526,.F.);
#5462 = ADVANCED_FACE('',(#5463),#1573,.F.);
#5463 = FACE_BOUND('',#5464,.F.);
#5464 = EDGE_LOOP('',(#5465,#5488,#5510,#5511));
#5465 = ORIENTED_EDGE('',*,*,#5466,.T.);
#5466 = EDGE_CURVE('',#1557,#5467,#5469,.T.);
#5467 = VERTEX_POINT('',#5468);
#5468 = CARTESIAN_POINT('',(-28.,0.,9.5));
#5469 = SURFACE_CURVE('',#5470,(#5474,#5481),.PCURVE_S1.);
#5470 = LINE('',#5471,#5472);
#5471 = CARTESIAN_POINT('',(-28.,0.,20.));
#5472 = VECTOR('',#5473,1.);
#5473 = DIRECTION('',(-0.,-0.,-1.));
#5474 = PCURVE('',#1573,#5475);
#5475 = DEFINITIONAL_REPRESENTATION('',(#5476),#5480);
#5476 = LINE('',#5477,#5478);
#5477 = CARTESIAN_POINT('',(1.570796326795,0.));
#5478 = VECTOR('',#5479,1.);
#5479 = DIRECTION('',(0.,-1.));
#5480 = ( GEOMETRIC_REPRESENTATION_CONTEXT(2) 
PARAMETRIC_REPRESENTATION_CONTEXT() REPRESENTATION_CONTEXT('2D SPACE',''
  ) );
#5481 = PCURVE('',#1601,#5482);
#5482 = DEFINITIONAL_REPRESENTATION('',(#5483),#5487);
#5483 = LINE('',#5484,#5485);
#5484 = CARTESIAN_POINT('',(66.,0.));
#5485 = VECTOR('',#5486,1.);
#5486 = DIRECTION('',(0.,-1.));
#5487 = ( GEOMETRIC_REPRESENTATION_CONTEXT(2) 
PARAMETRIC_REPRESENTATION_CONTEXT() REPRESENTATION_CONTEXT('2D SPACE',''
  ) );
#5488 = ORIENTED_EDGE('',*,*,#5489,.T.);
#5489 = EDGE_CURVE('',#5467,#5391,#5490,.T.);
#5490 = SURFACE_CURVE('',#5491,(#5496,#5503),.PCURVE_S1.);
#5491 = CIRCLE('',#5492,2.);
#5492 = AXIS2_PLACEMENT_3D('',#5493,#5494,#5495);
#5493 = CARTESIAN_POINT('',(-28.,-2.,9.5));
#5494 = DIRECTION('',(0.,0.,1.));
#5495 = DIRECTION('',(1.,0.,0.));
#5496 = PCURVE('',#1573,#5497);
#5497 = DEFINITIONAL_REPRESENTATION('',(#5498),#5502);
#5498 = LINE('',#5499,#5500);
#5499 = CARTESIAN_POINT('',(0.,-10.5));
#5500 = VECTOR('',#5501,1.);
#5501 = DIRECTION('',(1.,0.));
#5502 = ( GEOMETRIC_REPRESENTATION_CONTEXT(2) 
PARAMETRIC_REPRESENTATION_CONTEXT() REPRESENTATION_CONTEXT('2D SPACE',''
  ) );
#5503 = PCURVE('',#5429,#5504);
#5504 = DEFINITIONAL_REPRESENTATION('',(#5505),#5509);
#5505 = CIRCLE('',#5506,2.);
#5506 = AXIS2_PLACEMENT_2D('',#5507,#5508);
#5507 = CARTESIAN_POINT('',(-33.,25.5));
#5508 = DIRECTION('',(1.,0.));
#5509 = ( GEOMETRIC_REPRESENTATION_CONTEXT(2) 
PARAMETRIC_REPRESENTATION_CONTEXT() REPRESENTATION_CONTEXT('2D SPACE',''
  ) );
#5510 = ORIENTED_EDGE('',*,*,#5390,.F.);
#5511 = ORIENTED_EDGE('',*,*,#1556,.F.);
#5512 = ADVANCED_FACE('',(#5513),#1742,.F.);
#5513 = FACE_BOUND('',#5514,.F.);
#5514 = EDGE_LOOP('',(#5515,#5516,#5540,#5561));
#5515 = ORIENTED_EDGE('',*,*,#5441,.T.);
#5516 = ORIENTED_EDGE('',*,*,#5517,.T.);
#5517 = EDGE_CURVE('',#5414,#5518,#5520,.T.);
#5518 = VERTEX_POINT('',#5519);
#5519 = CARTESIAN_POINT('',(-28.,-55.,9.5));
#5520 = SURFACE_CURVE('',#5521,(#5526,#5533),.PCURVE_S1.);
#5521 = CIRCLE('',#5522,2.);
#5522 = AXIS2_PLACEMENT_3D('',#5523,#5524,#5525);
#5523 = CARTESIAN_POINT('',(-28.,-53.,9.5));
#5524 = DIRECTION('',(0.,0.,1.));
#5525 = DIRECTION('',(1.,0.,0.));
#5526 = PCURVE('',#1742,#5527);
#5527 = DEFINITIONAL_REPRESENTATION('',(#5528),#5532);
#5528 = LINE('',#5529,#5530);
#5529 = CARTESIAN_POINT('',(0.,-10.5));
#5530 = VECTOR('',#5531,1.);
#5531 = DIRECTION('',(1.,0.));
#5532 = ( GEOMETRIC_REPRESENTATION_CONTEXT(2) 
PARAMETRIC_REPRESENTATION_CONTEXT() REPRESENTATION_CONTEXT('2D SPACE',''
  ) );
#5533 = PCURVE('',#5429,#5534);
#5534 = DEFINITIONAL_REPRESENTATION('',(#5535),#5539);
#5535 = CIRCLE('',#5536,2.);
#5536 = AXIS2_PLACEMENT_2D('',#5537,#5538);
#5537 = CARTESIAN_POINT('',(-33.,-25.5));
#5538 = DIRECTION('',(1.,0.));
#5539 = ( GEOMETRIC_REPRESENTATION_CONTEXT(2) 
PARAMETRIC_REPRESENTATION_CONTEXT() REPRESENTATION_CONTEXT('2D SPACE',''
  ) );
#5540 = ORIENTED_EDGE('',*,*,#5541,.F.);
#5541 = EDGE_CURVE('',#1700,#5518,#5542,.T.);
#5542 = SURFACE_CURVE('',#5543,(#5547,#5554),.PCURVE_S1.);
#5543 = LINE('',#5544,#5545);
#5544 = CARTESIAN_POINT('',(-28.,-55.,20.));
#5545 = VECTOR('',#5546,1.);
#5546 = DIRECTION('',(-0.,-0.,-1.));
#5547 = PCURVE('',#1742,#5548);
#5548 = DEFINITIONAL_REPRESENTATION('',(#5549),#5553);
#5549 = LINE('',#5550,#5551);
#5550 = CARTESIAN_POINT('',(4.712388980385,0.));
#5551 = VECTOR('',#5552,1.);
#5552 = DIRECTION('',(0.,-1.));
#5553 = ( GEOMETRIC_REPRESENTATION_CONTEXT(2) 
PARAMETRIC_REPRESENTATION_CONTEXT() REPRESENTATION_CONTEXT('2D SPACE',''
  ) );
#5554 = PCURVE('',#1715,#5555);
#5555 = DEFINITIONAL_REPRESENTATION('',(#5556),#5560);
#5556 = LINE('',#5557,#5558);
#5557 = CARTESIAN_POINT('',(0.,0.));
#5558 = VECTOR('',#5559,1.);
#5559 = DIRECTION('',(0.,-1.));
#5560 = ( GEOMETRIC_REPRESENTATION_CONTEXT(2) 
PARAMETRIC_REPRESENTATION_CONTEXT() REPRESENTATION_CONTEXT('2D SPACE',''
  ) );
#5561 = ORIENTED_EDGE('',*,*,#1727,.F.);
#5562 = ADVANCED_FACE('',(#5563),#1601,.F.);
#5563 = FACE_BOUND('',#5564,.F.);
#5564 = EDGE_LOOP('',(#5565,#5588,#5609,#5610));
#5565 = ORIENTED_EDGE('',*,*,#5566,.T.);
#5566 = EDGE_CURVE('',#1586,#5567,#5569,.T.);
#5567 = VERTEX_POINT('',#5568);
#5568 = CARTESIAN_POINT('',(38.,0.,9.5));
#5569 = SURFACE_CURVE('',#5570,(#5574,#5581),.PCURVE_S1.);
#5570 = LINE('',#5571,#5572);
#5571 = CARTESIAN_POINT('',(38.,0.,20.));
#5572 = VECTOR('',#5573,1.);
#5573 = DIRECTION('',(-0.,-0.,-1.));
#5574 = PCURVE('',#1601,#5575);
#5575 = DEFINITIONAL_REPRESENTATION('',(#5576),#5580);
#5576 = LINE('',#5577,#5578);
#5577 = CARTESIAN_POINT('',(0.,0.));
#5578 = VECTOR('',#5579,1.);
#5579 = DIRECTION('',(0.,-1.));
#5580 = ( GEOMETRIC_REPRESENTATION_CONTEXT(2) 
PARAMETRIC_REPRESENTATION_CONTEXT() REPRESENTATION_CONTEXT('2D SPACE',''
  ) );
#5581 = PCURVE('',#1630,#5582);
#5582 = DEFINITIONAL_REPRESENTATION('',(#5583),#5587);
#5583 = LINE('',#5584,#5585);
#5584 = CARTESIAN_POINT('',(1.570796326795,0.));
#5585 = VECTOR('',#5586,1.);
#5586 = DIRECTION('',(0.,-1.));
#5587 = ( GEOMETRIC_REPRESENTATION_CONTEXT(2) 
PARAMETRIC_REPRESENTATION_CONTEXT() REPRESENTATION_CONTEXT('2D SPACE',''
  ) );
#5588 = ORIENTED_EDGE('',*,*,#5589,.T.);
#5589 = EDGE_CURVE('',#5567,#5467,#5590,.T.);
#5590 = SURFACE_CURVE('',#5591,(#5595,#5602),.PCURVE_S1.);
#5591 = LINE('',#5592,#5593);
#5592 = CARTESIAN_POINT('',(38.,0.,9.5));
#5593 = VECTOR('',#5594,1.);
#5594 = DIRECTION('',(-1.,0.,0.));
#5595 = PCURVE('',#1601,#5596);
#5596 = DEFINITIONAL_REPRESENTATION('',(#5597),#5601);
#5597 = LINE('',#5598,#5599);
#5598 = CARTESIAN_POINT('',(0.,-10.5));
#5599 = VECTOR('',#5600,1.);
#5600 = DIRECTION('',(1.,0.));
#5601 = ( GEOMETRIC_REPRESENTATION_CONTEXT(2) 
PARAMETRIC_REPRESENTATION_CONTEXT() REPRESENTATION_CONTEXT('2D SPACE',''
  ) );
#5602 = PCURVE('',#5429,#5603);
#5603 = DEFINITIONAL_REPRESENTATION('',(#5604),#5608);
#5604 = LINE('',#5605,#5606);
#5605 = CARTESIAN_POINT('',(33.,27.5));
#5606 = VECTOR('',#5607,1.);
#5607 = DIRECTION('',(-1.,0.));
#5608 = ( GEOMETRIC_REPRESENTATION_CONTEXT(2) 
PARAMETRIC_REPRESENTATION_CONTEXT() REPRESENTATION_CONTEXT('2D SPACE',''
  ) );
#5609 = ORIENTED_EDGE('',*,*,#5466,.F.);
#5610 = ORIENTED_EDGE('',*,*,#1585,.F.);
#5611 = ADVANCED_FACE('',(#5612),#1715,.F.);
#5612 = FACE_BOUND('',#5613,.F.);
#5613 = EDGE_LOOP('',(#5614,#5615,#5638,#5659));
#5614 = ORIENTED_EDGE('',*,*,#5541,.T.);
#5615 = ORIENTED_EDGE('',*,*,#5616,.T.);
#5616 = EDGE_CURVE('',#5518,#5617,#5619,.T.);
#5617 = VERTEX_POINT('',#5618);
#5618 = CARTESIAN_POINT('',(38.,-55.,9.5));
#5619 = SURFACE_CURVE('',#5620,(#5624,#5631),.PCURVE_S1.);
#5620 = LINE('',#5621,#5622);
#5621 = CARTESIAN_POINT('',(-28.,-55.,9.5));
#5622 = VECTOR('',#5623,1.);
#5623 = DIRECTION('',(1.,0.,0.));
#5624 = PCURVE('',#1715,#5625);
#5625 = DEFINITIONAL_REPRESENTATION('',(#5626),#5630);
#5626 = LINE('',#5627,#5628);
#5627 = CARTESIAN_POINT('',(0.,-10.5));
#5628 = VECTOR('',#5629,1.);
#5629 = DIRECTION('',(1.,0.));
#5630 = ( GEOMETRIC_REPRESENTATION_CONTEXT(2) 
PARAMETRIC_REPRESENTATION_CONTEXT() REPRESENTATION_CONTEXT('2D SPACE',''
  ) );
#5631 = PCURVE('',#5429,#5632);
#5632 = DEFINITIONAL_REPRESENTATION('',(#5633),#5637);
#5633 = LINE('',#5634,#5635);
#5634 = CARTESIAN_POINT('',(-33.,-27.5));
#5635 = VECTOR('',#5636,1.);
#5636 = DIRECTION('',(1.,0.));
#5637 = ( GEOMETRIC_REPRESENTATION_CONTEXT(2) 
PARAMETRIC_REPRESENTATION_CONTEXT() REPRESENTATION_CONTEXT('2D SPACE',''
  ) );
#5638 = ORIENTED_EDGE('',*,*,#5639,.F.);
#5639 = EDGE_CURVE('',#1671,#5617,#5640,.T.);
#5640 = SURFACE_CURVE('',#5641,(#5645,#5652),.PCURVE_S1.);
#5641 = LINE('',#5642,#5643);
#5642 = CARTESIAN_POINT('',(38.,-55.,20.));
#5643 = VECTOR('',#5644,1.);
#5644 = DIRECTION('',(-0.,-0.,-1.));
#5645 = PCURVE('',#1715,#5646);
#5646 = DEFINITIONAL_REPRESENTATION('',(#5647),#5651);
#5647 = LINE('',#5648,#5649);
#5648 = CARTESIAN_POINT('',(66.,0.));
#5649 = VECTOR('',#5650,1.);
#5650 = DIRECTION('',(0.,-1.));
#5651 = ( GEOMETRIC_REPRESENTATION_CONTEXT(2) 
PARAMETRIC_REPRESENTATION_CONTEXT() REPRESENTATION_CONTEXT('2D SPACE',''
  ) );
#5652 = PCURVE('',#1687,#5653);
#5653 = DEFINITIONAL_REPRESENTATION('',(#5654),#5658);
#5654 = LINE('',#5655,#5656);
#5655 = CARTESIAN_POINT('',(4.712388980385,0.));
#5656 = VECTOR('',#5657,1.);
#5657 = DIRECTION('',(0.,-1.));
#5658 = ( GEOMETRIC_REPRESENTATION_CONTEXT(2) 
PARAMETRIC_REPRESENTATION_CONTEXT() REPRESENTATION_CONTEXT('2D SPACE',''
  ) );
#5659 = ORIENTED_EDGE('',*,*,#1699,.F.);
#5660 = ADVANCED_FACE('',(#5661),#1630,.F.);
#5661 = FACE_BOUND('',#5662,.F.);
#5662 = EDGE_LOOP('',(#5663,#5686,#5708,#5709));
#5663 = ORIENTED_EDGE('',*,*,#5664,.T.);
#5664 = EDGE_CURVE('',#1614,#5665,#5667,.T.);
#5665 = VERTEX_POINT('',#5666);
#5666 = CARTESIAN_POINT('',(40.,-2.,9.5));
#5667 = SURFACE_CURVE('',#5668,(#5672,#5679),.PCURVE_S1.);
#5668 = LINE('',#5669,#5670);
#5669 = CARTESIAN_POINT('',(40.,-2.,20.));
#5670 = VECTOR('',#5671,1.);
#5671 = DIRECTION('',(-0.,-0.,-1.));
#5672 = PCURVE('',#1630,#5673);
#5673 = DEFINITIONAL_REPRESENTATION('',(#5674),#5678);
#5674 = LINE('',#5675,#5676);
#5675 = CARTESIAN_POINT('',(0.,0.));
#5676 = VECTOR('',#5677,1.);
#5677 = DIRECTION('',(0.,-1.));
#5678 = ( GEOMETRIC_REPRESENTATION_CONTEXT(2) 
PARAMETRIC_REPRESENTATION_CONTEXT() REPRESENTATION_CONTEXT('2D SPACE',''
  ) );
#5679 = PCURVE('',#1658,#5680);
#5680 = DEFINITIONAL_REPRESENTATION('',(#5681),#5685);
#5681 = LINE('',#5682,#5683);
#5682 = CARTESIAN_POINT('',(51.,0.));
#5683 = VECTOR('',#5684,1.);
#5684 = DIRECTION('',(0.,-1.));
#5685 = ( GEOMETRIC_REPRESENTATION_CONTEXT(2) 
PARAMETRIC_REPRESENTATION_CONTEXT() REPRESENTATION_CONTEXT('2D SPACE',''
  ) );
#5686 = ORIENTED_EDGE('',*,*,#5687,.T.);
#5687 = EDGE_CURVE('',#5665,#5567,#5688,.T.);
#5688 = SURFACE_CURVE('',#5689,(#5694,#5701),.PCURVE_S1.);
#5689 = CIRCLE('',#5690,2.);
#5690 = AXIS2_PLACEMENT_3D('',#5691,#5692,#5693);
#5691 = CARTESIAN_POINT('',(38.,-2.,9.5));
#5692 = DIRECTION('',(0.,0.,1.));
#5693 = DIRECTION('',(1.,0.,0.));
#5694 = PCURVE('',#1630,#5695);
#5695 = DEFINITIONAL_REPRESENTATION('',(#5696),#5700);
#5696 = LINE('',#5697,#5698);
#5697 = CARTESIAN_POINT('',(0.,-10.5));
#5698 = VECTOR('',#5699,1.);
#5699 = DIRECTION('',(1.,0.));
#5700 = ( GEOMETRIC_REPRESENTATION_CONTEXT(2) 
PARAMETRIC_REPRESENTATION_CONTEXT() REPRESENTATION_CONTEXT('2D SPACE',''
  ) );
#5701 = PCURVE('',#5429,#5702);
#5702 = DEFINITIONAL_REPRESENTATION('',(#5703),#5707);
#5703 = CIRCLE('',#5704,2.);
#5704 = AXIS2_PLACEMENT_2D('',#5705,#5706);
#5705 = CARTESIAN_POINT('',(33.,25.5));
#5706 = DIRECTION('',(1.,0.));
#5707 = ( GEOMETRIC_REPRESENTATION_CONTEXT(2) 
PARAMETRIC_REPRESENTATION_CONTEXT() REPRESENTATION_CONTEXT('2D SPACE',''
  ) );
#5708 = ORIENTED_EDGE('',*,*,#5566,.F.);
#5709 = ORIENTED_EDGE('',*,*,#1613,.F.);
#5710 = ADVANCED_FACE('',(#5711),#1687,.F.);
#5711 = FACE_BOUND('',#5712,.F.);
#5712 = EDGE_LOOP('',(#5713,#5714,#5738,#5759));
#5713 = ORIENTED_EDGE('',*,*,#5639,.T.);
#5714 = ORIENTED_EDGE('',*,*,#5715,.T.);
#5715 = EDGE_CURVE('',#5617,#5716,#5718,.T.);
#5716 = VERTEX_POINT('',#5717);
#5717 = CARTESIAN_POINT('',(40.,-53.,9.5));
#5718 = SURFACE_CURVE('',#5719,(#5724,#5731),.PCURVE_S1.);
#5719 = CIRCLE('',#5720,2.);
#5720 = AXIS2_PLACEMENT_3D('',#5721,#5722,#5723);
#5721 = CARTESIAN_POINT('',(38.,-53.,9.5));
#5722 = DIRECTION('',(0.,0.,1.));
#5723 = DIRECTION('',(1.,0.,0.));
#5724 = PCURVE('',#1687,#5725);
#5725 = DEFINITIONAL_REPRESENTATION('',(#5726),#5730);
#5726 = LINE('',#5727,#5728);
#5727 = CARTESIAN_POINT('',(0.,-10.5));
#5728 = VECTOR('',#5729,1.);
#5729 = DIRECTION('',(1.,0.));
#5730 = ( GEOMETRIC_REPRESENTATION_CONTEXT(2) 
PARAMETRIC_REPRESENTATION_CONTEXT() REPRESENTATION_CONTEXT('2D SPACE',''
  ) );
#5731 = PCURVE('',#5429,#5732);
#5732 = DEFINITIONAL_REPRESENTATION('',(#5733),#5737);
#5733 = CIRCLE('',#5734,2.);
#5734 = AXIS2_PLACEMENT_2D('',#5735,#5736);
#5735 = CARTESIAN_POINT('',(33.,-25.5));
#5736 = DIRECTION('',(1.,0.));
#5737 = ( GEOMETRIC_REPRESENTATION_CONTEXT(2) 
PARAMETRIC_REPRESENTATION_CONTEXT() REPRESENTATION_CONTEXT('2D SPACE',''
  ) );
#5738 = ORIENTED_EDGE('',*,*,#5739,.F.);
#5739 = EDGE_CURVE('',#1643,#5716,#5740,.T.);
#5740 = SURFACE_CURVE('',#5741,(#5745,#5752),.PCURVE_S1.);
#5741 = LINE('',#5742,#5743);
#5742 = CARTESIAN_POINT('',(40.,-53.,20.));
#5743 = VECTOR('',#5744,1.);
#5744 = DIRECTION('',(-0.,-0.,-1.));
#5745 = PCURVE('',#1687,#5746);
#5746 = DEFINITIONAL_REPRESENTATION('',(#5747),#5751);
#5747 = LINE('',#5748,#5749);
#5748 = CARTESIAN_POINT('',(6.28318530718,0.));
#5749 = VECTOR('',#5750,1.);
#5750 = DIRECTION('',(0.,-1.));
#5751 = ( GEOMETRIC_REPRESENTATION_CONTEXT(2) 
PARAMETRIC_REPRESENTATION_CONTEXT() REPRESENTATION_CONTEXT('2D SPACE',''
  ) );
#5752 = PCURVE('',#1658,#5753);
#5753 = DEFINITIONAL_REPRESENTATION('',(#5754),#5758);
#5754 = LINE('',#5755,#5756);
#5755 = CARTESIAN_POINT('',(0.,0.));
#5756 = VECTOR('',#5757,1.);
#5757 = DIRECTION('',(0.,-1.));
#5758 = ( GEOMETRIC_REPRESENTATION_CONTEXT(2) 
PARAMETRIC_REPRESENTATION_CONTEXT() REPRESENTATION_CONTEXT('2D SPACE',''
  ) );
#5759 = ORIENTED_EDGE('',*,*,#1670,.F.);
#5760 = ADVANCED_FACE('',(#5761),#1658,.F.);
#5761 = FACE_BOUND('',#5762,.F.);
#5762 = EDGE_LOOP('',(#5763,#5764,#5785,#5786));
#5763 = ORIENTED_EDGE('',*,*,#5739,.T.);
#5764 = ORIENTED_EDGE('',*,*,#5765,.T.);
#5765 = EDGE_CURVE('',#5716,#5665,#5766,.T.);
#5766 = SURFACE_CURVE('',#5767,(#5771,#5778),.PCURVE_S1.);
#5767 = LINE('',#5768,#5769);
#5768 = CARTESIAN_POINT('',(40.,-53.,9.5));
#5769 = VECTOR('',#5770,1.);
#5770 = DIRECTION('',(0.,1.,0.));
#5771 = PCURVE('',#1658,#5772);
#5772 = DEFINITIONAL_REPRESENTATION('',(#5773),#5777);
#5773 = LINE('',#5774,#5775);
#5774 = CARTESIAN_POINT('',(0.,-10.5));
#5775 = VECTOR('',#5776,1.);
#5776 = DIRECTION('',(1.,0.));
#5777 = ( GEOMETRIC_REPRESENTATION_CONTEXT(2) 
PARAMETRIC_REPRESENTATION_CONTEXT() REPRESENTATION_CONTEXT('2D SPACE',''
  ) );
#5778 = PCURVE('',#5429,#5779);
#5779 = DEFINITIONAL_REPRESENTATION('',(#5780),#5784);
#5780 = LINE('',#5781,#5782);
#5781 = CARTESIAN_POINT('',(35.,-25.5));
#5782 = VECTOR('',#5783,1.);
#5783 = DIRECTION('',(0.,1.));
#5784 = ( GEOMETRIC_REPRESENTATION_CONTEXT(2) 
PARAMETRIC_REPRESENTATION_CONTEXT() REPRESENTATION_CONTEXT('2D SPACE',''
  ) );
#5785 = ORIENTED_EDGE('',*,*,#5664,.F.);
#5786 = ORIENTED_EDGE('',*,*,#1642,.F.);
#5787 = ADVANCED_FACE('',(#5788),#2102,.F.);
#5788 = FACE_BOUND('',#5789,.F.);
#5789 = EDGE_LOOP('',(#5790,#5812,#5813,#5835));
#5790 = ORIENTED_EDGE('',*,*,#5791,.T.);
#5791 = EDGE_CURVE('',#5792,#1757,#5794,.T.);
#5792 = VERTEX_POINT('',#5793);
#5793 = CARTESIAN_POINT('',(-80.,19.974358296527,19.142857142857));
#5794 = SURFACE_CURVE('',#5795,(#5799,#5806),.PCURVE_S1.);
#5795 = ( BOUNDED_CURVE() B_SPLINE_CURVE(2,(#5796,#5797,#5798),
.UNSPECIFIED.,.F.,.F.) B_SPLINE_CURVE_WITH_KNOTS((3,3),(0.,
40.009014116152),.PIECEWISE_BEZIER_KNOTS.) CURVE() 
GEOMETRIC_REPRESENTATION_ITEM() RATIONAL_B_SPLINE_CURVE((1.,
0.755928946018,1.)) REPRESENTATION_ITEM('') );
#5796 = CARTESIAN_POINT('',(-80.,19.974358296527,19.142857142857));
#5797 = CARTESIAN_POINT('',(-80.,20.098076211353,20.));
#5798 = CARTESIAN_POINT('',(-80.,20.964101615138,20.));
#5799 = PCURVE('',#2102,#5800);
#5800 = DEFINITIONAL_REPRESENTATION('',(#5801),#5805);
#5801 = LINE('',#5802,#5803);
#5802 = CARTESIAN_POINT('',(0.,-1.423E-14));
#5803 = VECTOR('',#5804,1.);
#5804 = DIRECTION('',(1.,0.));
#5805 = ( GEOMETRIC_REPRESENTATION_CONTEXT(2) 
PARAMETRIC_REPRESENTATION_CONTEXT() REPRESENTATION_CONTEXT('2D SPACE',''
  ) );
#5806 = PCURVE('',#2965,#5807);
#5807 = DEFINITIONAL_REPRESENTATION('',(#5808),#5811);
#5808 = B_SPLINE_CURVE_WITH_KNOTS('',1,(#5809,#5810),.UNSPECIFIED.,.F.,
  .F.,(2,2),(0.,40.009014116152),.PIECEWISE_BEZIER_KNOTS.);
#5809 = CARTESIAN_POINT('',(0.,111.41592653589));
#5810 = CARTESIAN_POINT('',(15.698949151797,111.41592653589));
#5811 = ( GEOMETRIC_REPRESENTATION_CONTEXT(2) 
PARAMETRIC_REPRESENTATION_CONTEXT() REPRESENTATION_CONTEXT('2D SPACE',''
  ) );
#5812 = ORIENTED_EDGE('',*,*,#1756,.T.);
#5813 = ORIENTED_EDGE('',*,*,#5814,.F.);
#5814 = EDGE_CURVE('',#5815,#1759,#5817,.T.);
#5815 = VERTEX_POINT('',#5816);
#5816 = CARTESIAN_POINT('',(-40.,19.974774881847,19.145755332889));
#5817 = SURFACE_CURVE('',#5818,(#5822,#5829),.PCURVE_S1.);
#5818 = ( BOUNDED_CURVE() B_SPLINE_CURVE(2,(#5819,#5820,#5821),
.UNSPECIFIED.,.F.,.F.) B_SPLINE_CURVE_WITH_KNOTS((3,3),(0.,
40.009014116152),.PIECEWISE_BEZIER_KNOTS.) CURVE() 
GEOMETRIC_REPRESENTATION_ITEM() RATIONAL_B_SPLINE_CURVE((1.,
0.756886825387,1.)) REPRESENTATION_ITEM('') );
#5819 = CARTESIAN_POINT('',(-40.,19.974774881847,19.145755332889));
#5820 = CARTESIAN_POINT('',(-39.97021068448,20.097053324203,20.));
#5821 = CARTESIAN_POINT('',(-39.76583177821,20.935982781753,20.));
#5822 = PCURVE('',#2102,#5823);
#5823 = DEFINITIONAL_REPRESENTATION('',(#5824),#5828);
#5824 = LINE('',#5825,#5826);
#5825 = CARTESIAN_POINT('',(0.,40.009014116152));
#5826 = VECTOR('',#5827,1.);
#5827 = DIRECTION('',(1.,0.));
#5828 = ( GEOMETRIC_REPRESENTATION_CONTEXT(2) 
PARAMETRIC_REPRESENTATION_CONTEXT() REPRESENTATION_CONTEXT('2D SPACE',''
  ) );
#5829 = PCURVE('',#2657,#5830);
#5830 = DEFINITIONAL_REPRESENTATION('',(#5831),#5834);
#5831 = B_SPLINE_CURVE_WITH_KNOTS('',1,(#5832,#5833),.UNSPECIFIED.,.F.,
  .F.,(2,2),(0.,40.009014116152),.PIECEWISE_BEZIER_KNOTS.);
#5832 = CARTESIAN_POINT('',(0.,40.009014116152));
#5833 = CARTESIAN_POINT('',(15.693073758631,40.009014116152));
#5834 = ( GEOMETRIC_REPRESENTATION_CONTEXT(2) 
PARAMETRIC_REPRESENTATION_CONTEXT() REPRESENTATION_CONTEXT('2D SPACE',''
  ) );
#5835 = ORIENTED_EDGE('',*,*,#5836,.F.);
#5836 = EDGE_CURVE('',#5792,#5815,#5837,.T.);
#5837 = SURFACE_CURVE('',#5838,(#6006,#6013),.PCURVE_S1.);
#5838 = ( BOUNDED_CURVE() B_SPLINE_CURVE(12,(#5839,#5840,#5841,#5842,
    #5843,#5844,#5845,#5846,#5847,#5848,#5849,#5850,#5851,#5852,#5853,
    #5854,#5855,#5856,#5857,#5858,#5859,#5860,#5861,#5862,#5863,#5864,
    #5865,#5866,#5867,#5868,#5869,#5870,#5871,#5872,#5873,#5874,#5875,
    #5876,#5877,#5878,#5879,#5880,#5881,#5882,#5883,#5884,#5885,#5886,
    #5887,#5888,#5889,#5890,#5891,#5892,#5893,#5894,#5895,#5896,#5897,
    #5898,#5899,#5900,#5901,#5902,#5903,#5904,#5905,#5906,#5907,#5908,
    #5909,#5910,#5911,#5912,#5913,#5914,#5915,#5916,#5917,#5918,#5919,
    #5920,#5921,#5922,#5923,#5924,#5925,#5926,#5927,#5928,#5929,#5930,
    #5931,#5932,#5933,#5934,#5935,#5936,#5937,#5938,#5939,#5940,#5941,
    #5942,#5943,#5944,#5945,#5946,#5947,#5948,#5949,#5950,#5951,#5952,
    #5953,#5954,#5955,#5956,#5957,#5958,#5959,#5960,#5961,#5962,#5963,
    #5964,#5965,#5966,#5967,#5968,#5969,#5970,#5971,#5972,#5973,#5974,
    #5975,#5976,#5977,#5978,#5979,#5980,#5981,#5982,#5983,#5984,#5985,
    #5986,#5987,#5988,#5989,#5990,#5991,#5992,#5993,#5994,#5995,#5996,
    #5997,#5998,#5999,#6000,#6001,#6002,#6003,#6004,#6005),
.UNSPECIFIED.,.F.,.F.) B_SPLINE_CURVE_WITH_KNOTS((13,11,11,11,11,11,11,
    11,11,11,11,11,11,11,11,13),(-1.423E-14,4.883195644882E-03,
    9.766391289778E-03,1.953278257957E-02,3.906556515915E-02,
    7.813113031832E-02,0.156262260637,0.312524521273,0.625049042547,
    1.250098085093,2.500196170187,5.000392340373,10.000784680747,
    20.001569361494,40.003138722987,40.009014116152),.UNSPECIFIED.) 
CURVE() GEOMETRIC_REPRESENTATION_ITEM() RATIONAL_B_SPLINE_CURVE((1.,1.,
    1.,1.000000000001,0.999999999999,1.000000000001,0.999999999999,
    1.000000000001,0.999999999999,1.,1.,1.,1.,1.,0.999999999999,
    1.000000000002,0.999999999997,1.000000000003,0.999999999997,
    1.000000000002,0.999999999999,1.,1.,1.,0.999999999999,1.000000000002
    ,0.999999999996,1.000000000005,0.999999999995,1.000000000004,
    0.999999999997,1.000000000001,1.,1.,1.,1.,1.,1.000000000001,
    0.999999999999,1.000000000001,0.999999999999,1.,1.,1.,1.,1.,1.,1.,1.
    ,1.,1.,1.,1.,1.,1.,1.,1.,1.,1.000000000001,0.999999999999,
    1.000000000002,0.999999999998,1.000000000002,0.999999999999,
    1.000000000001,1.,1.,1.,1.,0.999999999999,1.000000000001,
    0.999999999998,1.000000000002,0.999999999998,1.000000000001,1.,1.,1.
    ,1.,1.,1.,1.000000000001,0.999999999999,1.000000000001,
    0.999999999999,1.000000000001,1.,1.,1.,1.,1.,1.,1.,0.999999999999,
    1.000000000001,0.999999999999,1.,1.,1.,1.,1.,1.,0.999999999999,
    1.000000000001,0.999999999998,1.000000000002,0.999999999998,
    1.000000000001,1.,1.,1.,1.,1.,1.,1.000000000001,0.999999999998,
    1.000000000002,0.999999999998,1.000000000001,1.,1.,1.,1.,1.,
    0.999999999999,1.000000000001,0.999999999998,1.000000000002,
    0.999999999998,1.000000000001,0.999999999999,1.,1.,1.,0.999999999999
    ,1.000000000001,0.999999999998,1.000000000003,0.999999999998,
    1.000000000002,0.999999999999,1.000000000001,1.,1.,1.,1.,
    0.999999999999,1.000000000001,0.999999999998,1.000000000002,
    0.999999999998,1.000000000001,0.999999999999,1.,1.,1.,1.,
    0.999999999999,1.000000000002,0.999999999997,1.000000000003,
    0.999999999997,1.000000000002,0.999999999999,1.,1.,1.)) 
REPRESENTATION_ITEM('') );
#5839 = CARTESIAN_POINT('',(-80.,19.974358296527,19.142857142857));
#5840 = CARTESIAN_POINT('',(-79.99959518568,19.974358296527,
    19.142857142857));
#5841 = CARTESIAN_POINT('',(-79.99917510032,19.974358296527,
    19.142857142857));
#5842 = CARTESIAN_POINT('',(-79.99881125795,19.974358296527,
    19.142857142857));
#5843 = CARTESIAN_POINT('',(-79.99831163033,19.974358296527,
    19.142857142857));
#5844 = CARTESIAN_POINT('',(-79.99804687715,19.974358296527,
    19.142857142857));
#5845 = CARTESIAN_POINT('',(-79.99748011789,19.974358296527,
    19.142857142857));
#5846 = CARTESIAN_POINT('',(-79.99720594762,19.974358296527,
    19.142857142857));
#5847 = CARTESIAN_POINT('',(-79.9967187493,19.974358296527,
    19.142857142857));
#5848 = CARTESIAN_POINT('',(-79.99634588089,19.974358296527,
    19.142857142857));
#5849 = CARTESIAN_POINT('',(-79.99592975651,19.974358296527,
    19.142857142857));
#5850 = CARTESIAN_POINT('',(-79.99552408854,19.974358296527,
    19.142857142857));
#5851 = CARTESIAN_POINT('',(-79.99471028646,19.974358296527,
    19.142857142857));
#5852 = CARTESIAN_POINT('',(-79.99430338541,19.974358296527,
    19.142857142857));
#5853 = CARTESIAN_POINT('',(-79.99389648439,19.974358296527,
    19.142857142857));
#5854 = CARTESIAN_POINT('',(-79.99348958329,19.974358296527,
    19.142857142857));
#5855 = CARTESIAN_POINT('',(-79.99308268235,19.974358296527,
    19.142857142857));
#5856 = CARTESIAN_POINT('',(-79.99267578118,19.974358296527,
    19.142857142857));
#5857 = CARTESIAN_POINT('',(-79.99226888026,19.974358296527,
    19.142857142857));
#5858 = CARTESIAN_POINT('',(-79.99186197912,19.974358296527,
    19.142857142857));
#5859 = CARTESIAN_POINT('',(-79.99145507814,19.974358296527,
    19.142857142857));
#5860 = CARTESIAN_POINT('',(-79.99104817707,19.974358296527,
    19.142857142857));
#5861 = CARTESIAN_POINT('',(-79.99064127604,19.974358296527,
    19.142857142857));
#5862 = CARTESIAN_POINT('',(-79.98942057291,19.974358296527,
    19.142857142857));
#5863 = CARTESIAN_POINT('',(-79.98860677083,19.974358296527,
    19.142857142857));
#5864 = CARTESIAN_POINT('',(-79.98779296875,19.974358296527,
    19.142857142857));
#5865 = CARTESIAN_POINT('',(-79.98697916666,19.974358296527,
    19.142857142857));
#5866 = CARTESIAN_POINT('',(-79.98616536459,19.974358296526,
    19.142857142857));
#5867 = CARTESIAN_POINT('',(-79.98535156249,19.974358296528,
    19.142857142857));
#5868 = CARTESIAN_POINT('',(-79.98453776042,19.974358296526,
    19.142857142857));
#5869 = CARTESIAN_POINT('',(-79.98372395832,19.974358296527,
    19.142857142857));
#5870 = CARTESIAN_POINT('',(-79.98291015625,19.974358296527,
    19.142857142857));
#5871 = CARTESIAN_POINT('',(-79.98209635416,19.974358296527,
    19.142857142857));
#5872 = CARTESIAN_POINT('',(-79.98128255208,19.974358296527,
    19.142857142857));
#5873 = CARTESIAN_POINT('',(-79.97884114583,19.974358296527,
    19.142857142857));
#5874 = CARTESIAN_POINT('',(-79.97721354166,19.974358296527,
    19.142857142857));
#5875 = CARTESIAN_POINT('',(-79.9755859375,19.974358296527,
    19.142857142857));
#5876 = CARTESIAN_POINT('',(-79.97395833332,19.974358296527,
    19.142857142857));
#5877 = CARTESIAN_POINT('',(-79.97233072918,19.974358296527,
    19.142857142857));
#5878 = CARTESIAN_POINT('',(-79.97070312498,19.974358296527,
    19.142857142857));
#5879 = CARTESIAN_POINT('',(-79.96907552085,19.974358296527,
    19.142857142858));
#5880 = CARTESIAN_POINT('',(-79.96744791665,19.974358296527,
    19.142857142857));
#5881 = CARTESIAN_POINT('',(-79.9658203125,19.974358296527,
    19.142857142857));
#5882 = CARTESIAN_POINT('',(-79.96419270833,19.974358296527,
    19.142857142857));
#5883 = CARTESIAN_POINT('',(-79.96256510416,19.974358296527,
    19.142857142857));
#5884 = CARTESIAN_POINT('',(-79.95768229166,19.974358296527,
    19.142857142857));
#5885 = CARTESIAN_POINT('',(-79.95442708333,19.974358296527,
    19.142857142857));
#5886 = CARTESIAN_POINT('',(-79.951171875,19.974358296527,
    19.142857142857));
#5887 = CARTESIAN_POINT('',(-79.94791666665,19.974358296527,
    19.142857142857));
#5888 = CARTESIAN_POINT('',(-79.94466145834,19.974358296528,
    19.142857142858));
#5889 = CARTESIAN_POINT('',(-79.94140624999,19.974358296526,
    19.142857142857));
#5890 = CARTESIAN_POINT('',(-79.93815104166,19.974358296528,
    19.142857142858));
#5891 = CARTESIAN_POINT('',(-79.93489583333,19.974358296527,
    19.142857142857));
#5892 = CARTESIAN_POINT('',(-79.93164062499,19.974358296527,
    19.142857142857));
#5893 = CARTESIAN_POINT('',(-79.92838541666,19.974358296527,
    19.142857142857));
#5894 = CARTESIAN_POINT('',(-79.92513020833,19.974358296527,
    19.142857142857));
#5895 = CARTESIAN_POINT('',(-79.91536458333,19.974358296527,
    19.142857142857));
#5896 = CARTESIAN_POINT('',(-79.90885416666,19.974358296527,
    19.142857142857));
#5897 = CARTESIAN_POINT('',(-79.90234374999,19.974358296527,
    19.142857142857));
#5898 = CARTESIAN_POINT('',(-79.89583333334,19.974358296526,
    19.142857142857));
#5899 = CARTESIAN_POINT('',(-79.88932291664,19.974358296528,
    19.142857142858));
#5900 = CARTESIAN_POINT('',(-79.88281250001,19.974358296526,
    19.142857142857));
#5901 = CARTESIAN_POINT('',(-79.87630208331,19.974358296528,
    19.142857142857));
#5902 = CARTESIAN_POINT('',(-79.86979166667,19.974358296526,
    19.142857142857));
#5903 = CARTESIAN_POINT('',(-79.86328124999,19.974358296527,
    19.142857142857));
#5904 = CARTESIAN_POINT('',(-79.85677083332,19.974358296527,
    19.142857142857));
#5905 = CARTESIAN_POINT('',(-79.85026041665,19.974358296527,
    19.142857142857));
#5906 = CARTESIAN_POINT('',(-79.83072916665,19.974358296527,
    19.142857142857));
#5907 = CARTESIAN_POINT('',(-79.81770833331,19.974358296527,
    19.142857142857));
#5908 = CARTESIAN_POINT('',(-79.80468749997,19.974358296527,
    19.142857142857));
#5909 = CARTESIAN_POINT('',(-79.79166666663,19.974358296527,
    19.142857142857));
#5910 = CARTESIAN_POINT('',(-79.77864583329,19.974358296527,
    19.142857142857));
#5911 = CARTESIAN_POINT('',(-79.76562499994,19.974358296527,
    19.142857142857));
#5912 = CARTESIAN_POINT('',(-79.75260416659,19.974358296527,
    19.142857142857));
#5913 = CARTESIAN_POINT('',(-79.73958333324,19.974358296527,
    19.142857142857));
#5914 = CARTESIAN_POINT('',(-79.72656249988,19.974358296527,
    19.142857142857));
#5915 = CARTESIAN_POINT('',(-79.71354166652,19.974358296527,
    19.142857142857));
#5916 = CARTESIAN_POINT('',(-79.70052083315,19.974358296527,
    19.142857142857));
#5917 = CARTESIAN_POINT('',(-79.66145833302,19.974358296527,
    19.142857142857));
#5918 = CARTESIAN_POINT('',(-79.63541666625,19.974358296527,
    19.142857142857));
#5919 = CARTESIAN_POINT('',(-79.60937499946,19.974358296527,
    19.142857142857));
#5920 = CARTESIAN_POINT('',(-79.58333333262,19.974358296527,
    19.142857142857));
#5921 = CARTESIAN_POINT('',(-79.55729166573,19.974358296527,
    19.142857142858));
#5922 = CARTESIAN_POINT('',(-79.53124999875,19.974358296527,
    19.142857142857));
#5923 = CARTESIAN_POINT('',(-79.5052083317,19.974358296527,
    19.142857142857));
#5924 = CARTESIAN_POINT('',(-79.47916666454,19.974358296527,
    19.142857142857));
#5925 = CARTESIAN_POINT('',(-79.45312499726,19.974358296527,
    19.142857142857));
#5926 = CARTESIAN_POINT('',(-79.42708332985,19.974358296527,
    19.142857142857));
#5927 = CARTESIAN_POINT('',(-79.4010416623,19.974358296527,
    19.142857142857));
#5928 = CARTESIAN_POINT('',(-79.32291665914,19.974358296527,
    19.142857142857));
#5929 = CARTESIAN_POINT('',(-79.27083332337,19.974358296527,
    19.142857142857));
#5930 = CARTESIAN_POINT('',(-79.21874998686,19.974358296527,
    19.142857142857));
#5931 = CARTESIAN_POINT('',(-79.16666664923,19.974358296527,
    19.142857142857));
#5932 = CARTESIAN_POINT('',(-79.11458330999,19.974358296527,
    19.142857142858));
#5933 = CARTESIAN_POINT('',(-79.06249996886,19.974358296527,
    19.142857142856));
#5934 = CARTESIAN_POINT('',(-79.01041662528,19.974358296527,
    19.142857142858));
#5935 = CARTESIAN_POINT('',(-78.95833327898,19.974358296527,
    19.142857142857));
#5936 = CARTESIAN_POINT('',(-78.90624992945,19.974358296527,
    19.142857142857));
#5937 = CARTESIAN_POINT('',(-78.85416657635,19.974358296527,
    19.142857142857));
#5938 = CARTESIAN_POINT('',(-78.80208321922,19.974358296527,
    19.142857142857));
#5939 = CARTESIAN_POINT('',(-78.6458331346,19.974358296527,
    19.142857142857));
#5940 = CARTESIAN_POINT('',(-78.54166640237,19.974358296527,
    19.142857142857));
#5941 = CARTESIAN_POINT('',(-78.43749964981,19.974358296527,
    19.142857142857));
#5942 = CARTESIAN_POINT('',(-78.3333328656,19.974358296528,
    19.142857142857));
#5943 = CARTESIAN_POINT('',(-78.22916603868,19.974358296526,
    19.142857142856));
#5944 = CARTESIAN_POINT('',(-78.1249991576,19.974358296528,
    19.142857142858));
#5945 = CARTESIAN_POINT('',(-78.02083221142,19.974358296526,
    19.142857142857));
#5946 = CARTESIAN_POINT('',(-77.91666518864,19.974358296528,
    19.142857142859));
#5947 = CARTESIAN_POINT('',(-77.81249807825,19.974358296527,
    19.14285714286));
#5948 = CARTESIAN_POINT('',(-77.7083308689,19.974358296528,
    19.142857142863));
#5949 = CARTESIAN_POINT('',(-77.60416354944,19.974358296528,
    19.142857142866));
#5950 = CARTESIAN_POINT('',(-77.29166122695,19.97435829653,
    19.142857142878));
#5951 = CARTESIAN_POINT('',(-77.08332604712,19.974358296526,
    19.142857142849));
#5952 = CARTESIAN_POINT('',(-76.87499028804,19.974358296519,
    19.142857142805));
#5953 = CARTESIAN_POINT('',(-76.66665366859,19.974358296515,
    19.142857142769));
#5954 = CARTESIAN_POINT('',(-76.45831590776,19.974358296513,
    19.142857142767));
#5955 = CARTESIAN_POINT('',(-76.24997672436,19.974358296522,
    19.142857142818));
#5956 = CARTESIAN_POINT('',(-76.04163583743,19.97435829654,
    19.14285714295));
#5957 = CARTESIAN_POINT('',(-75.83329296575,19.974358296574,
    19.142857143181));
#5958 = CARTESIAN_POINT('',(-75.62494782837,19.974358296625,
    19.142857143539));
#5959 = CARTESIAN_POINT('',(-75.4166001441,19.974358296698,
    19.142857144045));
#5960 = CARTESIAN_POINT('',(-75.20824963191,19.974358296796,
    19.142857144722));
#5961 = CARTESIAN_POINT('',(-74.5831887683,19.974358297174,
    19.142857147337));
#5962 = CARTESIAN_POINT('',(-74.16646843365,19.974358297731,
    19.142857151195));
#5963 = CARTESIAN_POINT('',(-73.74973127161,19.974358298495,
    19.142857156495));
#5964 = CARTESIAN_POINT('',(-73.33297319491,19.974358299505,
    19.142857163492));
#5965 = CARTESIAN_POINT('',(-72.91618976409,19.97435830093,
    19.142857173364));
#5966 = CARTESIAN_POINT('',(-72.49937618759,19.974358303076,
    19.142857188225));
#5967 = CARTESIAN_POINT('',(-72.08252732163,19.974358306378,
    19.142857211107));
#5968 = CARTESIAN_POINT('',(-71.66563767038,19.974358311411,
    19.142857245977));
#5969 = CARTESIAN_POINT('',(-71.24870138576,19.97435831888,
    19.142857297724));
#5970 = CARTESIAN_POINT('',(-70.83171226762,19.974358329625,
    19.142857372166));
#5971 = CARTESIAN_POINT('',(-70.41466376362,19.974358344619,
    19.142857476049));
#5972 = CARTESIAN_POINT('',(-69.1633193806,19.974358405672,
    19.14285789904));
#5973 = CARTESIAN_POINT('',(-68.32882320347,19.974358472916,
    19.142858364919));
#5974 = CARTESIAN_POINT('',(-67.49401371548,19.974358568594,
    19.142859027804));
#5975 = CARTESIAN_POINT('',(-66.65883823494,19.974358706318,
    19.142859981986));
#5976 = CARTESIAN_POINT('',(-65.82324245728,19.974358907823,
    19.142861378059));
#5977 = CARTESIAN_POINT('',(-64.98717479112,19.974359199385,
    19.14286339806));
#5978 = CARTESIAN_POINT('',(-64.15059069489,19.97435960822,
    19.142866230601));
#5979 = CARTESIAN_POINT('',(-63.31345701269,19.974360158914,
    19.142870046009));
#5980 = CARTESIAN_POINT('',(-62.47575631103,19.974360869814,
    19.142874971464));
#5981 = CARTESIAN_POINT('',(-61.63749121475,19.974361749453,
    19.142881066132));
#5982 = CARTESIAN_POINT('',(-60.79868874355,19.974362792953,
    19.142888296303));
#5983 = CARTESIAN_POINT('',(-58.28083645734,19.974366349417,
    19.14291293898));
#5984 = CARTESIAN_POINT('',(-56.60032448022,19.974369073217,
    19.142932011736));
#5985 = CARTESIAN_POINT('',(-54.91860379884,19.974373288827,
    19.142960231407));
#5986 = CARTESIAN_POINT('',(-53.23605291114,19.974374202078,
    19.142968641799));
#5987 = CARTESIAN_POINT('',(-51.55588708248,19.974377417248,
    19.142989013201));
#5988 = CARTESIAN_POINT('',(-49.88030153893,19.974375993101,
    19.142978760522));
#5989 = CARTESIAN_POINT('',(-48.21420660748,19.974365713629,
    19.142910254965));
#5990 = CARTESIAN_POINT('',(-46.5656503777,19.974352656493,
    19.142817786954));
#5991 = CARTESIAN_POINT('',(-44.94059025629,19.974336951569,
    19.142706544858));
#5992 = CARTESIAN_POINT('',(-43.33996072088,19.974324600182,
    19.14262964933));
#5993 = CARTESIAN_POINT('',(-41.74659847567,19.974410325429,
    19.143208585191));
#5994 = CARTESIAN_POINT('',(-40.00562462691,19.974773704197,
    19.145747105844));
#5995 = CARTESIAN_POINT('',(-40.00511335948,19.974773810965,
    19.145747851715));
#5996 = CARTESIAN_POINT('',(-40.00460207959,19.974773917791,
    19.145748597994));
#5997 = CARTESIAN_POINT('',(-40.00409078728,19.974774024675,
    19.145749344682));
#5998 = CARTESIAN_POINT('',(-40.00357948247,19.974774131618,
    19.145750091777));
#5999 = CARTESIAN_POINT('',(-40.00306816525,19.974774238619,
    19.145750839282));
#6000 = CARTESIAN_POINT('',(-40.00255683553,19.974774345678,
    19.145751587194));
#6001 = CARTESIAN_POINT('',(-40.00204549338,19.974774452795,
    19.145752335515));
#6002 = CARTESIAN_POINT('',(-40.00153413873,19.974774559971,
    19.145753084245));
#6003 = CARTESIAN_POINT('',(-40.00102277163,19.974774667205,
    19.145753833384));
#6004 = CARTESIAN_POINT('',(-40.00051139205,19.974774774497,
    19.145754582932));
#6005 = CARTESIAN_POINT('',(-40.,19.974774881847,19.145755332889));
#6006 = PCURVE('',#2102,#6007);
#6007 = DEFINITIONAL_REPRESENTATION('',(#6008),#6012);
#6008 = LINE('',#6009,#6010);
#6009 = CARTESIAN_POINT('',(0.,0.));
#6010 = VECTOR('',#6011,1.);
#6011 = DIRECTION('',(0.,1.));
#6012 = ( GEOMETRIC_REPRESENTATION_CONTEXT(2) 
PARAMETRIC_REPRESENTATION_CONTEXT() REPRESENTATION_CONTEXT('2D SPACE',''
  ) );
#6013 = PCURVE('',#6014,#6019);
#6014 = CYLINDRICAL_SURFACE('',#6015,2.5);
#6015 = AXIS2_PLACEMENT_3D('',#6016,#6017,#6018);
#6016 = CARTESIAN_POINT('',(-40.,17.5,19.5));
#6017 = DIRECTION('',(-1.,-0.,-0.));
#6018 = DIRECTION('',(0.,1.,0.));
#6019 = DEFINITIONAL_REPRESENTATION('',(#6020),#6188);
#6020 = B_SPLINE_CURVE_WITH_KNOTS('',12,(#6021,#6022,#6023,#6024,#6025,
    #6026,#6027,#6028,#6029,#6030,#6031,#6032,#6033,#6034,#6035,#6036,
    #6037,#6038,#6039,#6040,#6041,#6042,#6043,#6044,#6045,#6046,#6047,
    #6048,#6049,#6050,#6051,#6052,#6053,#6054,#6055,#6056,#6057,#6058,
    #6059,#6060,#6061,#6062,#6063,#6064,#6065,#6066,#6067,#6068,#6069,
    #6070,#6071,#6072,#6073,#6074,#6075,#6076,#6077,#6078,#6079,#6080,
    #6081,#6082,#6083,#6084,#6085,#6086,#6087,#6088,#6089,#6090,#6091,
    #6092,#6093,#6094,#6095,#6096,#6097,#6098,#6099,#6100,#6101,#6102,
    #6103,#6104,#6105,#6106,#6107,#6108,#6109,#6110,#6111,#6112,#6113,
    #6114,#6115,#6116,#6117,#6118,#6119,#6120,#6121,#6122,#6123,#6124,
    #6125,#6126,#6127,#6128,#6129,#6130,#6131,#6132,#6133,#6134,#6135,
    #6136,#6137,#6138,#6139,#6140,#6141,#6142,#6143,#6144,#6145,#6146,
    #6147,#6148,#6149,#6150,#6151,#6152,#6153,#6154,#6155,#6156,#6157,
    #6158,#6159,#6160,#6161,#6162,#6163,#6164,#6165,#6166,#6167,#6168,
    #6169,#6170,#6171,#6172,#6173,#6174,#6175,#6176,#6177,#6178,#6179,
    #6180,#6181,#6182,#6183,#6184,#6185,#6186,#6187),.UNSPECIFIED.,.F.,
  .F.,(13,11,11,11,11,11,11,11,11,11,11,11,11,11,11,13),(-1.423E-14,
    4.883195644882E-03,9.766391289778E-03,1.953278257957E-02,
    3.906556515915E-02,7.813113031832E-02,0.156262260637,0.312524521273,
    0.625049042547,1.250098085093,2.500196170187,5.000392340373,
    10.000784680747,20.001569361494,40.003138722987,40.009014116152),
  .UNSPECIFIED.);
#6021 = CARTESIAN_POINT('',(0.143347568905,40.));
#6022 = CARTESIAN_POINT('',(0.143347568905,39.999595185688));
#6023 = CARTESIAN_POINT('',(0.143347568905,39.999175100311));
#6024 = CARTESIAN_POINT('',(0.143347568906,39.998811257975));
#6025 = CARTESIAN_POINT('',(0.143347568905,39.99831163029));
#6026 = CARTESIAN_POINT('',(0.143347568906,39.998046877214));
#6027 = CARTESIAN_POINT('',(0.143347568905,39.99748011784));
#6028 = CARTESIAN_POINT('',(0.143347568906,39.997205947665));
#6029 = CARTESIAN_POINT('',(0.143347568905,39.99671874928));
#6030 = CARTESIAN_POINT('',(0.143347568906,39.996345880908));
#6031 = CARTESIAN_POINT('',(0.143347568905,39.995929756512));
#6032 = CARTESIAN_POINT('',(0.143347568905,39.995524088543));
#6033 = CARTESIAN_POINT('',(0.143347568905,39.994710286457));
#6034 = CARTESIAN_POINT('',(0.143347568905,39.994303385427));
#6035 = CARTESIAN_POINT('',(0.143347568905,39.993896484347));
#6036 = CARTESIAN_POINT('',(0.143347568906,39.99348958339));
#6037 = CARTESIAN_POINT('',(0.143347568905,39.993082682207));
#6038 = CARTESIAN_POINT('',(0.143347568906,39.992675781349));
#6039 = CARTESIAN_POINT('',(0.143347568905,39.992268880118));
#6040 = CARTESIAN_POINT('',(0.143347568906,39.991861979231));
#6041 = CARTESIAN_POINT('',(0.143347568905,39.99145507809));
#6042 = CARTESIAN_POINT('',(0.143347568905,39.991048177098));
#6043 = CARTESIAN_POINT('',(0.143347568905,39.990641276038));
#6044 = CARTESIAN_POINT('',(0.143347568905,39.989420572925));
#6045 = CARTESIAN_POINT('',(0.143347568905,39.988606770797));
#6046 = CARTESIAN_POINT('',(0.143347568906,39.987792968842));
#6047 = CARTESIAN_POINT('',(0.143347568905,39.986979166499));
#6048 = CARTESIAN_POINT('',(0.143347568906,39.986165364815));
#6049 = CARTESIAN_POINT('',(0.143347568904,39.985351562249));
#6050 = CARTESIAN_POINT('',(0.143347568906,39.984537760631));
#6051 = CARTESIAN_POINT('',(0.143347568905,39.98372395819));
#6052 = CARTESIAN_POINT('',(0.143347568906,39.982910156323));
#6053 = CARTESIAN_POINT('',(0.143347568905,39.982096354142));
#6054 = CARTESIAN_POINT('',(0.143347568905,39.981282552087));
#6055 = CARTESIAN_POINT('',(0.143347568905,39.97884114583));
#6056 = CARTESIAN_POINT('',(0.143347568905,39.977213541672));
#6057 = CARTESIAN_POINT('',(0.143347568905,39.975585937491));
#6058 = CARTESIAN_POINT('',(0.143347568905,39.973958333348));
#6059 = CARTESIAN_POINT('',(0.143347568905,39.972330729146));
#6060 = CARTESIAN_POINT('',(0.143347568905,39.970703125021));
#6061 = CARTESIAN_POINT('',(0.143347568905,39.969075520817));
#6062 = CARTESIAN_POINT('',(0.143347568905,39.967447916676));
#6063 = CARTESIAN_POINT('',(0.143347568905,39.965820312497));
#6064 = CARTESIAN_POINT('',(0.143347568905,39.964192708334));
#6065 = CARTESIAN_POINT('',(0.143347568905,39.962565104167));
#6066 = CARTESIAN_POINT('',(0.143347568905,39.957682291666));
#6067 = CARTESIAN_POINT('',(0.143347568905,39.954427083336));
#6068 = CARTESIAN_POINT('',(0.143347568905,39.951171874991));
#6069 = CARTESIAN_POINT('',(0.143347568905,39.947916666689));
#6070 = CARTESIAN_POINT('',(0.143347568905,39.944661458295));
#6071 = CARTESIAN_POINT('',(0.143347568906,39.941406250046));
#6072 = CARTESIAN_POINT('',(0.143347568905,39.938151041624));
#6073 = CARTESIAN_POINT('',(0.143347568906,39.934895833363));
#6074 = CARTESIAN_POINT('',(0.143347568905,39.931640624984));
#6075 = CARTESIAN_POINT('',(0.143347568905,39.928385416672));
#6076 = CARTESIAN_POINT('',(0.143347568905,39.925130208332));
#6077 = CARTESIAN_POINT('',(0.143347568905,39.915364583335));
#6078 = CARTESIAN_POINT('',(0.143347568905,39.908854166655));
#6079 = CARTESIAN_POINT('',(0.143347568905,39.902343750028));
#6080 = CARTESIAN_POINT('',(0.143347568905,39.895833333276));
#6081 = CARTESIAN_POINT('',(0.143347568906,39.889322916747));
#6082 = CARTESIAN_POINT('',(0.143347568905,39.882812499902));
#6083 = CARTESIAN_POINT('',(0.143347568906,39.876302083416));
#6084 = CARTESIAN_POINT('',(0.143347568905,39.869791666602));
#6085 = CARTESIAN_POINT('',(0.143347568905,39.863281250027));
#6086 = CARTESIAN_POINT('',(0.143347568905,39.856770833314));
#6087 = CARTESIAN_POINT('',(0.143347568905,39.85026041666));
#6088 = CARTESIAN_POINT('',(0.143347568905,39.830729166649));
#6089 = CARTESIAN_POINT('',(0.143347568905,39.817708333329));
#6090 = CARTESIAN_POINT('',(0.143347568905,39.80468749994));
#6091 = CARTESIAN_POINT('',(0.143347568906,39.791666666702));
#6092 = CARTESIAN_POINT('',(0.143347568905,39.778645833194));
#6093 = CARTESIAN_POINT('',(0.143347568906,39.765625000054));
#6094 = CARTESIAN_POINT('',(0.143347568905,39.752604166502));
#6095 = CARTESIAN_POINT('',(0.143347568905,39.739583333305));
#6096 = CARTESIAN_POINT('',(0.143347568905,39.726562499852));
#6097 = CARTESIAN_POINT('',(0.143347568905,39.713541666531));
#6098 = CARTESIAN_POINT('',(0.143347568905,39.700520833149));
#6099 = CARTESIAN_POINT('',(0.143347568905,39.661458333024));
#6100 = CARTESIAN_POINT('',(0.143347568905,39.635416666262));
#6101 = CARTESIAN_POINT('',(0.143347568905,39.60937499945));
#6102 = CARTESIAN_POINT('',(0.143347568906,39.583333332659));
#6103 = CARTESIAN_POINT('',(0.143347568905,39.55729166568));
#6104 = CARTESIAN_POINT('',(0.143347568906,39.531249998821));
#6105 = CARTESIAN_POINT('',(0.143347568905,39.505208331652));
#6106 = CARTESIAN_POINT('',(0.143347568906,39.47916666458));
#6107 = CARTESIAN_POINT('',(0.143347568905,39.453124997249));
#6108 = CARTESIAN_POINT('',(0.143347568905,39.427083329863));
#6109 = CARTESIAN_POINT('',(0.143347568905,39.401041662299));
#6110 = CARTESIAN_POINT('',(0.143347568905,39.322916659141));
#6111 = CARTESIAN_POINT('',(0.143347568905,39.270833323378));
#6112 = CARTESIAN_POINT('',(0.143347568905,39.218749986858));
#6113 = CARTESIAN_POINT('',(0.143347568906,39.166666649245));
#6114 = CARTESIAN_POINT('',(0.143347568905,39.114583309976));
#6115 = CARTESIAN_POINT('',(0.143347568906,39.062499968887));
#6116 = CARTESIAN_POINT('',(0.143347568905,39.010416625267));
#6117 = CARTESIAN_POINT('',(0.143347568906,38.958333279));
#6118 = CARTESIAN_POINT('',(0.143347568905,38.906249929453));
#6119 = CARTESIAN_POINT('',(0.143347568905,38.854166576352));
#6120 = CARTESIAN_POINT('',(0.143347568905,38.802083219226));
#6121 = CARTESIAN_POINT('',(0.143347568905,38.645833134605));
#6122 = CARTESIAN_POINT('',(0.143347568905,38.541666402387));
#6123 = CARTESIAN_POINT('',(0.143347568905,38.437499649785));
#6124 = CARTESIAN_POINT('',(0.143347568906,38.333332865655));
#6125 = CARTESIAN_POINT('',(0.143347568905,38.229166038608));
#6126 = CARTESIAN_POINT('',(0.143347568906,38.124999157695));
#6127 = CARTESIAN_POINT('',(0.143347568905,38.020832211348));
#6128 = CARTESIAN_POINT('',(0.143347568905,37.916665188693));
#6129 = CARTESIAN_POINT('',(0.143347568904,37.812498078232));
#6130 = CARTESIAN_POINT('',(0.143347568903,37.708330868916));
#6131 = CARTESIAN_POINT('',(0.143347568902,37.604163549441));
#6132 = CARTESIAN_POINT('',(0.143347568897,37.291661226958));
#6133 = CARTESIAN_POINT('',(0.143347568909,37.083326047133));
#6134 = CARTESIAN_POINT('',(0.143347568927,36.874990288026));
#6135 = CARTESIAN_POINT('',(0.143347568941,36.666653668638));
#6136 = CARTESIAN_POINT('',(0.143347568942,36.458315907709));
#6137 = CARTESIAN_POINT('',(0.143347568921,36.249976724427));
#6138 = CARTESIAN_POINT('',(0.143347568868,36.04163583738));
#6139 = CARTESIAN_POINT('',(0.143347568774,35.833292965795));
#6140 = CARTESIAN_POINT('',(0.14334756863,35.624947828354));
#6141 = CARTESIAN_POINT('',(0.143347568425,35.416600144111));
#6142 = CARTESIAN_POINT('',(0.143347568152,35.208249631919));
#6143 = CARTESIAN_POINT('',(0.143347567095,34.583188768302));
#6144 = CARTESIAN_POINT('',(0.143347565536,34.166468433658));
#6145 = CARTESIAN_POINT('',(0.143347563393,33.749731271603));
#6146 = CARTESIAN_POINT('',(0.143347560566,33.332973194949));
#6147 = CARTESIAN_POINT('',(0.143347556576,32.916189764055));
#6148 = CARTESIAN_POINT('',(0.143347550571,32.49937618764));
#6149 = CARTESIAN_POINT('',(0.143347541322,32.082527321603));
#6150 = CARTESIAN_POINT('',(0.14334752723,31.665637670408));
#6151 = CARTESIAN_POINT('',(0.143347506317,31.248701385756));
#6152 = CARTESIAN_POINT('',(0.143347476231,30.831712267631));
#6153 = CARTESIAN_POINT('',(0.143347434247,30.414663763622));
#6154 = CARTESIAN_POINT('',(0.143347263298,29.163319380605));
#6155 = CARTESIAN_POINT('',(0.143347075015,28.328823203459));
#6156 = CARTESIAN_POINT('',(0.143346807114,27.494013715507));
#6157 = CARTESIAN_POINT('',(0.143346421485,26.658838234904));
#6158 = CARTESIAN_POINT('',(0.14334585727,25.823242457332));
#6159 = CARTESIAN_POINT('',(0.143345040895,24.98717479109));
#6160 = CARTESIAN_POINT('',(0.143343896139,24.150590694916));
#6161 = CARTESIAN_POINT('',(0.14334235416,23.313457012675));
#6162 = CARTESIAN_POINT('',(0.143340363563,22.475756311038));
#6163 = CARTESIAN_POINT('',(0.143337900435,21.637491214751));
#6164 = CARTESIAN_POINT('',(0.143334978401,20.798688743555));
#6165 = CARTESIAN_POINT('',(0.143325019204,18.280836457344));
#6166 = CARTESIAN_POINT('',(0.14331731266,16.600324480235));
#6167 = CARTESIAN_POINT('',(0.143305899894,14.918603798826));
#6168 = CARTESIAN_POINT('',(0.143302517631,13.236052911178));
#6169 = CARTESIAN_POINT('',(0.143294269249,11.555887082439));
#6170 = CARTESIAN_POINT('',(0.143298409812,9.880301538979));
#6171 = CARTESIAN_POINT('',(0.143326117858,8.214206607442));
#6172 = CARTESIAN_POINT('',(0.143363471969,6.56565037773));
#6173 = CARTESIAN_POINT('',(0.143408410486,4.940590256281));
#6174 = CARTESIAN_POINT('',(0.143439557895,3.339960720891));
#6175 = CARTESIAN_POINT('',(0.143205461178,1.746598475669));
#6176 = CARTESIAN_POINT('',(0.142179702436,5.624626910641E-03));
#6177 = CARTESIAN_POINT('',(0.142179401046,5.113359481024E-03));
#6178 = CARTESIAN_POINT('',(0.142179099492,4.602079602873E-03));
#6179 = CARTESIAN_POINT('',(0.142178797773,4.090787273053E-03));
#6180 = CARTESIAN_POINT('',(0.142178495888,3.579482488456E-03));
#6181 = CARTESIAN_POINT('',(0.142178193839,3.068165245949E-03));
#6182 = CARTESIAN_POINT('',(0.142177891624,2.556835542409E-03));
#6183 = CARTESIAN_POINT('',(0.142177589245,2.045493374725E-03));
#6184 = CARTESIAN_POINT('',(0.1421772867,1.534138739757E-03));
#6185 = CARTESIAN_POINT('',(0.14217698399,1.022771634398E-03));
#6186 = CARTESIAN_POINT('',(0.142176681115,5.113920555153E-04));
#6187 = CARTESIAN_POINT('',(0.142176378074,-9.03E-15));
#6188 = ( GEOMETRIC_REPRESENTATION_CONTEXT(2) 
PARAMETRIC_REPRESENTATION_CONTEXT() REPRESENTATION_CONTEXT('2D SPACE',''
  ) );
#6189 = ADVANCED_FACE('',(#6190),#2965,.F.);
#6190 = FACE_BOUND('',#6191,.F.);
#6191 = EDGE_LOOP('',(#6192,#6214,#6215,#6216));
#6192 = ORIENTED_EDGE('',*,*,#6193,.T.);
#6193 = EDGE_CURVE('',#6194,#2720,#6196,.T.);
#6194 = VERTEX_POINT('',#6195);
#6195 = CARTESIAN_POINT('',(-80.,10.025225118153,19.145755332889));
#6196 = SURFACE_CURVE('',#6197,(#6201,#6207),.PCURVE_S1.);
#6197 = ( BOUNDED_CURVE() B_SPLINE_CURVE(2,(#6198,#6199,#6200),
.UNSPECIFIED.,.F.,.F.) B_SPLINE_CURVE_WITH_KNOTS((3,3),(0.,
40.014889509318),.PIECEWISE_BEZIER_KNOTS.) CURVE() 
GEOMETRIC_REPRESENTATION_ITEM() RATIONAL_B_SPLINE_CURVE((1.,
0.756886825387,1.)) REPRESENTATION_ITEM('') );
#6198 = CARTESIAN_POINT('',(-80.,10.025225118153,19.145755332889));
#6199 = CARTESIAN_POINT('',(-80.02978931551,9.902946675797,20.));
#6200 = CARTESIAN_POINT('',(-80.23416822178,9.064017218247,20.));
#6201 = PCURVE('',#2965,#6202);
#6202 = DEFINITIONAL_REPRESENTATION('',(#6203),#6206);
#6203 = B_SPLINE_CURVE_WITH_KNOTS('',1,(#6204,#6205),.UNSPECIFIED.,.F.,
  .F.,(2,2),(0.,40.014889509318),.PIECEWISE_BEZIER_KNOTS.);
#6204 = CARTESIAN_POINT('',(0.,95.716977384101));
#6205 = CARTESIAN_POINT('',(15.698949151797,95.716977384101));
#6206 = ( GEOMETRIC_REPRESENTATION_CONTEXT(2) 
PARAMETRIC_REPRESENTATION_CONTEXT() REPRESENTATION_CONTEXT('2D SPACE',''
  ) );
#6207 = PCURVE('',#2805,#6208);
#6208 = DEFINITIONAL_REPRESENTATION('',(#6209),#6213);
#6209 = LINE('',#6210,#6211);
#6210 = CARTESIAN_POINT('',(0.,95.716977384101));
#6211 = VECTOR('',#6212,1.);
#6212 = DIRECTION('',(1.,0.));
#6213 = ( GEOMETRIC_REPRESENTATION_CONTEXT(2) 
PARAMETRIC_REPRESENTATION_CONTEXT() REPRESENTATION_CONTEXT('2D SPACE',''
  ) );
#6214 = ORIENTED_EDGE('',*,*,#2927,.T.);
#6215 = ORIENTED_EDGE('',*,*,#5791,.F.);
#6216 = ORIENTED_EDGE('',*,*,#6217,.F.);
#6217 = EDGE_CURVE('',#6194,#5792,#6218,.T.);
#6218 = SURFACE_CURVE('',#6219,(#6235,#6242),.PCURVE_S1.);
#6219 = ( BOUNDED_CURVE() B_SPLINE_CURVE(14,(#6220,#6221,#6222,#6223,
    #6224,#6225,#6226,#6227,#6228,#6229,#6230,#6231,#6232,#6233,#6234),
.UNSPECIFIED.,.F.,.F.) B_SPLINE_CURVE_WITH_KNOTS((15,15),(
95.716977384101,111.41592653589),.PIECEWISE_BEZIER_KNOTS.) CURVE() 
GEOMETRIC_REPRESENTATION_ITEM() RATIONAL_B_SPLINE_CURVE((1.,1.,
    0.999999999999,1.000000000004,0.999999999992,1.000000000015,
    0.999999999978,1.000000000026,0.999999999974,1.00000000002,
    0.999999999987,1.000000000006,0.999999999998,1.000000000001,1.)) 
REPRESENTATION_ITEM('') );
#6220 = CARTESIAN_POINT('',(-80.,10.025225118153,19.145755332889));
#6221 = CARTESIAN_POINT('',(-81.17102416325,10.025809209173,
    19.141674837354));
#6222 = CARTESIAN_POINT('',(-82.33404270247,10.321603032294,
    19.142402501915));
#6223 = CARTESIAN_POINT('',(-83.45313651642,10.9178656702,
    19.142774890657));
#6224 = CARTESIAN_POINT('',(-84.34296096937,11.774083858392,
    19.144067024729));
#6225 = CARTESIAN_POINT('',(-85.05305331664,12.944427454152,
    19.14470326938));
#6226 = CARTESIAN_POINT('',(-85.07075897459,13.888623138662,
    19.138360748216));
#6227 = CARTESIAN_POINT('',(-85.5911001113,14.960582787035,
    19.147488441463));
#6228 = CARTESIAN_POINT('',(-85.22484322698,16.293012202219,
    19.139685563077));
#6229 = CARTESIAN_POINT('',(-84.92081329179,17.341821006619,
    19.14442267481));
#6230 = CARTESIAN_POINT('',(-84.16749335884,18.392520444027,
    19.142307317463));
#6231 = CARTESIAN_POINT('',(-83.28008410661,19.161761849708,
    19.142984054265));
#6232 = CARTESIAN_POINT('',(-82.2311858832,19.70547962768,
    19.142842015918));
#6233 = CARTESIAN_POINT('',(-81.11551529566,19.974358296525,
    19.142857142857));
#6234 = CARTESIAN_POINT('',(-80.,19.974358296527,19.142857142857));
#6235 = PCURVE('',#2965,#6236);
#6236 = DEFINITIONAL_REPRESENTATION('',(#6237),#6241);
#6237 = LINE('',#6238,#6239);
#6238 = CARTESIAN_POINT('',(0.,0.));
#6239 = VECTOR('',#6240,1.);
#6240 = DIRECTION('',(0.,1.));
#6241 = ( GEOMETRIC_REPRESENTATION_CONTEXT(2) 
PARAMETRIC_REPRESENTATION_CONTEXT() REPRESENTATION_CONTEXT('2D SPACE',''
  ) );
#6242 = PCURVE('',#6243,#6248);
#6243 = TOROIDAL_SURFACE('',#6244,2.5,2.5);
#6244 = AXIS2_PLACEMENT_3D('',#6245,#6246,#6247);
#6245 = CARTESIAN_POINT('',(-80.,15.,19.5));
#6246 = DIRECTION('',(-0.,-0.,-1.));
#6247 = DIRECTION('',(0.,1.,0.));
#6248 = DEFINITIONAL_REPRESENTATION('',(#6249),#6270);
#6249 = B_SPLINE_CURVE_WITH_KNOTS('',10,(#6250,#6251,#6252,#6253,#6254,
    #6255,#6256,#6257,#6258,#6259,#6260,#6261,#6262,#6263,#6264,#6265,
    #6266,#6267,#6268,#6269),.UNSPECIFIED.,.F.,.F.,(11,9,11),(
    95.716977384101,103.56645196,111.41592653589),.UNSPECIFIED.);
#6250 = CARTESIAN_POINT('',(-3.14159265359,0.142176378074));
#6251 = CARTESIAN_POINT('',(-2.976817978605,0.1433305626));
#6252 = CARTESIAN_POINT('',(-2.812812093728,0.143501446477));
#6253 = CARTESIAN_POINT('',(-2.646323082297,0.143492073685));
#6254 = CARTESIAN_POINT('',(-2.481884583786,0.143256958081));
#6255 = CARTESIAN_POINT('',(-2.318594809947,0.143183687626));
#6256 = CARTESIAN_POINT('',(-2.163325812629,0.14324767189));
#6257 = CARTESIAN_POINT('',(-2.010280242426,0.143278001748));
#6258 = CARTESIAN_POINT('',(-1.85928979386,0.143313573194));
#6259 = CARTESIAN_POINT('',(-1.708170224047,0.14333060823));
#6260 = CARTESIAN_POINT('',(-1.40442843925,0.143348821599));
#6261 = CARTESIAN_POINT('',(-1.251792642937,0.143348851286));
#6262 = CARTESIAN_POINT('',(-1.097578237058,0.143347352674));
#6263 = CARTESIAN_POINT('',(-0.941813635121,0.143346949062));
#6264 = CARTESIAN_POINT('',(-0.785100696643,0.143347428587));
#6265 = CARTESIAN_POINT('',(-0.628071200961,0.143347815704));
#6266 = CARTESIAN_POINT('',(-0.471037318713,0.143347689972));
#6267 = CARTESIAN_POINT('',(-0.314011434136,0.143347440759));
#6268 = CARTESIAN_POINT('',(-0.156977173821,0.143347568905));
#6269 = CARTESIAN_POINT('',(-4.88E-15,0.143347568905));
#6270 = ( GEOMETRIC_REPRESENTATION_CONTEXT(2) 
PARAMETRIC_REPRESENTATION_CONTEXT() REPRESENTATION_CONTEXT('2D SPACE',''
  ) );
#6271 = ADVANCED_FACE('',(#6272),#2657,.F.);
#6272 = FACE_BOUND('',#6273,.F.);
#6273 = EDGE_LOOP('',(#6274,#6275,#6276,#6298));
#6274 = ORIENTED_EDGE('',*,*,#5814,.T.);
#6275 = ORIENTED_EDGE('',*,*,#2611,.T.);
#6276 = ORIENTED_EDGE('',*,*,#6277,.F.);
#6277 = EDGE_CURVE('',#6278,#2612,#6280,.T.);
#6278 = VERTEX_POINT('',#6279);
#6279 = CARTESIAN_POINT('',(-40.,10.025225118153,19.145755332889));
#6280 = SURFACE_CURVE('',#6281,(#6285,#6292),.PCURVE_S1.);
#6281 = ( BOUNDED_CURVE() B_SPLINE_CURVE(2,(#6282,#6283,#6284),
.UNSPECIFIED.,.F.,.F.) B_SPLINE_CURVE_WITH_KNOTS((3,3),(0.,
15.693073758631),.PIECEWISE_BEZIER_KNOTS.) CURVE() 
GEOMETRIC_REPRESENTATION_ITEM() RATIONAL_B_SPLINE_CURVE((1.,
0.756886825387,1.)) REPRESENTATION_ITEM('') );
#6282 = CARTESIAN_POINT('',(-40.,10.025225118153,19.145755332889));
#6283 = CARTESIAN_POINT('',(-39.97021068448,9.902946675797,20.));
#6284 = CARTESIAN_POINT('',(-39.76583177821,9.064017218247,20.));
#6285 = PCURVE('',#2657,#6286);
#6286 = DEFINITIONAL_REPRESENTATION('',(#6287),#6291);
#6287 = LINE('',#6288,#6289);
#6288 = CARTESIAN_POINT('',(0.,55.702087874784));
#6289 = VECTOR('',#6290,1.);
#6290 = DIRECTION('',(1.,0.));
#6291 = ( GEOMETRIC_REPRESENTATION_CONTEXT(2) 
PARAMETRIC_REPRESENTATION_CONTEXT() REPRESENTATION_CONTEXT('2D SPACE',''
  ) );
#6292 = PCURVE('',#2805,#6293);
#6293 = DEFINITIONAL_REPRESENTATION('',(#6294),#6297);
#6294 = B_SPLINE_CURVE_WITH_KNOTS('',1,(#6295,#6296),.UNSPECIFIED.,.F.,
  .F.,(2,2),(0.,15.693073758631),.PIECEWISE_BEZIER_KNOTS.);
#6295 = CARTESIAN_POINT('',(0.,55.702087874784));
#6296 = CARTESIAN_POINT('',(40.014889509318,55.702087874784));
#6297 = ( GEOMETRIC_REPRESENTATION_CONTEXT(2) 
PARAMETRIC_REPRESENTATION_CONTEXT() REPRESENTATION_CONTEXT('2D SPACE',''
  ) );
#6298 = ORIENTED_EDGE('',*,*,#6299,.F.);
#6299 = EDGE_CURVE('',#5815,#6278,#6300,.T.);
#6300 = SURFACE_CURVE('',#6301,(#6320,#6327),.PCURVE_S1.);
#6301 = ( BOUNDED_CURVE() B_SPLINE_CURVE(9,(#6302,#6303,#6304,#6305,
    #6306,#6307,#6308,#6309,#6310,#6311,#6312,#6313,#6314,#6315,#6316,
#6317,#6318,#6319),.UNSPECIFIED.,.F.,.F.) B_SPLINE_CURVE_WITH_KNOTS((10,
    8,10),(40.009014116152,47.855550995468,55.702087874784),
.UNSPECIFIED.) CURVE() GEOMETRIC_REPRESENTATION_ITEM() 
RATIONAL_B_SPLINE_CURVE((1.,1.,1.,1.,1.,1.,1.,1.,1.,1.,1.,1.,1.,1.,1.,1.
,1.,1.)) REPRESENTATION_ITEM('') );
#6302 = CARTESIAN_POINT('',(-40.,19.974774881847,19.145755332889));
#6303 = CARTESIAN_POINT('',(-39.08954429776,19.974320758854,
    19.142582801916));
#6304 = CARTESIAN_POINT('',(-38.18367036088,19.786769172142,
    19.142445570496));
#6305 = CARTESIAN_POINT('',(-37.30657010199,19.415438519534,
    19.142544687234));
#6306 = CARTESIAN_POINT('',(-36.52660348978,18.851996728961,
    19.143381065614));
#6307 = CARTESIAN_POINT('',(-35.92045401887,18.159637488806,
    19.143177422618));
#6308 = CARTESIAN_POINT('',(-35.47188601569,17.413313017075,
    19.143104212626));
#6309 = CARTESIAN_POINT('',(-35.17416172162,16.621141031158,
    19.142930203904));
#6310 = CARTESIAN_POINT('',(-35.02564170347,15.810681032247,
    19.142857142857));
#6311 = CARTESIAN_POINT('',(-35.02564170347,14.189318967753,
    19.142857142857));
#6312 = CARTESIAN_POINT('',(-35.17416172162,13.378858968842,
    19.142930203904));
#6313 = CARTESIAN_POINT('',(-35.47188601569,12.586686982925,
    19.143104212626));
#6314 = CARTESIAN_POINT('',(-35.92045401887,11.840362511194,
    19.143177422618));
#6315 = CARTESIAN_POINT('',(-36.52660348978,11.14800327104,
    19.143381065614));
#6316 = CARTESIAN_POINT('',(-37.30657010199,10.584561480465,
    19.142544687233));
#6317 = CARTESIAN_POINT('',(-38.18367036088,10.213230827858,
    19.142445570496));
#6318 = CARTESIAN_POINT('',(-39.08954429776,10.025679241146,
    19.142582801916));
#6319 = CARTESIAN_POINT('',(-40.,10.025225118153,19.145755332889));
#6320 = PCURVE('',#2657,#6321);
#6321 = DEFINITIONAL_REPRESENTATION('',(#6322),#6326);
#6322 = LINE('',#6323,#6324);
#6323 = CARTESIAN_POINT('',(0.,0.));
#6324 = VECTOR('',#6325,1.);
#6325 = DIRECTION('',(0.,1.));
#6326 = ( GEOMETRIC_REPRESENTATION_CONTEXT(2) 
PARAMETRIC_REPRESENTATION_CONTEXT() REPRESENTATION_CONTEXT('2D SPACE',''
  ) );
#6327 = PCURVE('',#6328,#6333);
#6328 = TOROIDAL_SURFACE('',#6329,2.5,2.5);
#6329 = AXIS2_PLACEMENT_3D('',#6330,#6331,#6332);
#6330 = CARTESIAN_POINT('',(-40.,15.,19.5));
#6331 = DIRECTION('',(-0.,-0.,-1.));
#6332 = DIRECTION('',(0.,-1.,0.));
#6333 = DEFINITIONAL_REPRESENTATION('',(#6334),#6353);
#6334 = B_SPLINE_CURVE_WITH_KNOTS('',9,(#6335,#6336,#6337,#6338,#6339,
    #6340,#6341,#6342,#6343,#6344,#6345,#6346,#6347,#6348,#6349,#6350,
    #6351,#6352),.UNSPECIFIED.,.F.,.F.,(10,8,10),(40.009014116152,
    47.855550995468,55.702087874784),.UNSPECIFIED.);
#6335 = CARTESIAN_POINT('',(-3.14159265359,0.142176378074));
#6336 = CARTESIAN_POINT('',(-2.958578200904,0.143458325372));
#6337 = CARTESIAN_POINT('',(-2.77645852002,0.143514040619));
#6338 = CARTESIAN_POINT('',(-2.591187195639,0.143473697673));
#6339 = CARTESIAN_POINT('',(-2.408434071969,0.143135958205));
#6340 = CARTESIAN_POINT('',(-2.231253634819,0.143218048156));
#6341 = CARTESIAN_POINT('',(-2.062133101516,0.14324775158));
#6342 = CARTESIAN_POINT('',(-1.896709394519,0.143318034242));
#6343 = CARTESIAN_POINT('',(-1.733767608343,0.143347568905));
#6344 = CARTESIAN_POINT('',(-1.407825045247,0.143347568905));
#6345 = CARTESIAN_POINT('',(-1.244883259071,0.143318034242));
#6346 = CARTESIAN_POINT('',(-1.079459552074,0.14324775158));
#6347 = CARTESIAN_POINT('',(-0.91033901877,0.143218048156));
#6348 = CARTESIAN_POINT('',(-0.733158581621,0.143135958205));
#6349 = CARTESIAN_POINT('',(-0.55040545795,0.143473697673));
#6350 = CARTESIAN_POINT('',(-0.36513413357,0.143514040619));
#6351 = CARTESIAN_POINT('',(-0.183014452686,0.143458325372));
#6352 = CARTESIAN_POINT('',(-6.11E-15,0.142176378074));
#6353 = ( GEOMETRIC_REPRESENTATION_CONTEXT(2) 
PARAMETRIC_REPRESENTATION_CONTEXT() REPRESENTATION_CONTEXT('2D SPACE',''
  ) );
#6354 = ADVANCED_FACE('',(#6355),#2805,.F.);
#6355 = FACE_BOUND('',#6356,.F.);
#6356 = EDGE_LOOP('',(#6357,#6358,#6359,#6360));
#6357 = ORIENTED_EDGE('',*,*,#6277,.T.);
#6358 = ORIENTED_EDGE('',*,*,#2719,.T.);
#6359 = ORIENTED_EDGE('',*,*,#6193,.F.);
#6360 = ORIENTED_EDGE('',*,*,#6361,.F.);
#6361 = EDGE_CURVE('',#6278,#6194,#6362,.T.);
#6362 = SURFACE_CURVE('',#6363,(#6402,#6409),.PCURVE_S1.);
#6363 = ( BOUNDED_CURVE() B_SPLINE_CURVE(13,(#6364,#6365,#6366,#6367,
    #6368,#6369,#6370,#6371,#6372,#6373,#6374,#6375,#6376,#6377,#6378,
    #6379,#6380,#6381,#6382,#6383,#6384,#6385,#6386,#6387,#6388,#6389,
    #6390,#6391,#6392,#6393,#6394,#6395,#6396,#6397,#6398,#6399,#6400,
#6401),.UNSPECIFIED.,.F.,.F.) B_SPLINE_CURVE_WITH_KNOTS((14,12,12,14),(
    55.702087874784,55.707963267949,95.711101990936,95.716977384101),
.UNSPECIFIED.) CURVE() GEOMETRIC_REPRESENTATION_ITEM() 
RATIONAL_B_SPLINE_CURVE((1.,1.,1.,0.999999999999,1.000000000002,
    0.999999999996,1.000000000006,0.999999999994,1.000000000005,
    0.999999999997,1.000000000001,1.,1.,1.,0.999999999999,1.000000000002
    ,0.999999999997,1.000000000005,0.999999999994,1.000000000006,
    0.999999999996,1.000000000003,0.999999999999,1.000000000001,1.,1.,1.
    ,1.000000000001,0.999999999997,1.000000000005,0.999999999994,
    1.000000000007,0.999999999995,1.000000000003,0.999999999998,
1.000000000001,1.,1.)) REPRESENTATION_ITEM('') );
#6364 = CARTESIAN_POINT('',(-40.,10.025225118153,19.145755332889));
#6365 = CARTESIAN_POINT('',(-40.0004720542,10.025225217245,
    19.145754640621));
#6366 = CARTESIAN_POINT('',(-40.00094409784,10.025225316289,
    19.145753948699));
#6367 = CARTESIAN_POINT('',(-40.00141613095,10.025225415283,
    19.145753257123));
#6368 = CARTESIAN_POINT('',(-40.00188815346,10.025225514227,
    19.145752565894));
#6369 = CARTESIAN_POINT('',(-40.0023601655,10.025225613123,
    19.145751875009));
#6370 = CARTESIAN_POINT('',(-40.00283216688,10.025225711969,
    19.145751184472));
#6371 = CARTESIAN_POINT('',(-40.00330415784,10.025225810767,
    19.145750494279));
#6372 = CARTESIAN_POINT('',(-40.00377613815,10.025225909513,
    19.145749804433));
#6373 = CARTESIAN_POINT('',(-40.004248108,10.025226008212,
    19.145749114931));
#6374 = CARTESIAN_POINT('',(-40.00472006726,10.025226106861,
    19.145748425776));
#6375 = CARTESIAN_POINT('',(-40.00519201601,10.025226205461,
    19.145747736966));
#6376 = CARTESIAN_POINT('',(-40.00566395421,10.025226304012,
    19.145747048501));
#6377 = CARTESIAN_POINT('',(-43.21929759348,10.02589705862,
    19.141061236953));
#6378 = CARTESIAN_POINT('',(-45.93452823006,10.025626057804,
    19.143019593953));
#6379 = CARTESIAN_POINT('',(-49.10265065313,10.025540353069,
    19.143467954091));
#6380 = CARTESIAN_POINT('',(-52.14677284529,10.025695149236,
    19.142606364608));
#6381 = CARTESIAN_POINT('',(-55.3737647055,10.02555081401,
    19.143378783481));
#6382 = CARTESIAN_POINT('',(-58.39566843654,10.025703572561,
    19.142472780012));
#6383 = CARTESIAN_POINT('',(-61.60433156343,10.02570357256,
    19.142472780011));
#6384 = CARTESIAN_POINT('',(-64.62623529453,10.02555081401,
    19.143378783481));
#6385 = CARTESIAN_POINT('',(-67.85322715465,10.025695149236,
    19.142606364608));
#6386 = CARTESIAN_POINT('',(-70.89734934689,10.02554035307,
    19.143467954091));
#6387 = CARTESIAN_POINT('',(-74.06547176991,10.025626057804,
    19.143019593953));
#6388 = CARTESIAN_POINT('',(-76.78070240652,10.02589705862,
    19.141061236953));
#6389 = CARTESIAN_POINT('',(-79.99433604578,10.025226304012,
    19.145747048501));
#6390 = CARTESIAN_POINT('',(-79.99480798399,10.025226205461,
    19.145747736966));
#6391 = CARTESIAN_POINT('',(-79.99527993272,10.025226106861,
    19.145748425777));
#6392 = CARTESIAN_POINT('',(-79.99575189203,10.025226008212,
    19.145749114931));
#6393 = CARTESIAN_POINT('',(-79.99622386178,10.025225909514,
    19.145749804434));
#6394 = CARTESIAN_POINT('',(-79.99669584223,10.025225810766,
    19.145750494278));
#6395 = CARTESIAN_POINT('',(-79.99716783302,10.025225711969,
    19.145751184474));
#6396 = CARTESIAN_POINT('',(-79.99763983456,10.025225613123,
    19.145751875008));
#6397 = CARTESIAN_POINT('',(-79.99811184648,10.025225514227,
    19.145752565895));
#6398 = CARTESIAN_POINT('',(-79.99858386907,10.025225415283,
    19.145753257123));
#6399 = CARTESIAN_POINT('',(-79.99905590214,10.025225316289,
    19.145753948699));
#6400 = CARTESIAN_POINT('',(-79.99952794579,10.025225217245,
    19.145754640621));
#6401 = CARTESIAN_POINT('',(-80.,10.025225118153,19.145755332889));
#6402 = PCURVE('',#2805,#6403);
#6403 = DEFINITIONAL_REPRESENTATION('',(#6404),#6408);
#6404 = LINE('',#6405,#6406);
#6405 = CARTESIAN_POINT('',(0.,0.));
#6406 = VECTOR('',#6407,1.);
#6407 = DIRECTION('',(0.,1.));
#6408 = ( GEOMETRIC_REPRESENTATION_CONTEXT(2) 
PARAMETRIC_REPRESENTATION_CONTEXT() REPRESENTATION_CONTEXT('2D SPACE',''
  ) );
#6409 = PCURVE('',#6410,#6415);
#6410 = CYLINDRICAL_SURFACE('',#6411,2.5);
#6411 = AXIS2_PLACEMENT_3D('',#6412,#6413,#6414);
#6412 = CARTESIAN_POINT('',(-80.,12.5,19.5));
#6413 = DIRECTION('',(1.,0.,0.));
#6414 = DIRECTION('',(0.,-1.,0.));
#6415 = DEFINITIONAL_REPRESENTATION('',(#6416),#6455);
#6416 = B_SPLINE_CURVE_WITH_KNOTS('',13,(#6417,#6418,#6419,#6420,#6421,
    #6422,#6423,#6424,#6425,#6426,#6427,#6428,#6429,#6430,#6431,#6432,
    #6433,#6434,#6435,#6436,#6437,#6438,#6439,#6440,#6441,#6442,#6443,
    #6444,#6445,#6446,#6447,#6448,#6449,#6450,#6451,#6452,#6453,#6454),
  .UNSPECIFIED.,.F.,.F.,(14,12,12,14),(55.702087874784,55.707963267949,
    95.711101990936,95.716977384101),.UNSPECIFIED.);
#6417 = CARTESIAN_POINT('',(0.142176378074,40.));
#6418 = CARTESIAN_POINT('',(0.142176657804,39.999527945792));
#6419 = CARTESIAN_POINT('',(0.142176937394,39.999055902162));
#6420 = CARTESIAN_POINT('',(0.142177216844,39.998583869009));
#6421 = CARTESIAN_POINT('',(0.142177496154,39.998111846612));
#6422 = CARTESIAN_POINT('',(0.142177775324,39.997639834353));
#6423 = CARTESIAN_POINT('',(0.142178054356,39.997167833306));
#6424 = CARTESIAN_POINT('',(0.142178333245,39.996695841942));
#6425 = CARTESIAN_POINT('',(0.142178611998,39.996223862024));
#6426 = CARTESIAN_POINT('',(0.142178890609,39.995751891882));
#6427 = CARTESIAN_POINT('',(0.142179169081,39.995279932795));
#6428 = CARTESIAN_POINT('',(0.142179447414,39.994807983971));
#6429 = CARTESIAN_POINT('',(0.142179725607,39.994336045785));
#6430 = CARTESIAN_POINT('',(0.144073156001,36.780702406519));
#6431 = CARTESIAN_POINT('',(0.143282357832,34.065471769916));
#6432 = CARTESIAN_POINT('',(0.14309996562,30.897349346905));
#6433 = CARTESIAN_POINT('',(0.143449895194,27.853227154625));
#6434 = CARTESIAN_POINT('',(0.14313586913,24.626235294594));
#6435 = CARTESIAN_POINT('',(0.14350326823,21.604331563352));
#6436 = CARTESIAN_POINT('',(0.143503268231,18.395668436646));
#6437 = CARTESIAN_POINT('',(0.143135869129,15.37376470541));
#6438 = CARTESIAN_POINT('',(0.143449895195,12.146772845371));
#6439 = CARTESIAN_POINT('',(0.143099965619,9.102650653097));
#6440 = CARTESIAN_POINT('',(0.143282357832,5.934528230086));
#6441 = CARTESIAN_POINT('',(0.144073156001,3.219297593479));
#6442 = CARTESIAN_POINT('',(0.142179725607,5.663954217113E-03));
#6443 = CARTESIAN_POINT('',(0.142179447414,5.192016008647E-03));
#6444 = CARTESIAN_POINT('',(0.142179169081,4.720067267058E-03));
#6445 = CARTESIAN_POINT('',(0.142178890609,4.248107989888E-03));
#6446 = CARTESIAN_POINT('',(0.142178611997,3.77613817485E-03));
#6447 = CARTESIAN_POINT('',(0.142178333246,3.304157819357E-03));
#6448 = CARTESIAN_POINT('',(0.142178054355,2.832166921245E-03));
#6449 = CARTESIAN_POINT('',(0.142177775324,2.360165477861E-03));
#6450 = CARTESIAN_POINT('',(0.142177496154,1.888153487023E-03));
#6451 = CARTESIAN_POINT('',(0.142177216844,1.41613094617E-03));
#6452 = CARTESIAN_POINT('',(0.142176937394,9.440978529939E-04));
#6453 = CARTESIAN_POINT('',(0.142176657804,4.720542050475E-04));
#6454 = CARTESIAN_POINT('',(0.142176378074,-5.409E-14));
#6455 = ( GEOMETRIC_REPRESENTATION_CONTEXT(2) 
PARAMETRIC_REPRESENTATION_CONTEXT() REPRESENTATION_CONTEXT('2D SPACE',''
  ) );
#6456 = ADVANCED_FACE('',(#6457),#3037,.T.);
#6457 = FACE_BOUND('',#6458,.F.);
#6458 = EDGE_LOOP('',(#6459,#6483,#6510,#6511));
#6459 = ORIENTED_EDGE('',*,*,#6460,.F.);
#6460 = EDGE_CURVE('',#6461,#3021,#6463,.T.);
#6461 = VERTEX_POINT('',#6462);
#6462 = CARTESIAN_POINT('',(-45.,45.,18.));
#6463 = SEAM_CURVE('',#6464,(#6469,#6476),.PCURVE_S1.);
#6464 = CIRCLE('',#6465,2.);
#6465 = AXIS2_PLACEMENT_3D('',#6466,#6467,#6468);
#6466 = CARTESIAN_POINT('',(-43.,45.,18.));
#6467 = DIRECTION('',(-0.,1.,0.));
#6468 = DIRECTION('',(1.,0.,0.));
#6469 = PCURVE('',#3037,#6470);
#6470 = DEFINITIONAL_REPRESENTATION('',(#6471),#6475);
#6471 = LINE('',#6472,#6473);
#6472 = CARTESIAN_POINT('',(-0.,0.));
#6473 = VECTOR('',#6474,1.);
#6474 = DIRECTION('',(-0.,1.));
#6475 = ( GEOMETRIC_REPRESENTATION_CONTEXT(2) 
PARAMETRIC_REPRESENTATION_CONTEXT() REPRESENTATION_CONTEXT('2D SPACE',''
  ) );
#6476 = PCURVE('',#3037,#6477);
#6477 = DEFINITIONAL_REPRESENTATION('',(#6478),#6482);
#6478 = LINE('',#6479,#6480);
#6479 = CARTESIAN_POINT('',(-6.28318530718,0.));
#6480 = VECTOR('',#6481,1.);
#6481 = DIRECTION('',(-0.,1.));
#6482 = ( GEOMETRIC_REPRESENTATION_CONTEXT(2) 
PARAMETRIC_REPRESENTATION_CONTEXT() REPRESENTATION_CONTEXT('2D SPACE',''
  ) );
#6483 = ORIENTED_EDGE('',*,*,#6484,.F.);
#6484 = EDGE_CURVE('',#6461,#6461,#6485,.T.);
#6485 = SURFACE_CURVE('',#6486,(#6491,#6498),.PCURVE_S1.);
#6486 = CIRCLE('',#6487,20.);
#6487 = AXIS2_PLACEMENT_3D('',#6488,#6489,#6490);
#6488 = CARTESIAN_POINT('',(-65.,45.,18.));
#6489 = DIRECTION('',(0.,0.,1.));
#6490 = DIRECTION('',(1.,0.,0.));
#6491 = PCURVE('',#3037,#6492);
#6492 = DEFINITIONAL_REPRESENTATION('',(#6493),#6497);
#6493 = LINE('',#6494,#6495);
#6494 = CARTESIAN_POINT('',(-0.,3.14159265359));
#6495 = VECTOR('',#6496,1.);
#6496 = DIRECTION('',(-1.,0.));
#6497 = ( GEOMETRIC_REPRESENTATION_CONTEXT(2) 
PARAMETRIC_REPRESENTATION_CONTEXT() REPRESENTATION_CONTEXT('2D SPACE',''
  ) );
#6498 = PCURVE('',#6499,#6504);
#6499 = CYLINDRICAL_SURFACE('',#6500,20.);
#6500 = AXIS2_PLACEMENT_3D('',#6501,#6502,#6503);
#6501 = CARTESIAN_POINT('',(-65.,45.,20.));
#6502 = DIRECTION('',(0.,0.,1.));
#6503 = DIRECTION('',(1.,0.,0.));
#6504 = DEFINITIONAL_REPRESENTATION('',(#6505),#6509);
#6505 = LINE('',#6506,#6507);
#6506 = CARTESIAN_POINT('',(0.,-2.));
#6507 = VECTOR('',#6508,1.);
#6508 = DIRECTION('',(1.,0.));
#6509 = ( GEOMETRIC_REPRESENTATION_CONTEXT(2) 
PARAMETRIC_REPRESENTATION_CONTEXT() REPRESENTATION_CONTEXT('2D SPACE',''
  ) );
#6510 = ORIENTED_EDGE('',*,*,#6460,.T.);
#6511 = ORIENTED_EDGE('',*,*,#3020,.T.);
#6512 = ADVANCED_FACE('',(#6513),#3069,.T.);
#6513 = FACE_BOUND('',#6514,.T.);
#6514 = EDGE_LOOP('',(#6515,#6545,#6653,#6797,#6798,#6944));
#6515 = ORIENTED_EDGE('',*,*,#6516,.T.);
#6516 = EDGE_CURVE('',#6517,#6519,#6521,.T.);
#6517 = VERTEX_POINT('',#6518);
#6518 = CARTESIAN_POINT('',(-25.,14.378409372699,15.));
#6519 = VERTEX_POINT('',#6520);
#6520 = CARTESIAN_POINT('',(-25.,55.621590627301,15.));
#6521 = SURFACE_CURVE('',#6522,(#6526,#6533),.PCURVE_S1.);
#6522 = LINE('',#6523,#6524);
#6523 = CARTESIAN_POINT('',(-25.,9.382623085101,15.));
#6524 = VECTOR('',#6525,1.);
#6525 = DIRECTION('',(0.,1.,0.));
#6526 = PCURVE('',#3069,#6527);
#6527 = DEFINITIONAL_REPRESENTATION('',(#6528),#6532);
#6528 = LINE('',#6529,#6530);
#6529 = CARTESIAN_POINT('',(1.570796326795,0.));
#6530 = VECTOR('',#6531,1.);
#6531 = DIRECTION('',(0.,1.));
#6532 = ( GEOMETRIC_REPRESENTATION_CONTEXT(2) 
PARAMETRIC_REPRESENTATION_CONTEXT() REPRESENTATION_CONTEXT('2D SPACE',''
  ) );
#6533 = PCURVE('',#6534,#6539);
#6534 = PLANE('',#6535);
#6535 = AXIS2_PLACEMENT_3D('',#6536,#6537,#6538);
#6536 = CARTESIAN_POINT('',(-25.,35.,30.));
#6537 = DIRECTION('',(1.,0.,0.));
#6538 = DIRECTION('',(0.,0.,1.));
#6539 = DEFINITIONAL_REPRESENTATION('',(#6540),#6544);
#6540 = LINE('',#6541,#6542);
#6541 = CARTESIAN_POINT('',(-15.,25.617376914899));
#6542 = VECTOR('',#6543,1.);
#6543 = DIRECTION('',(0.,-1.));
#6544 = ( GEOMETRIC_REPRESENTATION_CONTEXT(2) 
PARAMETRIC_REPRESENTATION_CONTEXT() REPRESENTATION_CONTEXT('2D SPACE',''
  ) );
#6545 = ORIENTED_EDGE('',*,*,#6546,.T.);
#6546 = EDGE_CURVE('',#6519,#6547,#6549,.T.);
#6547 = VERTEX_POINT('',#6548);
#6548 = CARTESIAN_POINT('',(-25.65270399094,57.748441711987,
    17.470023767017));
#6549 = SURFACE_CURVE('',#6550,(#6565,#6603),.PCURVE_S1.);
#6550 = ( BOUNDED_CURVE() B_SPLINE_CURVE(7,(#6551,#6552,#6553,#6554,
    #6555,#6556,#6557,#6558,#6559,#6560,#6561,#6562,#6563,#6564),
.UNSPECIFIED.,.F.,.F.) B_SPLINE_CURVE_WITH_KNOTS((8,6,8),(
    63.054145437559,64.611292776127,66.976423454091),.UNSPECIFIED.) 
CURVE() GEOMETRIC_REPRESENTATION_ITEM() RATIONAL_B_SPLINE_CURVE((1.,1.,
1.,1.,1.,1.,1.,1.,1.,1.,1.,1.,1.,1.)) REPRESENTATION_ITEM('') );
#6551 = CARTESIAN_POINT('',(-25.,55.621590627301,15.));
#6552 = CARTESIAN_POINT('',(-25.,55.758475381287,15.13441815999));
#6553 = CARTESIAN_POINT('',(-25.00423469472,55.894168182216,
    15.270525987558));
#6554 = CARTESIAN_POINT('',(-25.01275975878,56.027911821349,
    15.407833154368));
#6555 = CARTESIAN_POINT('',(-25.02617934841,56.162201314909,
    15.547741858374));
#6556 = CARTESIAN_POINT('',(-25.04393238943,56.292008861944,
    15.687289288756));
#6557 = CARTESIAN_POINT('',(-25.06733679319,56.424766122205,
    15.83061958062));
#6558 = CARTESIAN_POINT('',(-25.13853695107,56.746117970956,
    16.189472158473));
#6559 = CARTESIAN_POINT('',(-25.19309673396,56.932777157607,
    16.406593398052));
#6560 = CARTESIAN_POINT('',(-25.26053572817,57.112663316274,
    16.624430013253));
#6561 = CARTESIAN_POINT('',(-25.33859689894,57.28420508448,
    16.839889273655));
#6562 = CARTESIAN_POINT('',(-25.4336646796,57.451879155885,
    17.058262784117));
#6563 = CARTESIAN_POINT('',(-25.53589430423,57.602367587378,
    17.264436156224));
#6564 = CARTESIAN_POINT('',(-25.65270399094,57.748441711987,
    17.470023767017));
#6565 = PCURVE('',#3069,#6566);
#6566 = DEFINITIONAL_REPRESENTATION('',(#6567),#6602);
#6567 = B_SPLINE_CURVE_WITH_KNOTS('',9,(#6568,#6569,#6570,#6571,#6572,
    #6573,#6574,#6575,#6576,#6577,#6578,#6579,#6580,#6581,#6582,#6583,
    #6584,#6585,#6586,#6587,#6588,#6589,#6590,#6591,#6592,#6593,#6594,
    #6595,#6596,#6597,#6598,#6599,#6600,#6601),.UNSPECIFIED.,.F.,.F.,(10
    ,8,8,8,10),(63.054145437559,64.034714941692,64.524999693758,
    65.015284445825,66.976423454091),.UNSPECIFIED.);
#6568 = CARTESIAN_POINT('',(1.570796326795,46.2389675422));
#6569 = CARTESIAN_POINT('',(1.557629165758,46.306011444576));
#6570 = CARTESIAN_POINT('',(1.544384726607,46.372771214153));
#6571 = CARTESIAN_POINT('',(1.531066326228,46.439201029041));
#6572 = CARTESIAN_POINT('',(1.51766876474,46.505323398669));
#6573 = CARTESIAN_POINT('',(1.504185968946,46.571167016228));
#6574 = CARTESIAN_POINT('',(1.490614872272,46.636735328441));
#6575 = CARTESIAN_POINT('',(1.476955531172,46.702005822566));
#6576 = CARTESIAN_POINT('',(1.463207478033,46.766960030748));
#6577 = CARTESIAN_POINT('',(1.442439726793,46.863986362034));
#6578 = CARTESIAN_POINT('',(1.435492954223,46.896260212106));
#6579 = CARTESIAN_POINT('',(1.428521820325,46.928464112421));
#6580 = CARTESIAN_POINT('',(1.421525616928,46.960600773069));
#6581 = CARTESIAN_POINT('',(1.41450377997,46.99267144065));
#6582 = CARTESIAN_POINT('',(1.407456569264,47.024670035353));
#6583 = CARTESIAN_POINT('',(1.40038574827,47.056577287939));
#6584 = CARTESIAN_POINT('',(1.393295263863,47.088354876841));
#6585 = CARTESIAN_POINT('',(1.379088588345,47.151524253469));
#6586 = CARTESIAN_POINT('',(1.371965561074,47.182976074957));
#6587 = CARTESIAN_POINT('',(1.364884567675,47.213748846885));
#6588 = CARTESIAN_POINT('',(1.357697130792,47.245151143943));
#6589 = CARTESIAN_POINT('',(1.350581832618,47.275589623002));
#6590 = CARTESIAN_POINT('',(1.343392488941,47.306371803087));
#6591 = CARTESIAN_POINT('',(1.336212769266,47.336744019286));
#6592 = CARTESIAN_POINT('',(1.329009807273,47.367002991114));
#6593 = CARTESIAN_POINT('',(1.292918896658,47.517364551302));
#6594 = CARTESIAN_POINT('',(1.263787889089,47.634803063411));
#6595 = CARTESIAN_POINT('',(1.234396855,47.749368010216));
#6596 = CARTESIAN_POINT('',(1.204749633721,47.861006637309));
#6597 = CARTESIAN_POINT('',(1.174822385064,47.969658394512));
#6598 = CARTESIAN_POINT('',(1.144687132496,48.07485160413));
#6599 = CARTESIAN_POINT('',(1.114567947123,48.175635924862));
#6600 = CARTESIAN_POINT('',(1.084605603845,48.271611868589));
#6601 = CARTESIAN_POINT('',(1.05410654103,48.365818626886));
#6602 = ( GEOMETRIC_REPRESENTATION_CONTEXT(2) 
PARAMETRIC_REPRESENTATION_CONTEXT() REPRESENTATION_CONTEXT('2D SPACE',''
  ) );
#6603 = PCURVE('',#6604,#6647);
#6604 = ( BOUNDED_SURFACE() B_SPLINE_SURFACE(2,7,(
    (#6605,#6606,#6607,#6608,#6609,#6610,#6611,#6612,#6613,#6614,#6615
      ,#6616,#6617,#6618)
    ,(#6619,#6620,#6621,#6622,#6623,#6624,#6625,#6626,#6627,#6628,#6629
      ,#6630,#6631,#6632)
    ,(#6633,#6634,#6635,#6636,#6637,#6638,#6639,#6640,#6641,#6642,#6643
      ,#6644,#6645,#6646
)),.UNSPECIFIED.,.F.,.F.,.F.) B_SPLINE_SURFACE_WITH_KNOTS((3,3),(8,6,8),
  (0.,3.922278016532),(63.054145437559,64.611292776127,66.976423454091),
.UNSPECIFIED.) GEOMETRIC_REPRESENTATION_ITEM() RATIONAL_B_SPLINE_SURFACE
((
    (1.,1.,1.,1.,1.,1.,1.,1.,1.,1.,1.,1.,1.,1.)
    ,(0.707106781187,0.712697839566,0.718182692854,0.723496989084
      ,0.728894015829,0.733897539439,0.739228056442,0.751580898171
      ,0.758470526067,0.764800291369,0.770588978571,0.77611565874
      ,0.780544873644,0.784775942798)
,(1.,1.,1.,1.,1.,1.,1.,1.,1.,1.,1.,1.,1.,1.
))) REPRESENTATION_ITEM('') SURFACE() );
#6605 = CARTESIAN_POINT('',(-25.,55.621590627301,15.));
#6606 = CARTESIAN_POINT('',(-25.,55.758475381287,15.13441815999));
#6607 = CARTESIAN_POINT('',(-25.00423469472,55.894168182216,
    15.270525987558));
#6608 = CARTESIAN_POINT('',(-25.01275975878,56.027911821349,
    15.407833154368));
#6609 = CARTESIAN_POINT('',(-25.02617934841,56.162201314909,
    15.547741858374));
#6610 = CARTESIAN_POINT('',(-25.04393238943,56.292008861944,
    15.687289288756));
#6611 = CARTESIAN_POINT('',(-25.06733679319,56.424766122205,
    15.83061958062));
#6612 = CARTESIAN_POINT('',(-25.13853695107,56.746117970956,
    16.189472158473));
#6613 = CARTESIAN_POINT('',(-25.19309673396,56.932777157607,
    16.406593398052));
#6614 = CARTESIAN_POINT('',(-25.26053572817,57.112663316274,
    16.624430013253));
#6615 = CARTESIAN_POINT('',(-25.33859689894,57.28420508448,
    16.839889273655));
#6616 = CARTESIAN_POINT('',(-25.4336646796,57.451879155885,
    17.058262784117));
#6617 = CARTESIAN_POINT('',(-25.53589430423,57.602367587378,
    17.264436156224));
#6618 = CARTESIAN_POINT('',(-25.65270399094,57.748441711987,
    17.470023767017));
#6619 = CARTESIAN_POINT('',(-25.,57.238970284336,13.823529411753));
#6620 = CARTESIAN_POINT('',(-24.96862031526,57.358066283628,
    13.987259341269));
#6621 = CARTESIAN_POINT('',(-24.9427801272,57.476112783075,
    14.152506681557));
#6622 = CARTESIAN_POINT('',(-24.92280865817,57.593120033325,
    14.319301078514));
#6623 = CARTESIAN_POINT('',(-24.90818358657,57.708704883151,
    14.48716505461));
#6624 = CARTESIAN_POINT('',(-24.90046127373,57.823803483831,
    14.657450312834));
#6625 = CARTESIAN_POINT('',(-24.89771833346,57.936115056095,
    14.826769503448));
#6626 = CARTESIAN_POINT('',(-24.91002119795,58.218273080998,
    15.260281377498));
#6627 = CARTESIAN_POINT('',(-24.93303840657,58.386496760703,
    15.525973069683));
#6628 = CARTESIAN_POINT('',(-24.97232657311,58.551198168368,
    15.793355115476));
#6629 = CARTESIAN_POINT('',(-25.02826904422,58.711406207492,
    16.061036480664));
#6630 = CARTESIAN_POINT('',(-25.10139937031,58.86694822158,
    16.328746683056));
#6631 = CARTESIAN_POINT('',(-25.19247749784,59.01529987103,
    16.591161631857));
#6632 = CARTESIAN_POINT('',(-25.29930753326,59.156663119087,
    16.848038249875));
#6633 = CARTESIAN_POINT('',(-23.,57.238970284339,13.823529411757));
#6634 = CARTESIAN_POINT('',(-23.,57.359007969793,13.988553945709));
#6635 = CARTESIAN_POINT('',(-23.00474890131,57.477269732723,
    14.153995582008));
#6636 = CARTESIAN_POINT('',(-23.01472492109,57.59628136987,
    14.324341002357));
#6637 = CARTESIAN_POINT('',(-23.02921549722,57.707029433694,
    14.483837270966));
#6638 = CARTESIAN_POINT('',(-23.04986142966,57.831113989632,
    14.669329005462));
#6639 = CARTESIAN_POINT('',(-23.0755694542,57.925798379858,
    14.810687465441));
#6640 = CARTESIAN_POINT('',(-23.15532514389,58.254848745027,
    15.316862044792));
#6641 = CARTESIAN_POINT('',(-23.21799254569,58.473178125432,
    15.663118635553));
#6642 = CARTESIAN_POINT('',(-23.30069376947,58.671020688723,
    15.992271435659));
#6643 = CARTESIAN_POINT('',(-23.39952734953,58.867388013261,
    16.328898577998));
#6644 = CARTESIAN_POINT('',(-23.51771916778,59.051719391218,
    16.658466944051));
#6645 = CARTESIAN_POINT('',(-23.6531969626,59.228968520081,
    16.987016010356));
#6646 = CARTESIAN_POINT('',(-23.80720443849,59.395805488727,
    17.307692307692));
#6647 = DEFINITIONAL_REPRESENTATION('',(#6648),#6652);
#6648 = LINE('',#6649,#6650);
#6649 = CARTESIAN_POINT('',(0.,0.));
#6650 = VECTOR('',#6651,1.);
#6651 = DIRECTION('',(0.,1.));
#6652 = ( GEOMETRIC_REPRESENTATION_CONTEXT(2) 
PARAMETRIC_REPRESENTATION_CONTEXT() REPRESENTATION_CONTEXT('2D SPACE',''
  ) );
#6653 = ORIENTED_EDGE('',*,*,#6654,.T.);
#6654 = EDGE_CURVE('',#6547,#3054,#6655,.T.);
#6655 = SURFACE_CURVE('',#6656,(#6675,#6735),.PCURVE_S1.);
#6656 = ( BOUNDED_CURVE() B_SPLINE_CURVE(9,(#6657,#6658,#6659,#6660,
    #6661,#6662,#6663,#6664,#6665,#6666,#6667,#6668,#6669,#6670,#6671,
#6672,#6673,#6674),.UNSPECIFIED.,.F.,.F.) B_SPLINE_CURVE_WITH_KNOTS((10,
    8,10),(66.976423454091,67.613242894734,74.30261379842),
.UNSPECIFIED.) CURVE() GEOMETRIC_REPRESENTATION_ITEM() 
RATIONAL_B_SPLINE_CURVE((1.,1.,1.,1.,1.,1.,1.,1.,1.,1.,1.,1.,1.,1.,1.,1.
,1.,1.)) REPRESENTATION_ITEM('') );
#6657 = CARTESIAN_POINT('',(-25.65270399094,57.748441711987,
    17.470023767017));
#6658 = CARTESIAN_POINT('',(-25.67716619368,57.779032452812,
    17.513077780419));
#6659 = CARTESIAN_POINT('',(-25.7019759347,57.810710364786,
    17.555587020414));
#6660 = CARTESIAN_POINT('',(-25.72715121837,57.843511758035,
    17.597672373698));
#6661 = CARTESIAN_POINT('',(-25.75279205249,57.877560897997,
    17.639532331336));
#6662 = CARTESIAN_POINT('',(-25.77908044822,57.913070005421,
    17.681442988765));
#6663 = CARTESIAN_POINT('',(-25.80628042012,57.950339256367,
    17.72375804579));
#6664 = CARTESIAN_POINT('',(-25.83473798616,57.989756782209,
    17.766908806585));
#6665 = CARTESIAN_POINT('',(-25.86488116766,58.031798669631,
    17.811404179694));
#6666 = CARTESIAN_POINT('',(-26.23691811901,58.552143527245,
    18.34551061887));
#6667 = CARTESIAN_POINT('',(-26.65772632936,59.148346751488,
    18.809869840526));
#6668 = CARTESIAN_POINT('',(-27.08564020051,59.742734405384,
    19.128635496508));
#6669 = CARTESIAN_POINT('',(-27.52769639452,60.373638076336,
    19.43359926572));
#6670 = CARTESIAN_POINT('',(-28.00681272821,61.036524050062,
    19.652721892738));
#6671 = CARTESIAN_POINT('',(-28.48886132238,61.717222449403,
    19.828675505787));
#6672 = CARTESIAN_POINT('',(-28.99010189875,62.417217913567,
    19.942450705232));
#6673 = CARTESIAN_POINT('',(-29.49487632005,63.124233355174,
    19.999999998766));
#6674 = CARTESIAN_POINT('',(-30.,63.831406486677,20.));
#6675 = PCURVE('',#3069,#6676);
#6676 = DEFINITIONAL_REPRESENTATION('',(#6677),#6734);
#6677 = B_SPLINE_CURVE_WITH_KNOTS('',10,(#6678,#6679,#6680,#6681,#6682,
    #6683,#6684,#6685,#6686,#6687,#6688,#6689,#6690,#6691,#6692,#6693,
    #6694,#6695,#6696,#6697,#6698,#6699,#6700,#6701,#6702,#6703,#6704,
    #6705,#6706,#6707,#6708,#6709,#6710,#6711,#6712,#6713,#6714,#6715,
    #6716,#6717,#6718,#6719,#6720,#6721,#6722,#6723,#6724,#6725,#6726,
    #6727,#6728,#6729,#6730,#6731,#6732,#6733),.UNSPECIFIED.,.F.,.F.,(11
    ,9,9,9,9,9,11),(66.976423454091,67.434310350611,67.663253798872,
    67.892197247132,68.807971040173,70.639518626255,74.30261379842),
  .UNSPECIFIED.);
#6678 = CARTESIAN_POINT('',(1.05410654103,48.365818626886));
#6679 = CARTESIAN_POINT('',(1.047697709711,48.385614488376));
#6680 = CARTESIAN_POINT('',(1.041313710824,48.405859713507));
#6681 = CARTESIAN_POINT('',(1.034948401876,48.426563979528));
#6682 = CARTESIAN_POINT('',(1.028592117045,48.447751001592));
#6683 = CARTESIAN_POINT('',(1.022231667187,48.469458532893));
#6684 = CARTESIAN_POINT('',(1.015850339822,48.491738364486));
#6685 = CARTESIAN_POINT('',(1.009427899148,48.514656325466));
#6686 = CARTESIAN_POINT('',(1.002940586032,48.538292282831));
#6687 = CARTESIAN_POINT('',(0.996361118015,48.562740141562));
#6688 = CARTESIAN_POINT('',(0.986307474955,48.600791696106));
#6689 = CARTESIAN_POINT('',(0.982939578442,48.613648785842));
#6690 = CARTESIAN_POINT('',(0.979437863855,48.627149670075));
#6691 = CARTESIAN_POINT('',(0.976223858512,48.639591197659));
#6692 = CARTESIAN_POINT('',(0.972320508213,48.654915461673));
#6693 = CARTESIAN_POINT('',(0.969188009368,48.667222823991));
#6694 = CARTESIAN_POINT('',(0.965376695879,48.682371741374));
#6695 = CARTESIAN_POINT('',(0.961701270463,48.697058375838));
#6696 = CARTESIAN_POINT('',(0.958045273914,48.711761683235));
#6697 = CARTESIAN_POINT('',(0.950704999538,48.74146584657));
#6698 = CARTESIAN_POINT('',(0.947031150407,48.756425067466));
#6699 = CARTESIAN_POINT('',(0.943354130453,48.771488577982));
#6700 = CARTESIAN_POINT('',(0.9396744808,48.786653528573));
#6701 = CARTESIAN_POINT('',(0.935992742567,48.801917069583));
#6702 = CARTESIAN_POINT('',(0.932309456877,48.817276351502));
#6703 = CARTESIAN_POINT('',(0.928625164849,48.83272852467));
#6704 = CARTESIAN_POINT('',(0.924940407606,48.84827073955));
#6705 = CARTESIAN_POINT('',(0.921255726269,48.863900146523));
#6706 = CARTESIAN_POINT('',(0.902835404719,48.94246889398));
#6707 = CARTESIAN_POINT('',(0.88810940187,49.006673412323));
#6708 = CARTESIAN_POINT('',(0.873416598056,49.072083280066));
#6709 = CARTESIAN_POINT('',(0.858776152007,49.138570253844));
#6710 = CARTESIAN_POINT('',(0.844203436548,49.206022018444));
#6711 = CARTESIAN_POINT('',(0.829710038582,49.274342186002));
#6712 = CARTESIAN_POINT('',(0.81530375911,49.34345029694));
#6713 = CARTESIAN_POINT('',(0.800988613214,49.4132818191));
#6714 = CARTESIAN_POINT('',(0.786764830069,49.483788148378));
#6715 = CARTESIAN_POINT('',(0.744356898666,49.697233528332));
#6716 = CARTESIAN_POINT('',(0.716449494809,49.842056616603));
#6717 = CARTESIAN_POINT('',(0.688896548152,49.98908766476));
#6718 = CARTESIAN_POINT('',(0.661676115275,50.138106584324));
#6719 = CARTESIAN_POINT('',(0.634758062926,50.288969840021));
#6720 = CARTESIAN_POINT('',(0.608107728387,50.441588882144));
#6721 = CARTESIAN_POINT('',(0.581689579857,50.595908580112));
#6722 = CARTESIAN_POINT('',(0.555470876814,50.75188565477));
#6723 = CARTESIAN_POINT('',(0.529425330393,50.909467111751));
#6724 = CARTESIAN_POINT('',(0.451759630488,51.386771798879));
#6725 = CARTESIAN_POINT('',(0.40059664437,51.711113443589));
#6726 = CARTESIAN_POINT('',(0.349880019409,52.04106123979));
#6727 = CARTESIAN_POINT('',(0.29948301023,52.376042440394));
#6728 = CARTESIAN_POINT('',(0.249312551825,52.715402579599));
#6729 = CARTESIAN_POINT('',(0.199301749405,53.058386663298));
#6730 = CARTESIAN_POINT('',(0.149402218368,53.404142891876));
#6731 = CARTESIAN_POINT('',(9.957627436107E-02,53.751748913182));
#6732 = CARTESIAN_POINT('',(4.978897345811E-02,54.100260607792));
#6733 = CARTESIAN_POINT('',(2.44262793E-09,54.448783404899));
#6734 = ( GEOMETRIC_REPRESENTATION_CONTEXT(2) 
PARAMETRIC_REPRESENTATION_CONTEXT() REPRESENTATION_CONTEXT('2D SPACE',''
  ) );
#6735 = PCURVE('',#6736,#6791);
#6736 = ( BOUNDED_SURFACE() B_SPLINE_SURFACE(2,9,(
    (#6737,#6738,#6739,#6740,#6741,#6742,#6743,#6744,#6745,#6746,#6747
      ,#6748,#6749,#6750,#6751,#6752,#6753,#6754)
    ,(#6755,#6756,#6757,#6758,#6759,#6760,#6761,#6762,#6763,#6764,#6765
      ,#6766,#6767,#6768,#6769,#6770,#6771,#6772)
    ,(#6773,#6774,#6775,#6776,#6777,#6778,#6779,#6780,#6781,#6782,#6783
      ,#6784,#6785,#6786,#6787,#6788,#6789,#6790
)),.UNSPECIFIED.,.F.,.F.,.F.) B_SPLINE_SURFACE_WITH_KNOTS((3,3),(10,8,10
    ),(0.,7.326190344329),(66.976423454091,67.613242894734,
74.30261379842),.UNSPECIFIED.) GEOMETRIC_REPRESENTATION_ITEM() 
RATIONAL_B_SPLINE_SURFACE((
    (1.,1.,1.,1.,1.,1.,1.,1.,1.,1.,1.,1.,1.,1.,1.,1.,1.,1.)
    ,(0.784775942798,0.787406067871,0.7900989254,0.79285981205
      ,0.795695734052,0.798615407205,0.801629256877,0.804749418002
      ,0.807989735081,0.84682871455,0.885520821814,0.915541490923
      ,0.943748265209,0.965571878592,0.982816273726,0.994253690762
      ,0.999999998936,1.)
    ,(1.,1.,1.,1.,1.,1.,1.,1.,1.,1.,1.,1.,1.,1.,1.,1.,1.,1.
))) REPRESENTATION_ITEM('') SURFACE() );
#6737 = CARTESIAN_POINT('',(-25.65270399094,57.748441711987,
    17.470023767017));
#6738 = CARTESIAN_POINT('',(-25.67716619368,57.779032452812,
    17.513077780419));
#6739 = CARTESIAN_POINT('',(-25.7019759347,57.810710364786,
    17.555587020414));
#6740 = CARTESIAN_POINT('',(-25.72715121837,57.843511758035,
    17.597672373698));
#6741 = CARTESIAN_POINT('',(-25.75279205249,57.877560897997,
    17.639532331336));
#6742 = CARTESIAN_POINT('',(-25.77908044822,57.913070005421,
    17.681442988765));
#6743 = CARTESIAN_POINT('',(-25.80628042012,57.950339256367,
    17.72375804579));
#6744 = CARTESIAN_POINT('',(-25.83473798616,57.989756782209,
    17.766908806585));
#6745 = CARTESIAN_POINT('',(-25.86488116766,58.031798669631,
    17.811404179694));
#6746 = CARTESIAN_POINT('',(-26.23691811901,58.552143527245,
    18.34551061887));
#6747 = CARTESIAN_POINT('',(-26.65772632936,59.148346751488,
    18.809869840526));
#6748 = CARTESIAN_POINT('',(-27.08564020051,59.742734405384,
    19.128635496508));
#6749 = CARTESIAN_POINT('',(-27.52769639452,60.373638076336,
    19.43359926572));
#6750 = CARTESIAN_POINT('',(-28.00681272821,61.036524050062,
    19.652721892738));
#6751 = CARTESIAN_POINT('',(-28.48886132238,61.717222449403,
    19.828675505787));
#6752 = CARTESIAN_POINT('',(-28.99010189875,62.417217913567,
    19.942450705232));
#6753 = CARTESIAN_POINT('',(-29.49487632005,63.124233355174,
    19.999999998766));
#6754 = CARTESIAN_POINT('',(-30.,63.831406486677,20.));
#6755 = CARTESIAN_POINT('',(-25.29930753326,59.156663119087,
    16.848038249875));
#6756 = CARTESIAN_POINT('',(-25.32352260438,59.177889304641,
    16.904950895186));
#6757 = CARTESIAN_POINT('',(-25.34830041362,59.199722278714,
    16.961122768831));
#6758 = CARTESIAN_POINT('',(-25.37360607579,59.222137681487,
    17.016569534102));
#6759 = CARTESIAN_POINT('',(-25.39940427406,59.245136643335,
    17.071324984749));
#6760 = CARTESIAN_POINT('',(-25.4256589838,59.268745051019,
    17.125440168828));
#6761 = CARTESIAN_POINT('',(-25.45233319452,59.29301277242,
    17.178982519985));
#6762 = CARTESIAN_POINT('',(-25.47938863353,59.318012831367,
    17.232034987671));
#6763 = CARTESIAN_POINT('',(-25.50678549513,59.343840521417,
    17.284695156186));
#6764 = CARTESIAN_POINT('',(-25.81207422285,59.638936008865,
    17.862048550351));
#6765 = CARTESIAN_POINT('',(-26.14991645073,59.981068913291,
    18.34367884783));
#6766 = CARTESIAN_POINT('',(-26.57453639029,60.407313711126,
    18.79857456312));
#6767 = CARTESIAN_POINT('',(-27.05571873618,60.885746261343,
    19.18042731657));
#6768 = CARTESIAN_POINT('',(-27.59704176645,61.429323116099,
    19.5101826549));
#6769 = CARTESIAN_POINT('',(-28.17553078093,62.006591301558,
    19.753679962098));
#6770 = CARTESIAN_POINT('',(-28.7807753436,62.612249740458,
    19.919357463022));
#6771 = CARTESIAN_POINT('',(-29.39385158512,63.225258088816,
    19.999999995368));
#6772 = CARTESIAN_POINT('',(-29.99999998704,63.831406490741,20.));
#6773 = CARTESIAN_POINT('',(-23.80720443849,59.395805488727,
    17.307692307692));
#6774 = CARTESIAN_POINT('',(-23.85008969822,59.429040177906,
    17.371572496571));
#6775 = CARTESIAN_POINT('',(-23.8939379729,59.462895095643,
    17.434131012349));
#6776 = CARTESIAN_POINT('',(-23.93875323934,59.497326526804,
    17.495366232798));
#6777 = CARTESIAN_POINT('',(-23.98451191578,59.532268198468,
    17.555253279246));
#6778 = CARTESIAN_POINT('',(-24.03116286188,59.567631279923,
    17.61374401658));
#6779 = CARTESIAN_POINT('',(-24.0786273787,59.603304382672,
    17.670767053246));
#6780 = CARTESIAN_POINT('',(-24.12679920871,59.639153560429,
    17.72622774125));
#6781 = CARTESIAN_POINT('',(-24.17554453581,59.675022309118,
    17.780008176154));
#6782 = CARTESIAN_POINT('',(-24.74106877829,60.085833918657,
    18.377762662129));
#6783 = CARTESIAN_POINT('',(-25.31973721632,60.491671865153,
    18.793675745253));
#6784 = CARTESIAN_POINT('',(-25.90451092783,60.90892454745,
    19.135818592026));
#6785 = CARTESIAN_POINT('',(-26.54842110128,61.367611344779,
    19.431525323336));
#6786 = CARTESIAN_POINT('',(-27.20136979019,61.832546032505,
    19.652677601517));
#6787 = CARTESIAN_POINT('',(-27.88726113176,62.322606701067,
    19.829000596555));
#6788 = CARTESIAN_POINT('',(-28.585532447,62.821034587538,
    19.942347434397));
#6789 = CARTESIAN_POINT('',(-29.29282685147,63.326282823749,
    20.000000000485));
#6790 = CARTESIAN_POINT('',(-29.9999999823,63.831406486677,20.));
#6791 = DEFINITIONAL_REPRESENTATION('',(#6792),#6796);
#6792 = LINE('',#6793,#6794);
#6793 = CARTESIAN_POINT('',(0.,0.));
#6794 = VECTOR('',#6795,1.);
#6795 = DIRECTION('',(0.,1.));
#6796 = ( GEOMETRIC_REPRESENTATION_CONTEXT(2) 
PARAMETRIC_REPRESENTATION_CONTEXT() REPRESENTATION_CONTEXT('2D SPACE',''
  ) );
#6797 = ORIENTED_EDGE('',*,*,#3051,.F.);
#6798 = ORIENTED_EDGE('',*,*,#6799,.T.);
#6799 = EDGE_CURVE('',#3052,#6800,#6802,.T.);
#6800 = VERTEX_POINT('',#6801);
#6801 = CARTESIAN_POINT('',(-25.65270392707,12.251558414032,
    17.470023654611));
#6802 = SURFACE_CURVE('',#6803,(#6822,#6882),.PCURVE_S1.);
#6803 = ( BOUNDED_CURVE() B_SPLINE_CURVE(9,(#6804,#6805,#6806,#6807,
    #6808,#6809,#6810,#6811,#6812,#6813,#6814,#6815,#6816,#6817,#6818,
#6819,#6820,#6821),.UNSPECIFIED.,.F.,.F.) B_SPLINE_CURVE_WITH_KNOTS((10,
    8,10),(8.153265E-11,6.689268867832,7.326060831071),.UNSPECIFIED.) 
CURVE() GEOMETRIC_REPRESENTATION_ITEM() RATIONAL_B_SPLINE_CURVE((1.,1.,
    1.,1.,1.,1.,1.,1.,1.,1.,1.,1.,1.,1.,1.,1.,1.,1.)) 
REPRESENTATION_ITEM('') );
#6804 = CARTESIAN_POINT('',(-30.,6.168593513323,20.));
#6805 = CARTESIAN_POINT('',(-29.49487633167,6.875766648667,
    19.999999999981));
#6806 = CARTESIAN_POINT('',(-28.99010184055,7.58278199171,
    19.942450745636));
#6807 = CARTESIAN_POINT('',(-28.48886149189,8.282777676519,
    19.828675329336));
#6808 = CARTESIAN_POINT('',(-28.00681228684,8.963476266505,
    19.652722265356));
#6809 = CARTESIAN_POINT('',(-27.52769745726,9.626360243357,
    19.433598706555));
#6810 = CARTESIAN_POINT('',(-27.08563840023,10.257269045802,
    19.12863658541));
#6811 = CARTESIAN_POINT('',(-26.6577275924,10.851650030684,
    18.809866701942));
#6812 = CARTESIAN_POINT('',(-26.23692417272,11.447848836516,
    18.345519202041));
#6813 = CARTESIAN_POINT('',(-25.86488181764,11.968200331581,
    17.811405123073));
#6814 = CARTESIAN_POINT('',(-25.834738721,12.010242069079,
    17.766909907242));
#6815 = CARTESIAN_POINT('',(-25.80628105172,12.049659735059,
    17.72375902718));
#6816 = CARTESIAN_POINT('',(-25.77908086421,12.086929295135,
    17.681443664435));
#6817 = CARTESIAN_POINT('',(-25.752792211,12.122438773645,
    17.639532610412));
#6818 = CARTESIAN_POINT('',(-25.7271511428,12.156488253648,
    17.597672266372));
#6819 = CARTESIAN_POINT('',(-25.70197570841,12.189289876924,
    17.555586643433));
#6820 = CARTESIAN_POINT('',(-25.6771659548,12.220967843977,
    17.513077362569));
#6821 = CARTESIAN_POINT('',(-25.65270392707,12.251558414032,
    17.470023654611));
#6822 = PCURVE('',#3069,#6823);
#6823 = DEFINITIONAL_REPRESENTATION('',(#6824),#6881);
#6824 = B_SPLINE_CURVE_WITH_KNOTS('',10,(#6825,#6826,#6827,#6828,#6829,
    #6830,#6831,#6832,#6833,#6834,#6835,#6836,#6837,#6838,#6839,#6840,
    #6841,#6842,#6843,#6844,#6845,#6846,#6847,#6848,#6849,#6850,#6851,
    #6852,#6853,#6854,#6855,#6856,#6857,#6858,#6859,#6860,#6861,#6862,
    #6863,#6864,#6865,#6866,#6867,#6868,#6869,#6870,#6871,#6872,#6873,
    #6874,#6875,#6876,#6877,#6878,#6879,#6880),.UNSPECIFIED.,.F.,.F.,(11
    ,9,9,9,9,9,11),(8.153265E-11,3.663030415576,5.494545623324,
    6.410303227197,6.639242628166,6.868182029134,7.326060831071),
  .UNSPECIFIED.);
#6825 = CARTESIAN_POINT('',(3.665604E-11,-3.214029571828));
#6826 = CARTESIAN_POINT('',(4.978885011952E-02,-2.865507621247));
#6827 = CARTESIAN_POINT('',(9.957603272452E-02,-2.516996785937));
#6828 = CARTESIAN_POINT('',(0.149401857385,-2.169391600689));
#6829 = CARTESIAN_POINT('',(0.199301266465,-1.823636186359));
#6830 = CARTESIAN_POINT('',(0.249311944723,-1.48065290254));
#6831 = CARTESIAN_POINT('',(0.299482278215,-1.141293547026));
#6832 = CARTESIAN_POINT('',(0.349879162503,-0.806313101999));
#6833 = CARTESIAN_POINT('',(0.4005956602,-0.476366027025));
#6834 = CARTESIAN_POINT('',(0.451758507835,-0.152025098773));
#6835 = CARTESIAN_POINT('',(0.529423954151,0.325278353087));
#6836 = CARTESIAN_POINT('',(0.55546940781,0.482859372879));
#6837 = CARTESIAN_POINT('',(0.581688009302,0.638835977386));
#6838 = CARTESIAN_POINT('',(0.608106044758,0.793155161394));
#6839 = CARTESIAN_POINT('',(0.634756251211,0.945773637129));
#6840 = CARTESIAN_POINT('',(0.66167415762,1.096636272444));
#6841 = CARTESIAN_POINT('',(0.688894425922,1.245654529013));
#6842 = CARTESIAN_POINT('',(0.716447192063,1.392684900522));
#6843 = CARTESIAN_POINT('',(0.744354407036,1.537507350863));
#6844 = CARTESIAN_POINT('',(0.786762063372,1.75095195305));
#6845 = CARTESIAN_POINT('',(0.800985756995,1.821458052822));
#6846 = CARTESIAN_POINT('',(0.815300816727,1.891289385505));
#6847 = CARTESIAN_POINT('',(0.829707015706,1.96039735889));
#6848 = CARTESIAN_POINT('',(0.844200342284,2.0287174547));
#6849 = CARTESIAN_POINT('',(0.858773000016,2.096169228573));
#6850 = CARTESIAN_POINT('',(0.873413407677,2.162656310085));
#6851 = CARTESIAN_POINT('',(0.888106199241,2.228066402724));
#6852 = CARTESIAN_POINT('',(0.902832223899,2.292271283914));
#6853 = CARTESIAN_POINT('',(0.921252626587,2.37084068527));
#6854 = CARTESIAN_POINT('',(0.924937326848,2.386470233008));
#6855 = CARTESIAN_POINT('',(0.928622105896,2.402012598975));
#6856 = CARTESIAN_POINT('',(0.932306422798,2.417464933937));
#6857 = CARTESIAN_POINT('',(0.935989736615,2.432824388652));
#6858 = CARTESIAN_POINT('',(0.939671506416,2.448088113889));
#6859 = CARTESIAN_POINT('',(0.943351191262,2.463253260406));
#6860 = CARTESIAN_POINT('',(0.947028250221,2.478316978971));
#6861 = CARTESIAN_POINT('',(0.950702142355,2.493276420343));
#6862 = CARTESIAN_POINT('',(0.958042511105,2.522981050233));
#6863 = CARTESIAN_POINT('',(0.961698606158,2.537684795161));
#6864 = CARTESIAN_POINT('',(0.965373791629,2.552370493966));
#6865 = CARTESIAN_POINT('',(0.969185902091,2.567522630615));
#6866 = CARTESIAN_POINT('',(0.972317692765,2.579827238046));
#6867 = CARTESIAN_POINT('',(0.976221737754,2.595154280333));
#6868 = CARTESIAN_POINT('',(0.979435554883,2.607595122004));
#6869 = CARTESIAN_POINT('',(0.982937461586,2.621096802145));
#6870 = CARTESIAN_POINT('',(0.986305451529,2.633954301486));
#6871 = CARTESIAN_POINT('',(0.996359417466,2.672007238029));
#6872 = CARTESIAN_POINT('',(1.002939106385,2.696456024684));
#6873 = CARTESIAN_POINT('',(1.009426642918,2.720092898398));
#6874 = CARTESIAN_POINT('',(1.015849305966,2.743011746776));
#6875 = CARTESIAN_POINT('',(1.02223085068,2.765292420268));
#6876 = CARTESIAN_POINT('',(1.028591508457,2.787000732159));
#6877 = CARTESIAN_POINT('',(1.034947986946,2.808188458581));
#6878 = CARTESIAN_POINT('',(1.041313470043,2.828893338503));
#6879 = CARTESIAN_POINT('',(1.047697617892,2.849139073736));
#6880 = CARTESIAN_POINT('',(1.054106566887,2.868935328931));
#6881 = ( GEOMETRIC_REPRESENTATION_CONTEXT(2) 
PARAMETRIC_REPRESENTATION_CONTEXT() REPRESENTATION_CONTEXT('2D SPACE',''
  ) );
#6882 = PCURVE('',#6883,#6938);
#6883 = ( BOUNDED_SURFACE() B_SPLINE_SURFACE(2,9,(
    (#6884,#6885,#6886,#6887,#6888,#6889,#6890,#6891,#6892,#6893,#6894
      ,#6895,#6896,#6897,#6898,#6899,#6900,#6901)
    ,(#6902,#6903,#6904,#6905,#6906,#6907,#6908,#6909,#6910,#6911,#6912
      ,#6913,#6914,#6915,#6916,#6917,#6918,#6919)
    ,(#6920,#6921,#6922,#6923,#6924,#6925,#6926,#6927,#6928,#6929,#6930
      ,#6931,#6932,#6933,#6934,#6935,#6936,#6937
)),.UNSPECIFIED.,.F.,.F.,.F.) B_SPLINE_SURFACE_WITH_KNOTS((3,3),(10,8,10
    ),(0.,7.32606083099),(8.153265E-11,6.689268867832,7.326060831071),
.UNSPECIFIED.) GEOMETRIC_REPRESENTATION_ITEM() RATIONAL_B_SPLINE_SURFACE
((
    (1.,1.,1.,1.,1.,1.,1.,1.,1.,1.,1.,1.,1.,1.,1.,1.,1.,1.)
    ,(1.,1.,0.994253676169,0.982816346799,0.965571668741,0.943748667105
      ,0.915540966882,0.885521181485,0.846829127205,0.807989812621
      ,0.804749511624,0.801629339274,0.798615462911,0.795695757818
      ,0.792859807221,0.790098902291,0.787406042138,0.784775933819)
    ,(1.,1.,1.,1.,1.,1.,1.,1.,1.,1.,1.,1.,1.,1.,1.,1.,1.,1.
))) REPRESENTATION_ITEM('') SURFACE() );
#6884 = CARTESIAN_POINT('',(-30.,6.168593513323,20.));
#6885 = CARTESIAN_POINT('',(-29.49487633167,6.875766648667,
    19.999999999981));
#6886 = CARTESIAN_POINT('',(-28.99010184055,7.58278199171,
    19.942450745636));
#6887 = CARTESIAN_POINT('',(-28.48886149189,8.282777676519,
    19.828675329336));
#6888 = CARTESIAN_POINT('',(-28.00681228684,8.963476266505,
    19.652722265356));
#6889 = CARTESIAN_POINT('',(-27.52769745726,9.626360243357,
    19.433598706555));
#6890 = CARTESIAN_POINT('',(-27.08563840023,10.257269045802,
    19.12863658541));
#6891 = CARTESIAN_POINT('',(-26.6577275924,10.851650030684,
    18.809866701942));
#6892 = CARTESIAN_POINT('',(-26.23692417272,11.447848836516,
    18.345519202041));
#6893 = CARTESIAN_POINT('',(-25.86488181764,11.968200331581,
    17.811405123073));
#6894 = CARTESIAN_POINT('',(-25.834738721,12.010242069079,
    17.766909907242));
#6895 = CARTESIAN_POINT('',(-25.80628105172,12.049659735059,
    17.72375902718));
#6896 = CARTESIAN_POINT('',(-25.77908086421,12.086929295135,
    17.681443664435));
#6897 = CARTESIAN_POINT('',(-25.752792211,12.122438773645,
    17.639532610412));
#6898 = CARTESIAN_POINT('',(-25.7271511428,12.156488253648,
    17.597672266372));
#6899 = CARTESIAN_POINT('',(-25.70197570841,12.189289876924,
    17.555586643433));
#6900 = CARTESIAN_POINT('',(-25.6771659548,12.220967843977,
    17.513077362569));
#6901 = CARTESIAN_POINT('',(-25.65270392707,12.251558414032,
    17.470023654611));
#6902 = CARTESIAN_POINT('',(-29.9999999998,6.168593513262,20.));
#6903 = CARTESIAN_POINT('',(-29.39385159804,6.774741915028,
    19.999999999994));
#6904 = CARTESIAN_POINT('',(-28.78077526543,7.387750138109,
    19.919357496085));
#6905 = CARTESIAN_POINT('',(-28.17553100765,7.993409058631,
    19.753679749582));
#6906 = CARTESIAN_POINT('',(-27.5970413011,8.570676321716,
    19.510183240051));
#6907 = CARTESIAN_POINT('',(-27.05571966846,9.114254035937,
    19.180426307795));
#6908 = CARTESIAN_POINT('',(-26.57453474406,9.592686875088,
    18.798576120352));
#6909 = CARTESIAN_POINT('',(-26.14991810906,10.018930066479,
    18.343675396218));
#6910 = CARTESIAN_POINT('',(-25.81208024641,10.361057876207,
    17.862059378651));
#6911 = CARTESIAN_POINT('',(-25.50678558656,10.656159306084,
    17.284695543358));
#6912 = CARTESIAN_POINT('',(-25.4793887267,10.681986997662,
    17.232035437039));
#6913 = CARTESIAN_POINT('',(-25.45233319285,10.7069871445,
    17.178982809193));
#6914 = CARTESIAN_POINT('',(-25.42565884331,10.7312549963,
    17.125440162083));
#6915 = CARTESIAN_POINT('',(-25.39940399937,10.754863535261,
    17.071324640747));
#6916 = CARTESIAN_POINT('',(-25.37360571565,10.777862590317,
    17.016568913485));
#6917 = CARTESIAN_POINT('',(-25.348300056,10.80027801235,16.961122041181
    ));
#6918 = CARTESIAN_POINT('',(-25.32352237115,10.82211089931,
    16.90495034555));
#6919 = CARTESIAN_POINT('',(-25.29930757438,10.843336862741,
    16.848038284803));
#6920 = CARTESIAN_POINT('',(-29.99999999973,6.168593513323,20.));
#6921 = CARTESIAN_POINT('',(-29.2928268644,6.673717181389,
    20.000000000007));
#6922 = CARTESIAN_POINT('',(-28.58553216502,7.178965588757,
    19.942347069324));
#6923 = CARTESIAN_POINT('',(-27.88726246195,7.677392166123,
    19.829002383667));
#6924 = CARTESIAN_POINT('',(-27.20136634677,8.167457084313,
    19.652673379933));
#6925 = CARTESIAN_POINT('',(-26.54842718049,8.632383349316,
    19.431531325722));
#6926 = CARTESIAN_POINT('',(-25.90450318534,9.091081584435,
    19.135813602084));
#6927 = CARTESIAN_POINT('',(-25.31974328956,9.508324024886,
    18.793676070858));
#6928 = CARTESIAN_POINT('',(-24.74107601288,9.914160504123,
    18.377770817831));
#6929 = CARTESIAN_POINT('',(-24.17554516967,10.324977333203,
    17.78000869274));
#6930 = CARTESIAN_POINT('',(-24.12680000382,10.360845974128,
    17.726228451672));
#6931 = CARTESIAN_POINT('',(-24.07862800182,10.396695270325,
    17.67076761927));
#6932 = CARTESIAN_POINT('',(-24.03116314051,10.43236860943,
    17.613744229466));
#6933 = CARTESIAN_POINT('',(-23.98451181505,10.467731950443,
    17.555253061917));
#6934 = CARTESIAN_POINT('',(-23.93875283891,10.502673823726,
    17.495365642002));
#6935 = CARTESIAN_POINT('',(-23.89393744392,10.537105331005,
    17.434130240822));
#6936 = CARTESIAN_POINT('',(-23.85008928018,10.570960145371,
    17.371571875204));
#6937 = CARTESIAN_POINT('',(-23.80720441613,10.604194511273,
    17.307692307692));
#6938 = DEFINITIONAL_REPRESENTATION('',(#6939),#6943);
#6939 = LINE('',#6940,#6941);
#6940 = CARTESIAN_POINT('',(0.,0.));
#6941 = VECTOR('',#6942,1.);
#6942 = DIRECTION('',(0.,1.));
#6943 = ( GEOMETRIC_REPRESENTATION_CONTEXT(2) 
PARAMETRIC_REPRESENTATION_CONTEXT() REPRESENTATION_CONTEXT('2D SPACE',''
  ) );
#6944 = ORIENTED_EDGE('',*,*,#6945,.T.);
#6945 = EDGE_CURVE('',#6800,#6517,#6946,.T.);
#6946 = SURFACE_CURVE('',#6947,(#6962,#7000),.PCURVE_S1.);
#6947 = ( BOUNDED_CURVE() B_SPLINE_CURVE(7,(#6948,#6949,#6950,#6951,
    #6952,#6953,#6954,#6955,#6956,#6957,#6958,#6959,#6960,#6961),
.UNSPECIFIED.,.F.,.F.) B_SPLINE_CURVE_WITH_KNOTS((8,6,8),(7.326060831071
,9.691362709233,11.248468366089),.UNSPECIFIED.) CURVE() 
GEOMETRIC_REPRESENTATION_ITEM() RATIONAL_B_SPLINE_CURVE((1.,1.,1.,1.,1.,
1.,1.,1.,1.,1.,1.,1.,1.,1.)) REPRESENTATION_ITEM('') );
#6948 = CARTESIAN_POINT('',(-25.65270392707,12.251558414032,
    17.470023654611));
#6949 = CARTESIAN_POINT('',(-25.53588158023,12.397648600207,
    17.26441374934));
#6950 = CARTESIAN_POINT('',(-25.43364672694,12.548148694526,
    17.058225299137));
#6951 = CARTESIAN_POINT('',(-25.33858261803,12.715824277928,
    16.839851756479));
#6952 = CARTESIAN_POINT('',(-25.26053196342,12.887356273384,
    16.624408433589));
#6953 = CARTESIAN_POINT('',(-25.19310015316,13.067215623486,
    16.406602123969));
#6954 = CARTESIAN_POINT('',(-25.13853997036,13.253868764468,
    16.189487380199));
#6955 = CARTESIAN_POINT('',(-25.06733760192,13.575230014076,
    15.830623653829));
#6956 = CARTESIAN_POINT('',(-25.04393136898,13.707995234816,
    15.68728507851));
#6957 = CARTESIAN_POINT('',(-25.02618021387,13.837795546281,
    15.54774504086));
#6958 = CARTESIAN_POINT('',(-25.01275929486,13.972089777452,
    15.407831545279));
#6959 = CARTESIAN_POINT('',(-25.00423481591,14.105831411219,
    15.270526395015));
#6960 = CARTESIAN_POINT('',(-25.,14.241524618672,15.134418160031));
#6961 = CARTESIAN_POINT('',(-25.,14.378409372699,15.));
#6962 = PCURVE('',#3069,#6963);
#6963 = DEFINITIONAL_REPRESENTATION('',(#6964),#6999);
#6964 = B_SPLINE_CURVE_WITH_KNOTS('',9,(#6965,#6966,#6967,#6968,#6969,
    #6970,#6971,#6972,#6973,#6974,#6975,#6976,#6977,#6978,#6979,#6980,
    #6981,#6982,#6983,#6984,#6985,#6986,#6987,#6988,#6989,#6990,#6991,
    #6992,#6993,#6994,#6995,#6996,#6997,#6998),.UNSPECIFIED.,.F.,.F.,(10
    ,8,8,8,10),(7.326060831071,9.28726459858,9.777565540457,
    10.267866482335,11.248468366089),.UNSPECIFIED.);
#6965 = CARTESIAN_POINT('',(1.054106566887,2.868935328931));
#6966 = CARTESIAN_POINT('',(1.08460773605,2.963148737243));
#6967 = CARTESIAN_POINT('',(1.114571431657,3.059129423973));
#6968 = CARTESIAN_POINT('',(1.14469078252,3.159914869944));
#6969 = CARTESIAN_POINT('',(1.174824922953,3.26510499203));
#6970 = CARTESIAN_POINT('',(1.204749827684,3.373748848063));
#6971 = CARTESIAN_POINT('',(1.234393752063,3.485374969819));
#6972 = CARTESIAN_POINT('',(1.263781184838,3.599924998351));
#6973 = CARTESIAN_POINT('',(1.292909220814,3.717350296083));
#6974 = CARTESIAN_POINT('',(1.328998020599,3.867701438406));
#6975 = CARTESIAN_POINT('',(1.336200650746,3.897958732542));
#6976 = CARTESIAN_POINT('',(1.343380061894,3.928328964108));
#6977 = CARTESIAN_POINT('',(1.350569401322,3.959111564107));
#6978 = CARTESIAN_POINT('',(1.357684424693,3.989547261661));
#6979 = CARTESIAN_POINT('',(1.364872149211,4.020951495537));
#6980 = CARTESIAN_POINT('',(1.371953197154,4.051723574523));
#6981 = CARTESIAN_POINT('',(1.37907654526,4.083176372008));
#6982 = CARTESIAN_POINT('',(1.393283997814,4.146348463002));
#6983 = CARTESIAN_POINT('',(1.400374949877,4.178127850315));
#6984 = CARTESIAN_POINT('',(1.407446269283,4.2100370951));
#6985 = CARTESIAN_POINT('',(1.414493980611,4.242037728657));
#6986 = CARTESIAN_POINT('',(1.421516306941,4.274110411099));
#6987 = CARTESIAN_POINT('',(1.42851298535,4.306249044507));
#6988 = CARTESIAN_POINT('',(1.435484582392,4.338454886101));
#6989 = CARTESIAN_POINT('',(1.442431809588,4.370730661393));
#6990 = CARTESIAN_POINT('',(1.463200897562,4.467762709282));
#6991 = CARTESIAN_POINT('',(1.476949803203,4.532720637641));
#6992 = CARTESIAN_POINT('',(1.490610002651,4.597994975268));
#6993 = CARTESIAN_POINT('',(1.504181950768,4.663567189344));
#6994 = CARTESIAN_POINT('',(1.517665572061,4.729414671321));
#6995 = CARTESIAN_POINT('',(1.53106393371,4.795540867723));
#6996 = CARTESIAN_POINT('',(1.544383130051,4.861974571888));
#6997 = CARTESIAN_POINT('',(1.557628378479,4.92873837659));
#6998 = CARTESIAN_POINT('',(1.570796326795,4.995786287598));
#6999 = ( GEOMETRIC_REPRESENTATION_CONTEXT(2) 
PARAMETRIC_REPRESENTATION_CONTEXT() REPRESENTATION_CONTEXT('2D SPACE',''
  ) );
#7000 = PCURVE('',#7001,#7044);
#7001 = ( BOUNDED_SURFACE() B_SPLINE_SURFACE(2,7,(
    (#7002,#7003,#7004,#7005,#7006,#7007,#7008,#7009,#7010,#7011,#7012
      ,#7013,#7014,#7015)
    ,(#7016,#7017,#7018,#7019,#7020,#7021,#7022,#7023,#7024,#7025,#7026
      ,#7027,#7028,#7029)
    ,(#7030,#7031,#7032,#7033,#7034,#7035,#7036,#7037,#7038,#7039,#7040
      ,#7041,#7042,#7043
)),.UNSPECIFIED.,.F.,.F.,.F.) B_SPLINE_SURFACE_WITH_KNOTS((3,3),(8,6,8),
  (0.,3.922407535018),(7.326060831071,9.691362709233,11.248468366089),
.UNSPECIFIED.) GEOMETRIC_REPRESENTATION_ITEM() RATIONAL_B_SPLINE_SURFACE
((
    (1.,1.,1.,1.,1.,1.,1.,1.,1.,1.,1.,1.,1.,1.)
    ,(0.784775933819,0.780544374047,0.776114801925,0.770587999346
      ,0.764799527574,0.758470814771,0.751581369684,0.739228227558
      ,0.733897338947,0.728894177944,0.723496904152,0.718182714788
      ,0.712697839567,0.707106781187)
,(1.,1.,1.,1.,1.,1.,1.,1.,1.,1.,1.,1.,1.,1.
))) REPRESENTATION_ITEM('') SURFACE() );
#7002 = CARTESIAN_POINT('',(-25.65270392707,12.251558414032,
    17.470023654611));
#7003 = CARTESIAN_POINT('',(-25.53588158023,12.397648600207,
    17.26441374934));
#7004 = CARTESIAN_POINT('',(-25.43364672694,12.548148694526,
    17.058225299137));
#7005 = CARTESIAN_POINT('',(-25.33858261803,12.715824277928,
    16.839851756479));
#7006 = CARTESIAN_POINT('',(-25.26053196342,12.887356273384,
    16.624408433589));
#7007 = CARTESIAN_POINT('',(-25.19310015316,13.067215623486,
    16.406602123969));
#7008 = CARTESIAN_POINT('',(-25.13853997036,13.253868764468,
    16.189487380199));
#7009 = CARTESIAN_POINT('',(-25.06733760192,13.575230014076,
    15.830623653829));
#7010 = CARTESIAN_POINT('',(-25.04393136898,13.707995234816,
    15.68728507851));
#7011 = CARTESIAN_POINT('',(-25.02618021387,13.837795546281,
    15.54774504086));
#7012 = CARTESIAN_POINT('',(-25.01275929486,13.972089777452,
    15.407831545279));
#7013 = CARTESIAN_POINT('',(-25.00423481591,14.105831411219,
    15.270526395015));
#7014 = CARTESIAN_POINT('',(-25.,14.241524618672,15.134418160031));
#7015 = CARTESIAN_POINT('',(-25.,14.378409372699,15.));
#7016 = CARTESIAN_POINT('',(-25.29930757438,10.843336862741,
    16.848038284803));
#7017 = CARTESIAN_POINT('',(-25.19246635355,10.984715079138,
    16.591134474156));
#7018 = CARTESIAN_POINT('',(-25.1013838661,11.133078462979,
    16.328699739172));
#7019 = CARTESIAN_POINT('',(-25.02825893482,11.288621637722,
    16.060989615903));
#7020 = CARTESIAN_POINT('',(-24.97232658711,11.4488176603,
    15.793331042187));
#7021 = CARTESIAN_POINT('',(-24.93304068456,11.613497727955,
    15.52598261766));
#7022 = CARTESIAN_POINT('',(-24.91002196336,11.781714310601,
    15.260300742827));
#7023 = CARTESIAN_POINT('',(-24.89771832442,12.063882178051,
    14.826773756296));
#7024 = CARTESIAN_POINT('',(-24.9004611886,12.17619898693,
    14.657446397002));
#7025 = CARTESIAN_POINT('',(-24.90818370604,12.291293330314,
    14.4871679376));
#7026 = CARTESIAN_POINT('',(-24.92280858347,12.406880861462,
    14.319299621503));
#7027 = CARTESIAN_POINT('',(-24.94278014775,12.52388698912,
    14.152507053971));
#7028 = CARTESIAN_POINT('',(-24.96862031525,12.641933716369,
    13.987259341274));
#7029 = CARTESIAN_POINT('',(-25.,12.761029715659,13.82352941176));
#7030 = CARTESIAN_POINT('',(-23.80720441613,10.604194511273,
    17.307692307692));
#7031 = CARTESIAN_POINT('',(-23.65318053735,10.771049131143,
    16.98698208305));
#7032 = CARTESIAN_POINT('',(-23.51769558314,10.948312107056,
    16.658408850559));
#7033 = CARTESIAN_POINT('',(-23.39951005286,11.132646713243,
    16.328838754017));
#7034 = CARTESIAN_POINT('',(-23.30068906397,11.328997309125,
    15.992243590777));
#7035 = CARTESIAN_POINT('',(-23.21799696119,11.526820006209,
    15.6631233585));
#7036 = CARTESIAN_POINT('',(-23.15532855954,11.7451332423,
    15.316889770108));
#7037 = CARTESIAN_POINT('',(-23.07557034337,12.074199907995,
    14.810690088278));
#7038 = CARTESIAN_POINT('',(-23.04986032489,12.168886669478,
    14.66932790013));
#7039 = CARTESIAN_POINT('',(-23.02921641745,12.292970745991,
    14.483837104544));
#7040 = CARTESIAN_POINT('',(-23.0147244348,12.403718303381,
    14.324341439189));
#7041 = CARTESIAN_POINT('',(-23.00474902704,12.522730389392,
    14.153995412145));
#7042 = CARTESIAN_POINT('',(-23.,12.640992030163,13.98855394577));
#7043 = CARTESIAN_POINT('',(-23.,12.761029715662,13.823529411755));
#7044 = DEFINITIONAL_REPRESENTATION('',(#7045),#7049);
#7045 = LINE('',#7046,#7047);
#7046 = CARTESIAN_POINT('',(0.,0.));
#7047 = VECTOR('',#7048,1.);
#7048 = DIRECTION('',(0.,1.));
#7049 = ( GEOMETRIC_REPRESENTATION_CONTEXT(2) 
PARAMETRIC_REPRESENTATION_CONTEXT() REPRESENTATION_CONTEXT('2D SPACE',''
  ) );
#7050 = ADVANCED_FACE('',(#7051),#3151,.T.);
#7051 = FACE_BOUND('',#7052,.F.);
#7052 = EDGE_LOOP('',(#7053,#7083,#7209,#7210));
#7053 = ORIENTED_EDGE('',*,*,#7054,.T.);
#7054 = EDGE_CURVE('',#7055,#7057,#7059,.T.);
#7055 = VERTEX_POINT('',#7056);
#7056 = CARTESIAN_POINT('',(-23.80720441613,10.604194511273,
    17.307692307692));
#7057 = VERTEX_POINT('',#7058);
#7058 = CARTESIAN_POINT('',(73.807204416137,10.604194511273,
    17.307692307692));
#7059 = SURFACE_CURVE('',#7060,(#7064,#7071),.PCURVE_S1.);
#7060 = LINE('',#7061,#7062);
#7061 = CARTESIAN_POINT('',(-25.,10.604194511273,17.307692307692));
#7062 = VECTOR('',#7063,1.);
#7063 = DIRECTION('',(1.,0.,0.));
#7064 = PCURVE('',#3151,#7065);
#7065 = DEFINITIONAL_REPRESENTATION('',(#7066),#7070);
#7066 = LINE('',#7067,#7068);
#7067 = CARTESIAN_POINT('',(-1.091067689119,0.));
#7068 = VECTOR('',#7069,1.);
#7069 = DIRECTION('',(-0.,1.));
#7070 = ( GEOMETRIC_REPRESENTATION_CONTEXT(2) 
PARAMETRIC_REPRESENTATION_CONTEXT() REPRESENTATION_CONTEXT('2D SPACE',''
  ) );
#7071 = PCURVE('',#7072,#7077);
#7072 = CYLINDRICAL_SURFACE('',#7073,27.5);
#7073 = AXIS2_PLACEMENT_3D('',#7074,#7075,#7076);
#7074 = CARTESIAN_POINT('',(75.,35.,30.));
#7075 = DIRECTION('',(1.,0.,0.));
#7076 = DIRECTION('',(0.,1.,0.));
#7077 = DEFINITIONAL_REPRESENTATION('',(#7078),#7082);
#7078 = LINE('',#7079,#7080);
#7079 = CARTESIAN_POINT('',(3.621321291266,-100.));
#7080 = VECTOR('',#7081,1.);
#7081 = DIRECTION('',(0.,1.));
#7082 = ( GEOMETRIC_REPRESENTATION_CONTEXT(2) 
PARAMETRIC_REPRESENTATION_CONTEXT() REPRESENTATION_CONTEXT('2D SPACE',''
  ) );
#7083 = ORIENTED_EDGE('',*,*,#7084,.F.);
#7084 = EDGE_CURVE('',#3110,#7057,#7085,.T.);
#7085 = SURFACE_CURVE('',#7086,(#7105,#7147),.PCURVE_S1.);
#7086 = ( BOUNDED_CURVE() B_SPLINE_CURVE(9,(#7087,#7088,#7089,#7090,
    #7091,#7092,#7093,#7094,#7095,#7096,#7097,#7098,#7099,#7100,#7101,
#7102,#7103,#7104),.UNSPECIFIED.,.F.,.F.) B_SPLINE_CURVE_WITH_KNOTS((10,
    8,10),(1.42426258E-08,6.689268867831,7.326060831071),.UNSPECIFIED.) 
CURVE() GEOMETRIC_REPRESENTATION_ITEM() RATIONAL_B_SPLINE_CURVE((1.,1.,
    1.,1.,1.,1.,1.,1.,1.,1.,1.,1.,1.,1.,1.,1.,1.,1.)) 
REPRESENTATION_ITEM('') );
#7087 = CARTESIAN_POINT('',(79.999999953539,6.168593513323,20.));
#7088 = CARTESIAN_POINT('',(79.292826830214,6.673717167734,
    20.000000001279));
#7089 = CARTESIAN_POINT('',(78.585532356723,7.178965798199,
    19.942347059214));
#7090 = CARTESIAN_POINT('',(77.887261987239,7.677391706327,
    19.829002397683));
#7091 = CARTESIAN_POINT('',(77.201366937406,8.16745768679,
    19.652673358338));
#7092 = CARTESIAN_POINT('',(76.548426706507,8.632382884687,
    19.431531337639));
#7093 = CARTESIAN_POINT('',(75.904503398595,9.09108180401,
    19.135813593443));
#7094 = CARTESIAN_POINT('',(75.319743239284,9.508323978807,
    18.793676070478));
#7095 = CARTESIAN_POINT('',(74.741076011795,9.914160504911,
    18.377770816684));
#7096 = CARTESIAN_POINT('',(74.175545169679,10.324977333202,
    17.78000869274));
#7097 = CARTESIAN_POINT('',(74.126800003828,10.360845974128,
    17.726228451672));
#7098 = CARTESIAN_POINT('',(74.078628001825,10.396695270325,
    17.670767619269));
#7099 = CARTESIAN_POINT('',(74.031163140512,10.43236860943,
    17.613744229465));
#7100 = CARTESIAN_POINT('',(73.984511815049,10.467731950443,
    17.555253061916));
#7101 = CARTESIAN_POINT('',(73.938752838919,10.502673823726,
    17.495365642001));
#7102 = CARTESIAN_POINT('',(73.893937443922,10.537105331006,
    17.434130240822));
#7103 = CARTESIAN_POINT('',(73.850089280181,10.570960145371,
    17.371571875203));
#7104 = CARTESIAN_POINT('',(73.807204416137,10.604194511273,
    17.307692307692));
#7105 = PCURVE('',#3151,#7106);
#7106 = DEFINITIONAL_REPRESENTATION('',(#7107),#7146);
#7107 = B_SPLINE_CURVE_WITH_KNOTS('',7,(#7108,#7109,#7110,#7111,#7112,
    #7113,#7114,#7115,#7116,#7117,#7118,#7119,#7120,#7121,#7122,#7123,
    #7124,#7125,#7126,#7127,#7128,#7129,#7130,#7131,#7132,#7133,#7134,
    #7135,#7136,#7137,#7138,#7139,#7140,#7141,#7142,#7143,#7144,#7145),
  .UNSPECIFIED.,.F.,.F.,(8,6,6,6,6,6,8),(3.28675982E-08,3.663030431969,
    5.49454563152,6.410303231296,6.639242631239,6.868182031183,
    7.326060831071),.UNSPECIFIED.);
#7108 = CARTESIAN_POINT('',(-1.1E-16,104.99999994639));
#7109 = CARTESIAN_POINT('',(-7.112692706047E-02,104.50211145696));
#7110 = CARTESIAN_POINT('',(-0.142256351609,104.00422821063));
#7111 = CARTESIAN_POINT('',(-0.21349979428,103.50950480176));
#7112 = CARTESIAN_POINT('',(-0.285000873364,103.02117123041));
#7113 = CARTESIAN_POINT('',(-0.35693228783,102.54203178471));
#7114 = CARTESIAN_POINT('',(-0.429572586872,102.07436282873));
#7115 = CARTESIAN_POINT('',(-0.540407795518,101.39313282976));
#7116 = CARTESIAN_POINT('',(-0.577663200134,101.16942622945));
#7117 = CARTESIAN_POINT('',(-0.615299505468,100.94937517639));
#7118 = CARTESIAN_POINT('',(-0.653393615878,100.73318247375));
#7119 = CARTESIAN_POINT('',(-0.692056976623,100.52101143466));
#7120 = CARTESIAN_POINT('',(-0.73146377606,100.31302907035));
#7121 = CARTESIAN_POINT('',(-0.792086833725,100.00765938215));
#7122 = CARTESIAN_POINT('',(-0.812546896294,99.906985079747));
#7123 = CARTESIAN_POINT('',(-0.833292527132,99.807435536444));
#7124 = CARTESIAN_POINT('',(-0.854363330239,99.709061077547));
#7125 = CARTESIAN_POINT('',(-0.875805322036,99.61195318827));
#7126 = CARTESIAN_POINT('',(-0.897670931354,99.516244513698));
#7127 = CARTESIAN_POINT('',(-0.925606016465,99.398574945095));
#7128 = CARTESIAN_POINT('',(-0.931223145896,99.375139527863));
#7129 = CARTESIAN_POINT('',(-0.936871341187,99.351806641818));
#7130 = CARTESIAN_POINT('',(-0.942551555786,99.328580321639));
#7131 = CARTESIAN_POINT('',(-0.948264743144,99.305464602034));
#7132 = CARTESIAN_POINT('',(-0.954011856711,99.282463517681));
#7133 = CARTESIAN_POINT('',(-0.965575843163,99.236698688878));
#7134 = CARTESIAN_POINT('',(-0.971393730317,99.213935876091));
#7135 = CARTESIAN_POINT('',(-0.977211786137,99.19132626472));
#7136 = CARTESIAN_POINT('',(-0.983223322687,99.168701726233));
#7137 = CARTESIAN_POINT('',(-0.989195807858,99.146301229287));
#7138 = CARTESIAN_POINT('',(-0.995270197943,99.123996324337));
#7139 = CARTESIAN_POINT('',(-1.013635283454,99.057560285021));
#7140 = CARTESIAN_POINT('',(-1.026100094079,99.01387570162));
#7141 = CARTESIAN_POINT('',(-1.038760458816,98.970899657477));
#7142 = CARTESIAN_POINT('',(-1.051597013025,98.928708152305));
#7143 = CARTESIAN_POINT('',(-1.064596893602,98.887350755691));
#7144 = CARTESIAN_POINT('',(-1.077753738978,98.846850607164));
#7145 = CARTESIAN_POINT('',(-1.091067689119,98.807204416137));
#7146 = ( GEOMETRIC_REPRESENTATION_CONTEXT(2) 
PARAMETRIC_REPRESENTATION_CONTEXT() REPRESENTATION_CONTEXT('2D SPACE',''
  ) );
#7147 = PCURVE('',#7148,#7203);
#7148 = ( BOUNDED_SURFACE() B_SPLINE_SURFACE(2,9,(
    (#7149,#7150,#7151,#7152,#7153,#7154,#7155,#7156,#7157,#7158,#7159
      ,#7160,#7161,#7162,#7163,#7164,#7165,#7166)
    ,(#7167,#7168,#7169,#7170,#7171,#7172,#7173,#7174,#7175,#7176,#7177
      ,#7178,#7179,#7180,#7181,#7182,#7183,#7184)
    ,(#7185,#7186,#7187,#7188,#7189,#7190,#7191,#7192,#7193,#7194,#7195
      ,#7196,#7197,#7198,#7199,#7200,#7201,#7202
)),.UNSPECIFIED.,.F.,.F.,.F.) B_SPLINE_SURFACE_WITH_KNOTS((3,3),(10,8,10
    ),(0.,7.326060816828),(1.42426258E-08,6.689268867831,7.326060831071)
,.UNSPECIFIED.) GEOMETRIC_REPRESENTATION_ITEM() 
RATIONAL_B_SPLINE_SURFACE((
    (1.,1.,1.,1.,1.,1.,1.,1.,1.,1.,1.,1.,1.,1.,1.,1.,1.,1.)
    ,(1.,1.,0.994253675635,0.982816347284,0.965571667675,0.943748667492
      ,0.91554096641,0.885521181382,0.84682912713,0.807989812621
      ,0.804749511624,0.801629339274,0.798615462911,0.795695757818
      ,0.792859807221,0.790098902291,0.787406042138,0.784775933819)
    ,(1.,1.,1.,1.,1.,1.,1.,1.,1.,1.,1.,1.,1.,1.,1.,1.,1.,1.
))) REPRESENTATION_ITEM('') SURFACE() );
#7149 = CARTESIAN_POINT('',(79.999999953539,6.168593513323,20.));
#7150 = CARTESIAN_POINT('',(79.292826830214,6.673717167734,
    20.000000001279));
#7151 = CARTESIAN_POINT('',(78.585532356723,7.178965798199,
    19.942347059214));
#7152 = CARTESIAN_POINT('',(77.887261987239,7.677391706327,
    19.829002397683));
#7153 = CARTESIAN_POINT('',(77.201366937406,8.16745768679,
    19.652673358338));
#7154 = CARTESIAN_POINT('',(76.548426706507,8.632382884687,
    19.431531337639));
#7155 = CARTESIAN_POINT('',(75.904503398595,9.09108180401,
    19.135813593443));
#7156 = CARTESIAN_POINT('',(75.319743239284,9.508323978807,
    18.793676070478));
#7157 = CARTESIAN_POINT('',(74.741076011795,9.914160504911,
    18.377770816684));
#7158 = CARTESIAN_POINT('',(74.175545169679,10.324977333202,
    17.78000869274));
#7159 = CARTESIAN_POINT('',(74.126800003828,10.360845974128,
    17.726228451672));
#7160 = CARTESIAN_POINT('',(74.078628001825,10.396695270325,
    17.670767619269));
#7161 = CARTESIAN_POINT('',(74.031163140512,10.43236860943,
    17.613744229465));
#7162 = CARTESIAN_POINT('',(73.984511815049,10.467731950443,
    17.555253061916));
#7163 = CARTESIAN_POINT('',(73.938752838919,10.502673823726,
    17.495365642001));
#7164 = CARTESIAN_POINT('',(73.893937443922,10.537105331006,
    17.434130240822));
#7165 = CARTESIAN_POINT('',(73.850089280181,10.570960145371,
    17.371571875203));
#7166 = CARTESIAN_POINT('',(73.807204416137,10.604194511273,
    17.307692307692));
#7167 = CARTESIAN_POINT('',(79.999999966047,6.168593502601,20.));
#7168 = CARTESIAN_POINT('',(79.393851565563,6.774741903084,
    19.999999999022));
#7169 = CARTESIAN_POINT('',(78.780775459343,7.387750350632,
    19.919357492176));
#7170 = CARTESIAN_POINT('',(78.175530527572,7.993408590395,
    19.75367974955));
#7171 = CARTESIAN_POINT('',(77.597041912311,8.570676948241,
    19.510183232803));
#7172 = CARTESIAN_POINT('',(77.055719169999,9.114253541486,
    19.180426307822));
#7173 = CARTESIAN_POINT('',(76.574534977367,9.592687115711,
    18.79857611597));
#7174 = CARTESIAN_POINT('',(76.149918053961,10.018930013602,
    18.343675394656));
#7175 = CARTESIAN_POINT('',(75.812080245848,10.361057876752,
    17.862059377586));
#7176 = CARTESIAN_POINT('',(75.506785586564,10.656159306084,
    17.284695543359));
#7177 = CARTESIAN_POINT('',(75.479388726708,10.681986997662,
    17.232035437039));
#7178 = CARTESIAN_POINT('',(75.452333192857,10.7069871445,
    17.178982809193));
#7179 = CARTESIAN_POINT('',(75.425658843315,10.7312549963,
    17.125440162084));
#7180 = CARTESIAN_POINT('',(75.399403999374,10.754863535261,
    17.071324640748));
#7181 = CARTESIAN_POINT('',(75.373605715652,10.777862590316,
    17.016568913486));
#7182 = CARTESIAN_POINT('',(75.348300056004,10.80027801235,
    16.961122041182));
#7183 = CARTESIAN_POINT('',(75.323522371151,10.82211089931,
    16.904950345551));
#7184 = CARTESIAN_POINT('',(75.299307574383,10.843336862741,
    16.848038284803));
#7185 = CARTESIAN_POINT('',(80.,6.168593513323,20.));
#7186 = CARTESIAN_POINT('',(79.494876300913,6.875766638433,
    19.999999996766));
#7187 = CARTESIAN_POINT('',(78.990102035199,7.582782204118,
    19.942450752351));
#7188 = CARTESIAN_POINT('',(78.488861019701,8.282777219179,
    19.828675310908));
#7189 = CARTESIAN_POINT('',(78.006812879386,8.963476871052,
    19.652722282212));
#7190 = CARTESIAN_POINT('',(77.527696984966,9.626359780177,
    19.433598689614));
#7191 = CARTESIAN_POINT('',(77.085638614459,10.257269266537,
    19.128636589825));
#7192 = CARTESIAN_POINT('',(76.65772754282,10.851649985378,
    18.809866698601));
#7193 = CARTESIAN_POINT('',(76.236924172,11.447848837528,18.345519201001
    ));
#7194 = CARTESIAN_POINT('',(75.864881817642,11.968200331581,
    17.811405123072));
#7195 = CARTESIAN_POINT('',(75.834738721007,12.010242069079,
    17.766909907242));
#7196 = CARTESIAN_POINT('',(75.806281051727,12.049659735059,
    17.72375902718));
#7197 = CARTESIAN_POINT('',(75.779080864212,12.086929295134,
    17.681443664436));
#7198 = CARTESIAN_POINT('',(75.752792211008,12.122438773645,
    17.639532610413));
#7199 = CARTESIAN_POINT('',(75.7271511428,12.156488253647,
    17.597672266373));
#7200 = CARTESIAN_POINT('',(75.701975708412,12.189289876923,
    17.555586643434));
#7201 = CARTESIAN_POINT('',(75.677165954804,12.220967843976,
    17.51307736257));
#7202 = CARTESIAN_POINT('',(75.652703927076,12.251558414031,
    17.470023654612));
#7203 = DEFINITIONAL_REPRESENTATION('',(#7204),#7208);
#7204 = LINE('',#7205,#7206);
#7205 = CARTESIAN_POINT('',(0.,0.));
#7206 = VECTOR('',#7207,1.);
#7207 = DIRECTION('',(0.,1.));
#7208 = ( GEOMETRIC_REPRESENTATION_CONTEXT(2) 
PARAMETRIC_REPRESENTATION_CONTEXT() REPRESENTATION_CONTEXT('2D SPACE',''
  ) );
#7209 = ORIENTED_EDGE('',*,*,#3137,.F.);
#7210 = ORIENTED_EDGE('',*,*,#7211,.T.);
#7211 = EDGE_CURVE('',#3052,#7055,#7212,.T.);
#7212 = SURFACE_CURVE('',#7213,(#7232,#7274),.PCURVE_S1.);
#7213 = ( BOUNDED_CURVE() B_SPLINE_CURVE(9,(#7214,#7215,#7216,#7217,
    #7218,#7219,#7220,#7221,#7222,#7223,#7224,#7225,#7226,#7227,#7228,
#7229,#7230,#7231),.UNSPECIFIED.,.F.,.F.) B_SPLINE_CURVE_WITH_KNOTS((10,
    8,10),(8.153265E-11,6.689268867832,7.326060831071),.UNSPECIFIED.) 
CURVE() GEOMETRIC_REPRESENTATION_ITEM() RATIONAL_B_SPLINE_CURVE((1.,1.,
    1.,1.,1.,1.,1.,1.,1.,1.,1.,1.,1.,1.,1.,1.,1.,1.)) 
REPRESENTATION_ITEM('') );
#7214 = CARTESIAN_POINT('',(-29.99999999973,6.168593513323,20.));
#7215 = CARTESIAN_POINT('',(-29.2928268644,6.673717181389,
    20.000000000007));
#7216 = CARTESIAN_POINT('',(-28.58553216502,7.178965588757,
    19.942347069324));
#7217 = CARTESIAN_POINT('',(-27.88726246195,7.677392166123,
    19.829002383667));
#7218 = CARTESIAN_POINT('',(-27.20136634677,8.167457084313,
    19.652673379933));
#7219 = CARTESIAN_POINT('',(-26.54842718049,8.632383349316,
    19.431531325722));
#7220 = CARTESIAN_POINT('',(-25.90450318534,9.091081584435,
    19.135813602084));
#7221 = CARTESIAN_POINT('',(-25.31974328956,9.508324024886,
    18.793676070858));
#7222 = CARTESIAN_POINT('',(-24.74107601288,9.914160504123,
    18.377770817831));
#7223 = CARTESIAN_POINT('',(-24.17554516967,10.324977333203,
    17.78000869274));
#7224 = CARTESIAN_POINT('',(-24.12680000382,10.360845974128,
    17.726228451672));
#7225 = CARTESIAN_POINT('',(-24.07862800182,10.396695270325,
    17.67076761927));
#7226 = CARTESIAN_POINT('',(-24.03116314051,10.43236860943,
    17.613744229466));
#7227 = CARTESIAN_POINT('',(-23.98451181505,10.467731950443,
    17.555253061917));
#7228 = CARTESIAN_POINT('',(-23.93875283891,10.502673823726,
    17.495365642002));
#7229 = CARTESIAN_POINT('',(-23.89393744392,10.537105331005,
    17.434130240822));
#7230 = CARTESIAN_POINT('',(-23.85008928018,10.570960145371,
    17.371571875204));
#7231 = CARTESIAN_POINT('',(-23.80720441613,10.604194511273,
    17.307692307692));
#7232 = PCURVE('',#3151,#7233);
#7233 = DEFINITIONAL_REPRESENTATION('',(#7234),#7273);
#7234 = B_SPLINE_CURVE_WITH_KNOTS('',7,(#7235,#7236,#7237,#7238,#7239,
    #7240,#7241,#7242,#7243,#7244,#7245,#7246,#7247,#7248,#7249,#7250,
    #7251,#7252,#7253,#7254,#7255,#7256,#7257,#7258,#7259,#7260,#7261,
    #7262,#7263,#7264,#7265,#7266,#7267,#7268,#7269,#7270,#7271,#7272),
  .UNSPECIFIED.,.F.,.F.,(8,6,6,6,6,6,8),(8.153265E-11,3.663030415576,
    5.494545623324,6.410303227197,6.639242628166,6.868182029134,
    7.326060831071),.UNSPECIFIED.);
#7235 = CARTESIAN_POINT('',(1.44913E-11,-4.999999999795));
#7236 = CARTESIAN_POINT('',(-7.112692866264E-02,-4.502111499055));
#7237 = CARTESIAN_POINT('',(-0.14225633108,-4.004228212148));
#7238 = CARTESIAN_POINT('',(-0.213499794936,-3.509504833168));
#7239 = CARTESIAN_POINT('',(-0.285000881127,-3.021171270677));
#7240 = CARTESIAN_POINT('',(-0.356932277699,-2.54203179354));
#7241 = CARTESIAN_POINT('',(-0.429572583807,-2.074362842913));
#7242 = CARTESIAN_POINT('',(-0.540407793583,-1.393132844081));
#7243 = CARTESIAN_POINT('',(-0.577663198599,-1.169426244043));
#7244 = CARTESIAN_POINT('',(-0.615299503985,-0.949375189365));
#7245 = CARTESIAN_POINT('',(-0.653393614186,-0.73318248357));
#7246 = CARTESIAN_POINT('',(-0.692056974751,-0.521011441373));
#7247 = CARTESIAN_POINT('',(-0.731463774282,-0.313029075467));
#7248 = CARTESIAN_POINT('',(-0.792086832421,-7.659387245332E-03));
#7249 = CARTESIAN_POINT('',(-0.812546895217,9.301491468739E-02));
#7250 = CARTESIAN_POINT('',(-0.833292526289,0.192564457428));
#7251 = CARTESIAN_POINT('',(-0.854363329593,0.29093891596));
#7252 = CARTESIAN_POINT('',(-0.87580532152,0.388046805302));
#7253 = CARTESIAN_POINT('',(-0.897670930889,0.483755480506));
#7254 = CARTESIAN_POINT('',(-0.925606015968,0.601425050698));
#7255 = CARTESIAN_POINT('',(-0.931223145389,0.624860468281));
#7256 = CARTESIAN_POINT('',(-0.936871340667,0.648193354697));
#7257 = CARTESIAN_POINT('',(-0.942551555256,0.671419675235));
#7258 = CARTESIAN_POINT('',(-0.948264742607,0.694535395183));
#7259 = CARTESIAN_POINT('',(-0.954011856173,0.717536479832));
#7260 = CARTESIAN_POINT('',(-0.96557584264,0.763301309106));
#7261 = CARTESIAN_POINT('',(-0.971393729813,0.78606412207));
#7262 = CARTESIAN_POINT('',(-0.97721178568,0.808673733358));
#7263 = CARTESIAN_POINT('',(-0.983223322222,0.83129827214));
#7264 = CARTESIAN_POINT('',(-0.98919580743,0.853698769088));
#7265 = CARTESIAN_POINT('',(-0.995270197535,0.876003674166));
#7266 = CARTESIAN_POINT('',(-1.013635283118,0.942439713801));
#7267 = CARTESIAN_POINT('',(-1.026100093795,0.986124297418));
#7268 = CARTESIAN_POINT('',(-1.038760458587,1.029100341766));
#7269 = CARTESIAN_POINT('',(-1.051597012851,1.071291847144));
#7270 = CARTESIAN_POINT('',(-1.064596893485,1.112649243946));
#7271 = CARTESIAN_POINT('',(-1.077753738919,1.153149392659));
#7272 = CARTESIAN_POINT('',(-1.091067689119,1.192795583864));
#7273 = ( GEOMETRIC_REPRESENTATION_CONTEXT(2) 
PARAMETRIC_REPRESENTATION_CONTEXT() REPRESENTATION_CONTEXT('2D SPACE',''
  ) );
#7274 = PCURVE('',#6883,#7275);
#7275 = DEFINITIONAL_REPRESENTATION('',(#7276),#7280);
#7276 = LINE('',#7277,#7278);
#7277 = CARTESIAN_POINT('',(7.32606083099,0.));
#7278 = VECTOR('',#7279,1.);
#7279 = DIRECTION('',(0.,1.));
#7280 = ( GEOMETRIC_REPRESENTATION_CONTEXT(2) 
PARAMETRIC_REPRESENTATION_CONTEXT() REPRESENTATION_CONTEXT('2D SPACE',''
  ) );
#7281 = ADVANCED_FACE('',(#7282),#3097,.T.);
#7282 = FACE_BOUND('',#7283,.T.);
#7283 = EDGE_LOOP('',(#7284,#7309,#7435,#7436));
#7284 = ORIENTED_EDGE('',*,*,#7285,.T.);
#7285 = EDGE_CURVE('',#7286,#7288,#7290,.T.);
#7286 = VERTEX_POINT('',#7287);
#7287 = CARTESIAN_POINT('',(-23.80720443849,59.395805488727,
    17.307692307692));
#7288 = VERTEX_POINT('',#7289);
#7289 = CARTESIAN_POINT('',(73.807204438493,59.395805488727,
    17.307692307692));
#7290 = SURFACE_CURVE('',#7291,(#7295,#7302),.PCURVE_S1.);
#7291 = LINE('',#7292,#7293);
#7292 = CARTESIAN_POINT('',(-25.,59.395805488727,17.307692307692));
#7293 = VECTOR('',#7294,1.);
#7294 = DIRECTION('',(1.,0.,0.));
#7295 = PCURVE('',#3097,#7296);
#7296 = DEFINITIONAL_REPRESENTATION('',(#7297),#7301);
#7297 = LINE('',#7298,#7299);
#7298 = CARTESIAN_POINT('',(1.091067689119,0.));
#7299 = VECTOR('',#7300,1.);
#7300 = DIRECTION('',(0.,1.));
#7301 = ( GEOMETRIC_REPRESENTATION_CONTEXT(2) 
PARAMETRIC_REPRESENTATION_CONTEXT() REPRESENTATION_CONTEXT('2D SPACE',''
  ) );
#7302 = PCURVE('',#7072,#7303);
#7303 = DEFINITIONAL_REPRESENTATION('',(#7304),#7308);
#7304 = LINE('',#7305,#7306);
#7305 = CARTESIAN_POINT('',(5.803456669504,-100.));
#7306 = VECTOR('',#7307,1.);
#7307 = DIRECTION('',(0.,1.));
#7308 = ( GEOMETRIC_REPRESENTATION_CONTEXT(2) 
PARAMETRIC_REPRESENTATION_CONTEXT() REPRESENTATION_CONTEXT('2D SPACE',''
  ) );
#7309 = ORIENTED_EDGE('',*,*,#7310,.T.);
#7310 = EDGE_CURVE('',#7288,#3082,#7311,.T.);
#7311 = SURFACE_CURVE('',#7312,(#7331,#7373),.PCURVE_S1.);
#7312 = ( BOUNDED_CURVE() B_SPLINE_CURVE(9,(#7313,#7314,#7315,#7316,
    #7317,#7318,#7319,#7320,#7321,#7322,#7323,#7324,#7325,#7326,#7327,
#7328,#7329,#7330),.UNSPECIFIED.,.F.,.F.) B_SPLINE_CURVE_WITH_KNOTS((10,
    8,10),(66.976423454082,67.613242894724,74.302613803821),
.UNSPECIFIED.) CURVE() GEOMETRIC_REPRESENTATION_ITEM() 
RATIONAL_B_SPLINE_CURVE((1.,1.,1.,1.,1.,1.,1.,1.,1.,1.,1.,1.,1.,1.,1.,1.
,1.,1.)) REPRESENTATION_ITEM('') );
#7313 = CARTESIAN_POINT('',(73.807204438493,59.395805488727,
    17.307692307692));
#7314 = CARTESIAN_POINT('',(73.850089698228,59.429040177906,
    17.371572496571));
#7315 = CARTESIAN_POINT('',(73.893937972902,59.462895095643,
    17.43413101235));
#7316 = CARTESIAN_POINT('',(73.938753239341,59.497326526804,
    17.495366232798));
#7317 = CARTESIAN_POINT('',(73.984511915786,59.532268198468,
    17.555253279246));
#7318 = CARTESIAN_POINT('',(74.031162861884,59.567631279923,
    17.61374401658));
#7319 = CARTESIAN_POINT('',(74.078627378703,59.603304382673,
    17.670767053247));
#7320 = CARTESIAN_POINT('',(74.126799208717,59.639153560429,
    17.72622774125));
#7321 = CARTESIAN_POINT('',(74.175544535815,59.675022309118,
    17.780008176154));
#7322 = CARTESIAN_POINT('',(74.741068778709,60.085833918959,
    18.377762662569));
#7323 = CARTESIAN_POINT('',(75.31973723554,60.491671847543,
    18.793675745398));
#7324 = CARTESIAN_POINT('',(75.904510846341,60.908924631373,
    19.135818595332));
#7325 = CARTESIAN_POINT('',(76.548421282431,61.367611167203,
    19.431525318782));
#7326 = CARTESIAN_POINT('',(77.201369564468,61.832546262773,
    19.652677609773));
#7327 = CARTESIAN_POINT('',(77.887261313201,62.322606525339,
    19.8290005912));
#7328 = CARTESIAN_POINT('',(78.585532373751,62.821034667593,
    19.942347438263));
#7329 = CARTESIAN_POINT('',(79.292826864555,63.326282818535,20.));
#7330 = CARTESIAN_POINT('',(79.999999999956,63.831406486677,20.));
#7331 = PCURVE('',#3097,#7332);
#7332 = DEFINITIONAL_REPRESENTATION('',(#7333),#7372);
#7333 = B_SPLINE_CURVE_WITH_KNOTS('',7,(#7334,#7335,#7336,#7337,#7338,
    #7339,#7340,#7341,#7342,#7343,#7344,#7345,#7346,#7347,#7348,#7349,
    #7350,#7351,#7352,#7353,#7354,#7355,#7356,#7357,#7358,#7359,#7360,
    #7361,#7362,#7363,#7364,#7365,#7366,#7367,#7368,#7369,#7370,#7371),
  .UNSPECIFIED.,.F.,.F.,(8,6,6,6,6,6,8),(66.976423454082,67.434310350941
    ,67.66325379937,67.8921972478,68.807971041517,70.639518628951,
    74.302613803821),.UNSPECIFIED.);
#7334 = CARTESIAN_POINT('',(1.091067689119,98.807204438493));
#7335 = CARTESIAN_POINT('',(1.077753948514,98.84684998573));
#7336 = CARTESIAN_POINT('',(1.064597396605,98.887349194295));
#7337 = CARTESIAN_POINT('',(1.051597868099,98.928705395302));
#7338 = CARTESIAN_POINT('',(1.038761697643,98.970895514486));
#7339 = CARTESIAN_POINT('',(1.026101719828,99.013870072187));
#7340 = CARTESIAN_POINT('',(1.013637269186,99.057553183358));
#7341 = CARTESIAN_POINT('',(0.995272635697,99.123987244673));
#7342 = CARTESIAN_POINT('',(0.989198388522,99.146291504859));
#7343 = CARTESIAN_POINT('',(0.983225986844,99.16869154457));
#7344 = CARTESIAN_POINT('',(0.977214618936,99.191315381307));
#7345 = CARTESIAN_POINT('',(0.971396543909,99.213924810502));
#7346 = CARTESIAN_POINT('',(0.965578731513,99.236687292573));
#7347 = CARTESIAN_POINT('',(0.954014846715,99.282451536532));
#7348 = CARTESIAN_POINT('',(0.948267777858,99.305452348438));
#7349 = CARTESIAN_POINT('',(0.942554629386,99.328567815278));
#7350 = CARTESIAN_POINT('',(0.936874448141,99.351793902068));
#7351 = CARTESIAN_POINT('',(0.931226280964,99.375126573814));
#7352 = CARTESIAN_POINT('',(0.925609174697,99.398561795532));
#7353 = CARTESIAN_POINT('',(0.897674182122,99.516230479018));
#7354 = CARTESIAN_POINT('',(0.875808571777,99.611938744304));
#7355 = CARTESIAN_POINT('',(0.854366523839,99.709046476358));
#7356 = CARTESIAN_POINT('',(0.83329562649,99.807420983398));
#7357 = CARTESIAN_POINT('',(0.8125498774,99.90697073365));
#7358 = CARTESIAN_POINT('',(0.792089683729,100.00764535527));
#7359 = CARTESIAN_POINT('',(0.731466218921,100.31301619873));
#7360 = CARTESIAN_POINT('',(0.692059129352,100.52099961635));
#7361 = CARTESIAN_POINT('',(0.653395519775,100.73317167759));
#7362 = CARTESIAN_POINT('',(0.615301213889,100.94936525399));
#7363 = CARTESIAN_POINT('',(0.577664751974,101.16941703869));
#7364 = CARTESIAN_POINT('',(0.540409210116,101.39312428476));
#7365 = CARTESIAN_POINT('',(0.429573638093,102.07435606139));
#7366 = CARTESIAN_POINT('',(0.356933137909,102.54202599952));
#7367 = CARTESIAN_POINT('',(0.285001578675,103.02116653113));
#7368 = CARTESIAN_POINT('',(0.213500319979,103.50950123312));
#7369 = CARTESIAN_POINT('',(0.142256671549,104.00422579607));
#7370 = CARTESIAN_POINT('',(7.112710114364E-02,104.50211029194));
#7371 = CARTESIAN_POINT('',(-5.5783E-13,104.99999999995));
#7372 = ( GEOMETRIC_REPRESENTATION_CONTEXT(2) 
PARAMETRIC_REPRESENTATION_CONTEXT() REPRESENTATION_CONTEXT('2D SPACE',''
  ) );
#7373 = PCURVE('',#7374,#7429);
#7374 = ( BOUNDED_SURFACE() B_SPLINE_SURFACE(2,9,(
    (#7375,#7376,#7377,#7378,#7379,#7380,#7381,#7382,#7383,#7384,#7385
      ,#7386,#7387,#7388,#7389,#7390,#7391,#7392)
    ,(#7393,#7394,#7395,#7396,#7397,#7398,#7399,#7400,#7401,#7402,#7403
      ,#7404,#7405,#7406,#7407,#7408,#7409,#7410)
    ,(#7411,#7412,#7413,#7414,#7415,#7416,#7417,#7418,#7419,#7420,#7421
      ,#7422,#7423,#7424,#7425,#7426,#7427,#7428
)),.UNSPECIFIED.,.F.,.F.,.F.) B_SPLINE_SURFACE_WITH_KNOTS((3,3),(10,8,10
    ),(0.,7.326190349738),(66.976423454082,67.613242894724,
74.302613803821),.UNSPECIFIED.) GEOMETRIC_REPRESENTATION_ITEM() 
RATIONAL_B_SPLINE_SURFACE((
    (1.,1.,1.,1.,1.,1.,1.,1.,1.,1.,1.,1.,1.,1.,1.,1.,1.,1.)
    ,(0.784775942798,0.787406067871,0.7900989254,0.79285981205
      ,0.795695734052,0.798615407205,0.801629256877,0.804749418002
      ,0.807989735081,0.846828714579,0.885520822519,0.915541488024
      ,0.943748271904,0.965571869876,0.982816281239,0.994253686975,1.,1.
      )
    ,(1.,1.,1.,1.,1.,1.,1.,1.,1.,1.,1.,1.,1.,1.,1.,1.,1.,1.
))) REPRESENTATION_ITEM('') SURFACE() );
#7375 = CARTESIAN_POINT('',(73.807204438493,59.395805488727,
    17.307692307692));
#7376 = CARTESIAN_POINT('',(73.850089698228,59.429040177906,
    17.371572496571));
#7377 = CARTESIAN_POINT('',(73.893937972902,59.462895095643,
    17.43413101235));
#7378 = CARTESIAN_POINT('',(73.938753239341,59.497326526804,
    17.495366232798));
#7379 = CARTESIAN_POINT('',(73.984511915786,59.532268198468,
    17.555253279246));
#7380 = CARTESIAN_POINT('',(74.031162861884,59.567631279923,
    17.61374401658));
#7381 = CARTESIAN_POINT('',(74.078627378703,59.603304382673,
    17.670767053247));
#7382 = CARTESIAN_POINT('',(74.126799208717,59.639153560429,
    17.72622774125));
#7383 = CARTESIAN_POINT('',(74.175544535815,59.675022309118,
    17.780008176154));
#7384 = CARTESIAN_POINT('',(74.741068778709,60.085833918959,
    18.377762662569));
#7385 = CARTESIAN_POINT('',(75.31973723554,60.491671847543,
    18.793675745398));
#7386 = CARTESIAN_POINT('',(75.904510846341,60.908924631373,
    19.135818595332));
#7387 = CARTESIAN_POINT('',(76.548421282431,61.367611167203,
    19.431525318782));
#7388 = CARTESIAN_POINT('',(77.201369564468,61.832546262773,
    19.652677609773));
#7389 = CARTESIAN_POINT('',(77.887261313201,62.322606525339,
    19.8290005912));
#7390 = CARTESIAN_POINT('',(78.585532373751,62.821034667593,
    19.942347438263));
#7391 = CARTESIAN_POINT('',(79.292826864555,63.326282818535,20.));
#7392 = CARTESIAN_POINT('',(79.999999999956,63.831406486677,20.));
#7393 = CARTESIAN_POINT('',(75.299307533264,59.156663119087,
    16.848038249875));
#7394 = CARTESIAN_POINT('',(75.323522604387,59.177889304641,
    16.904950895186));
#7395 = CARTESIAN_POINT('',(75.348300413623,59.199722278714,
    16.961122768831));
#7396 = CARTESIAN_POINT('',(75.373606075797,59.222137681486,
    17.016569534102));
#7397 = CARTESIAN_POINT('',(75.399404274069,59.245136643335,
    17.071324984749));
#7398 = CARTESIAN_POINT('',(75.425658983804,59.268745051018,
    17.125440168828));
#7399 = CARTESIAN_POINT('',(75.452333194523,59.29301277242,
    17.178982519985));
#7400 = CARTESIAN_POINT('',(75.479388633533,59.318012831366,
    17.232034987671));
#7401 = CARTESIAN_POINT('',(75.506785495138,59.343840521417,
    17.284695156186));
#7402 = CARTESIAN_POINT('',(75.812074223066,59.638936009074,
    17.862048550759));
#7403 = CARTESIAN_POINT('',(76.149916474683,59.981068895975,
    18.343678852677));
#7404 = CARTESIAN_POINT('',(76.574536289613,60.407313791577,
    18.798574547305));
#7405 = CARTESIAN_POINT('',(77.055718948042,60.885746093727,
    19.180427351504));
#7406 = CARTESIAN_POINT('',(77.597041510159,61.429323332861,
    19.510182615251));
#7407 = CARTESIAN_POINT('',(78.175530978714,62.006591136898,
    19.753679995371));
#7408 = CARTESIAN_POINT('',(78.780775264609,62.612249816797,
    19.919357448136));
#7409 = CARTESIAN_POINT('',(79.393851598188,63.225258084903,
    19.999999999998));
#7410 = CARTESIAN_POINT('',(79.999999999957,63.831406486676,20.));
#7411 = CARTESIAN_POINT('',(75.652703990942,57.748441711987,
    17.470023767017));
#7412 = CARTESIAN_POINT('',(75.677166193688,57.779032452812,
    17.513077780419));
#7413 = CARTESIAN_POINT('',(75.7019759347,57.810710364786,
    17.555587020414));
#7414 = CARTESIAN_POINT('',(75.727151218373,57.843511758035,
    17.597672373697));
#7415 = CARTESIAN_POINT('',(75.75279205249,57.877560897997,
    17.639532331336));
#7416 = CARTESIAN_POINT('',(75.779080448221,57.91307000542,
    17.681442988765));
#7417 = CARTESIAN_POINT('',(75.806280420129,57.950339256367,
    17.72375804579));
#7418 = CARTESIAN_POINT('',(75.834737986163,57.989756782209,
    17.766908806585));
#7419 = CARTESIAN_POINT('',(75.864881167664,58.031798669631,
    17.811404179694));
#7420 = CARTESIAN_POINT('',(76.23691811929,58.552143527632,
    18.345510619268));
#7421 = CARTESIAN_POINT('',(76.657726348311,59.148346734173,
    18.809869841803));
#7422 = CARTESIAN_POINT('',(77.085640118645,59.742734489753,
    19.128635494825));
#7423 = CARTESIAN_POINT('',(77.527696575034,60.373637899314,
    19.433599272193));
#7424 = CARTESIAN_POINT('',(78.006812501759,61.036524281123,
    19.6527218863));
#7425 = CARTESIAN_POINT('',(78.488861502854,61.717222274616,
    19.828675512831));
#7426 = CARTESIAN_POINT('',(78.990101824372,62.417217994758,
    19.942450702668));
#7427 = CARTESIAN_POINT('',(79.49487633182,63.124233351271,
    19.999999999996));
#7428 = CARTESIAN_POINT('',(80.,63.831406486677,20.));
#7429 = DEFINITIONAL_REPRESENTATION('',(#7430),#7434);
#7430 = LINE('',#7431,#7432);
#7431 = CARTESIAN_POINT('',(0.,0.));
#7432 = VECTOR('',#7433,1.);
#7433 = DIRECTION('',(0.,1.));
#7434 = ( GEOMETRIC_REPRESENTATION_CONTEXT(2) 
PARAMETRIC_REPRESENTATION_CONTEXT() REPRESENTATION_CONTEXT('2D SPACE',''
  ) );
#7435 = ORIENTED_EDGE('',*,*,#3081,.F.);
#7436 = ORIENTED_EDGE('',*,*,#7437,.F.);
#7437 = EDGE_CURVE('',#7286,#3054,#7438,.T.);
#7438 = SURFACE_CURVE('',#7439,(#7458,#7500),.PCURVE_S1.);
#7439 = ( BOUNDED_CURVE() B_SPLINE_CURVE(9,(#7440,#7441,#7442,#7443,
    #7444,#7445,#7446,#7447,#7448,#7449,#7450,#7451,#7452,#7453,#7454,
#7455,#7456,#7457),.UNSPECIFIED.,.F.,.F.) B_SPLINE_CURVE_WITH_KNOTS((10,
    8,10),(66.976423454091,67.613242894734,74.30261379842),
.UNSPECIFIED.) CURVE() GEOMETRIC_REPRESENTATION_ITEM() 
RATIONAL_B_SPLINE_CURVE((1.,1.,1.,1.,1.,1.,1.,1.,1.,1.,1.,1.,1.,1.,1.,1.
,1.,1.)) REPRESENTATION_ITEM('') );
#7440 = CARTESIAN_POINT('',(-23.80720443849,59.395805488727,
    17.307692307692));
#7441 = CARTESIAN_POINT('',(-23.85008969822,59.429040177906,
    17.371572496571));
#7442 = CARTESIAN_POINT('',(-23.8939379729,59.462895095643,
    17.434131012349));
#7443 = CARTESIAN_POINT('',(-23.93875323934,59.497326526804,
    17.495366232798));
#7444 = CARTESIAN_POINT('',(-23.98451191578,59.532268198468,
    17.555253279246));
#7445 = CARTESIAN_POINT('',(-24.03116286188,59.567631279923,
    17.61374401658));
#7446 = CARTESIAN_POINT('',(-24.0786273787,59.603304382672,
    17.670767053246));
#7447 = CARTESIAN_POINT('',(-24.12679920871,59.639153560429,
    17.72622774125));
#7448 = CARTESIAN_POINT('',(-24.17554453581,59.675022309118,
    17.780008176154));
#7449 = CARTESIAN_POINT('',(-24.74106877829,60.085833918657,
    18.377762662129));
#7450 = CARTESIAN_POINT('',(-25.31973721632,60.491671865153,
    18.793675745253));
#7451 = CARTESIAN_POINT('',(-25.90451092783,60.90892454745,
    19.135818592026));
#7452 = CARTESIAN_POINT('',(-26.54842110128,61.367611344779,
    19.431525323336));
#7453 = CARTESIAN_POINT('',(-27.20136979019,61.832546032505,
    19.652677601517));
#7454 = CARTESIAN_POINT('',(-27.88726113176,62.322606701067,
    19.829000596555));
#7455 = CARTESIAN_POINT('',(-28.585532447,62.821034587538,
    19.942347434397));
#7456 = CARTESIAN_POINT('',(-29.29282685147,63.326282823749,
    20.000000000485));
#7457 = CARTESIAN_POINT('',(-29.9999999823,63.831406486677,20.));
#7458 = PCURVE('',#3097,#7459);
#7459 = DEFINITIONAL_REPRESENTATION('',(#7460),#7499);
#7460 = B_SPLINE_CURVE_WITH_KNOTS('',7,(#7461,#7462,#7463,#7464,#7465,
    #7466,#7467,#7468,#7469,#7470,#7471,#7472,#7473,#7474,#7475,#7476,
    #7477,#7478,#7479,#7480,#7481,#7482,#7483,#7484,#7485,#7486,#7487,
    #7488,#7489,#7490,#7491,#7492,#7493,#7494,#7495,#7496,#7497,#7498),
  .UNSPECIFIED.,.F.,.F.,(8,6,6,6,6,6,8),(66.976423454091,67.43431035017,
    67.663253798209,67.892197246248,68.807971038406,70.63951862272,
    74.30261379135),.UNSPECIFIED.);
#7461 = CARTESIAN_POINT('',(1.091067689119,1.192795561507));
#7462 = CARTESIAN_POINT('',(1.077753948537,1.153150014337));
#7463 = CARTESIAN_POINT('',(1.06459739665,1.112650805843));
#7464 = CARTESIAN_POINT('',(1.051597868165,1.071294604908));
#7465 = CARTESIAN_POINT('',(1.038761697731,1.029104485802));
#7466 = CARTESIAN_POINT('',(1.026101719936,0.986129928181));
#7467 = CARTESIAN_POINT('',(1.013637269314,0.94244681709));
#7468 = CARTESIAN_POINT('',(0.995272635852,0.876012755897));
#7469 = CARTESIAN_POINT('',(0.989198388685,0.85370849576));
#7470 = CARTESIAN_POINT('',(0.983225987021,0.831308456051));
#7471 = CARTESIAN_POINT('',(0.97721461911,0.808684619424));
#7472 = CARTESIAN_POINT('',(0.971396544102,0.7860751902));
#7473 = CARTESIAN_POINT('',(0.965578731712,0.763312708195));
#7474 = CARTESIAN_POINT('',(0.95401484692,0.717548464415));
#7475 = CARTESIAN_POINT('',(0.948267778063,0.694547652624));
#7476 = CARTESIAN_POINT('',(0.942554629588,0.671432185912));
#7477 = CARTESIAN_POINT('',(0.936874448339,0.648206099262));
#7478 = CARTESIAN_POINT('',(0.931226281157,0.624873427656));
#7479 = CARTESIAN_POINT('',(0.925609174886,0.601438206073));
#7480 = CARTESIAN_POINT('',(0.897674182299,0.483769523193));
#7481 = CARTESIAN_POINT('',(0.875808571973,0.388061258147));
#7482 = CARTESIAN_POINT('',(0.854366524085,0.290953526121));
#7483 = CARTESIAN_POINT('',(0.833295626811,0.192579018936));
#7484 = CARTESIAN_POINT('',(0.81254987781,9.302926847239E-02));
#7485 = CARTESIAN_POINT('',(0.792089684226,-7.645353333313E-03));
#7486 = CARTESIAN_POINT('',(0.731466219599,-0.313016196787));
#7487 = CARTESIAN_POINT('',(0.692059130066,-0.520999613796));
#7488 = CARTESIAN_POINT('',(0.65339552042,-0.733171673852));
#7489 = CARTESIAN_POINT('',(0.615301214453,-0.949365249052));
#7490 = CARTESIAN_POINT('',(0.577664752558,-1.169417033126));
#7491 = CARTESIAN_POINT('',(0.540409210853,-1.393124279307));
#7492 = CARTESIAN_POINT('',(0.429573639261,-2.07435605599));
#7493 = CARTESIAN_POINT('',(0.356933141775,-2.542025996185));
#7494 = CARTESIAN_POINT('',(0.285001575706,-3.021166515749));
#7495 = CARTESIAN_POINT('',(0.213500319725,-3.509501221147));
#7496 = CARTESIAN_POINT('',(0.142256679387,-4.004225795559));
#7497 = CARTESIAN_POINT('',(7.112710052742E-02,-4.502110275888));
#7498 = CARTESIAN_POINT('',(1.07E-15,-4.999999979578));
#7499 = ( GEOMETRIC_REPRESENTATION_CONTEXT(2) 
PARAMETRIC_REPRESENTATION_CONTEXT() REPRESENTATION_CONTEXT('2D SPACE',''
  ) );
#7500 = PCURVE('',#6736,#7501);
#7501 = DEFINITIONAL_REPRESENTATION('',(#7502),#7506);
#7502 = LINE('',#7503,#7504);
#7503 = CARTESIAN_POINT('',(7.326190344329,0.));
#7504 = VECTOR('',#7505,1.);
#7505 = DIRECTION('',(0.,1.));
#7506 = ( GEOMETRIC_REPRESENTATION_CONTEXT(2) 
PARAMETRIC_REPRESENTATION_CONTEXT() REPRESENTATION_CONTEXT('2D SPACE',''
  ) );
#7507 = ADVANCED_FACE('',(#7508),#3125,.T.);
#7508 = FACE_BOUND('',#7509,.F.);
#7509 = EDGE_LOOP('',(#7510,#7540,#7648,#7737,#7738,#7829));
#7510 = ORIENTED_EDGE('',*,*,#7511,.T.);
#7511 = EDGE_CURVE('',#7512,#7514,#7516,.T.);
#7512 = VERTEX_POINT('',#7513);
#7513 = CARTESIAN_POINT('',(75.,14.378409372699,15.));
#7514 = VERTEX_POINT('',#7515);
#7515 = CARTESIAN_POINT('',(75.,55.621590627301,15.));
#7516 = SURFACE_CURVE('',#7517,(#7521,#7528),.PCURVE_S1.);
#7517 = LINE('',#7518,#7519);
#7518 = CARTESIAN_POINT('',(75.,9.382623085101,15.));
#7519 = VECTOR('',#7520,1.);
#7520 = DIRECTION('',(0.,1.,0.));
#7521 = PCURVE('',#3125,#7522);
#7522 = DEFINITIONAL_REPRESENTATION('',(#7523),#7527);
#7523 = LINE('',#7524,#7525);
#7524 = CARTESIAN_POINT('',(-1.570796326795,0.));
#7525 = VECTOR('',#7526,1.);
#7526 = DIRECTION('',(-0.,1.));
#7527 = ( GEOMETRIC_REPRESENTATION_CONTEXT(2) 
PARAMETRIC_REPRESENTATION_CONTEXT() REPRESENTATION_CONTEXT('2D SPACE',''
  ) );
#7528 = PCURVE('',#7529,#7534);
#7529 = PLANE('',#7530);
#7530 = AXIS2_PLACEMENT_3D('',#7531,#7532,#7533);
#7531 = CARTESIAN_POINT('',(75.,35.,30.));
#7532 = DIRECTION('',(1.,0.,0.));
#7533 = DIRECTION('',(0.,0.,1.));
#7534 = DEFINITIONAL_REPRESENTATION('',(#7535),#7539);
#7535 = LINE('',#7536,#7537);
#7536 = CARTESIAN_POINT('',(-15.,25.617376914899));
#7537 = VECTOR('',#7538,1.);
#7538 = DIRECTION('',(0.,-1.));
#7539 = ( GEOMETRIC_REPRESENTATION_CONTEXT(2) 
PARAMETRIC_REPRESENTATION_CONTEXT() REPRESENTATION_CONTEXT('2D SPACE',''
  ) );
#7540 = ORIENTED_EDGE('',*,*,#7541,.T.);
#7541 = EDGE_CURVE('',#7514,#7542,#7544,.T.);
#7542 = VERTEX_POINT('',#7543);
#7543 = CARTESIAN_POINT('',(75.652703990942,57.748441711987,
    17.470023767017));
#7544 = SURFACE_CURVE('',#7545,(#7560,#7598),.PCURVE_S1.);
#7545 = ( BOUNDED_CURVE() B_SPLINE_CURVE(7,(#7546,#7547,#7548,#7549,
    #7550,#7551,#7552,#7553,#7554,#7555,#7556,#7557,#7558,#7559),
.UNSPECIFIED.,.F.,.F.) B_SPLINE_CURVE_WITH_KNOTS((8,6,8),(
    63.054145437573,64.611292776126,66.976423454082),.UNSPECIFIED.) 
CURVE() GEOMETRIC_REPRESENTATION_ITEM() RATIONAL_B_SPLINE_CURVE((1.,1.,
1.,1.,1.,1.,1.,1.,1.,1.,1.,1.,1.,1.)) REPRESENTATION_ITEM('') );
#7546 = CARTESIAN_POINT('',(75.,55.621590627301,15.));
#7547 = CARTESIAN_POINT('',(75.,55.758475381353,15.134418160056));
#7548 = CARTESIAN_POINT('',(75.004234694717,55.894168182071,
    15.27052598742));
#7549 = CARTESIAN_POINT('',(75.012759758793,56.027911821585,
    15.407833154586));
#7550 = CARTESIAN_POINT('',(75.026179348397,56.16220131469,
    15.547741858182));
#7551 = CARTESIAN_POINT('',(75.043932389446,56.292008862078,
    15.68728928887));
#7552 = CARTESIAN_POINT('',(75.067336793193,56.424766122178,
    15.830619580598));
#7553 = CARTESIAN_POINT('',(75.138536951074,56.746117970969,
    16.189472158483));
#7554 = CARTESIAN_POINT('',(75.193096733963,56.932777157605,
    16.406593398051));
#7555 = CARTESIAN_POINT('',(75.260535728175,57.112663316275,
    16.624430013255));
#7556 = CARTESIAN_POINT('',(75.338596898946,57.284205084479,
    16.839889273654));
#7557 = CARTESIAN_POINT('',(75.433664679603,57.451879155885,
    17.058262784117));
#7558 = CARTESIAN_POINT('',(75.53589430423,57.602367587378,
    17.264436156223));
#7559 = CARTESIAN_POINT('',(75.652703990942,57.748441711987,
    17.470023767017));
#7560 = PCURVE('',#3125,#7561);
#7561 = DEFINITIONAL_REPRESENTATION('',(#7562),#7597);
#7562 = B_SPLINE_CURVE_WITH_KNOTS('',9,(#7563,#7564,#7565,#7566,#7567,
    #7568,#7569,#7570,#7571,#7572,#7573,#7574,#7575,#7576,#7577,#7578,
    #7579,#7580,#7581,#7582,#7583,#7584,#7585,#7586,#7587,#7588,#7589,
    #7590,#7591,#7592,#7593,#7594,#7595,#7596),.UNSPECIFIED.,.F.,.F.,(10
    ,8,8,8,10),(63.054145437573,64.034714941701,64.524999693764,
    65.015284445828,66.976423454082),.UNSPECIFIED.);
#7563 = CARTESIAN_POINT('',(-1.570796326795,46.2389675422));
#7564 = CARTESIAN_POINT('',(-1.557629165752,46.306011444608));
#7565 = CARTESIAN_POINT('',(-1.544384726607,46.372771214162));
#7566 = CARTESIAN_POINT('',(-1.531066326229,46.439201029023));
#7567 = CARTESIAN_POINT('',(-1.517668764739,46.50532339869));
#7568 = CARTESIAN_POINT('',(-1.504185968943,46.57116701623));
#7569 = CARTESIAN_POINT('',(-1.490614872269,46.636735328461));
#7570 = CARTESIAN_POINT('',(-1.476955531171,46.702005822566));
#7571 = CARTESIAN_POINT('',(-1.463207478032,46.766960030753));
#7572 = CARTESIAN_POINT('',(-1.442439726792,46.86398636204));
#7573 = CARTESIAN_POINT('',(-1.435492954222,46.896260212111));
#7574 = CARTESIAN_POINT('',(-1.428521820324,46.928464112432));
#7575 = CARTESIAN_POINT('',(-1.421525616926,46.960600773075));
#7576 = CARTESIAN_POINT('',(-1.414503779968,46.992671440663));
#7577 = CARTESIAN_POINT('',(-1.407456569263,47.024670035359));
#7578 = CARTESIAN_POINT('',(-1.400385748269,47.056577287943));
#7579 = CARTESIAN_POINT('',(-1.393295263863,47.088354876838));
#7580 = CARTESIAN_POINT('',(-1.379088588347,47.151524253458));
#7581 = CARTESIAN_POINT('',(-1.371965561077,47.182976074941));
#7582 = CARTESIAN_POINT('',(-1.364884567671,47.213748846898));
#7583 = CARTESIAN_POINT('',(-1.357697130796,47.24515114393));
#7584 = CARTESIAN_POINT('',(-1.350581832615,47.275589623009));
#7585 = CARTESIAN_POINT('',(-1.343392488941,47.306371803089));
#7586 = CARTESIAN_POINT('',(-1.336212769265,47.336744019289));
#7587 = CARTESIAN_POINT('',(-1.329009807272,47.367002991118));
#7588 = CARTESIAN_POINT('',(-1.292918896657,47.517364551307));
#7589 = CARTESIAN_POINT('',(-1.263787889088,47.634803063416));
#7590 = CARTESIAN_POINT('',(-1.234396854999,47.749368010215));
#7591 = CARTESIAN_POINT('',(-1.20474963372,47.861006637315));
#7592 = CARTESIAN_POINT('',(-1.174822385063,47.969658394509));
#7593 = CARTESIAN_POINT('',(-1.144687132496,48.074851604134));
#7594 = CARTESIAN_POINT('',(-1.114567947123,48.175635924861));
#7595 = CARTESIAN_POINT('',(-1.084605603845,48.271611868589));
#7596 = CARTESIAN_POINT('',(-1.05410654103,48.365818626886));
#7597 = ( GEOMETRIC_REPRESENTATION_CONTEXT(2) 
PARAMETRIC_REPRESENTATION_CONTEXT() REPRESENTATION_CONTEXT('2D SPACE',''
  ) );
#7598 = PCURVE('',#7599,#7642);
#7599 = ( BOUNDED_SURFACE() B_SPLINE_SURFACE(2,7,(
    (#7600,#7601,#7602,#7603,#7604,#7605,#7606,#7607,#7608,#7609,#7610
      ,#7611,#7612,#7613)
    ,(#7614,#7615,#7616,#7617,#7618,#7619,#7620,#7621,#7622,#7623,#7624
      ,#7625,#7626,#7627)
    ,(#7628,#7629,#7630,#7631,#7632,#7633,#7634,#7635,#7636,#7637,#7638
      ,#7639,#7640,#7641
)),.UNSPECIFIED.,.F.,.F.,.F.) B_SPLINE_SURFACE_WITH_KNOTS((3,3),(8,6,8),
  (0.,3.922278016509),(63.054145437573,64.611292776126,66.976423454082),
.UNSPECIFIED.) GEOMETRIC_REPRESENTATION_ITEM() RATIONAL_B_SPLINE_SURFACE
((
    (1.,1.,1.,1.,1.,1.,1.,1.,1.,1.,1.,1.,1.,1.)
    ,(0.707106781187,0.712697839568,0.718182692848,0.723496989096
      ,0.728894015816,0.733897539448,0.73922805644,0.751580898172
      ,0.758470526067,0.764800291369,0.770588978571,0.77611565874
      ,0.780544873644,0.784775942798)
,(1.,1.,1.,1.,1.,1.,1.,1.,1.,1.,1.,1.,1.,1.
))) REPRESENTATION_ITEM('') SURFACE() );
#7600 = CARTESIAN_POINT('',(73.,57.238970284345,13.823529411765));
#7601 = CARTESIAN_POINT('',(73.,57.359007969811,13.988553945734));
#7602 = CARTESIAN_POINT('',(73.004748901312,57.477269732713,
    14.153995581996));
#7603 = CARTESIAN_POINT('',(73.014724921109,57.596281369878,
    14.324341002364));
#7604 = CARTESIAN_POINT('',(73.029215497199,57.707029433714,14.483837271
    ));
#7605 = CARTESIAN_POINT('',(73.049861429686,57.831113989612,
    14.669329005431));
#7606 = CARTESIAN_POINT('',(73.075569454196,57.925798379867,
    14.810687465456));
#7607 = CARTESIAN_POINT('',(73.155325143892,58.254848745022,
    15.316862044784));
#7608 = CARTESIAN_POINT('',(73.217992545698,58.473178125433,
    15.663118635554));
#7609 = CARTESIAN_POINT('',(73.300693769476,58.671020688722,
    15.992271435658));
#7610 = CARTESIAN_POINT('',(73.399527349533,58.867388013262,
    16.328898577998));
#7611 = CARTESIAN_POINT('',(73.517719167783,59.051719391218,
    16.65846694405));
#7612 = CARTESIAN_POINT('',(73.653196962602,59.228968520081,
    16.987016010356));
#7613 = CARTESIAN_POINT('',(73.807204438493,59.395805488727,
    17.307692307692));
#7614 = CARTESIAN_POINT('',(75.,57.238970284344,13.823529411764));
#7615 = CARTESIAN_POINT('',(74.968620315251,57.358066283633,
    13.987259341277));
#7616 = CARTESIAN_POINT('',(74.942780127233,57.476112783084,
    14.152506681569));
#7617 = CARTESIAN_POINT('',(74.922808658128,57.593120033327,
    14.319301078517));
#7618 = CARTESIAN_POINT('',(74.908183586615,57.708704883155,
    14.487165054616));
#7619 = CARTESIAN_POINT('',(74.900461273714,57.823803483833,
    14.657450312836));
#7620 = CARTESIAN_POINT('',(74.897718333468,57.936115056097,
    14.826769503451));
#7621 = CARTESIAN_POINT('',(74.910021197948,58.218273080997,
    15.260281377495));
#7622 = CARTESIAN_POINT('',(74.933038406577,58.386496760704,
    15.525973069685));
#7623 = CARTESIAN_POINT('',(74.972326573118,58.551198168367,
    15.793355115475));
#7624 = CARTESIAN_POINT('',(75.028269044223,58.711406207493,
    16.061036480664));
#7625 = CARTESIAN_POINT('',(75.101399370316,58.866948221579,
    16.328746683055));
#7626 = CARTESIAN_POINT('',(75.192477497845,59.015299871029,
    16.591161631857));
#7627 = CARTESIAN_POINT('',(75.299307533264,59.156663119087,
    16.848038249875));
#7628 = CARTESIAN_POINT('',(75.,55.621590627301,15.));
#7629 = CARTESIAN_POINT('',(75.,55.758475381353,15.134418160056));
#7630 = CARTESIAN_POINT('',(75.004234694717,55.894168182071,
    15.27052598742));
#7631 = CARTESIAN_POINT('',(75.012759758793,56.027911821585,
    15.407833154586));
#7632 = CARTESIAN_POINT('',(75.026179348397,56.16220131469,
    15.547741858182));
#7633 = CARTESIAN_POINT('',(75.043932389446,56.292008862078,
    15.68728928887));
#7634 = CARTESIAN_POINT('',(75.067336793193,56.424766122178,
    15.830619580598));
#7635 = CARTESIAN_POINT('',(75.138536951074,56.746117970969,
    16.189472158483));
#7636 = CARTESIAN_POINT('',(75.193096733963,56.932777157605,
    16.406593398051));
#7637 = CARTESIAN_POINT('',(75.260535728175,57.112663316275,
    16.624430013255));
#7638 = CARTESIAN_POINT('',(75.338596898946,57.284205084479,
    16.839889273654));
#7639 = CARTESIAN_POINT('',(75.433664679603,57.451879155885,
    17.058262784117));
#7640 = CARTESIAN_POINT('',(75.53589430423,57.602367587378,
    17.264436156223));
#7641 = CARTESIAN_POINT('',(75.652703990942,57.748441711987,
    17.470023767017));
#7642 = DEFINITIONAL_REPRESENTATION('',(#7643),#7647);
#7643 = LINE('',#7644,#7645);
#7644 = CARTESIAN_POINT('',(3.922278016509,0.));
#7645 = VECTOR('',#7646,1.);
#7646 = DIRECTION('',(0.,1.));
#7647 = ( GEOMETRIC_REPRESENTATION_CONTEXT(2) 
PARAMETRIC_REPRESENTATION_CONTEXT() REPRESENTATION_CONTEXT('2D SPACE',''
  ) );
#7648 = ORIENTED_EDGE('',*,*,#7649,.T.);
#7649 = EDGE_CURVE('',#7542,#3082,#7650,.T.);
#7650 = SURFACE_CURVE('',#7651,(#7670,#7730),.PCURVE_S1.);
#7651 = ( BOUNDED_CURVE() B_SPLINE_CURVE(9,(#7652,#7653,#7654,#7655,
    #7656,#7657,#7658,#7659,#7660,#7661,#7662,#7663,#7664,#7665,#7666,
#7667,#7668,#7669),.UNSPECIFIED.,.F.,.F.) B_SPLINE_CURVE_WITH_KNOTS((10,
    8,10),(66.976423454082,67.613242894724,74.302613803821),
.UNSPECIFIED.) CURVE() GEOMETRIC_REPRESENTATION_ITEM() 
RATIONAL_B_SPLINE_CURVE((1.,1.,1.,1.,1.,1.,1.,1.,1.,1.,1.,1.,1.,1.,1.,1.
,1.,1.)) REPRESENTATION_ITEM('') );
#7652 = CARTESIAN_POINT('',(75.652703990942,57.748441711987,
    17.470023767017));
#7653 = CARTESIAN_POINT('',(75.677166193688,57.779032452812,
    17.513077780419));
#7654 = CARTESIAN_POINT('',(75.7019759347,57.810710364786,
    17.555587020414));
#7655 = CARTESIAN_POINT('',(75.727151218373,57.843511758035,
    17.597672373697));
#7656 = CARTESIAN_POINT('',(75.75279205249,57.877560897997,
    17.639532331336));
#7657 = CARTESIAN_POINT('',(75.779080448221,57.91307000542,
    17.681442988765));
#7658 = CARTESIAN_POINT('',(75.806280420129,57.950339256367,
    17.72375804579));
#7659 = CARTESIAN_POINT('',(75.834737986163,57.989756782209,
    17.766908806585));
#7660 = CARTESIAN_POINT('',(75.864881167664,58.031798669631,
    17.811404179694));
#7661 = CARTESIAN_POINT('',(76.23691811929,58.552143527632,
    18.345510619268));
#7662 = CARTESIAN_POINT('',(76.657726348311,59.148346734173,
    18.809869841803));
#7663 = CARTESIAN_POINT('',(77.085640118645,59.742734489753,
    19.128635494825));
#7664 = CARTESIAN_POINT('',(77.527696575034,60.373637899314,
    19.433599272193));
#7665 = CARTESIAN_POINT('',(78.006812501759,61.036524281123,
    19.6527218863));
#7666 = CARTESIAN_POINT('',(78.488861502854,61.717222274616,
    19.828675512831));
#7667 = CARTESIAN_POINT('',(78.990101824372,62.417217994758,
    19.942450702668));
#7668 = CARTESIAN_POINT('',(79.49487633182,63.124233351271,
    19.999999999996));
#7669 = CARTESIAN_POINT('',(80.,63.831406486677,20.));
#7670 = PCURVE('',#3125,#7671);
#7671 = DEFINITIONAL_REPRESENTATION('',(#7672),#7729);
#7672 = B_SPLINE_CURVE_WITH_KNOTS('',10,(#7673,#7674,#7675,#7676,#7677,
    #7678,#7679,#7680,#7681,#7682,#7683,#7684,#7685,#7686,#7687,#7688,
    #7689,#7690,#7691,#7692,#7693,#7694,#7695,#7696,#7697,#7698,#7699,
    #7700,#7701,#7702,#7703,#7704,#7705,#7706,#7707,#7708,#7709,#7710,
    #7711,#7712,#7713,#7714,#7715,#7716,#7717,#7718,#7719,#7720,#7721,
    #7722,#7723,#7724,#7725,#7726,#7727,#7728),.UNSPECIFIED.,.F.,.F.,(11
    ,9,9,9,9,9,11),(66.976423454082,67.434310350941,67.66325379937,
    67.8921972478,68.807971041517,70.639518628951,74.302613803821),
  .UNSPECIFIED.);
#7673 = CARTESIAN_POINT('',(-1.05410654103,48.365818626886));
#7674 = CARTESIAN_POINT('',(-1.047697709707,48.385614488392));
#7675 = CARTESIAN_POINT('',(-1.041313710814,48.405859713534));
#7676 = CARTESIAN_POINT('',(-1.034948401861,48.426563979581));
#7677 = CARTESIAN_POINT('',(-1.028592117027,48.447751001646));
#7678 = CARTESIAN_POINT('',(-1.022231667163,48.469458532985));
#7679 = CARTESIAN_POINT('',(-1.015850339793,48.491738364574));
#7680 = CARTESIAN_POINT('',(-1.009427899114,48.51465632559));
#7681 = CARTESIAN_POINT('',(-1.002940585994,48.538292282967));
#7682 = CARTESIAN_POINT('',(-0.996361117971,48.562740141725));
#7683 = CARTESIAN_POINT('',(-0.986307474902,48.600791696306));
#7684 = CARTESIAN_POINT('',(-0.982939578386,48.61364878605));
#7685 = CARTESIAN_POINT('',(-0.979437863798,48.627149670333));
#7686 = CARTESIAN_POINT('',(-0.976223858445,48.639591197821));
#7687 = CARTESIAN_POINT('',(-0.972320508151,48.654915462058));
#7688 = CARTESIAN_POINT('',(-0.969188009298,48.667222824151));
#7689 = CARTESIAN_POINT('',(-0.965376695801,48.682371741715));
#7690 = CARTESIAN_POINT('',(-0.961701270391,48.697058376155));
#7691 = CARTESIAN_POINT('',(-0.958045273834,48.711761683546));
#7692 = CARTESIAN_POINT('',(-0.950704999444,48.741465846842));
#7693 = CARTESIAN_POINT('',(-0.947031150305,48.756425067704));
#7694 = CARTESIAN_POINT('',(-0.943354130342,48.771488578188));
#7695 = CARTESIAN_POINT('',(-0.939674480678,48.786653528726));
#7696 = CARTESIAN_POINT('',(-0.935992742434,48.801917069688));
#7697 = CARTESIAN_POINT('',(-0.932309456732,48.817276351557));
#7698 = CARTESIAN_POINT('',(-0.928625164692,48.832728524669));
#7699 = CARTESIAN_POINT('',(-0.924940407438,48.8482707395));
#7700 = CARTESIAN_POINT('',(-0.92125572609,48.863900146427));
#7701 = CARTESIAN_POINT('',(-0.902835404489,48.942468893682));
#7702 = CARTESIAN_POINT('',(-0.888109401613,49.006673411984));
#7703 = CARTESIAN_POINT('',(-0.873416597787,49.072083279785));
#7704 = CARTESIAN_POINT('',(-0.85877615174,49.138570253738));
#7705 = CARTESIAN_POINT('',(-0.844203436295,49.206022018557));
#7706 = CARTESIAN_POINT('',(-0.829710038352,49.27434218643));
#7707 = CARTESIAN_POINT('',(-0.815303758909,49.343450297678));
#7708 = CARTESIAN_POINT('',(-0.800988613043,49.413281820166));
#7709 = CARTESIAN_POINT('',(-0.786764829922,49.483788149722));
#7710 = CARTESIAN_POINT('',(-0.744356898556,49.697233530267));
#7711 = CARTESIAN_POINT('',(-0.716449494686,49.842056618661));
#7712 = CARTESIAN_POINT('',(-0.688896547971,49.989087666661));
#7713 = CARTESIAN_POINT('',(-0.661676115004,50.138106585927));
#7714 = CARTESIAN_POINT('',(-0.634758062556,50.288969841255));
#7715 = CARTESIAN_POINT('',(-0.608107727938,50.441588883188));
#7716 = CARTESIAN_POINT('',(-0.58168957937,50.595908581161));
#7717 = CARTESIAN_POINT('',(-0.555470876337,50.751885656135));
#7718 = CARTESIAN_POINT('',(-0.529425329964,50.909467113622));
#7719 = CARTESIAN_POINT('',(-0.451759630191,51.386771802161));
#7720 = CARTESIAN_POINT('',(-0.400596645179,51.711113449541));
#7721 = CARTESIAN_POINT('',(-0.349880019152,52.041061243286));
#7722 = CARTESIAN_POINT('',(-0.299483008293,52.376042440326));
#7723 = CARTESIAN_POINT('',(-0.249312549741,52.71540257945));
#7724 = CARTESIAN_POINT('',(-0.199301749122,53.058386667806));
#7725 = CARTESIAN_POINT('',(-0.149402220014,53.404142900972));
#7726 = CARTESIAN_POINT('',(-9.957627536027E-02,53.751748920649));
#7727 = CARTESIAN_POINT('',(-4.978897080988E-02,54.100260605954));
#7728 = CARTESIAN_POINT('',(-7.85377E-12,54.448783401571));
#7729 = ( GEOMETRIC_REPRESENTATION_CONTEXT(2) 
PARAMETRIC_REPRESENTATION_CONTEXT() REPRESENTATION_CONTEXT('2D SPACE',''
  ) );
#7730 = PCURVE('',#7374,#7731);
#7731 = DEFINITIONAL_REPRESENTATION('',(#7732),#7736);
#7732 = LINE('',#7733,#7734);
#7733 = CARTESIAN_POINT('',(7.326190349738,0.));
#7734 = VECTOR('',#7735,1.);
#7735 = DIRECTION('',(0.,1.));
#7736 = ( GEOMETRIC_REPRESENTATION_CONTEXT(2) 
PARAMETRIC_REPRESENTATION_CONTEXT() REPRESENTATION_CONTEXT('2D SPACE',''
  ) );
#7737 = ORIENTED_EDGE('',*,*,#3109,.F.);
#7738 = ORIENTED_EDGE('',*,*,#7739,.T.);
#7739 = EDGE_CURVE('',#3110,#7740,#7742,.T.);
#7740 = VERTEX_POINT('',#7741);
#7741 = CARTESIAN_POINT('',(75.652703927076,12.251558414031,
    17.470023654612));
#7742 = SURFACE_CURVE('',#7743,(#7762,#7822),.PCURVE_S1.);
#7743 = ( BOUNDED_CURVE() B_SPLINE_CURVE(9,(#7744,#7745,#7746,#7747,
    #7748,#7749,#7750,#7751,#7752,#7753,#7754,#7755,#7756,#7757,#7758,
#7759,#7760,#7761),.UNSPECIFIED.,.F.,.F.) B_SPLINE_CURVE_WITH_KNOTS((10,
    8,10),(1.42426258E-08,6.689268867831,7.326060831071),.UNSPECIFIED.) 
CURVE() GEOMETRIC_REPRESENTATION_ITEM() RATIONAL_B_SPLINE_CURVE((1.,1.,
    1.,1.,1.,1.,1.,1.,1.,1.,1.,1.,1.,1.,1.,1.,1.,1.)) 
REPRESENTATION_ITEM('') );
#7744 = CARTESIAN_POINT('',(80.,6.168593513323,20.));
#7745 = CARTESIAN_POINT('',(79.494876300913,6.875766638433,
    19.999999996766));
#7746 = CARTESIAN_POINT('',(78.990102035199,7.582782204118,
    19.942450752351));
#7747 = CARTESIAN_POINT('',(78.488861019701,8.282777219179,
    19.828675310908));
#7748 = CARTESIAN_POINT('',(78.006812879386,8.963476871052,
    19.652722282212));
#7749 = CARTESIAN_POINT('',(77.527696984966,9.626359780177,
    19.433598689614));
#7750 = CARTESIAN_POINT('',(77.085638614459,10.257269266537,
    19.128636589825));
#7751 = CARTESIAN_POINT('',(76.65772754282,10.851649985378,
    18.809866698601));
#7752 = CARTESIAN_POINT('',(76.236924172,11.447848837528,18.345519201001
    ));
#7753 = CARTESIAN_POINT('',(75.864881817642,11.968200331581,
    17.811405123072));
#7754 = CARTESIAN_POINT('',(75.834738721007,12.010242069079,
    17.766909907242));
#7755 = CARTESIAN_POINT('',(75.806281051727,12.049659735059,
    17.72375902718));
#7756 = CARTESIAN_POINT('',(75.779080864212,12.086929295134,
    17.681443664436));
#7757 = CARTESIAN_POINT('',(75.752792211008,12.122438773645,
    17.639532610413));
#7758 = CARTESIAN_POINT('',(75.7271511428,12.156488253647,
    17.597672266373));
#7759 = CARTESIAN_POINT('',(75.701975708412,12.189289876923,
    17.555586643434));
#7760 = CARTESIAN_POINT('',(75.677165954804,12.220967843976,
    17.51307736257));
#7761 = CARTESIAN_POINT('',(75.652703927076,12.251558414031,
    17.470023654612));
#7762 = PCURVE('',#3125,#7763);
#7763 = DEFINITIONAL_REPRESENTATION('',(#7764),#7821);
#7764 = B_SPLINE_CURVE_WITH_KNOTS('',10,(#7765,#7766,#7767,#7768,#7769,
    #7770,#7771,#7772,#7773,#7774,#7775,#7776,#7777,#7778,#7779,#7780,
    #7781,#7782,#7783,#7784,#7785,#7786,#7787,#7788,#7789,#7790,#7791,
    #7792,#7793,#7794,#7795,#7796,#7797,#7798,#7799,#7800,#7801,#7802,
    #7803,#7804,#7805,#7806,#7807,#7808,#7809,#7810,#7811,#7812,#7813,
    #7814,#7815,#7816,#7817,#7818,#7819,#7820),.UNSPECIFIED.,.F.,.F.,(11
    ,9,9,9,9,9,11),(1.6433799614E-07,3.663030497704,5.494545664388,
    6.410303247729,6.639242643565,6.8681820394,7.326060831071),
  .UNSPECIFIED.);
#7765 = CARTESIAN_POINT('',(-2.680469113E-08,-3.214029437755));
#7766 = CARTESIAN_POINT('',(-4.978887642197E-02,-2.865507490446));
#7767 = CARTESIAN_POINT('',(-9.957604848462E-02,-2.516996638194));
#7768 = CARTESIAN_POINT('',(-0.149401870456,-2.169391456242));
#7769 = CARTESIAN_POINT('',(-0.199301283588,-1.823636062053));
#7770 = CARTESIAN_POINT('',(-0.24931196557,-1.480652798163));
#7771 = CARTESIAN_POINT('',(-0.299482297706,-1.141293450775));
#7772 = CARTESIAN_POINT('',(-0.349879176637,-0.806313004167));
#7773 = CARTESIAN_POINT('',(-0.40059567059,-0.476365930817));
#7774 = CARTESIAN_POINT('',(-0.451758520166,-0.152025017353));
#7775 = CARTESIAN_POINT('',(-0.529423965405,0.325278419338));
#7776 = CARTESIAN_POINT('',(-0.555469418717,0.48285943402));
#7777 = CARTESIAN_POINT('',(-0.581688019765,0.638836033993));
#7778 = CARTESIAN_POINT('',(-0.608106054649,0.793155214255));
#7779 = CARTESIAN_POINT('',(-0.634756260421,0.945773686929));
#7780 = CARTESIAN_POINT('',(-0.661674166099,1.096636319565));
#7781 = CARTESIAN_POINT('',(-0.688894433685,1.24565457344));
#7782 = CARTESIAN_POINT('',(-0.716447199186,1.392684941859));
#7783 = CARTESIAN_POINT('',(-0.744354413626,1.537507388457));
#7784 = CARTESIAN_POINT('',(-0.786762069291,1.750951984022));
#7785 = CARTESIAN_POINT('',(-0.800985762718,1.821458081383));
#7786 = CARTESIAN_POINT('',(-0.815300822264,1.891289411559));
#7787 = CARTESIAN_POINT('',(-0.82970702105,1.960397382441));
#7788 = CARTESIAN_POINT('',(-0.844200347414,2.028717475835));
#7789 = CARTESIAN_POINT('',(-0.858773004905,2.096169247454));
#7790 = CARTESIAN_POINT('',(-0.873413412285,2.162656326933));
#7791 = CARTESIAN_POINT('',(-0.888106203528,2.228066417812));
#7792 = CARTESIAN_POINT('',(-0.902832227821,2.29227129755));
#7793 = CARTESIAN_POINT('',(-0.92125263,2.370840697508));
#7794 = CARTESIAN_POINT('',(-0.924937330156,2.386470244985));
#7795 = CARTESIAN_POINT('',(-0.928622109099,2.402012610704));
#7796 = CARTESIAN_POINT('',(-0.932306425893,2.417464945424));
#7797 = CARTESIAN_POINT('',(-0.935989739605,2.432824399901));
#7798 = CARTESIAN_POINT('',(-0.939671509299,2.448088124895));
#7799 = CARTESIAN_POINT('',(-0.943351194041,2.463253271161));
#7800 = CARTESIAN_POINT('',(-0.947028252897,2.478316989459));
#7801 = CARTESIAN_POINT('',(-0.950702144932,2.493276430545));
#7802 = CARTESIAN_POINT('',(-0.958042513491,2.522981059811));
#7803 = CARTESIAN_POINT('',(-0.961698608411,2.537684804239));
#7804 = CARTESIAN_POINT('',(-0.965373794054,2.552370503712));
#7805 = CARTESIAN_POINT('',(-0.969185903818,2.567522637099));
#7806 = CARTESIAN_POINT('',(-0.972317695047,2.579827247418));
#7807 = CARTESIAN_POINT('',(-0.976221739455,2.595154286671));
#7808 = CARTESIAN_POINT('',(-0.979435556716,2.607595129219));
#7809 = CARTESIAN_POINT('',(-0.982937463257,2.621096808542));
#7810 = CARTESIAN_POINT('',(-0.986305453119,2.633954307549));
#7811 = CARTESIAN_POINT('',(-0.996359418793,2.67200724296));
#7812 = CARTESIAN_POINT('',(-1.002939107548,2.696456028921));
#7813 = CARTESIAN_POINT('',(-1.009426643926,2.720092901994));
#7814 = CARTESIAN_POINT('',(-1.015849306824,2.743011749772));
#7815 = CARTESIAN_POINT('',(-1.022230851393,2.765292422703));
#7816 = CARTESIAN_POINT('',(-1.028591509027,2.787000734059));
#7817 = CARTESIAN_POINT('',(-1.034947987375,2.808188459975));
#7818 = CARTESIAN_POINT('',(-1.041313470329,2.828893339411));
#7819 = CARTESIAN_POINT('',(-1.047697618036,2.849139074179));
#7820 = CARTESIAN_POINT('',(-1.054106566887,2.86893532893));
#7821 = ( GEOMETRIC_REPRESENTATION_CONTEXT(2) 
PARAMETRIC_REPRESENTATION_CONTEXT() REPRESENTATION_CONTEXT('2D SPACE',''
  ) );
#7822 = PCURVE('',#7148,#7823);
#7823 = DEFINITIONAL_REPRESENTATION('',(#7824),#7828);
#7824 = LINE('',#7825,#7826);
#7825 = CARTESIAN_POINT('',(7.326060816828,0.));
#7826 = VECTOR('',#7827,1.);
#7827 = DIRECTION('',(0.,1.));
#7828 = ( GEOMETRIC_REPRESENTATION_CONTEXT(2) 
PARAMETRIC_REPRESENTATION_CONTEXT() REPRESENTATION_CONTEXT('2D SPACE',''
  ) );
#7829 = ORIENTED_EDGE('',*,*,#7830,.T.);
#7830 = EDGE_CURVE('',#7740,#7512,#7831,.T.);
#7831 = SURFACE_CURVE('',#7832,(#7847,#7885),.PCURVE_S1.);
#7832 = ( BOUNDED_CURVE() B_SPLINE_CURVE(7,(#7833,#7834,#7835,#7836,
    #7837,#7838,#7839,#7840,#7841,#7842,#7843,#7844,#7845,#7846),
.UNSPECIFIED.,.F.,.F.) B_SPLINE_CURVE_WITH_KNOTS((8,6,8),(7.326060831071
,9.69136270924,11.248468366082),.UNSPECIFIED.) CURVE() 
GEOMETRIC_REPRESENTATION_ITEM() RATIONAL_B_SPLINE_CURVE((1.,1.,1.,1.,1.,
1.,1.,1.,1.,1.,1.,1.,1.,1.)) REPRESENTATION_ITEM('') );
#7833 = CARTESIAN_POINT('',(75.652703927076,12.251558414031,
    17.470023654612));
#7834 = CARTESIAN_POINT('',(75.535881580238,12.397648600206,
    17.264413749341));
#7835 = CARTESIAN_POINT('',(75.43364672694,12.548148694526,
    17.058225299138));
#7836 = CARTESIAN_POINT('',(75.338582618037,12.715824277928,
    16.839851756478));
#7837 = CARTESIAN_POINT('',(75.260531963428,12.887356273382,
    16.62440843359));
#7838 = CARTESIAN_POINT('',(75.19310015317,13.067215623488,
    16.406602123967));
#7839 = CARTESIAN_POINT('',(75.138539970371,13.253868764457,
    16.189487380209));
#7840 = CARTESIAN_POINT('',(75.067337601926,13.575230014094,
    15.830623653815));
#7841 = CARTESIAN_POINT('',(75.043931368993,13.707995234729,
    15.687285078584));
#7842 = CARTESIAN_POINT('',(75.026180213866,13.837795546431,
    15.547745040728));
#7843 = CARTESIAN_POINT('',(75.012759294868,13.972089777281,
    15.407831545437));
#7844 = CARTESIAN_POINT('',(75.004234815912,14.105831411329,
    15.27052639491));
#7845 = CARTESIAN_POINT('',(75.,14.24152461862,15.134418160082));
#7846 = CARTESIAN_POINT('',(75.,14.378409372699,15.));
#7847 = PCURVE('',#3125,#7848);
#7848 = DEFINITIONAL_REPRESENTATION('',(#7849),#7884);
#7849 = B_SPLINE_CURVE_WITH_KNOTS('',9,(#7850,#7851,#7852,#7853,#7854,
    #7855,#7856,#7857,#7858,#7859,#7860,#7861,#7862,#7863,#7864,#7865,
    #7866,#7867,#7868,#7869,#7870,#7871,#7872,#7873,#7874,#7875,#7876,
    #7877,#7878,#7879,#7880,#7881,#7882,#7883),.UNSPECIFIED.,.F.,.F.,(10
    ,8,8,8,10),(7.326060831071,9.287264598577,9.777565540453,
    10.26786648233,11.248468366082),.UNSPECIFIED.);
#7850 = CARTESIAN_POINT('',(-1.054106566887,2.86893532893));
#7851 = CARTESIAN_POINT('',(-1.08460773605,2.963148737242));
#7852 = CARTESIAN_POINT('',(-1.114571431657,3.059129423971));
#7853 = CARTESIAN_POINT('',(-1.144690782519,3.159914869942));
#7854 = CARTESIAN_POINT('',(-1.174824922952,3.265104992028));
#7855 = CARTESIAN_POINT('',(-1.204749827683,3.37374884806));
#7856 = CARTESIAN_POINT('',(-1.234393752062,3.485374969815));
#7857 = CARTESIAN_POINT('',(-1.263781184837,3.599924998346));
#7858 = CARTESIAN_POINT('',(-1.292909220812,3.717350296076));
#7859 = CARTESIAN_POINT('',(-1.328998020597,3.867701438398));
#7860 = CARTESIAN_POINT('',(-1.336200650744,3.897958732534));
#7861 = CARTESIAN_POINT('',(-1.343380061893,3.928328964104));
#7862 = CARTESIAN_POINT('',(-1.350569401319,3.959111564093));
#7863 = CARTESIAN_POINT('',(-1.357684424694,3.989547261669));
#7864 = CARTESIAN_POINT('',(-1.364872149208,4.020951495519));
#7865 = CARTESIAN_POINT('',(-1.371953197155,4.05172357453));
#7866 = CARTESIAN_POINT('',(-1.37907654526,4.08317637201));
#7867 = CARTESIAN_POINT('',(-1.393283997813,4.146348462999));
#7868 = CARTESIAN_POINT('',(-1.400374949875,4.178127850309));
#7869 = CARTESIAN_POINT('',(-1.407446269281,4.210037095091));
#7870 = CARTESIAN_POINT('',(-1.414493980609,4.242037728648));
#7871 = CARTESIAN_POINT('',(-1.421516306939,4.274110411089));
#7872 = CARTESIAN_POINT('',(-1.428512985349,4.306249044499));
#7873 = CARTESIAN_POINT('',(-1.435484582391,4.338454886094));
#7874 = CARTESIAN_POINT('',(-1.442431809587,4.370730661387));
#7875 = CARTESIAN_POINT('',(-1.463200897561,4.467762709276));
#7876 = CARTESIAN_POINT('',(-1.476949803202,4.532720637637));
#7877 = CARTESIAN_POINT('',(-1.490610002648,4.597994975256));
#7878 = CARTESIAN_POINT('',(-1.504181950766,4.663567189332));
#7879 = CARTESIAN_POINT('',(-1.517665572059,4.729414671315));
#7880 = CARTESIAN_POINT('',(-1.531063933711,4.795540867728));
#7881 = CARTESIAN_POINT('',(-1.54438313005,4.861974571884));
#7882 = CARTESIAN_POINT('',(-1.557628378474,4.928738376565));
#7883 = CARTESIAN_POINT('',(-1.570796326795,4.995786287598));
#7884 = ( GEOMETRIC_REPRESENTATION_CONTEXT(2) 
PARAMETRIC_REPRESENTATION_CONTEXT() REPRESENTATION_CONTEXT('2D SPACE',''
  ) );
#7885 = PCURVE('',#7886,#7929);
#7886 = ( BOUNDED_SURFACE() B_SPLINE_SURFACE(2,7,(
    (#7887,#7888,#7889,#7890,#7891,#7892,#7893,#7894,#7895,#7896,#7897
      ,#7898,#7899,#7900)
    ,(#7901,#7902,#7903,#7904,#7905,#7906,#7907,#7908,#7909,#7910,#7911
      ,#7912,#7913,#7914)
    ,(#7915,#7916,#7917,#7918,#7919,#7920,#7921,#7922,#7923,#7924,#7925
      ,#7926,#7927,#7928
)),.UNSPECIFIED.,.F.,.F.,.F.) B_SPLINE_SURFACE_WITH_KNOTS((3,3),(8,6,8),
  (0.,3.922407535011),(7.326060831071,9.69136270924,11.248468366082),
.UNSPECIFIED.) GEOMETRIC_REPRESENTATION_ITEM() RATIONAL_B_SPLINE_SURFACE
((
    (1.,1.,1.,1.,1.,1.,1.,1.,1.,1.,1.,1.,1.,1.)
    ,(0.784775933819,0.780544374047,0.776114801925,0.770587999346
      ,0.764799527574,0.758470814771,0.751581369685,0.739228227557
      ,0.733897338952,0.728894177936,0.723496904161,0.718182714783
      ,0.712697839569,0.707106781187)
,(1.,1.,1.,1.,1.,1.,1.,1.,1.,1.,1.,1.,1.,1.
))) REPRESENTATION_ITEM('') SURFACE() );
#7887 = CARTESIAN_POINT('',(73.807204416137,10.604194511273,
    17.307692307692));
#7888 = CARTESIAN_POINT('',(73.653180537357,10.771049131142,
    16.98698208305));
#7889 = CARTESIAN_POINT('',(73.517695583147,10.948312107056,
    16.65840885056));
#7890 = CARTESIAN_POINT('',(73.399510052867,11.132646713242,
    16.328838754018));
#7891 = CARTESIAN_POINT('',(73.300689063973,11.328997309126,
    15.992243590776));
#7892 = CARTESIAN_POINT('',(73.217996961191,11.526820006207,
    15.663123358503));
#7893 = CARTESIAN_POINT('',(73.155328559547,11.745133242307,
    15.316889770097));
#7894 = CARTESIAN_POINT('',(73.075570343373,12.074199907978,
    14.810690088305));
#7895 = CARTESIAN_POINT('',(73.049860324908,12.16888666958,
    14.66932789998));
#7896 = CARTESIAN_POINT('',(73.029216417442,12.292970745768,
    14.483837104863));
#7897 = CARTESIAN_POINT('',(73.014724434813,12.403718303653,
    14.324341438807));
#7898 = CARTESIAN_POINT('',(73.004749027044,12.522730389178,
    14.153995412441));
#7899 = CARTESIAN_POINT('',(73.,12.640992030247,13.988553945654));
#7900 = CARTESIAN_POINT('',(73.,12.761029715642,13.823529411783));
#7901 = CARTESIAN_POINT('',(75.299307574383,10.843336862741,
    16.848038284803));
#7902 = CARTESIAN_POINT('',(75.192466353552,10.984715079138,
    16.591134474156));
#7903 = CARTESIAN_POINT('',(75.101383866103,11.133078462979,
    16.328699739173));
#7904 = CARTESIAN_POINT('',(75.028258934824,11.288621637722,
    16.060989615904));
#7905 = CARTESIAN_POINT('',(74.972326587114,11.4488176603,
    15.793331042188));
#7906 = CARTESIAN_POINT('',(74.933040684566,11.613497727954,
    15.52598261766));
#7907 = CARTESIAN_POINT('',(74.910021963365,11.7817143106,
    15.260300742828));
#7908 = CARTESIAN_POINT('',(74.897718324424,12.063882178049,
    14.826773756298));
#7909 = CARTESIAN_POINT('',(74.900461188588,12.176198986931,14.657446397
    ));
#7910 = CARTESIAN_POINT('',(74.908183706073,12.291293330308,
    14.487167937609));
#7911 = CARTESIAN_POINT('',(74.922808583434,12.406880861461,
    14.319299621505));
#7912 = CARTESIAN_POINT('',(74.942780147781,12.523886989116,
    14.152507053977));
#7913 = CARTESIAN_POINT('',(74.968620315245,12.641933716364,
    13.987259341281));
#7914 = CARTESIAN_POINT('',(75.,12.761029715653,13.823529411768));
#7915 = CARTESIAN_POINT('',(75.652703927076,12.251558414031,
    17.470023654612));
#7916 = CARTESIAN_POINT('',(75.535881580238,12.397648600206,
    17.264413749341));
#7917 = CARTESIAN_POINT('',(75.43364672694,12.548148694526,
    17.058225299138));
#7918 = CARTESIAN_POINT('',(75.338582618037,12.715824277928,
    16.839851756478));
#7919 = CARTESIAN_POINT('',(75.260531963428,12.887356273382,
    16.62440843359));
#7920 = CARTESIAN_POINT('',(75.19310015317,13.067215623488,
    16.406602123967));
#7921 = CARTESIAN_POINT('',(75.138539970371,13.253868764457,
    16.189487380209));
#7922 = CARTESIAN_POINT('',(75.067337601926,13.575230014094,
    15.830623653815));
#7923 = CARTESIAN_POINT('',(75.043931368993,13.707995234729,
    15.687285078584));
#7924 = CARTESIAN_POINT('',(75.026180213866,13.837795546431,
    15.547745040728));
#7925 = CARTESIAN_POINT('',(75.012759294868,13.972089777281,
    15.407831545437));
#7926 = CARTESIAN_POINT('',(75.004234815912,14.105831411329,
    15.27052639491));
#7927 = CARTESIAN_POINT('',(75.,14.24152461862,15.134418160082));
#7928 = CARTESIAN_POINT('',(75.,14.378409372699,15.));
#7929 = DEFINITIONAL_REPRESENTATION('',(#7930),#7934);
#7930 = LINE('',#7931,#7932);
#7931 = CARTESIAN_POINT('',(3.922407535011,0.));
#7932 = VECTOR('',#7933,1.);
#7933 = DIRECTION('',(0.,1.));
#7934 = ( GEOMETRIC_REPRESENTATION_CONTEXT(2) 
PARAMETRIC_REPRESENTATION_CONTEXT() REPRESENTATION_CONTEXT('2D SPACE',''
  ) );
#7935 = ADVANCED_FACE('',(#7936,#7946,#7981),#3347,.F.);
#7936 = FACE_BOUND('',#7937,.F.);
#7937 = EDGE_LOOP('',(#7938,#7939,#7940,#7941,#7942,#7943,#7944,#7945));
#7938 = ORIENTED_EDGE('',*,*,#3436,.T.);
#7939 = ORIENTED_EDGE('',*,*,#3535,.T.);
#7940 = ORIENTED_EDGE('',*,*,#3656,.T.);
#7941 = ORIENTED_EDGE('',*,*,#4230,.T.);
#7942 = ORIENTED_EDGE('',*,*,#3585,.T.);
#7943 = ORIENTED_EDGE('',*,*,#3485,.T.);
#7944 = ORIENTED_EDGE('',*,*,#3387,.T.);
#7945 = ORIENTED_EDGE('',*,*,#3332,.T.);
#7946 = FACE_BOUND('',#7947,.F.);
#7947 = EDGE_LOOP('',(#7948));
#7948 = ORIENTED_EDGE('',*,*,#7949,.T.);
#7949 = EDGE_CURVE('',#7950,#7950,#7952,.T.);
#7950 = VERTEX_POINT('',#7951);
#7951 = CARTESIAN_POINT('',(-68.55,-30.,0.));
#7952 = SURFACE_CURVE('',#7953,(#7958,#7969),.PCURVE_S1.);
#7953 = CIRCLE('',#7954,2.7);
#7954 = AXIS2_PLACEMENT_3D('',#7955,#7956,#7957);
#7955 = CARTESIAN_POINT('',(-71.25,-30.,0.));
#7956 = DIRECTION('',(0.,0.,-1.));
#7957 = DIRECTION('',(1.,0.,0.));
#7958 = PCURVE('',#3347,#7959);
#7959 = DEFINITIONAL_REPRESENTATION('',(#7960),#7968);
#7960 = ( BOUNDED_CURVE() B_SPLINE_CURVE(2,(#7961,#7962,#7963,#7964,
#7965,#7966,#7967),.UNSPECIFIED.,.T.,.F.) B_SPLINE_CURVE_WITH_KNOTS((1,2
    ,2,2,2,1),(-2.094395102393,0.,2.094395102393,4.188790204786,
6.28318530718,8.377580409573),.UNSPECIFIED.) CURVE() 
GEOMETRIC_REPRESENTATION_ITEM() RATIONAL_B_SPLINE_CURVE((1.,0.5,1.,0.5,
1.,0.5,1.)) REPRESENTATION_ITEM('') );
#7961 = CARTESIAN_POINT('',(-68.55,-30.));
#7962 = CARTESIAN_POINT('',(-68.55,-34.67653718043));
#7963 = CARTESIAN_POINT('',(-72.6,-32.33826859021));
#7964 = CARTESIAN_POINT('',(-76.65,-30.));
#7965 = CARTESIAN_POINT('',(-72.6,-27.66173140978));
#7966 = CARTESIAN_POINT('',(-68.55,-25.32346281956));
#7967 = CARTESIAN_POINT('',(-68.55,-30.));
#7968 = ( GEOMETRIC_REPRESENTATION_CONTEXT(2) 
PARAMETRIC_REPRESENTATION_CONTEXT() REPRESENTATION_CONTEXT('2D SPACE',''
  ) );
#7969 = PCURVE('',#7970,#7975);
#7970 = CYLINDRICAL_SURFACE('',#7971,2.7);
#7971 = AXIS2_PLACEMENT_3D('',#7972,#7973,#7974);
#7972 = CARTESIAN_POINT('',(-71.25,-30.,3.9));
#7973 = DIRECTION('',(-0.,-0.,-1.));
#7974 = DIRECTION('',(1.,0.,0.));
#7975 = DEFINITIONAL_REPRESENTATION('',(#7976),#7980);
#7976 = LINE('',#7977,#7978);
#7977 = CARTESIAN_POINT('',(-6.28318530718,3.9));
#7978 = VECTOR('',#7979,1.);
#7979 = DIRECTION('',(1.,-0.));
#7980 = ( GEOMETRIC_REPRESENTATION_CONTEXT(2) 
PARAMETRIC_REPRESENTATION_CONTEXT() REPRESENTATION_CONTEXT('2D SPACE',''
  ) );
#7981 = FACE_BOUND('',#7982,.F.);
#7982 = EDGE_LOOP('',(#7983));
#7983 = ORIENTED_EDGE('',*,*,#7984,.T.);
#7984 = EDGE_CURVE('',#7985,#7985,#7987,.T.);
#7985 = VERTEX_POINT('',#7986);
#7986 = CARTESIAN_POINT('',(-46.05,-30.,0.));
#7987 = SURFACE_CURVE('',#7988,(#7993,#8004),.PCURVE_S1.);
#7988 = CIRCLE('',#7989,2.7);
#7989 = AXIS2_PLACEMENT_3D('',#7990,#7991,#7992);
#7990 = CARTESIAN_POINT('',(-48.75,-30.,0.));
#7991 = DIRECTION('',(0.,0.,-1.));
#7992 = DIRECTION('',(1.,0.,0.));
#7993 = PCURVE('',#3347,#7994);
#7994 = DEFINITIONAL_REPRESENTATION('',(#7995),#8003);
#7995 = ( BOUNDED_CURVE() B_SPLINE_CURVE(2,(#7996,#7997,#7998,#7999,
#8000,#8001,#8002),.UNSPECIFIED.,.T.,.F.) B_SPLINE_CURVE_WITH_KNOTS((1,2
    ,2,2,2,1),(-2.094395102393,0.,2.094395102393,4.188790204786,
6.28318530718,8.377580409573),.UNSPECIFIED.) CURVE() 
GEOMETRIC_REPRESENTATION_ITEM() RATIONAL_B_SPLINE_CURVE((1.,0.5,1.,0.5,
1.,0.5,1.)) REPRESENTATION_ITEM('') );
#7996 = CARTESIAN_POINT('',(-46.05,-30.));
#7997 = CARTESIAN_POINT('',(-46.05,-34.67653718043));
#7998 = CARTESIAN_POINT('',(-50.1,-32.33826859021));
#7999 = CARTESIAN_POINT('',(-54.15,-30.));
#8000 = CARTESIAN_POINT('',(-50.1,-27.66173140978));
#8001 = CARTESIAN_POINT('',(-46.05,-25.32346281956));
#8002 = CARTESIAN_POINT('',(-46.05,-30.));
#8003 = ( GEOMETRIC_REPRESENTATION_CONTEXT(2) 
PARAMETRIC_REPRESENTATION_CONTEXT() REPRESENTATION_CONTEXT('2D SPACE',''
  ) );
#8004 = PCURVE('',#8005,#8010);
#8005 = CYLINDRICAL_SURFACE('',#8006,2.7);
#8006 = AXIS2_PLACEMENT_3D('',#8007,#8008,#8009);
#8007 = CARTESIAN_POINT('',(-48.75,-30.,3.9));
#8008 = DIRECTION('',(-0.,-0.,-1.));
#8009 = DIRECTION('',(1.,0.,0.));
#8010 = DEFINITIONAL_REPRESENTATION('',(#8011),#8015);
#8011 = LINE('',#8012,#8013);
#8012 = CARTESIAN_POINT('',(-6.28318530718,3.9));
#8013 = VECTOR('',#8014,1.);
#8014 = DIRECTION('',(1.,-0.));
#8015 = ( GEOMETRIC_REPRESENTATION_CONTEXT(2) 
PARAMETRIC_REPRESENTATION_CONTEXT() REPRESENTATION_CONTEXT('2D SPACE',''
  ) );
#8016 = ADVANCED_FACE('',(#8017),#4032,.F.);
#8017 = FACE_BOUND('',#8018,.F.);
#8018 = EDGE_LOOP('',(#8019,#8020,#8051));
#8019 = ORIENTED_EDGE('',*,*,#3978,.F.);
#8020 = ORIENTED_EDGE('',*,*,#8021,.T.);
#8021 = EDGE_CURVE('',#3951,#8022,#8024,.T.);
#8022 = VERTEX_POINT('',#8023);
#8023 = CARTESIAN_POINT('',(-42.,-68.,5.));
#8024 = SURFACE_CURVE('',#8025,(#8034,#8041),.PCURVE_S1.);
#8025 = B_SPLINE_CURVE_WITH_KNOTS('',7,(#8026,#8027,#8028,#8029,#8030,
    #8031,#8032,#8033),.UNSPECIFIED.,.F.,.F.,(8,8),(0.,1.),
  .PIECEWISE_BEZIER_KNOTS.);
#8026 = CARTESIAN_POINT('',(-42.,-70.,3.));
#8027 = CARTESIAN_POINT('',(-42.,-70.,3.448798950513));
#8028 = CARTESIAN_POINT('',(-42.,-69.88250222689,3.897595729967));
#8029 = CARTESIAN_POINT('',(-42.,-69.6475254444,4.309493881646));
#8030 = CARTESIAN_POINT('',(-41.99999999999,-69.30949388164,
    4.647525444404));
#8031 = CARTESIAN_POINT('',(-42.,-68.89759572997,4.882502226897));
#8032 = CARTESIAN_POINT('',(-42.,-68.44879895051,5.));
#8033 = CARTESIAN_POINT('',(-42.,-68.,5.));
#8034 = PCURVE('',#4032,#8035);
#8035 = DEFINITIONAL_REPRESENTATION('',(#8036),#8040);
#8036 = LINE('',#8037,#8038);
#8037 = CARTESIAN_POINT('',(0.,0.));
#8038 = VECTOR('',#8039,1.);
#8039 = DIRECTION('',(1.,0.));
#8040 = ( GEOMETRIC_REPRESENTATION_CONTEXT(2) 
PARAMETRIC_REPRESENTATION_CONTEXT() REPRESENTATION_CONTEXT('2D SPACE',''
  ) );
#8041 = PCURVE('',#3966,#8042);
#8042 = DEFINITIONAL_REPRESENTATION('',(#8043),#8050);
#8043 = B_SPLINE_CURVE_WITH_KNOTS('',5,(#8044,#8045,#8046,#8047,#8048,
    #8049),.UNSPECIFIED.,.F.,.F.,(6,6),(0.,1.),
  .PIECEWISE_BEZIER_KNOTS.);
#8044 = CARTESIAN_POINT('',(0.,36.));
#8045 = CARTESIAN_POINT('',(-0.314159265359,36.));
#8046 = CARTESIAN_POINT('',(-0.628318527226,36.));
#8047 = CARTESIAN_POINT('',(-0.942477799569,36.));
#8048 = CARTESIAN_POINT('',(-1.256637061436,36.));
#8049 = CARTESIAN_POINT('',(-1.570796326795,36.));
#8050 = ( GEOMETRIC_REPRESENTATION_CONTEXT(2) 
PARAMETRIC_REPRESENTATION_CONTEXT() REPRESENTATION_CONTEXT('2D SPACE',''
  ) );
#8051 = ORIENTED_EDGE('',*,*,#8052,.T.);
#8052 = EDGE_CURVE('',#8022,#3610,#8053,.T.);
#8053 = SURFACE_CURVE('',#8054,(#8078,#8085),.PCURVE_S1.);
#8054 = B_SPLINE_CURVE_WITH_KNOTS('',8,(#8055,#8056,#8057,#8058,#8059,
    #8060,#8061,#8062,#8063,#8064,#8065,#8066,#8067,#8068,#8069,#8070,
    #8071,#8072,#8073,#8074,#8075,#8076,#8077),.UNSPECIFIED.,.F.,.F.,(9,
    7,7,9),(0.,0.25,0.5,1.),.UNSPECIFIED.);
#8055 = CARTESIAN_POINT('',(-42.,-68.,5.));
#8056 = CARTESIAN_POINT('',(-41.90182522957,-68.0625,5.));
#8057 = CARTESIAN_POINT('',(-41.80365045915,-68.125,5.005507591742));
#8058 = CARTESIAN_POINT('',(-41.70583615976,-68.18749999999,
    5.016522775225));
#8059 = CARTESIAN_POINT('',(-41.60874280243,-68.25,5.033017239122));
#8060 = CARTESIAN_POINT('',(-41.5127280788,-68.31249999999,
    5.054934360769));
#8061 = CARTESIAN_POINT('',(-41.41814412139,-68.375,5.082189570025));
#8062 = CARTESIAN_POINT('',(-41.32533479627,-68.4375,5.11467107686));
#8063 = CARTESIAN_POINT('',(-41.14393147426,-68.5625,5.189810793095));
#8064 = CARTESIAN_POINT('',(-41.05533743316,-68.625,5.2324689328));
#8065 = CARTESIAN_POINT('',(-40.9691841829,-68.6875,5.280077632254));
#8066 = CARTESIAN_POINT('',(-40.88579382035,-68.75,5.332472610743));
#8067 = CARTESIAN_POINT('',(-40.80547506195,-68.8125,5.389464569706));
#8068 = CARTESIAN_POINT('',(-40.72852093744,-68.875,5.450840733759));
#8069 = CARTESIAN_POINT('',(-40.65520648353,-68.9375,5.516366391718));
#8070 = CARTESIAN_POINT('',(-40.44694634581,-69.125,5.724626529444));
#8071 = CARTESIAN_POINT('',(-40.3236841804,-69.25,5.879044216388));
#8072 = CARTESIAN_POINT('',(-40.21803857861,-69.37499999999,
    6.047001402364));
#8073 = CARTESIAN_POINT('',(-40.13172926262,-69.5,6.226136922393));
#8074 = CARTESIAN_POINT('',(-40.06609122427,-69.62499999999,
    6.413834765972));
#8075 = CARTESIAN_POINT('',(-40.02203028055,-69.75,6.607301152557));
#8076 = CARTESIAN_POINT('',(-40.,-69.875,6.803650459151));
#8077 = CARTESIAN_POINT('',(-40.,-70.,7.));
#8078 = PCURVE('',#4032,#8079);
#8079 = DEFINITIONAL_REPRESENTATION('',(#8080),#8084);
#8080 = LINE('',#8081,#8082);
#8081 = CARTESIAN_POINT('',(1.,0.));
#8082 = VECTOR('',#8083,1.);
#8083 = DIRECTION('',(0.,1.));
#8084 = ( GEOMETRIC_REPRESENTATION_CONTEXT(2) 
PARAMETRIC_REPRESENTATION_CONTEXT() REPRESENTATION_CONTEXT('2D SPACE',''
  ) );
#8085 = PCURVE('',#4403,#8086);
#8086 = DEFINITIONAL_REPRESENTATION('',(#8087),#8090);
#8087 = B_SPLINE_CURVE_WITH_KNOTS('',1,(#8088,#8089),.UNSPECIFIED.,.F.,
  .F.,(2,2),(0.,1.),.PIECEWISE_BEZIER_KNOTS.);
#8088 = CARTESIAN_POINT('',(-1.570796326795,0.));
#8089 = CARTESIAN_POINT('',(0.,2.));
#8090 = ( GEOMETRIC_REPRESENTATION_CONTEXT(2) 
PARAMETRIC_REPRESENTATION_CONTEXT() REPRESENTATION_CONTEXT('2D SPACE',''
  ) );
#8091 = ADVANCED_FACE('',(#8092),#3966,.T.);
#8092 = FACE_BOUND('',#8093,.F.);
#8093 = EDGE_LOOP('',(#8094,#8095,#8126,#8152));
#8094 = ORIENTED_EDGE('',*,*,#3950,.F.);
#8095 = ORIENTED_EDGE('',*,*,#8096,.T.);
#8096 = EDGE_CURVE('',#3703,#8097,#8099,.T.);
#8097 = VERTEX_POINT('',#8098);
#8098 = CARTESIAN_POINT('',(-76.,-68.,5.));
#8099 = SURFACE_CURVE('',#8100,(#8109,#8119),.PCURVE_S1.);
#8100 = B_SPLINE_CURVE_WITH_KNOTS('',7,(#8101,#8102,#8103,#8104,#8105,
    #8106,#8107,#8108),.UNSPECIFIED.,.F.,.F.,(8,8),(0.,1.),
  .PIECEWISE_BEZIER_KNOTS.);
#8101 = CARTESIAN_POINT('',(-76.,-70.,3.));
#8102 = CARTESIAN_POINT('',(-76.,-70.,3.448798950513));
#8103 = CARTESIAN_POINT('',(-75.99999999999,-69.88250222689,
    3.897595729967));
#8104 = CARTESIAN_POINT('',(-76.,-69.6475254444,4.309493881646));
#8105 = CARTESIAN_POINT('',(-75.99999999999,-69.30949388164,
    4.647525444404));
#8106 = CARTESIAN_POINT('',(-76.,-68.89759572997,4.882502226897));
#8107 = CARTESIAN_POINT('',(-76.,-68.44879895051,5.));
#8108 = CARTESIAN_POINT('',(-76.,-68.,5.));
#8109 = PCURVE('',#3966,#8110);
#8110 = DEFINITIONAL_REPRESENTATION('',(#8111),#8118);
#8111 = B_SPLINE_CURVE_WITH_KNOTS('',5,(#8112,#8113,#8114,#8115,#8116,
    #8117),.UNSPECIFIED.,.F.,.F.,(6,6),(0.,1.),
  .PIECEWISE_BEZIER_KNOTS.);
#8112 = CARTESIAN_POINT('',(0.,2.));
#8113 = CARTESIAN_POINT('',(-0.314159265359,2.));
#8114 = CARTESIAN_POINT('',(-0.628318527226,2.));
#8115 = CARTESIAN_POINT('',(-0.942477799569,2.));
#8116 = CARTESIAN_POINT('',(-1.256637061436,2.));
#8117 = CARTESIAN_POINT('',(-1.570796326795,2.));
#8118 = ( GEOMETRIC_REPRESENTATION_CONTEXT(2) 
PARAMETRIC_REPRESENTATION_CONTEXT() REPRESENTATION_CONTEXT('2D SPACE',''
  ) );
#8119 = PCURVE('',#3758,#8120);
#8120 = DEFINITIONAL_REPRESENTATION('',(#8121),#8125);
#8121 = LINE('',#8122,#8123);
#8122 = CARTESIAN_POINT('',(0.,0.));
#8123 = VECTOR('',#8124,1.);
#8124 = DIRECTION('',(1.,0.));
#8125 = ( GEOMETRIC_REPRESENTATION_CONTEXT(2) 
PARAMETRIC_REPRESENTATION_CONTEXT() REPRESENTATION_CONTEXT('2D SPACE',''
  ) );
#8126 = ORIENTED_EDGE('',*,*,#8127,.T.);
#8127 = EDGE_CURVE('',#8097,#8022,#8128,.T.);
#8128 = SURFACE_CURVE('',#8129,(#8133,#8140),.PCURVE_S1.);
#8129 = LINE('',#8130,#8131);
#8130 = CARTESIAN_POINT('',(-78.,-68.,5.));
#8131 = VECTOR('',#8132,1.);
#8132 = DIRECTION('',(1.,0.,0.));
#8133 = PCURVE('',#3966,#8134);
#8134 = DEFINITIONAL_REPRESENTATION('',(#8135),#8139);
#8135 = LINE('',#8136,#8137);
#8136 = CARTESIAN_POINT('',(-1.570796326795,0.));
#8137 = VECTOR('',#8138,1.);
#8138 = DIRECTION('',(-0.,1.));
#8139 = ( GEOMETRIC_REPRESENTATION_CONTEXT(2) 
PARAMETRIC_REPRESENTATION_CONTEXT() REPRESENTATION_CONTEXT('2D SPACE',''
  ) );
#8140 = PCURVE('',#8141,#8146);
#8141 = PLANE('',#8142);
#8142 = AXIS2_PLACEMENT_3D('',#8143,#8144,#8145);
#8143 = CARTESIAN_POINT('',(-59.,-34.24953056565,5.));
#8144 = DIRECTION('',(0.,0.,1.));
#8145 = DIRECTION('',(1.,0.,0.));
#8146 = DEFINITIONAL_REPRESENTATION('',(#8147),#8151);
#8147 = LINE('',#8148,#8149);
#8148 = CARTESIAN_POINT('',(-19.,-33.75046943434));
#8149 = VECTOR('',#8150,1.);
#8150 = DIRECTION('',(1.,0.));
#8151 = ( GEOMETRIC_REPRESENTATION_CONTEXT(2) 
PARAMETRIC_REPRESENTATION_CONTEXT() REPRESENTATION_CONTEXT('2D SPACE',''
  ) );
#8152 = ORIENTED_EDGE('',*,*,#8021,.F.);
#8153 = ADVANCED_FACE('',(#8154),#3758,.T.);
#8154 = FACE_BOUND('',#8155,.T.);
#8155 = EDGE_LOOP('',(#8156,#8157,#8158));
#8156 = ORIENTED_EDGE('',*,*,#3702,.F.);
#8157 = ORIENTED_EDGE('',*,*,#8096,.T.);
#8158 = ORIENTED_EDGE('',*,*,#8159,.T.);
#8159 = EDGE_CURVE('',#8097,#3680,#8160,.T.);
#8160 = SURFACE_CURVE('',#8161,(#8185,#8192),.PCURVE_S1.);
#8161 = B_SPLINE_CURVE_WITH_KNOTS('',8,(#8162,#8163,#8164,#8165,#8166,
    #8167,#8168,#8169,#8170,#8171,#8172,#8173,#8174,#8175,#8176,#8177,
    #8178,#8179,#8180,#8181,#8182,#8183,#8184),.UNSPECIFIED.,.F.,.F.,(9,
    7,7,9),(0.,0.25,0.5,1.),.UNSPECIFIED.);
#8162 = CARTESIAN_POINT('',(-76.,-68.,5.));
#8163 = CARTESIAN_POINT('',(-76.09817477042,-68.0625,5.));
#8164 = CARTESIAN_POINT('',(-76.19634954085,-68.125,5.005507591742));
#8165 = CARTESIAN_POINT('',(-76.29416384023,-68.18749999999,
    5.016522775224));
#8166 = CARTESIAN_POINT('',(-76.39125719756,-68.25,5.033017239122));
#8167 = CARTESIAN_POINT('',(-76.48727192119,-68.31249999999,
    5.054934360769));
#8168 = CARTESIAN_POINT('',(-76.58185587861,-68.375,5.082189570025));
#8169 = CARTESIAN_POINT('',(-76.67466520372,-68.4375,5.11467107686));
#8170 = CARTESIAN_POINT('',(-76.85606852573,-68.5625,5.189810793095));
#8171 = CARTESIAN_POINT('',(-76.94466256684,-68.625,5.2324689328));
#8172 = CARTESIAN_POINT('',(-77.0308158171,-68.6875,5.280077632254));
#8173 = CARTESIAN_POINT('',(-77.11420617964,-68.75,5.332472610743));
#8174 = CARTESIAN_POINT('',(-77.19452493805,-68.8125,5.389464569706));
#8175 = CARTESIAN_POINT('',(-77.27147906256,-68.875,5.450840733759));
#8176 = CARTESIAN_POINT('',(-77.34479351646,-68.9375,5.516366391718));
#8177 = CARTESIAN_POINT('',(-77.55305365419,-69.125,5.724626529444));
#8178 = CARTESIAN_POINT('',(-77.67631581959,-69.25,5.879044216388));
#8179 = CARTESIAN_POINT('',(-77.78196142138,-69.37499999999,
    6.047001402364));
#8180 = CARTESIAN_POINT('',(-77.86827073738,-69.5,6.226136922393));
#8181 = CARTESIAN_POINT('',(-77.93390877572,-69.62499999999,
    6.413834765972));
#8182 = CARTESIAN_POINT('',(-77.97796971945,-69.75,6.607301152557));
#8183 = CARTESIAN_POINT('',(-77.99999999999,-69.875,6.803650459151));
#8184 = CARTESIAN_POINT('',(-78.,-70.,7.));
#8185 = PCURVE('',#3758,#8186);
#8186 = DEFINITIONAL_REPRESENTATION('',(#8187),#8191);
#8187 = LINE('',#8188,#8189);
#8188 = CARTESIAN_POINT('',(1.,0.));
#8189 = VECTOR('',#8190,1.);
#8190 = DIRECTION('',(0.,1.));
#8191 = ( GEOMETRIC_REPRESENTATION_CONTEXT(2) 
PARAMETRIC_REPRESENTATION_CONTEXT() REPRESENTATION_CONTEXT('2D SPACE',''
  ) );
#8192 = PCURVE('',#4294,#8193);
#8193 = DEFINITIONAL_REPRESENTATION('',(#8194),#8197);
#8194 = B_SPLINE_CURVE_WITH_KNOTS('',1,(#8195,#8196),.UNSPECIFIED.,.F.,
  .F.,(2,2),(0.,1.),.PIECEWISE_BEZIER_KNOTS.);
#8195 = CARTESIAN_POINT('',(-1.570796326795,2.));
#8196 = CARTESIAN_POINT('',(0.,0.));
#8197 = ( GEOMETRIC_REPRESENTATION_CONTEXT(2) 
PARAMETRIC_REPRESENTATION_CONTEXT() REPRESENTATION_CONTEXT('2D SPACE',''
  ) );
#8198 = ADVANCED_FACE('',(#8199),#4294,.F.);
#8199 = FACE_BOUND('',#8200,.T.);
#8200 = EDGE_LOOP('',(#8201,#8202,#8224));
#8201 = ORIENTED_EDGE('',*,*,#8159,.F.);
#8202 = ORIENTED_EDGE('',*,*,#8203,.F.);
#8203 = EDGE_CURVE('',#4258,#8097,#8204,.T.);
#8204 = SURFACE_CURVE('',#8205,(#8210,#8217),.PCURVE_S1.);
#8205 = CIRCLE('',#8206,2.);
#8206 = AXIS2_PLACEMENT_3D('',#8207,#8208,#8209);
#8207 = CARTESIAN_POINT('',(-76.,-68.,7.));
#8208 = DIRECTION('',(0.,-1.,0.));
#8209 = DIRECTION('',(-1.,0.,0.));
#8210 = PCURVE('',#4294,#8211);
#8211 = DEFINITIONAL_REPRESENTATION('',(#8212),#8216);
#8212 = LINE('',#8213,#8214);
#8213 = CARTESIAN_POINT('',(-0.,2.));
#8214 = VECTOR('',#8215,1.);
#8215 = DIRECTION('',(-1.,0.));
#8216 = ( GEOMETRIC_REPRESENTATION_CONTEXT(2) 
PARAMETRIC_REPRESENTATION_CONTEXT() REPRESENTATION_CONTEXT('2D SPACE',''
  ) );
#8217 = PCURVE('',#4327,#8218);
#8218 = DEFINITIONAL_REPRESENTATION('',(#8219),#8223);
#8219 = LINE('',#8220,#8221);
#8220 = CARTESIAN_POINT('',(-1.78E-15,3.14159265359));
#8221 = VECTOR('',#8222,1.);
#8222 = DIRECTION('',(0.,1.));
#8223 = ( GEOMETRIC_REPRESENTATION_CONTEXT(2) 
PARAMETRIC_REPRESENTATION_CONTEXT() REPRESENTATION_CONTEXT('2D SPACE',''
  ) );
#8224 = ORIENTED_EDGE('',*,*,#4280,.F.);
#8225 = ADVANCED_FACE('',(#8226),#4327,.F.);
#8226 = FACE_BOUND('',#8227,.F.);
#8227 = EDGE_LOOP('',(#8228,#8229,#8230,#8254));
#8228 = ORIENTED_EDGE('',*,*,#8203,.F.);
#8229 = ORIENTED_EDGE('',*,*,#4310,.T.);
#8230 = ORIENTED_EDGE('',*,*,#8231,.T.);
#8231 = EDGE_CURVE('',#4311,#8232,#8234,.T.);
#8232 = VERTEX_POINT('',#8233);
#8233 = CARTESIAN_POINT('',(-81.,-63.,5.));
#8234 = SURFACE_CURVE('',#8235,(#8240,#8247),.PCURVE_S1.);
#8235 = CIRCLE('',#8236,2.);
#8236 = AXIS2_PLACEMENT_3D('',#8237,#8238,#8239);
#8237 = CARTESIAN_POINT('',(-81.,-63.,7.));
#8238 = DIRECTION('',(1.,-7.3E-16,0.));
#8239 = DIRECTION('',(7.3E-16,1.,0.));
#8240 = PCURVE('',#4327,#8241);
#8241 = DEFINITIONAL_REPRESENTATION('',(#8242),#8246);
#8242 = LINE('',#8243,#8244);
#8243 = CARTESIAN_POINT('',(1.570796326795,0.));
#8244 = VECTOR('',#8245,1.);
#8245 = DIRECTION('',(0.,1.));
#8246 = ( GEOMETRIC_REPRESENTATION_CONTEXT(2) 
PARAMETRIC_REPRESENTATION_CONTEXT() REPRESENTATION_CONTEXT('2D SPACE',''
  ) );
#8247 = PCURVE('',#4455,#8248);
#8248 = DEFINITIONAL_REPRESENTATION('',(#8249),#8253);
#8249 = LINE('',#8250,#8251);
#8250 = CARTESIAN_POINT('',(3.14159265359,-0.));
#8251 = VECTOR('',#8252,1.);
#8252 = DIRECTION('',(-1.,0.));
#8253 = ( GEOMETRIC_REPRESENTATION_CONTEXT(2) 
PARAMETRIC_REPRESENTATION_CONTEXT() REPRESENTATION_CONTEXT('2D SPACE',''
  ) );
#8254 = ORIENTED_EDGE('',*,*,#8255,.F.);
#8255 = EDGE_CURVE('',#8097,#8232,#8256,.T.);
#8256 = SURFACE_CURVE('',#8257,(#8262,#8269),.PCURVE_S1.);
#8257 = CIRCLE('',#8258,5.);
#8258 = AXIS2_PLACEMENT_3D('',#8259,#8260,#8261);
#8259 = CARTESIAN_POINT('',(-81.,-68.,5.));
#8260 = DIRECTION('',(0.,0.,1.));
#8261 = DIRECTION('',(1.,0.,0.));
#8262 = PCURVE('',#4327,#8263);
#8263 = DEFINITIONAL_REPRESENTATION('',(#8264),#8268);
#8264 = LINE('',#8265,#8266);
#8265 = CARTESIAN_POINT('',(0.,4.712388980385));
#8266 = VECTOR('',#8267,1.);
#8267 = DIRECTION('',(1.,0.));
#8268 = ( GEOMETRIC_REPRESENTATION_CONTEXT(2) 
PARAMETRIC_REPRESENTATION_CONTEXT() REPRESENTATION_CONTEXT('2D SPACE',''
  ) );
#8269 = PCURVE('',#8141,#8270);
#8270 = DEFINITIONAL_REPRESENTATION('',(#8271),#8275);
#8271 = CIRCLE('',#8272,5.);
#8272 = AXIS2_PLACEMENT_2D('',#8273,#8274);
#8273 = CARTESIAN_POINT('',(-22.,-33.75046943434));
#8274 = DIRECTION('',(1.,0.));
#8275 = ( GEOMETRIC_REPRESENTATION_CONTEXT(2) 
PARAMETRIC_REPRESENTATION_CONTEXT() REPRESENTATION_CONTEXT('2D SPACE',''
  ) );
#8276 = ADVANCED_FACE('',(#8277),#4403,.F.);
#8277 = FACE_BOUND('',#8278,.T.);
#8278 = EDGE_LOOP('',(#8279,#8301,#8302));
#8279 = ORIENTED_EDGE('',*,*,#8280,.T.);
#8280 = EDGE_CURVE('',#4365,#8022,#8281,.T.);
#8281 = SURFACE_CURVE('',#8282,(#8287,#8294),.PCURVE_S1.);
#8282 = CIRCLE('',#8283,2.);
#8283 = AXIS2_PLACEMENT_3D('',#8284,#8285,#8286);
#8284 = CARTESIAN_POINT('',(-42.,-68.,7.));
#8285 = DIRECTION('',(-1.27E-15,1.,0.));
#8286 = DIRECTION('',(-1.,-1.27E-15,0.));
#8287 = PCURVE('',#4403,#8288);
#8288 = DEFINITIONAL_REPRESENTATION('',(#8289),#8293);
#8289 = LINE('',#8290,#8291);
#8290 = CARTESIAN_POINT('',(3.14159265359,-0.));
#8291 = VECTOR('',#8292,1.);
#8292 = DIRECTION('',(-1.,0.));
#8293 = ( GEOMETRIC_REPRESENTATION_CONTEXT(2) 
PARAMETRIC_REPRESENTATION_CONTEXT() REPRESENTATION_CONTEXT('2D SPACE',''
  ) );
#8294 = PCURVE('',#4510,#8295);
#8295 = DEFINITIONAL_REPRESENTATION('',(#8296),#8300);
#8296 = LINE('',#8297,#8298);
#8297 = CARTESIAN_POINT('',(1.570796326795,0.));
#8298 = VECTOR('',#8299,1.);
#8299 = DIRECTION('',(0.,1.));
#8300 = ( GEOMETRIC_REPRESENTATION_CONTEXT(2) 
PARAMETRIC_REPRESENTATION_CONTEXT() REPRESENTATION_CONTEXT('2D SPACE',''
  ) );
#8301 = ORIENTED_EDGE('',*,*,#8052,.T.);
#8302 = ORIENTED_EDGE('',*,*,#4389,.F.);
#8303 = ADVANCED_FACE('',(#8304),#4455,.F.);
#8304 = FACE_BOUND('',#8305,.T.);
#8305 = EDGE_LOOP('',(#8306,#8307,#8330,#8352));
#8306 = ORIENTED_EDGE('',*,*,#8231,.T.);
#8307 = ORIENTED_EDGE('',*,*,#8308,.T.);
#8308 = EDGE_CURVE('',#8232,#8309,#8311,.T.);
#8309 = VERTEX_POINT('',#8310);
#8310 = CARTESIAN_POINT('',(-82.,-63.,5.));
#8311 = SURFACE_CURVE('',#8312,(#8316,#8323),.PCURVE_S1.);
#8312 = LINE('',#8313,#8314);
#8313 = CARTESIAN_POINT('',(-81.,-63.,5.));
#8314 = VECTOR('',#8315,1.);
#8315 = DIRECTION('',(-1.,-0.,-0.));
#8316 = PCURVE('',#4455,#8317);
#8317 = DEFINITIONAL_REPRESENTATION('',(#8318),#8322);
#8318 = LINE('',#8319,#8320);
#8319 = CARTESIAN_POINT('',(-1.570796326795,0.));
#8320 = VECTOR('',#8321,1.);
#8321 = DIRECTION('',(-0.,1.));
#8322 = ( GEOMETRIC_REPRESENTATION_CONTEXT(2) 
PARAMETRIC_REPRESENTATION_CONTEXT() REPRESENTATION_CONTEXT('2D SPACE',''
  ) );
#8323 = PCURVE('',#8141,#8324);
#8324 = DEFINITIONAL_REPRESENTATION('',(#8325),#8329);
#8325 = LINE('',#8326,#8327);
#8326 = CARTESIAN_POINT('',(-22.,-28.75046943434));
#8327 = VECTOR('',#8328,1.);
#8328 = DIRECTION('',(-1.,0.));
#8329 = ( GEOMETRIC_REPRESENTATION_CONTEXT(2) 
PARAMETRIC_REPRESENTATION_CONTEXT() REPRESENTATION_CONTEXT('2D SPACE',''
  ) );
#8330 = ORIENTED_EDGE('',*,*,#8331,.F.);
#8331 = EDGE_CURVE('',#4419,#8309,#8332,.T.);
#8332 = SURFACE_CURVE('',#8333,(#8338,#8345),.PCURVE_S1.);
#8333 = CIRCLE('',#8334,2.);
#8334 = AXIS2_PLACEMENT_3D('',#8335,#8336,#8337);
#8335 = CARTESIAN_POINT('',(-82.,-63.,7.));
#8336 = DIRECTION('',(1.,0.,0.));
#8337 = DIRECTION('',(0.,-1.,0.));
#8338 = PCURVE('',#4455,#8339);
#8339 = DEFINITIONAL_REPRESENTATION('',(#8340),#8344);
#8340 = LINE('',#8341,#8342);
#8341 = CARTESIAN_POINT('',(-0.,1.));
#8342 = VECTOR('',#8343,1.);
#8343 = DIRECTION('',(-1.,0.));
#8344 = ( GEOMETRIC_REPRESENTATION_CONTEXT(2) 
PARAMETRIC_REPRESENTATION_CONTEXT() REPRESENTATION_CONTEXT('2D SPACE',''
  ) );
#8345 = PCURVE('',#4565,#8346);
#8346 = DEFINITIONAL_REPRESENTATION('',(#8347),#8351);
#8347 = LINE('',#8348,#8349);
#8348 = CARTESIAN_POINT('',(0.,0.));
#8349 = VECTOR('',#8350,1.);
#8350 = DIRECTION('',(0.,1.));
#8351 = ( GEOMETRIC_REPRESENTATION_CONTEXT(2) 
PARAMETRIC_REPRESENTATION_CONTEXT() REPRESENTATION_CONTEXT('2D SPACE',''
  ) );
#8352 = ORIENTED_EDGE('',*,*,#4441,.F.);
#8353 = ADVANCED_FACE('',(#8354),#4510,.F.);
#8354 = FACE_BOUND('',#8355,.F.);
#8355 = EDGE_LOOP('',(#8356,#8380,#8381,#8382));
#8356 = ORIENTED_EDGE('',*,*,#8357,.F.);
#8357 = EDGE_CURVE('',#4473,#8358,#8360,.T.);
#8358 = VERTEX_POINT('',#8359);
#8359 = CARTESIAN_POINT('',(-37.,-63.,5.));
#8360 = SURFACE_CURVE('',#8361,(#8366,#8373),.PCURVE_S1.);
#8361 = CIRCLE('',#8362,2.);
#8362 = AXIS2_PLACEMENT_3D('',#8363,#8364,#8365);
#8363 = CARTESIAN_POINT('',(-37.,-63.,7.));
#8364 = DIRECTION('',(1.,0.,0.));
#8365 = DIRECTION('',(0.,-1.,0.));
#8366 = PCURVE('',#4510,#8367);
#8367 = DEFINITIONAL_REPRESENTATION('',(#8368),#8372);
#8368 = LINE('',#8369,#8370);
#8369 = CARTESIAN_POINT('',(-8.9E-16,3.14159265359));
#8370 = VECTOR('',#8371,1.);
#8371 = DIRECTION('',(0.,1.));
#8372 = ( GEOMETRIC_REPRESENTATION_CONTEXT(2) 
PARAMETRIC_REPRESENTATION_CONTEXT() REPRESENTATION_CONTEXT('2D SPACE',''
  ) );
#8373 = PCURVE('',#4611,#8374);
#8374 = DEFINITIONAL_REPRESENTATION('',(#8375),#8379);
#8375 = LINE('',#8376,#8377);
#8376 = CARTESIAN_POINT('',(-0.,1.));
#8377 = VECTOR('',#8378,1.);
#8378 = DIRECTION('',(-1.,0.));
#8379 = ( GEOMETRIC_REPRESENTATION_CONTEXT(2) 
PARAMETRIC_REPRESENTATION_CONTEXT() REPRESENTATION_CONTEXT('2D SPACE',''
  ) );
#8380 = ORIENTED_EDGE('',*,*,#4495,.T.);
#8381 = ORIENTED_EDGE('',*,*,#8280,.T.);
#8382 = ORIENTED_EDGE('',*,*,#8383,.F.);
#8383 = EDGE_CURVE('',#8358,#8022,#8384,.T.);
#8384 = SURFACE_CURVE('',#8385,(#8390,#8397),.PCURVE_S1.);
#8385 = CIRCLE('',#8386,5.);
#8386 = AXIS2_PLACEMENT_3D('',#8387,#8388,#8389);
#8387 = CARTESIAN_POINT('',(-37.,-68.,5.));
#8388 = DIRECTION('',(0.,-0.,1.));
#8389 = DIRECTION('',(0.,1.,0.));
#8390 = PCURVE('',#4510,#8391);
#8391 = DEFINITIONAL_REPRESENTATION('',(#8392),#8396);
#8392 = LINE('',#8393,#8394);
#8393 = CARTESIAN_POINT('',(0.,4.712388980385));
#8394 = VECTOR('',#8395,1.);
#8395 = DIRECTION('',(1.,0.));
#8396 = ( GEOMETRIC_REPRESENTATION_CONTEXT(2) 
PARAMETRIC_REPRESENTATION_CONTEXT() REPRESENTATION_CONTEXT('2D SPACE',''
  ) );
#8397 = PCURVE('',#8141,#8398);
#8398 = DEFINITIONAL_REPRESENTATION('',(#8399),#8403);
#8399 = CIRCLE('',#8400,5.);
#8400 = AXIS2_PLACEMENT_2D('',#8401,#8402);
#8401 = CARTESIAN_POINT('',(22.,-33.75046943434));
#8402 = DIRECTION('',(0.,1.));
#8403 = ( GEOMETRIC_REPRESENTATION_CONTEXT(2) 
PARAMETRIC_REPRESENTATION_CONTEXT() REPRESENTATION_CONTEXT('2D SPACE',''
  ) );
#8404 = ADVANCED_FACE('',(#8405),#4565,.F.);
#8405 = FACE_BOUND('',#8406,.F.);
#8406 = EDGE_LOOP('',(#8407,#8408,#8409,#8433));
#8407 = ORIENTED_EDGE('',*,*,#8331,.F.);
#8408 = ORIENTED_EDGE('',*,*,#4550,.T.);
#8409 = ORIENTED_EDGE('',*,*,#8410,.T.);
#8410 = EDGE_CURVE('',#4528,#8411,#8413,.T.);
#8411 = VERTEX_POINT('',#8412);
#8412 = CARTESIAN_POINT('',(-83.,-62.,5.));
#8413 = SURFACE_CURVE('',#8414,(#8419,#8426),.PCURVE_S1.);
#8414 = CIRCLE('',#8415,2.);
#8415 = AXIS2_PLACEMENT_3D('',#8416,#8417,#8418);
#8416 = CARTESIAN_POINT('',(-83.,-62.,7.));
#8417 = DIRECTION('',(6.E-17,-1.,0.));
#8418 = DIRECTION('',(-1.,-6.E-17,0.));
#8419 = PCURVE('',#4565,#8420);
#8420 = DEFINITIONAL_REPRESENTATION('',(#8421),#8425);
#8421 = LINE('',#8422,#8423);
#8422 = CARTESIAN_POINT('',(1.570796326795,0.));
#8423 = VECTOR('',#8424,1.);
#8424 = DIRECTION('',(0.,1.));
#8425 = ( GEOMETRIC_REPRESENTATION_CONTEXT(2) 
PARAMETRIC_REPRESENTATION_CONTEXT() REPRESENTATION_CONTEXT('2D SPACE',''
  ) );
#8426 = PCURVE('',#4685,#8427);
#8427 = DEFINITIONAL_REPRESENTATION('',(#8428),#8432);
#8428 = LINE('',#8429,#8430);
#8429 = CARTESIAN_POINT('',(-0.,0.));
#8430 = VECTOR('',#8431,1.);
#8431 = DIRECTION('',(-1.,0.));
#8432 = ( GEOMETRIC_REPRESENTATION_CONTEXT(2) 
PARAMETRIC_REPRESENTATION_CONTEXT() REPRESENTATION_CONTEXT('2D SPACE',''
  ) );
#8433 = ORIENTED_EDGE('',*,*,#8434,.F.);
#8434 = EDGE_CURVE('',#8309,#8411,#8435,.T.);
#8435 = SURFACE_CURVE('',#8436,(#8441,#8448),.PCURVE_S1.);
#8436 = CIRCLE('',#8437,1.);
#8437 = AXIS2_PLACEMENT_3D('',#8438,#8439,#8440);
#8438 = CARTESIAN_POINT('',(-82.,-62.,5.));
#8439 = DIRECTION('',(-0.,-0.,-1.));
#8440 = DIRECTION('',(0.,-1.,0.));
#8441 = PCURVE('',#4565,#8442);
#8442 = DEFINITIONAL_REPRESENTATION('',(#8443),#8447);
#8443 = LINE('',#8444,#8445);
#8444 = CARTESIAN_POINT('',(0.,1.570796326795));
#8445 = VECTOR('',#8446,1.);
#8446 = DIRECTION('',(1.,0.));
#8447 = ( GEOMETRIC_REPRESENTATION_CONTEXT(2) 
PARAMETRIC_REPRESENTATION_CONTEXT() REPRESENTATION_CONTEXT('2D SPACE',''
  ) );
#8448 = PCURVE('',#8141,#8449);
#8449 = DEFINITIONAL_REPRESENTATION('',(#8450),#8458);
#8450 = ( BOUNDED_CURVE() B_SPLINE_CURVE(2,(#8451,#8452,#8453,#8454,
#8455,#8456,#8457),.UNSPECIFIED.,.T.,.F.) B_SPLINE_CURVE_WITH_KNOTS((1,2
    ,2,2,2,1),(-2.094395102393,0.,2.094395102393,4.188790204786,
6.28318530718,8.377580409573),.UNSPECIFIED.) CURVE() 
GEOMETRIC_REPRESENTATION_ITEM() RATIONAL_B_SPLINE_CURVE((1.,0.5,1.,0.5,
1.,0.5,1.)) REPRESENTATION_ITEM('') );
#8451 = CARTESIAN_POINT('',(-23.,-28.75046943434));
#8452 = CARTESIAN_POINT('',(-24.73205080756,-28.75046943434));
#8453 = CARTESIAN_POINT('',(-23.86602540378,-27.25046943434));
#8454 = CARTESIAN_POINT('',(-23.,-25.75046943434));
#8455 = CARTESIAN_POINT('',(-22.13397459621,-27.25046943434));
#8456 = CARTESIAN_POINT('',(-21.26794919243,-28.75046943434));
#8457 = CARTESIAN_POINT('',(-23.,-28.75046943434));
#8458 = ( GEOMETRIC_REPRESENTATION_CONTEXT(2) 
PARAMETRIC_REPRESENTATION_CONTEXT() REPRESENTATION_CONTEXT('2D SPACE',''
  ) );
#8459 = ADVANCED_FACE('',(#8460),#4611,.F.);
#8460 = FACE_BOUND('',#8461,.T.);
#8461 = EDGE_LOOP('',(#8462,#8486,#8507,#8508));
#8462 = ORIENTED_EDGE('',*,*,#8463,.T.);
#8463 = EDGE_CURVE('',#4596,#8464,#8466,.T.);
#8464 = VERTEX_POINT('',#8465);
#8465 = CARTESIAN_POINT('',(-36.,-63.,5.));
#8466 = SURFACE_CURVE('',#8467,(#8472,#8479),.PCURVE_S1.);
#8467 = CIRCLE('',#8468,2.);
#8468 = AXIS2_PLACEMENT_3D('',#8469,#8470,#8471);
#8469 = CARTESIAN_POINT('',(-36.,-63.,7.));
#8470 = DIRECTION('',(1.,6.E-17,0.));
#8471 = DIRECTION('',(6.E-17,-1.,0.));
#8472 = PCURVE('',#4611,#8473);
#8473 = DEFINITIONAL_REPRESENTATION('',(#8474),#8478);
#8474 = LINE('',#8475,#8476);
#8475 = CARTESIAN_POINT('',(-0.,0.));
#8476 = VECTOR('',#8477,1.);
#8477 = DIRECTION('',(-1.,0.));
#8478 = ( GEOMETRIC_REPRESENTATION_CONTEXT(2) 
PARAMETRIC_REPRESENTATION_CONTEXT() REPRESENTATION_CONTEXT('2D SPACE',''
  ) );
#8479 = PCURVE('',#4720,#8480);
#8480 = DEFINITIONAL_REPRESENTATION('',(#8481),#8485);
#8481 = LINE('',#8482,#8483);
#8482 = CARTESIAN_POINT('',(1.570796326795,0.));
#8483 = VECTOR('',#8484,1.);
#8484 = DIRECTION('',(0.,1.));
#8485 = ( GEOMETRIC_REPRESENTATION_CONTEXT(2) 
PARAMETRIC_REPRESENTATION_CONTEXT() REPRESENTATION_CONTEXT('2D SPACE',''
  ) );
#8486 = ORIENTED_EDGE('',*,*,#8487,.T.);
#8487 = EDGE_CURVE('',#8464,#8358,#8488,.T.);
#8488 = SURFACE_CURVE('',#8489,(#8493,#8500),.PCURVE_S1.);
#8489 = LINE('',#8490,#8491);
#8490 = CARTESIAN_POINT('',(-36.,-63.,5.));
#8491 = VECTOR('',#8492,1.);
#8492 = DIRECTION('',(-1.,-0.,-0.));
#8493 = PCURVE('',#4611,#8494);
#8494 = DEFINITIONAL_REPRESENTATION('',(#8495),#8499);
#8495 = LINE('',#8496,#8497);
#8496 = CARTESIAN_POINT('',(-1.570796326795,0.));
#8497 = VECTOR('',#8498,1.);
#8498 = DIRECTION('',(-0.,1.));
#8499 = ( GEOMETRIC_REPRESENTATION_CONTEXT(2) 
PARAMETRIC_REPRESENTATION_CONTEXT() REPRESENTATION_CONTEXT('2D SPACE',''
  ) );
#8500 = PCURVE('',#8141,#8501);
#8501 = DEFINITIONAL_REPRESENTATION('',(#8502),#8506);
#8502 = LINE('',#8503,#8504);
#8503 = CARTESIAN_POINT('',(23.,-28.75046943434));
#8504 = VECTOR('',#8505,1.);
#8505 = DIRECTION('',(-1.,0.));
#8506 = ( GEOMETRIC_REPRESENTATION_CONTEXT(2) 
PARAMETRIC_REPRESENTATION_CONTEXT() REPRESENTATION_CONTEXT('2D SPACE',''
  ) );
#8507 = ORIENTED_EDGE('',*,*,#8357,.F.);
#8508 = ORIENTED_EDGE('',*,*,#4595,.F.);
#8509 = ADVANCED_FACE('',(#8510),#4685,.F.);
#8510 = FACE_BOUND('',#8511,.T.);
#8511 = EDGE_LOOP('',(#8512,#8513,#8536,#8558));
#8512 = ORIENTED_EDGE('',*,*,#8410,.T.);
#8513 = ORIENTED_EDGE('',*,*,#8514,.T.);
#8514 = EDGE_CURVE('',#8411,#8515,#8517,.T.);
#8515 = VERTEX_POINT('',#8516);
#8516 = CARTESIAN_POINT('',(-83.,2.,5.));
#8517 = SURFACE_CURVE('',#8518,(#8522,#8529),.PCURVE_S1.);
#8518 = LINE('',#8519,#8520);
#8519 = CARTESIAN_POINT('',(-83.,-62.,5.));
#8520 = VECTOR('',#8521,1.);
#8521 = DIRECTION('',(0.,1.,0.));
#8522 = PCURVE('',#4685,#8523);
#8523 = DEFINITIONAL_REPRESENTATION('',(#8524),#8528);
#8524 = LINE('',#8525,#8526);
#8525 = CARTESIAN_POINT('',(-1.570796326795,0.));
#8526 = VECTOR('',#8527,1.);
#8527 = DIRECTION('',(-0.,1.));
#8528 = ( GEOMETRIC_REPRESENTATION_CONTEXT(2) 
PARAMETRIC_REPRESENTATION_CONTEXT() REPRESENTATION_CONTEXT('2D SPACE',''
  ) );
#8529 = PCURVE('',#8141,#8530);
#8530 = DEFINITIONAL_REPRESENTATION('',(#8531),#8535);
#8531 = LINE('',#8532,#8533);
#8532 = CARTESIAN_POINT('',(-24.,-27.75046943434));
#8533 = VECTOR('',#8534,1.);
#8534 = DIRECTION('',(0.,1.));
#8535 = ( GEOMETRIC_REPRESENTATION_CONTEXT(2) 
PARAMETRIC_REPRESENTATION_CONTEXT() REPRESENTATION_CONTEXT('2D SPACE',''
  ) );
#8536 = ORIENTED_EDGE('',*,*,#8537,.F.);
#8537 = EDGE_CURVE('',#4649,#8515,#8538,.T.);
#8538 = SURFACE_CURVE('',#8539,(#8544,#8551),.PCURVE_S1.);
#8539 = CIRCLE('',#8540,2.);
#8540 = AXIS2_PLACEMENT_3D('',#8541,#8542,#8543);
#8541 = CARTESIAN_POINT('',(-83.,2.,7.));
#8542 = DIRECTION('',(0.,-1.,0.));
#8543 = DIRECTION('',(-1.,0.,0.));
#8544 = PCURVE('',#4685,#8545);
#8545 = DEFINITIONAL_REPRESENTATION('',(#8546),#8550);
#8546 = LINE('',#8547,#8548);
#8547 = CARTESIAN_POINT('',(-0.,64.));
#8548 = VECTOR('',#8549,1.);
#8549 = DIRECTION('',(-1.,0.));
#8550 = ( GEOMETRIC_REPRESENTATION_CONTEXT(2) 
PARAMETRIC_REPRESENTATION_CONTEXT() REPRESENTATION_CONTEXT('2D SPACE',''
  ) );
#8551 = PCURVE('',#4807,#8552);
#8552 = DEFINITIONAL_REPRESENTATION('',(#8553),#8557);
#8553 = LINE('',#8554,#8555);
#8554 = CARTESIAN_POINT('',(0.,0.));
#8555 = VECTOR('',#8556,1.);
#8556 = DIRECTION('',(0.,1.));
#8557 = ( GEOMETRIC_REPRESENTATION_CONTEXT(2) 
PARAMETRIC_REPRESENTATION_CONTEXT() REPRESENTATION_CONTEXT('2D SPACE',''
  ) );
#8558 = ORIENTED_EDGE('',*,*,#4671,.F.);
#8559 = ADVANCED_FACE('',(#8560),#4720,.F.);
#8560 = FACE_BOUND('',#8561,.F.);
#8561 = EDGE_LOOP('',(#8562,#8586,#8587,#8588));
#8562 = ORIENTED_EDGE('',*,*,#8563,.F.);
#8563 = EDGE_CURVE('',#4704,#8564,#8566,.T.);
#8564 = VERTEX_POINT('',#8565);
#8565 = CARTESIAN_POINT('',(-35.,-62.,5.));
#8566 = SURFACE_CURVE('',#8567,(#8572,#8579),.PCURVE_S1.);
#8567 = CIRCLE('',#8568,2.);
#8568 = AXIS2_PLACEMENT_3D('',#8569,#8570,#8571);
#8569 = CARTESIAN_POINT('',(-35.,-62.,7.));
#8570 = DIRECTION('',(-0.,1.,0.));
#8571 = DIRECTION('',(1.,0.,0.));
#8572 = PCURVE('',#4720,#8573);
#8573 = DEFINITIONAL_REPRESENTATION('',(#8574),#8578);
#8574 = LINE('',#8575,#8576);
#8575 = CARTESIAN_POINT('',(8.9E-16,0.));
#8576 = VECTOR('',#8577,1.);
#8577 = DIRECTION('',(0.,1.));
#8578 = ( GEOMETRIC_REPRESENTATION_CONTEXT(2) 
PARAMETRIC_REPRESENTATION_CONTEXT() REPRESENTATION_CONTEXT('2D SPACE',''
  ) );
#8579 = PCURVE('',#4853,#8580);
#8580 = DEFINITIONAL_REPRESENTATION('',(#8581),#8585);
#8581 = LINE('',#8582,#8583);
#8582 = CARTESIAN_POINT('',(-0.,64.));
#8583 = VECTOR('',#8584,1.);
#8584 = DIRECTION('',(-1.,0.));
#8585 = ( GEOMETRIC_REPRESENTATION_CONTEXT(2) 
PARAMETRIC_REPRESENTATION_CONTEXT() REPRESENTATION_CONTEXT('2D SPACE',''
  ) );
#8586 = ORIENTED_EDGE('',*,*,#4703,.T.);
#8587 = ORIENTED_EDGE('',*,*,#8463,.T.);
#8588 = ORIENTED_EDGE('',*,*,#8589,.F.);
#8589 = EDGE_CURVE('',#8564,#8464,#8590,.T.);
#8590 = SURFACE_CURVE('',#8591,(#8596,#8603),.PCURVE_S1.);
#8591 = CIRCLE('',#8592,1.);
#8592 = AXIS2_PLACEMENT_3D('',#8593,#8594,#8595);
#8593 = CARTESIAN_POINT('',(-36.,-62.,5.));
#8594 = DIRECTION('',(0.,0.,-1.));
#8595 = DIRECTION('',(1.,0.,0.));
#8596 = PCURVE('',#4720,#8597);
#8597 = DEFINITIONAL_REPRESENTATION('',(#8598),#8602);
#8598 = LINE('',#8599,#8600);
#8599 = CARTESIAN_POINT('',(0.,1.570796326795));
#8600 = VECTOR('',#8601,1.);
#8601 = DIRECTION('',(1.,0.));
#8602 = ( GEOMETRIC_REPRESENTATION_CONTEXT(2) 
PARAMETRIC_REPRESENTATION_CONTEXT() REPRESENTATION_CONTEXT('2D SPACE',''
  ) );
#8603 = PCURVE('',#8141,#8604);
#8604 = DEFINITIONAL_REPRESENTATION('',(#8605),#8613);
#8605 = ( BOUNDED_CURVE() B_SPLINE_CURVE(2,(#8606,#8607,#8608,#8609,
#8610,#8611,#8612),.UNSPECIFIED.,.T.,.F.) B_SPLINE_CURVE_WITH_KNOTS((1,2
    ,2,2,2,1),(-2.094395102393,0.,2.094395102393,4.188790204786,
6.28318530718,8.377580409573),.UNSPECIFIED.) CURVE() 
GEOMETRIC_REPRESENTATION_ITEM() RATIONAL_B_SPLINE_CURVE((1.,0.5,1.,0.5,
1.,0.5,1.)) REPRESENTATION_ITEM('') );
#8606 = CARTESIAN_POINT('',(24.,-27.75046943434));
#8607 = CARTESIAN_POINT('',(24.,-29.48252024191));
#8608 = CARTESIAN_POINT('',(22.5,-28.61649483813));
#8609 = CARTESIAN_POINT('',(21.,-27.75046943434));
#8610 = CARTESIAN_POINT('',(22.5,-26.88444403056));
#8611 = CARTESIAN_POINT('',(24.,-26.01841862678));
#8612 = CARTESIAN_POINT('',(24.,-27.75046943434));
#8613 = ( GEOMETRIC_REPRESENTATION_CONTEXT(2) 
PARAMETRIC_REPRESENTATION_CONTEXT() REPRESENTATION_CONTEXT('2D SPACE',''
  ) );
#8614 = ADVANCED_FACE('',(#8615),#4807,.F.);
#8615 = FACE_BOUND('',#8616,.F.);
#8616 = EDGE_LOOP('',(#8617,#8618,#8619,#8643));
#8617 = ORIENTED_EDGE('',*,*,#8537,.F.);
#8618 = ORIENTED_EDGE('',*,*,#4792,.T.);
#8619 = ORIENTED_EDGE('',*,*,#8620,.T.);
#8620 = EDGE_CURVE('',#4770,#8621,#8623,.T.);
#8621 = VERTEX_POINT('',#8622);
#8622 = CARTESIAN_POINT('',(-82.,3.,5.));
#8623 = SURFACE_CURVE('',#8624,(#8629,#8636),.PCURVE_S1.);
#8624 = CIRCLE('',#8625,2.);
#8625 = AXIS2_PLACEMENT_3D('',#8626,#8627,#8628);
#8626 = CARTESIAN_POINT('',(-82.,3.,7.));
#8627 = DIRECTION('',(-1.,9.E-17,0.));
#8628 = DIRECTION('',(9.E-17,1.,0.));
#8629 = PCURVE('',#4807,#8630);
#8630 = DEFINITIONAL_REPRESENTATION('',(#8631),#8635);
#8631 = LINE('',#8632,#8633);
#8632 = CARTESIAN_POINT('',(1.570796326795,0.));
#8633 = VECTOR('',#8634,1.);
#8634 = DIRECTION('',(0.,1.));
#8635 = ( GEOMETRIC_REPRESENTATION_CONTEXT(2) 
PARAMETRIC_REPRESENTATION_CONTEXT() REPRESENTATION_CONTEXT('2D SPACE',''
  ) );
#8636 = PCURVE('',#4927,#8637);
#8637 = DEFINITIONAL_REPRESENTATION('',(#8638),#8642);
#8638 = LINE('',#8639,#8640);
#8639 = CARTESIAN_POINT('',(-0.,0.));
#8640 = VECTOR('',#8641,1.);
#8641 = DIRECTION('',(-1.,0.));
#8642 = ( GEOMETRIC_REPRESENTATION_CONTEXT(2) 
PARAMETRIC_REPRESENTATION_CONTEXT() REPRESENTATION_CONTEXT('2D SPACE',''
  ) );
#8643 = ORIENTED_EDGE('',*,*,#8644,.F.);
#8644 = EDGE_CURVE('',#8515,#8621,#8645,.T.);
#8645 = SURFACE_CURVE('',#8646,(#8651,#8658),.PCURVE_S1.);
#8646 = CIRCLE('',#8647,1.);
#8647 = AXIS2_PLACEMENT_3D('',#8648,#8649,#8650);
#8648 = CARTESIAN_POINT('',(-82.,2.,5.));
#8649 = DIRECTION('',(0.,0.,-1.));
#8650 = DIRECTION('',(-1.,5.9E-16,0.));
#8651 = PCURVE('',#4807,#8652);
#8652 = DEFINITIONAL_REPRESENTATION('',(#8653),#8657);
#8653 = LINE('',#8654,#8655);
#8654 = CARTESIAN_POINT('',(0.,1.570796326795));
#8655 = VECTOR('',#8656,1.);
#8656 = DIRECTION('',(1.,0.));
#8657 = ( GEOMETRIC_REPRESENTATION_CONTEXT(2) 
PARAMETRIC_REPRESENTATION_CONTEXT() REPRESENTATION_CONTEXT('2D SPACE',''
  ) );
#8658 = PCURVE('',#8141,#8659);
#8659 = DEFINITIONAL_REPRESENTATION('',(#8660),#8668);
#8660 = ( BOUNDED_CURVE() B_SPLINE_CURVE(2,(#8661,#8662,#8663,#8664,
#8665,#8666,#8667),.UNSPECIFIED.,.T.,.F.) B_SPLINE_CURVE_WITH_KNOTS((1,2
    ,2,2,2,1),(-2.094395102393,0.,2.094395102393,4.188790204786,
6.28318530718,8.377580409573),.UNSPECIFIED.) CURVE() 
GEOMETRIC_REPRESENTATION_ITEM() RATIONAL_B_SPLINE_CURVE((1.,0.5,1.,0.5,
1.,0.5,1.)) REPRESENTATION_ITEM('') );
#8661 = CARTESIAN_POINT('',(-24.,36.249530565651));
#8662 = CARTESIAN_POINT('',(-24.,37.98158137322));
#8663 = CARTESIAN_POINT('',(-22.5,37.115555969435));
#8664 = CARTESIAN_POINT('',(-21.,36.249530565651));
#8665 = CARTESIAN_POINT('',(-22.5,35.383505161866));
#8666 = CARTESIAN_POINT('',(-24.,34.517479758082));
#8667 = CARTESIAN_POINT('',(-24.,36.249530565651));
#8668 = ( GEOMETRIC_REPRESENTATION_CONTEXT(2) 
PARAMETRIC_REPRESENTATION_CONTEXT() REPRESENTATION_CONTEXT('2D SPACE',''
  ) );
#8669 = ADVANCED_FACE('',(#8670),#4853,.F.);
#8670 = FACE_BOUND('',#8671,.T.);
#8671 = EDGE_LOOP('',(#8672,#8696,#8717,#8718));
#8672 = ORIENTED_EDGE('',*,*,#8673,.T.);
#8673 = EDGE_CURVE('',#4838,#8674,#8676,.T.);
#8674 = VERTEX_POINT('',#8675);
#8675 = CARTESIAN_POINT('',(-35.,2.,5.));
#8676 = SURFACE_CURVE('',#8677,(#8682,#8689),.PCURVE_S1.);
#8677 = CIRCLE('',#8678,2.);
#8678 = AXIS2_PLACEMENT_3D('',#8679,#8680,#8681);
#8679 = CARTESIAN_POINT('',(-35.,2.,7.));
#8680 = DIRECTION('',(-6.E-17,1.,0.));
#8681 = DIRECTION('',(1.,6.E-17,0.));
#8682 = PCURVE('',#4853,#8683);
#8683 = DEFINITIONAL_REPRESENTATION('',(#8684),#8688);
#8684 = LINE('',#8685,#8686);
#8685 = CARTESIAN_POINT('',(-0.,0.));
#8686 = VECTOR('',#8687,1.);
#8687 = DIRECTION('',(-1.,0.));
#8688 = ( GEOMETRIC_REPRESENTATION_CONTEXT(2) 
PARAMETRIC_REPRESENTATION_CONTEXT() REPRESENTATION_CONTEXT('2D SPACE',''
  ) );
#8689 = PCURVE('',#4960,#8690);
#8690 = DEFINITIONAL_REPRESENTATION('',(#8691),#8695);
#8691 = LINE('',#8692,#8693);
#8692 = CARTESIAN_POINT('',(1.570796326795,0.));
#8693 = VECTOR('',#8694,1.);
#8694 = DIRECTION('',(0.,1.));
#8695 = ( GEOMETRIC_REPRESENTATION_CONTEXT(2) 
PARAMETRIC_REPRESENTATION_CONTEXT() REPRESENTATION_CONTEXT('2D SPACE',''
  ) );
#8696 = ORIENTED_EDGE('',*,*,#8697,.T.);
#8697 = EDGE_CURVE('',#8674,#8564,#8698,.T.);
#8698 = SURFACE_CURVE('',#8699,(#8703,#8710),.PCURVE_S1.);
#8699 = LINE('',#8700,#8701);
#8700 = CARTESIAN_POINT('',(-35.,2.,5.));
#8701 = VECTOR('',#8702,1.);
#8702 = DIRECTION('',(-0.,-1.,-0.));
#8703 = PCURVE('',#4853,#8704);
#8704 = DEFINITIONAL_REPRESENTATION('',(#8705),#8709);
#8705 = LINE('',#8706,#8707);
#8706 = CARTESIAN_POINT('',(-1.570796326795,0.));
#8707 = VECTOR('',#8708,1.);
#8708 = DIRECTION('',(-0.,1.));
#8709 = ( GEOMETRIC_REPRESENTATION_CONTEXT(2) 
PARAMETRIC_REPRESENTATION_CONTEXT() REPRESENTATION_CONTEXT('2D SPACE',''
  ) );
#8710 = PCURVE('',#8141,#8711);
#8711 = DEFINITIONAL_REPRESENTATION('',(#8712),#8716);
#8712 = LINE('',#8713,#8714);
#8713 = CARTESIAN_POINT('',(24.,36.249530565651));
#8714 = VECTOR('',#8715,1.);
#8715 = DIRECTION('',(0.,-1.));
#8716 = ( GEOMETRIC_REPRESENTATION_CONTEXT(2) 
PARAMETRIC_REPRESENTATION_CONTEXT() REPRESENTATION_CONTEXT('2D SPACE',''
  ) );
#8717 = ORIENTED_EDGE('',*,*,#8563,.F.);
#8718 = ORIENTED_EDGE('',*,*,#4837,.F.);
#8719 = ADVANCED_FACE('',(#8720),#4927,.F.);
#8720 = FACE_BOUND('',#8721,.T.);
#8721 = EDGE_LOOP('',(#8722,#8723,#8746,#8768));
#8722 = ORIENTED_EDGE('',*,*,#8620,.T.);
#8723 = ORIENTED_EDGE('',*,*,#8724,.T.);
#8724 = EDGE_CURVE('',#8621,#8725,#8727,.T.);
#8725 = VERTEX_POINT('',#8726);
#8726 = CARTESIAN_POINT('',(-36.,3.,5.));
#8727 = SURFACE_CURVE('',#8728,(#8732,#8739),.PCURVE_S1.);
#8728 = LINE('',#8729,#8730);
#8729 = CARTESIAN_POINT('',(-82.,3.,5.));
#8730 = VECTOR('',#8731,1.);
#8731 = DIRECTION('',(1.,0.,0.));
#8732 = PCURVE('',#4927,#8733);
#8733 = DEFINITIONAL_REPRESENTATION('',(#8734),#8738);
#8734 = LINE('',#8735,#8736);
#8735 = CARTESIAN_POINT('',(-1.570796326795,0.));
#8736 = VECTOR('',#8737,1.);
#8737 = DIRECTION('',(-0.,1.));
#8738 = ( GEOMETRIC_REPRESENTATION_CONTEXT(2) 
PARAMETRIC_REPRESENTATION_CONTEXT() REPRESENTATION_CONTEXT('2D SPACE',''
  ) );
#8739 = PCURVE('',#8141,#8740);
#8740 = DEFINITIONAL_REPRESENTATION('',(#8741),#8745);
#8741 = LINE('',#8742,#8743);
#8742 = CARTESIAN_POINT('',(-23.,37.249530565651));
#8743 = VECTOR('',#8744,1.);
#8744 = DIRECTION('',(1.,0.));
#8745 = ( GEOMETRIC_REPRESENTATION_CONTEXT(2) 
PARAMETRIC_REPRESENTATION_CONTEXT() REPRESENTATION_CONTEXT('2D SPACE',''
  ) );
#8746 = ORIENTED_EDGE('',*,*,#8747,.F.);
#8747 = EDGE_CURVE('',#4891,#8725,#8748,.T.);
#8748 = SURFACE_CURVE('',#8749,(#8754,#8761),.PCURVE_S1.);
#8749 = CIRCLE('',#8750,2.);
#8750 = AXIS2_PLACEMENT_3D('',#8751,#8752,#8753);
#8751 = CARTESIAN_POINT('',(-36.,3.,7.));
#8752 = DIRECTION('',(-1.,0.,0.));
#8753 = DIRECTION('',(0.,1.,0.));
#8754 = PCURVE('',#4927,#8755);
#8755 = DEFINITIONAL_REPRESENTATION('',(#8756),#8760);
#8756 = LINE('',#8757,#8758);
#8757 = CARTESIAN_POINT('',(-0.,46.));
#8758 = VECTOR('',#8759,1.);
#8759 = DIRECTION('',(-1.,0.));
#8760 = ( GEOMETRIC_REPRESENTATION_CONTEXT(2) 
PARAMETRIC_REPRESENTATION_CONTEXT() REPRESENTATION_CONTEXT('2D SPACE',''
  ) );
#8761 = PCURVE('',#4960,#8762);
#8762 = DEFINITIONAL_REPRESENTATION('',(#8763),#8767);
#8763 = LINE('',#8764,#8765);
#8764 = CARTESIAN_POINT('',(-2.2E-16,0.));
#8765 = VECTOR('',#8766,1.);
#8766 = DIRECTION('',(0.,1.));
#8767 = ( GEOMETRIC_REPRESENTATION_CONTEXT(2) 
PARAMETRIC_REPRESENTATION_CONTEXT() REPRESENTATION_CONTEXT('2D SPACE',''
  ) );
#8768 = ORIENTED_EDGE('',*,*,#4913,.F.);
#8769 = ADVANCED_FACE('',(#8770),#4960,.F.);
#8770 = FACE_BOUND('',#8771,.F.);
#8771 = EDGE_LOOP('',(#8772,#8773,#8774,#8775));
#8772 = ORIENTED_EDGE('',*,*,#8747,.F.);
#8773 = ORIENTED_EDGE('',*,*,#4945,.T.);
#8774 = ORIENTED_EDGE('',*,*,#8673,.T.);
#8775 = ORIENTED_EDGE('',*,*,#8776,.F.);
#8776 = EDGE_CURVE('',#8725,#8674,#8777,.T.);
#8777 = SURFACE_CURVE('',#8778,(#8783,#8790),.PCURVE_S1.);
#8778 = CIRCLE('',#8779,1.);
#8779 = AXIS2_PLACEMENT_3D('',#8780,#8781,#8782);
#8780 = CARTESIAN_POINT('',(-36.,2.,5.));
#8781 = DIRECTION('',(0.,0.,-1.));
#8782 = DIRECTION('',(0.,1.,0.));
#8783 = PCURVE('',#4960,#8784);
#8784 = DEFINITIONAL_REPRESENTATION('',(#8785),#8789);
#8785 = LINE('',#8786,#8787);
#8786 = CARTESIAN_POINT('',(0.,1.570796326795));
#8787 = VECTOR('',#8788,1.);
#8788 = DIRECTION('',(1.,0.));
#8789 = ( GEOMETRIC_REPRESENTATION_CONTEXT(2) 
PARAMETRIC_REPRESENTATION_CONTEXT() REPRESENTATION_CONTEXT('2D SPACE',''
  ) );
#8790 = PCURVE('',#8141,#8791);
#8791 = DEFINITIONAL_REPRESENTATION('',(#8792),#8800);
#8792 = ( BOUNDED_CURVE() B_SPLINE_CURVE(2,(#8793,#8794,#8795,#8796,
#8797,#8798,#8799),.UNSPECIFIED.,.T.,.F.) B_SPLINE_CURVE_WITH_KNOTS((1,2
    ,2,2,2,1),(-2.094395102393,0.,2.094395102393,4.188790204786,
6.28318530718,8.377580409573),.UNSPECIFIED.) CURVE() 
GEOMETRIC_REPRESENTATION_ITEM() RATIONAL_B_SPLINE_CURVE((1.,0.5,1.,0.5,
1.,0.5,1.)) REPRESENTATION_ITEM('') );
#8793 = CARTESIAN_POINT('',(23.,37.249530565651));
#8794 = CARTESIAN_POINT('',(24.732050807569,37.249530565651));
#8795 = CARTESIAN_POINT('',(23.866025403784,35.749530565651));
#8796 = CARTESIAN_POINT('',(23.,34.249530565651));
#8797 = CARTESIAN_POINT('',(22.133974596216,35.749530565651));
#8798 = CARTESIAN_POINT('',(21.267949192431,37.249530565651));
#8799 = CARTESIAN_POINT('',(23.,37.249530565651));
#8800 = ( GEOMETRIC_REPRESENTATION_CONTEXT(2) 
PARAMETRIC_REPRESENTATION_CONTEXT() REPRESENTATION_CONTEXT('2D SPACE',''
  ) );
#8801 = ADVANCED_FACE('',(#8802),#5028,.T.);
#8802 = FACE_BOUND('',#8803,.T.);
#8803 = EDGE_LOOP('',(#8804,#8805,#8806,#8807,#8808,#8809,#8810,#8811));
#8804 = ORIENTED_EDGE('',*,*,#5012,.T.);
#8805 = ORIENTED_EDGE('',*,*,#5116,.T.);
#8806 = ORIENTED_EDGE('',*,*,#5215,.T.);
#8807 = ORIENTED_EDGE('',*,*,#5314,.T.);
#8808 = ORIENTED_EDGE('',*,*,#5364,.T.);
#8809 = ORIENTED_EDGE('',*,*,#5286,.T.);
#8810 = ORIENTED_EDGE('',*,*,#5188,.T.);
#8811 = ORIENTED_EDGE('',*,*,#5088,.T.);
#8812 = ADVANCED_FACE('',(#8813),#5429,.T.);
#8813 = FACE_BOUND('',#8814,.T.);
#8814 = EDGE_LOOP('',(#8815,#8816,#8817,#8818,#8819,#8820,#8821,#8822));
#8815 = ORIENTED_EDGE('',*,*,#5413,.T.);
#8816 = ORIENTED_EDGE('',*,*,#5517,.T.);
#8817 = ORIENTED_EDGE('',*,*,#5616,.T.);
#8818 = ORIENTED_EDGE('',*,*,#5715,.T.);
#8819 = ORIENTED_EDGE('',*,*,#5765,.T.);
#8820 = ORIENTED_EDGE('',*,*,#5687,.T.);
#8821 = ORIENTED_EDGE('',*,*,#5589,.T.);
#8822 = ORIENTED_EDGE('',*,*,#5489,.T.);
#8823 = ADVANCED_FACE('',(#8824),#6014,.F.);
#8824 = FACE_BOUND('',#8825,.F.);
#8825 = EDGE_LOOP('',(#8826,#8850,#8878,#8900));
#8826 = ORIENTED_EDGE('',*,*,#8827,.T.);
#8827 = EDGE_CURVE('',#5815,#8828,#8830,.T.);
#8828 = VERTEX_POINT('',#8829);
#8829 = CARTESIAN_POINT('',(-40.,17.5,17.));
#8830 = SURFACE_CURVE('',#8831,(#8836,#8843),.PCURVE_S1.);
#8831 = CIRCLE('',#8832,2.5);
#8832 = AXIS2_PLACEMENT_3D('',#8833,#8834,#8835);
#8833 = CARTESIAN_POINT('',(-40.,17.5,19.5));
#8834 = DIRECTION('',(-1.,1.2E-16,0.));
#8835 = DIRECTION('',(1.2E-16,1.,0.));
#8836 = PCURVE('',#6014,#8837);
#8837 = DEFINITIONAL_REPRESENTATION('',(#8838),#8842);
#8838 = LINE('',#8839,#8840);
#8839 = CARTESIAN_POINT('',(0.,0.));
#8840 = VECTOR('',#8841,1.);
#8841 = DIRECTION('',(1.,0.));
#8842 = ( GEOMETRIC_REPRESENTATION_CONTEXT(2) 
PARAMETRIC_REPRESENTATION_CONTEXT() REPRESENTATION_CONTEXT('2D SPACE',''
  ) );
#8843 = PCURVE('',#6328,#8844);
#8844 = DEFINITIONAL_REPRESENTATION('',(#8845),#8849);
#8845 = LINE('',#8846,#8847);
#8846 = CARTESIAN_POINT('',(-3.14159265359,0.));
#8847 = VECTOR('',#8848,1.);
#8848 = DIRECTION('',(-0.,1.));
#8849 = ( GEOMETRIC_REPRESENTATION_CONTEXT(2) 
PARAMETRIC_REPRESENTATION_CONTEXT() REPRESENTATION_CONTEXT('2D SPACE',''
  ) );
#8850 = ORIENTED_EDGE('',*,*,#8851,.T.);
#8851 = EDGE_CURVE('',#8828,#8852,#8854,.T.);
#8852 = VERTEX_POINT('',#8853);
#8853 = CARTESIAN_POINT('',(-80.,17.5,17.));
#8854 = SURFACE_CURVE('',#8855,(#8859,#8866),.PCURVE_S1.);
#8855 = LINE('',#8856,#8857);
#8856 = CARTESIAN_POINT('',(-40.,17.5,17.));
#8857 = VECTOR('',#8858,1.);
#8858 = DIRECTION('',(-1.,-0.,-0.));
#8859 = PCURVE('',#6014,#8860);
#8860 = DEFINITIONAL_REPRESENTATION('',(#8861),#8865);
#8861 = LINE('',#8862,#8863);
#8862 = CARTESIAN_POINT('',(1.570796326795,0.));
#8863 = VECTOR('',#8864,1.);
#8864 = DIRECTION('',(0.,1.));
#8865 = ( GEOMETRIC_REPRESENTATION_CONTEXT(2) 
PARAMETRIC_REPRESENTATION_CONTEXT() REPRESENTATION_CONTEXT('2D SPACE',''
  ) );
#8866 = PCURVE('',#8867,#8872);
#8867 = PLANE('',#8868);
#8868 = AXIS2_PLACEMENT_3D('',#8869,#8870,#8871);
#8869 = CARTESIAN_POINT('',(-60.,15.,17.));
#8870 = DIRECTION('',(0.,0.,1.));
#8871 = DIRECTION('',(1.,0.,0.));
#8872 = DEFINITIONAL_REPRESENTATION('',(#8873),#8877);
#8873 = LINE('',#8874,#8875);
#8874 = CARTESIAN_POINT('',(20.,2.5));
#8875 = VECTOR('',#8876,1.);
#8876 = DIRECTION('',(-1.,0.));
#8877 = ( GEOMETRIC_REPRESENTATION_CONTEXT(2) 
PARAMETRIC_REPRESENTATION_CONTEXT() REPRESENTATION_CONTEXT('2D SPACE',''
  ) );
#8878 = ORIENTED_EDGE('',*,*,#8879,.F.);
#8879 = EDGE_CURVE('',#5792,#8852,#8880,.T.);
#8880 = SURFACE_CURVE('',#8881,(#8886,#8893),.PCURVE_S1.);
#8881 = CIRCLE('',#8882,2.5);
#8882 = AXIS2_PLACEMENT_3D('',#8883,#8884,#8885);
#8883 = CARTESIAN_POINT('',(-80.,17.5,19.5));
#8884 = DIRECTION('',(-1.,0.,0.));
#8885 = DIRECTION('',(0.,1.,0.));
#8886 = PCURVE('',#6014,#8887);
#8887 = DEFINITIONAL_REPRESENTATION('',(#8888),#8892);
#8888 = LINE('',#8889,#8890);
#8889 = CARTESIAN_POINT('',(0.,40.));
#8890 = VECTOR('',#8891,1.);
#8891 = DIRECTION('',(1.,0.));
#8892 = ( GEOMETRIC_REPRESENTATION_CONTEXT(2) 
PARAMETRIC_REPRESENTATION_CONTEXT() REPRESENTATION_CONTEXT('2D SPACE',''
  ) );
#8893 = PCURVE('',#6243,#8894);
#8894 = DEFINITIONAL_REPRESENTATION('',(#8895),#8899);
#8895 = LINE('',#8896,#8897);
#8896 = CARTESIAN_POINT('',(-0.,0.));
#8897 = VECTOR('',#8898,1.);
#8898 = DIRECTION('',(-0.,1.));
#8899 = ( GEOMETRIC_REPRESENTATION_CONTEXT(2) 
PARAMETRIC_REPRESENTATION_CONTEXT() REPRESENTATION_CONTEXT('2D SPACE',''
  ) );
#8900 = ORIENTED_EDGE('',*,*,#5836,.T.);
#8901 = ADVANCED_FACE('',(#8902),#6243,.F.);
#8902 = FACE_BOUND('',#8903,.T.);
#8903 = EDGE_LOOP('',(#8904,#8905,#8906,#8930));
#8904 = ORIENTED_EDGE('',*,*,#8879,.F.);
#8905 = ORIENTED_EDGE('',*,*,#6217,.F.);
#8906 = ORIENTED_EDGE('',*,*,#8907,.T.);
#8907 = EDGE_CURVE('',#6194,#8908,#8910,.T.);
#8908 = VERTEX_POINT('',#8909);
#8909 = CARTESIAN_POINT('',(-80.,12.5,17.));
#8910 = SURFACE_CURVE('',#8911,(#8916,#8923),.PCURVE_S1.);
#8911 = CIRCLE('',#8912,2.5);
#8912 = AXIS2_PLACEMENT_3D('',#8913,#8914,#8915);
#8913 = CARTESIAN_POINT('',(-80.,12.5,19.5));
#8914 = DIRECTION('',(1.,-1.01E-15,0.));
#8915 = DIRECTION('',(-1.01E-15,-1.,0.));
#8916 = PCURVE('',#6243,#8917);
#8917 = DEFINITIONAL_REPRESENTATION('',(#8918),#8922);
#8918 = LINE('',#8919,#8920);
#8919 = CARTESIAN_POINT('',(-3.14159265359,0.));
#8920 = VECTOR('',#8921,1.);
#8921 = DIRECTION('',(-0.,1.));
#8922 = ( GEOMETRIC_REPRESENTATION_CONTEXT(2) 
PARAMETRIC_REPRESENTATION_CONTEXT() REPRESENTATION_CONTEXT('2D SPACE',''
  ) );
#8923 = PCURVE('',#6410,#8924);
#8924 = DEFINITIONAL_REPRESENTATION('',(#8925),#8929);
#8925 = LINE('',#8926,#8927);
#8926 = CARTESIAN_POINT('',(0.,0.));
#8927 = VECTOR('',#8928,1.);
#8928 = DIRECTION('',(1.,0.));
#8929 = ( GEOMETRIC_REPRESENTATION_CONTEXT(2) 
PARAMETRIC_REPRESENTATION_CONTEXT() REPRESENTATION_CONTEXT('2D SPACE',''
  ) );
#8930 = ORIENTED_EDGE('',*,*,#8931,.F.);
#8931 = EDGE_CURVE('',#8852,#8908,#8932,.T.);
#8932 = SURFACE_CURVE('',#8933,(#8938,#8945),.PCURVE_S1.);
#8933 = CIRCLE('',#8934,2.5);
#8934 = AXIS2_PLACEMENT_3D('',#8935,#8936,#8937);
#8935 = CARTESIAN_POINT('',(-80.,15.,17.));
#8936 = DIRECTION('',(0.,-0.,1.));
#8937 = DIRECTION('',(0.,1.,0.));
#8938 = PCURVE('',#6243,#8939);
#8939 = DEFINITIONAL_REPRESENTATION('',(#8940),#8944);
#8940 = LINE('',#8941,#8942);
#8941 = CARTESIAN_POINT('',(-0.,1.570796326795));
#8942 = VECTOR('',#8943,1.);
#8943 = DIRECTION('',(-1.,0.));
#8944 = ( GEOMETRIC_REPRESENTATION_CONTEXT(2) 
PARAMETRIC_REPRESENTATION_CONTEXT() REPRESENTATION_CONTEXT('2D SPACE',''
  ) );
#8945 = PCURVE('',#8867,#8946);
#8946 = DEFINITIONAL_REPRESENTATION('',(#8947),#8951);
#8947 = CIRCLE('',#8948,2.5);
#8948 = AXIS2_PLACEMENT_2D('',#8949,#8950);
#8949 = CARTESIAN_POINT('',(-20.,0.));
#8950 = DIRECTION('',(0.,1.));
#8951 = ( GEOMETRIC_REPRESENTATION_CONTEXT(2) 
PARAMETRIC_REPRESENTATION_CONTEXT() REPRESENTATION_CONTEXT('2D SPACE',''
  ) );
#8952 = ADVANCED_FACE('',(#8953),#6328,.F.);
#8953 = FACE_BOUND('',#8954,.T.);
#8954 = EDGE_LOOP('',(#8955,#8979,#8980,#8981));
#8955 = ORIENTED_EDGE('',*,*,#8956,.F.);
#8956 = EDGE_CURVE('',#6278,#8957,#8959,.T.);
#8957 = VERTEX_POINT('',#8958);
#8958 = CARTESIAN_POINT('',(-40.,12.5,17.));
#8959 = SURFACE_CURVE('',#8960,(#8965,#8972),.PCURVE_S1.);
#8960 = CIRCLE('',#8961,2.5);
#8961 = AXIS2_PLACEMENT_3D('',#8962,#8963,#8964);
#8962 = CARTESIAN_POINT('',(-40.,12.5,19.5));
#8963 = DIRECTION('',(1.,0.,0.));
#8964 = DIRECTION('',(0.,-1.,0.));
#8965 = PCURVE('',#6328,#8966);
#8966 = DEFINITIONAL_REPRESENTATION('',(#8967),#8971);
#8967 = LINE('',#8968,#8969);
#8968 = CARTESIAN_POINT('',(-0.,0.));
#8969 = VECTOR('',#8970,1.);
#8970 = DIRECTION('',(-0.,1.));
#8971 = ( GEOMETRIC_REPRESENTATION_CONTEXT(2) 
PARAMETRIC_REPRESENTATION_CONTEXT() REPRESENTATION_CONTEXT('2D SPACE',''
  ) );
#8972 = PCURVE('',#6410,#8973);
#8973 = DEFINITIONAL_REPRESENTATION('',(#8974),#8978);
#8974 = LINE('',#8975,#8976);
#8975 = CARTESIAN_POINT('',(0.,40.));
#8976 = VECTOR('',#8977,1.);
#8977 = DIRECTION('',(1.,0.));
#8978 = ( GEOMETRIC_REPRESENTATION_CONTEXT(2) 
PARAMETRIC_REPRESENTATION_CONTEXT() REPRESENTATION_CONTEXT('2D SPACE',''
  ) );
#8979 = ORIENTED_EDGE('',*,*,#6299,.F.);
#8980 = ORIENTED_EDGE('',*,*,#8827,.T.);
#8981 = ORIENTED_EDGE('',*,*,#8982,.F.);
#8982 = EDGE_CURVE('',#8957,#8828,#8983,.T.);
#8983 = SURFACE_CURVE('',#8984,(#8989,#8996),.PCURVE_S1.);
#8984 = CIRCLE('',#8985,2.5);
#8985 = AXIS2_PLACEMENT_3D('',#8986,#8987,#8988);
#8986 = CARTESIAN_POINT('',(-40.,15.,17.));
#8987 = DIRECTION('',(-0.,0.,1.));
#8988 = DIRECTION('',(0.,-1.,0.));
#8989 = PCURVE('',#6328,#8990);
#8990 = DEFINITIONAL_REPRESENTATION('',(#8991),#8995);
#8991 = LINE('',#8992,#8993);
#8992 = CARTESIAN_POINT('',(-0.,1.570796326795));
#8993 = VECTOR('',#8994,1.);
#8994 = DIRECTION('',(-1.,0.));
#8995 = ( GEOMETRIC_REPRESENTATION_CONTEXT(2) 
PARAMETRIC_REPRESENTATION_CONTEXT() REPRESENTATION_CONTEXT('2D SPACE',''
  ) );
#8996 = PCURVE('',#8867,#8997);
#8997 = DEFINITIONAL_REPRESENTATION('',(#8998),#9002);
#8998 = CIRCLE('',#8999,2.5);
#8999 = AXIS2_PLACEMENT_2D('',#9000,#9001);
#9000 = CARTESIAN_POINT('',(20.,0.));
#9001 = DIRECTION('',(0.,-1.));
#9002 = ( GEOMETRIC_REPRESENTATION_CONTEXT(2) 
PARAMETRIC_REPRESENTATION_CONTEXT() REPRESENTATION_CONTEXT('2D SPACE',''
  ) );
#9003 = ADVANCED_FACE('',(#9004),#6410,.F.);
#9004 = FACE_BOUND('',#9005,.F.);
#9005 = EDGE_LOOP('',(#9006,#9007,#9028,#9029));
#9006 = ORIENTED_EDGE('',*,*,#8907,.T.);
#9007 = ORIENTED_EDGE('',*,*,#9008,.T.);
#9008 = EDGE_CURVE('',#8908,#8957,#9009,.T.);
#9009 = SURFACE_CURVE('',#9010,(#9014,#9021),.PCURVE_S1.);
#9010 = LINE('',#9011,#9012);
#9011 = CARTESIAN_POINT('',(-80.,12.5,17.));
#9012 = VECTOR('',#9013,1.);
#9013 = DIRECTION('',(1.,0.,0.));
#9014 = PCURVE('',#6410,#9015);
#9015 = DEFINITIONAL_REPRESENTATION('',(#9016),#9020);
#9016 = LINE('',#9017,#9018);
#9017 = CARTESIAN_POINT('',(1.570796326795,0.));
#9018 = VECTOR('',#9019,1.);
#9019 = DIRECTION('',(0.,1.));
#9020 = ( GEOMETRIC_REPRESENTATION_CONTEXT(2) 
PARAMETRIC_REPRESENTATION_CONTEXT() REPRESENTATION_CONTEXT('2D SPACE',''
  ) );
#9021 = PCURVE('',#8867,#9022);
#9022 = DEFINITIONAL_REPRESENTATION('',(#9023),#9027);
#9023 = LINE('',#9024,#9025);
#9024 = CARTESIAN_POINT('',(-20.,-2.5));
#9025 = VECTOR('',#9026,1.);
#9026 = DIRECTION('',(1.,0.));
#9027 = ( GEOMETRIC_REPRESENTATION_CONTEXT(2) 
PARAMETRIC_REPRESENTATION_CONTEXT() REPRESENTATION_CONTEXT('2D SPACE',''
  ) );
#9028 = ORIENTED_EDGE('',*,*,#8956,.F.);
#9029 = ORIENTED_EDGE('',*,*,#6361,.T.);
#9030 = ADVANCED_FACE('',(#9031),#6499,.F.);
#9031 = FACE_BOUND('',#9032,.F.);
#9032 = EDGE_LOOP('',(#9033,#9056,#9083,#9084));
#9033 = ORIENTED_EDGE('',*,*,#9034,.T.);
#9034 = EDGE_CURVE('',#6461,#9035,#9037,.T.);
#9035 = VERTEX_POINT('',#9036);
#9036 = CARTESIAN_POINT('',(-45.,45.,7.));
#9037 = SEAM_CURVE('',#9038,(#9042,#9049),.PCURVE_S1.);
#9038 = LINE('',#9039,#9040);
#9039 = CARTESIAN_POINT('',(-45.,45.,20.));
#9040 = VECTOR('',#9041,1.);
#9041 = DIRECTION('',(-0.,-0.,-1.));
#9042 = PCURVE('',#6499,#9043);
#9043 = DEFINITIONAL_REPRESENTATION('',(#9044),#9048);
#9044 = LINE('',#9045,#9046);
#9045 = CARTESIAN_POINT('',(0.,0.));
#9046 = VECTOR('',#9047,1.);
#9047 = DIRECTION('',(0.,-1.));
#9048 = ( GEOMETRIC_REPRESENTATION_CONTEXT(2) 
PARAMETRIC_REPRESENTATION_CONTEXT() REPRESENTATION_CONTEXT('2D SPACE',''
  ) );
#9049 = PCURVE('',#6499,#9050);
#9050 = DEFINITIONAL_REPRESENTATION('',(#9051),#9055);
#9051 = LINE('',#9052,#9053);
#9052 = CARTESIAN_POINT('',(6.28318530718,0.));
#9053 = VECTOR('',#9054,1.);
#9054 = DIRECTION('',(0.,-1.));
#9055 = ( GEOMETRIC_REPRESENTATION_CONTEXT(2) 
PARAMETRIC_REPRESENTATION_CONTEXT() REPRESENTATION_CONTEXT('2D SPACE',''
  ) );
#9056 = ORIENTED_EDGE('',*,*,#9057,.T.);
#9057 = EDGE_CURVE('',#9035,#9035,#9058,.T.);
#9058 = SURFACE_CURVE('',#9059,(#9064,#9071),.PCURVE_S1.);
#9059 = CIRCLE('',#9060,20.);
#9060 = AXIS2_PLACEMENT_3D('',#9061,#9062,#9063);
#9061 = CARTESIAN_POINT('',(-65.,45.,7.));
#9062 = DIRECTION('',(0.,0.,1.));
#9063 = DIRECTION('',(1.,0.,0.));
#9064 = PCURVE('',#6499,#9065);
#9065 = DEFINITIONAL_REPRESENTATION('',(#9066),#9070);
#9066 = LINE('',#9067,#9068);
#9067 = CARTESIAN_POINT('',(0.,-13.));
#9068 = VECTOR('',#9069,1.);
#9069 = DIRECTION('',(1.,0.));
#9070 = ( GEOMETRIC_REPRESENTATION_CONTEXT(2) 
PARAMETRIC_REPRESENTATION_CONTEXT() REPRESENTATION_CONTEXT('2D SPACE',''
  ) );
#9071 = PCURVE('',#9072,#9077);
#9072 = TOROIDAL_SURFACE('',#9073,15.,5.);
#9073 = AXIS2_PLACEMENT_3D('',#9074,#9075,#9076);
#9074 = CARTESIAN_POINT('',(-65.,45.,7.));
#9075 = DIRECTION('',(-0.,-0.,-1.));
#9076 = DIRECTION('',(1.,0.,0.));
#9077 = DEFINITIONAL_REPRESENTATION('',(#9078),#9082);
#9078 = LINE('',#9079,#9080);
#9079 = CARTESIAN_POINT('',(-0.,0.));
#9080 = VECTOR('',#9081,1.);
#9081 = DIRECTION('',(-1.,0.));
#9082 = ( GEOMETRIC_REPRESENTATION_CONTEXT(2) 
PARAMETRIC_REPRESENTATION_CONTEXT() REPRESENTATION_CONTEXT('2D SPACE',''
  ) );
#9083 = ORIENTED_EDGE('',*,*,#9034,.F.);
#9084 = ORIENTED_EDGE('',*,*,#6484,.F.);
#9085 = ADVANCED_FACE('',(#9086),#6534,.T.);
#9086 = FACE_BOUND('',#9087,.T.);
#9087 = EDGE_LOOP('',(#9088,#9089));
#9088 = ORIENTED_EDGE('',*,*,#6516,.F.);
#9089 = ORIENTED_EDGE('',*,*,#9090,.T.);
#9090 = EDGE_CURVE('',#6517,#6519,#9091,.T.);
#9091 = SURFACE_CURVE('',#9092,(#9097,#9104),.PCURVE_S1.);
#9092 = CIRCLE('',#9093,25.5);
#9093 = AXIS2_PLACEMENT_3D('',#9094,#9095,#9096);
#9094 = CARTESIAN_POINT('',(-25.,35.,30.));
#9095 = DIRECTION('',(1.,0.,0.));
#9096 = DIRECTION('',(0.,-0.838140405208,-0.545454545455));
#9097 = PCURVE('',#6534,#9098);
#9098 = DEFINITIONAL_REPRESENTATION('',(#9099),#9103);
#9099 = CIRCLE('',#9100,25.5);
#9100 = AXIS2_PLACEMENT_2D('',#9101,#9102);
#9101 = CARTESIAN_POINT('',(3.552713678801E-15,-7.105427357601E-15));
#9102 = DIRECTION('',(-0.545454545455,0.838140405208));
#9103 = ( GEOMETRIC_REPRESENTATION_CONTEXT(2) 
PARAMETRIC_REPRESENTATION_CONTEXT() REPRESENTATION_CONTEXT('2D SPACE',''
  ) );
#9104 = PCURVE('',#9105,#9110);
#9105 = TOROIDAL_SURFACE('',#9106,25.5,2.);
#9106 = AXIS2_PLACEMENT_3D('',#9107,#9108,#9109);
#9107 = CARTESIAN_POINT('',(-23.,35.,30.));
#9108 = DIRECTION('',(1.,0.,0.));
#9109 = DIRECTION('',(0.,-0.838140405208,-0.545454545455));
#9110 = DEFINITIONAL_REPRESENTATION('',(#9111),#9115);
#9111 = LINE('',#9112,#9113);
#9112 = CARTESIAN_POINT('',(0.,4.712388980385));
#9113 = VECTOR('',#9114,1.);
#9114 = DIRECTION('',(1.,0.));
#9115 = ( GEOMETRIC_REPRESENTATION_CONTEXT(2) 
PARAMETRIC_REPRESENTATION_CONTEXT() REPRESENTATION_CONTEXT('2D SPACE',''
  ) );
#9116 = ADVANCED_FACE('',(#9117),#7001,.T.);
#9117 = FACE_BOUND('',#9118,.T.);
#9118 = EDGE_LOOP('',(#9119,#9139,#9235,#9263));
#9119 = ORIENTED_EDGE('',*,*,#9120,.T.);
#9120 = EDGE_CURVE('',#6800,#7055,#9121,.T.);
#9121 = SURFACE_CURVE('',#9122,(#9126,#9132),.PCURVE_S1.);
#9122 = ( BOUNDED_CURVE() B_SPLINE_CURVE(2,(#9123,#9124,#9125),
.UNSPECIFIED.,.F.,.F.) B_SPLINE_CURVE_WITH_KNOTS((3,3),(0.,7.32606083099
),.PIECEWISE_BEZIER_KNOTS.) CURVE() GEOMETRIC_REPRESENTATION_ITEM() 
RATIONAL_B_SPLINE_CURVE((1.,0.784775933819,1.)) REPRESENTATION_ITEM('') 
  );
#9123 = CARTESIAN_POINT('',(-25.65270392707,12.251558414032,
    17.470023654611));
#9124 = CARTESIAN_POINT('',(-25.29930757438,10.843336862741,
    16.848038284803));
#9125 = CARTESIAN_POINT('',(-23.80720441613,10.604194511273,
    17.307692307692));
#9126 = PCURVE('',#7001,#9127);
#9127 = DEFINITIONAL_REPRESENTATION('',(#9128),#9131);
#9128 = B_SPLINE_CURVE_WITH_KNOTS('',1,(#9129,#9130),.UNSPECIFIED.,.F.,
  .F.,(2,2),(0.,7.32606083099),.PIECEWISE_BEZIER_KNOTS.);
#9129 = CARTESIAN_POINT('',(0.,7.326060831071));
#9130 = CARTESIAN_POINT('',(3.922407535018,7.326060831071));
#9131 = ( GEOMETRIC_REPRESENTATION_CONTEXT(2) 
PARAMETRIC_REPRESENTATION_CONTEXT() REPRESENTATION_CONTEXT('2D SPACE',''
  ) );
#9132 = PCURVE('',#6883,#9133);
#9133 = DEFINITIONAL_REPRESENTATION('',(#9134),#9138);
#9134 = LINE('',#9135,#9136);
#9135 = CARTESIAN_POINT('',(0.,7.326060831071));
#9136 = VECTOR('',#9137,1.);
#9137 = DIRECTION('',(1.,0.));
#9138 = ( GEOMETRIC_REPRESENTATION_CONTEXT(2) 
PARAMETRIC_REPRESENTATION_CONTEXT() REPRESENTATION_CONTEXT('2D SPACE',''
  ) );
#9139 = ORIENTED_EDGE('',*,*,#9140,.T.);
#9140 = EDGE_CURVE('',#7055,#9141,#9143,.T.);
#9141 = VERTEX_POINT('',#9142);
#9142 = CARTESIAN_POINT('',(-23.,12.761029715662,13.823529411755));
#9143 = SURFACE_CURVE('',#9144,(#9159,#9166),.PCURVE_S1.);
#9144 = ( BOUNDED_CURVE() B_SPLINE_CURVE(7,(#9145,#9146,#9147,#9148,
    #9149,#9150,#9151,#9152,#9153,#9154,#9155,#9156,#9157,#9158),
.UNSPECIFIED.,.F.,.F.) B_SPLINE_CURVE_WITH_KNOTS((8,6,8),(7.326060831071
,9.691362709233,11.248468366089),.UNSPECIFIED.) CURVE() 
GEOMETRIC_REPRESENTATION_ITEM() RATIONAL_B_SPLINE_CURVE((1.,1.,1.,1.,1.,
1.,1.,1.,1.,1.,1.,1.,1.,1.)) REPRESENTATION_ITEM('') );
#9145 = CARTESIAN_POINT('',(-23.80720441613,10.604194511273,
    17.307692307692));
#9146 = CARTESIAN_POINT('',(-23.65318053735,10.771049131143,
    16.98698208305));
#9147 = CARTESIAN_POINT('',(-23.51769558314,10.948312107056,
    16.658408850559));
#9148 = CARTESIAN_POINT('',(-23.39951005286,11.132646713243,
    16.328838754017));
#9149 = CARTESIAN_POINT('',(-23.30068906397,11.328997309125,
    15.992243590777));
#9150 = CARTESIAN_POINT('',(-23.21799696119,11.526820006209,
    15.6631233585));
#9151 = CARTESIAN_POINT('',(-23.15532855954,11.7451332423,
    15.316889770108));
#9152 = CARTESIAN_POINT('',(-23.07557034337,12.074199907995,
    14.810690088278));
#9153 = CARTESIAN_POINT('',(-23.04986032489,12.168886669478,
    14.66932790013));
#9154 = CARTESIAN_POINT('',(-23.02921641745,12.292970745991,
    14.483837104544));
#9155 = CARTESIAN_POINT('',(-23.0147244348,12.403718303381,
    14.324341439189));
#9156 = CARTESIAN_POINT('',(-23.00474902704,12.522730389392,
    14.153995412145));
#9157 = CARTESIAN_POINT('',(-23.,12.640992030163,13.98855394577));
#9158 = CARTESIAN_POINT('',(-23.,12.761029715662,13.823529411755));
#9159 = PCURVE('',#7001,#9160);
#9160 = DEFINITIONAL_REPRESENTATION('',(#9161),#9165);
#9161 = LINE('',#9162,#9163);
#9162 = CARTESIAN_POINT('',(3.922407535018,0.));
#9163 = VECTOR('',#9164,1.);
#9164 = DIRECTION('',(0.,1.));
#9165 = ( GEOMETRIC_REPRESENTATION_CONTEXT(2) 
PARAMETRIC_REPRESENTATION_CONTEXT() REPRESENTATION_CONTEXT('2D SPACE',''
  ) );
#9166 = PCURVE('',#7072,#9167);
#9167 = DEFINITIONAL_REPRESENTATION('',(#9168),#9234);
#9168 = B_SPLINE_CURVE_WITH_KNOTS('',10,(#9169,#9170,#9171,#9172,#9173,
    #9174,#9175,#9176,#9177,#9178,#9179,#9180,#9181,#9182,#9183,#9184,
    #9185,#9186,#9187,#9188,#9189,#9190,#9191,#9192,#9193,#9194,#9195,
    #9196,#9197,#9198,#9199,#9200,#9201,#9202,#9203,#9204,#9205,#9206,
    #9207,#9208,#9209,#9210,#9211,#9212,#9213,#9214,#9215,#9216,#9217,
    #9218,#9219,#9220,#9221,#9222,#9223,#9224,#9225,#9226,#9227,#9228,
    #9229,#9230,#9231,#9232,#9233),.UNSPECIFIED.,.F.,.F.,(11,9,9,9,9,9,9
    ,11),(7.326060831071,9.28726459858,9.532415069519,9.654990304988,
    9.716277922723,9.777565540457,10.267866482335,11.248468366089),
  .UNSPECIFIED.);
#9169 = CARTESIAN_POINT('',(3.621321291266,-98.80720441613));
#9170 = CARTESIAN_POINT('',(3.628951419312,-98.7178075616));
#9171 = CARTESIAN_POINT('',(3.636719000234,-98.63435889499));
#9172 = CARTESIAN_POINT('',(3.644578405217,-98.55665137907));
#9173 = CARTESIAN_POINT('',(3.65252804006,-98.48474007316));
#9174 = CARTESIAN_POINT('',(3.66056171643,-98.41865883758));
#9175 = CARTESIAN_POINT('',(3.668665440186,-98.358366864));
#9176 = CARTESIAN_POINT('',(3.676831858458,-98.30381193615));
#9177 = CARTESIAN_POINT('',(3.685064606879,-98.25499731492));
#9178 = CARTESIAN_POINT('',(3.6933447987,-98.2119391531));
#9179 = CARTESIAN_POINT('',(3.702555284518,-98.16970910767));
#9180 = CARTESIAN_POINT('',(3.703577206941,-98.16510311052));
#9181 = CARTESIAN_POINT('',(3.704597404687,-98.1605829243));
#9182 = CARTESIAN_POINT('',(3.705615578023,-98.15614804122));
#9183 = CARTESIAN_POINT('',(3.706631387221,-98.1517978635));
#9184 = CARTESIAN_POINT('',(3.707644452636,-98.14753170558));
#9185 = CARTESIAN_POINT('',(3.708654354609,-98.14334879139));
#9186 = CARTESIAN_POINT('',(3.709660633562,-98.13924825701));
#9187 = CARTESIAN_POINT('',(3.710662789926,-98.13522914864));
#9188 = CARTESIAN_POINT('',(3.712159031309,-98.12932106138));
#9189 = CARTESIAN_POINT('',(3.712656627028,-98.12737182797));
#9190 = CARTESIAN_POINT('',(3.713152989586,-98.12544255796));
#9191 = CARTESIAN_POINT('',(3.713648037236,-98.12353308593));
#9192 = CARTESIAN_POINT('',(3.714141688221,-98.12164324602));
#9193 = CARTESIAN_POINT('',(3.714633860801,-98.11977287307));
#9194 = CARTESIAN_POINT('',(3.715124473214,-98.11792180109));
#9195 = CARTESIAN_POINT('',(3.715613443718,-98.11608986485));
#9196 = CARTESIAN_POINT('',(3.716100690557,-98.11427689858));
#9197 = CARTESIAN_POINT('',(3.716828852698,-98.11158565592));
#9198 = CARTESIAN_POINT('',(3.717071656079,-98.11069337372));
#9199 = CARTESIAN_POINT('',(3.717309936782,-98.10980494172));
#9200 = CARTESIAN_POINT('',(3.717562094823,-98.10892403275));
#9201 = CARTESIAN_POINT('',(3.717783109915,-98.10804159272));
#9202 = CARTESIAN_POINT('',(3.718045189115,-98.10717205394));
#9203 = CARTESIAN_POINT('',(3.718273083491,-98.10630036758));
#9204 = CARTESIAN_POINT('',(3.718513334504,-98.10543575864));
#9205 = CARTESIAN_POINT('',(3.718748409436,-98.10457472301));
#9206 = CARTESIAN_POINT('',(3.719216201828,-98.10286132232));
#9207 = CARTESIAN_POINT('',(3.71944852588,-98.10200887458));
#9208 = CARTESIAN_POINT('',(3.719679339842,-98.10116066808));
#9209 = CARTESIAN_POINT('',(3.719908705754,-98.10031669131));
#9210 = CARTESIAN_POINT('',(3.720136685677,-98.09947693308));
#9211 = CARTESIAN_POINT('',(3.720363341647,-98.09864138171));
#9212 = CARTESIAN_POINT('',(3.720588735724,-98.09781002607));
#9213 = CARTESIAN_POINT('',(3.720812929949,-98.09698285456));
#9214 = CARTESIAN_POINT('',(3.721035986375,-98.09615985588));
#9215 = CARTESIAN_POINT('',(3.723033812449,-98.08879032037));
#9216 = CARTESIAN_POINT('',(3.724740099024,-98.08250611338));
#9217 = CARTESIAN_POINT('',(3.726404241232,-98.07648361612));
#9218 = CARTESIAN_POINT('',(3.728044568561,-98.07072006843));
#9219 = CARTESIAN_POINT('',(3.729672740977,-98.06521388584));
#9220 = CARTESIAN_POINT('',(3.73129575301,-98.05996400647));
#9221 = CARTESIAN_POINT('',(3.732917526366,-98.05496942778));
#9222 = CARTESIAN_POINT('',(3.734540091196,-98.05022893643));
#9223 = CARTESIAN_POINT('',(3.736164355892,-98.04574102806));
#9224 = CARTESIAN_POINT('',(3.74104268478,-98.03303000244));
#9225 = CARTESIAN_POINT('',(3.744302360934,-98.02555953985));
#9226 = CARTESIAN_POINT('',(3.747571162141,-98.01907880815));
#9227 = CARTESIAN_POINT('',(3.750840561242,-98.01356985616));
#9228 = CARTESIAN_POINT('',(3.754108484725,-98.00901070369));
#9229 = CARTESIAN_POINT('',(3.757379048052,-98.00538162621));
#9230 = CARTESIAN_POINT('',(3.760654681729,-98.00267160917));
#9231 = CARTESIAN_POINT('',(3.763929952407,-98.00087895124));
#9232 = CARTESIAN_POINT('',(3.767196383426,-98.));
#9233 = CARTESIAN_POINT('',(3.770467579085,-98.));
#9234 = ( GEOMETRIC_REPRESENTATION_CONTEXT(2) 
PARAMETRIC_REPRESENTATION_CONTEXT() REPRESENTATION_CONTEXT('2D SPACE',''
  ) );
#9235 = ORIENTED_EDGE('',*,*,#9236,.F.);
#9236 = EDGE_CURVE('',#6517,#9141,#9237,.T.);
#9237 = SURFACE_CURVE('',#9238,(#9242,#9249),.PCURVE_S1.);
#9238 = ( BOUNDED_CURVE() B_SPLINE_CURVE(2,(#9239,#9240,#9241),
.UNSPECIFIED.,.F.,.F.) B_SPLINE_CURVE_WITH_KNOTS((3,3),(0.,
3.922407535018),.PIECEWISE_BEZIER_KNOTS.) CURVE() 
GEOMETRIC_REPRESENTATION_ITEM() RATIONAL_B_SPLINE_CURVE((1.,
0.707106781187,1.)) REPRESENTATION_ITEM('') );
#9239 = CARTESIAN_POINT('',(-25.,14.378409372699,15.));
#9240 = CARTESIAN_POINT('',(-25.,12.761029715659,13.82352941176));
#9241 = CARTESIAN_POINT('',(-23.,12.761029715662,13.823529411755));
#9242 = PCURVE('',#7001,#9243);
#9243 = DEFINITIONAL_REPRESENTATION('',(#9244),#9248);
#9244 = LINE('',#9245,#9246);
#9245 = CARTESIAN_POINT('',(0.,11.248468366089));
#9246 = VECTOR('',#9247,1.);
#9247 = DIRECTION('',(1.,0.));
#9248 = ( GEOMETRIC_REPRESENTATION_CONTEXT(2) 
PARAMETRIC_REPRESENTATION_CONTEXT() REPRESENTATION_CONTEXT('2D SPACE',''
  ) );
#9249 = PCURVE('',#9105,#9250);
#9250 = DEFINITIONAL_REPRESENTATION('',(#9251),#9262);
#9251 = B_SPLINE_CURVE_WITH_KNOTS('',9,(#9252,#9253,#9254,#9255,#9256,
    #9257,#9258,#9259,#9260,#9261),.UNSPECIFIED.,.F.,.F.,(10,10),(0.,
    3.922407535018),.PIECEWISE_BEZIER_KNOTS.);
#9252 = CARTESIAN_POINT('',(5.19435802586E-02,4.712388980385));
#9253 = CARTESIAN_POINT('',(5.19435802586E-02,4.869523820648));
#9254 = CARTESIAN_POINT('',(5.19435802586E-02,5.038163697206));
#9255 = CARTESIAN_POINT('',(5.194358025859E-02,5.216955367255));
#9256 = CARTESIAN_POINT('',(5.19435802586E-02,5.403133831997));
#9257 = CARTESIAN_POINT('',(5.194358025859E-02,5.592440455567));
#9258 = CARTESIAN_POINT('',(5.19435802586E-02,5.77861892031));
#9259 = CARTESIAN_POINT('',(5.19435802586E-02,5.957410590359));
#9260 = CARTESIAN_POINT('',(5.19435802586E-02,6.126050466916));
#9261 = CARTESIAN_POINT('',(5.19435802586E-02,6.28318530718));
#9262 = ( GEOMETRIC_REPRESENTATION_CONTEXT(2) 
PARAMETRIC_REPRESENTATION_CONTEXT() REPRESENTATION_CONTEXT('2D SPACE',''
  ) );
#9263 = ORIENTED_EDGE('',*,*,#6945,.F.);
#9264 = ADVANCED_FACE('',(#9265),#6604,.T.);
#9265 = FACE_BOUND('',#9266,.T.);
#9266 = EDGE_LOOP('',(#9267,#9298,#9392,#9412));
#9267 = ORIENTED_EDGE('',*,*,#9268,.T.);
#9268 = EDGE_CURVE('',#6519,#9269,#9271,.T.);
#9269 = VERTEX_POINT('',#9270);
#9270 = CARTESIAN_POINT('',(-23.,57.238970284345,13.823529411765));
#9271 = SURFACE_CURVE('',#9272,(#9277,#9291),.PCURVE_S1.);
#9272 = CIRCLE('',#9273,2.);
#9273 = AXIS2_PLACEMENT_3D('',#9274,#9275,#9276);
#9274 = CARTESIAN_POINT('',(-23.,55.621590627301,15.));
#9275 = DIRECTION('',(0.,-0.588235294118,-0.808689828522));
#9276 = DIRECTION('',(0.,0.808689828522,-0.588235294118));
#9277 = PCURVE('',#6604,#9278);
#9278 = DEFINITIONAL_REPRESENTATION('',(#9279),#9290);
#9279 = B_SPLINE_CURVE_WITH_KNOTS('',9,(#9280,#9281,#9282,#9283,#9284,
    #9285,#9286,#9287,#9288,#9289),.UNSPECIFIED.,.F.,.F.,(10,10),(
    4.712388980385,6.28318530718),.PIECEWISE_BEZIER_KNOTS.);
#9280 = CARTESIAN_POINT('',(-8.7E-16,63.054145437558));
#9281 = CARTESIAN_POINT('',(0.484061724399,63.054145437558));
#9282 = CARTESIAN_POINT('',(0.928754777653,63.054145437562));
#9283 = CARTESIAN_POINT('',(1.350228971844,63.054145437552));
#9284 = CARTESIAN_POINT('',(1.758836281925,63.054145437568));
#9285 = CARTESIAN_POINT('',(2.163441734607,63.05414543755));
#9286 = CARTESIAN_POINT('',(2.572049044688,63.054145437564));
#9287 = CARTESIAN_POINT('',(2.993523238879,63.054145437556));
#9288 = CARTESIAN_POINT('',(3.438216292133,63.054145437559));
#9289 = CARTESIAN_POINT('',(3.922278016532,63.054145437559));
#9290 = ( GEOMETRIC_REPRESENTATION_CONTEXT(2) 
PARAMETRIC_REPRESENTATION_CONTEXT() REPRESENTATION_CONTEXT('2D SPACE',''
  ) );
#9291 = PCURVE('',#9105,#9292);
#9292 = DEFINITIONAL_REPRESENTATION('',(#9293),#9297);
#9293 = LINE('',#9294,#9295);
#9294 = CARTESIAN_POINT('',(1.935786382858,0.));
#9295 = VECTOR('',#9296,1.);
#9296 = DIRECTION('',(0.,1.));
#9297 = ( GEOMETRIC_REPRESENTATION_CONTEXT(2) 
PARAMETRIC_REPRESENTATION_CONTEXT() REPRESENTATION_CONTEXT('2D SPACE',''
  ) );
#9298 = ORIENTED_EDGE('',*,*,#9299,.T.);
#9299 = EDGE_CURVE('',#9269,#7286,#9300,.T.);
#9300 = SURFACE_CURVE('',#9301,(#9316,#9323),.PCURVE_S1.);
#9301 = ( BOUNDED_CURVE() B_SPLINE_CURVE(7,(#9302,#9303,#9304,#9305,
    #9306,#9307,#9308,#9309,#9310,#9311,#9312,#9313,#9314,#9315),
.UNSPECIFIED.,.F.,.F.) B_SPLINE_CURVE_WITH_KNOTS((8,6,8),(
    63.054145437559,64.611292776127,66.976423454091),.UNSPECIFIED.) 
CURVE() GEOMETRIC_REPRESENTATION_ITEM() RATIONAL_B_SPLINE_CURVE((1.,1.,
1.,1.,1.,1.,1.,1.,1.,1.,1.,1.,1.,1.)) REPRESENTATION_ITEM('') );
#9302 = CARTESIAN_POINT('',(-23.,57.238970284339,13.823529411757));
#9303 = CARTESIAN_POINT('',(-23.,57.359007969793,13.988553945709));
#9304 = CARTESIAN_POINT('',(-23.00474890131,57.477269732723,
    14.153995582008));
#9305 = CARTESIAN_POINT('',(-23.01472492109,57.59628136987,
    14.324341002357));
#9306 = CARTESIAN_POINT('',(-23.02921549722,57.707029433694,
    14.483837270966));
#9307 = CARTESIAN_POINT('',(-23.04986142966,57.831113989632,
    14.669329005462));
#9308 = CARTESIAN_POINT('',(-23.0755694542,57.925798379858,
    14.810687465441));
#9309 = CARTESIAN_POINT('',(-23.15532514389,58.254848745027,
    15.316862044792));
#9310 = CARTESIAN_POINT('',(-23.21799254569,58.473178125432,
    15.663118635553));
#9311 = CARTESIAN_POINT('',(-23.30069376947,58.671020688723,
    15.992271435659));
#9312 = CARTESIAN_POINT('',(-23.39952734953,58.867388013261,
    16.328898577998));
#9313 = CARTESIAN_POINT('',(-23.51771916778,59.051719391218,
    16.658466944051));
#9314 = CARTESIAN_POINT('',(-23.6531969626,59.228968520081,
    16.987016010356));
#9315 = CARTESIAN_POINT('',(-23.80720443849,59.395805488727,
    17.307692307692));
#9316 = PCURVE('',#6604,#9317);
#9317 = DEFINITIONAL_REPRESENTATION('',(#9318),#9322);
#9318 = LINE('',#9319,#9320);
#9319 = CARTESIAN_POINT('',(3.922278016532,0.));
#9320 = VECTOR('',#9321,1.);
#9321 = DIRECTION('',(0.,1.));
#9322 = ( GEOMETRIC_REPRESENTATION_CONTEXT(2) 
PARAMETRIC_REPRESENTATION_CONTEXT() REPRESENTATION_CONTEXT('2D SPACE',''
  ) );
#9323 = PCURVE('',#7072,#9324);
#9324 = DEFINITIONAL_REPRESENTATION('',(#9325),#9391);
#9325 = B_SPLINE_CURVE_WITH_KNOTS('',10,(#9326,#9327,#9328,#9329,#9330,
    #9331,#9332,#9333,#9334,#9335,#9336,#9337,#9338,#9339,#9340,#9341,
    #9342,#9343,#9344,#9345,#9346,#9347,#9348,#9349,#9350,#9351,#9352,
    #9353,#9354,#9355,#9356,#9357,#9358,#9359,#9360,#9361,#9362,#9363,
    #9364,#9365,#9366,#9367,#9368,#9369,#9370,#9371,#9372,#9373,#9374,
    #9375,#9376,#9377,#9378,#9379,#9380,#9381,#9382,#9383,#9384,#9385,
    #9386,#9387,#9388,#9389,#9390),.UNSPECIFIED.,.F.,.F.,(11,9,9,9,9,9,9
    ,11),(63.054145437559,64.034714941692,64.524999693758,
    64.586285287766,64.647570881775,64.770142069791,65.015284445825,
    66.976423454091),.UNSPECIFIED.);
#9326 = CARTESIAN_POINT('',(5.654310381684,-98.));
#9327 = CARTESIAN_POINT('',(5.657581381767,-97.99999999999));
#9328 = CARTESIAN_POINT('',(5.660847619187,-98.00087882289));
#9329 = CARTESIAN_POINT('',(5.664122692696,-98.00267128069));
#9330 = CARTESIAN_POINT('',(5.667398128875,-98.00538099529));
#9331 = CARTESIAN_POINT('',(5.670668496645,-98.00900963826));
#9332 = CARTESIAN_POINT('',(5.673936225869,-98.01356822365));
#9333 = CARTESIAN_POINT('',(5.677205430592,-98.01907649156));
#9334 = CARTESIAN_POINT('',(5.680474037672,-98.02555643093));
#9335 = CARTESIAN_POINT('',(5.683733521335,-98.03302597832));
#9336 = CARTESIAN_POINT('',(5.688611555903,-98.04573542098));
#9337 = CARTESIAN_POINT('',(5.690235721553,-98.05022276667));
#9338 = CARTESIAN_POINT('',(5.691858185757,-98.05496265814));
#9339 = CARTESIAN_POINT('',(5.69347985578,-98.05995659716));
#9340 = CARTESIAN_POINT('',(5.695102760024,-98.06520579584));
#9341 = CARTESIAN_POINT('',(5.696730817409,-98.07071125541));
#9342 = CARTESIAN_POINT('',(5.698371018211,-98.07647404155));
#9343 = CARTESIAN_POINT('',(5.700035015914,-98.08249574743));
#9344 = CARTESIAN_POINT('',(5.701741130504,-98.08877915314));
#9345 = CARTESIAN_POINT('',(5.703738716905,-98.09614781467));
#9346 = CARTESIAN_POINT('',(5.703961746065,-98.09697071663));
#9347 = CARTESIAN_POINT('',(5.704185912355,-98.09779779175));
#9348 = CARTESIAN_POINT('',(5.704411277803,-98.0986290518));
#9349 = CARTESIAN_POINT('',(5.704637904413,-98.09946450776));
#9350 = CARTESIAN_POINT('',(5.704865854221,-98.10030417176));
#9351 = CARTESIAN_POINT('',(5.70509518923,-98.10114805465));
#9352 = CARTESIAN_POINT('',(5.705325971469,-98.1019961684));
#9353 = CARTESIAN_POINT('',(5.705558262951,-98.1028485242));
#9354 = CARTESIAN_POINT('',(5.706025988444,-98.10456174312));
#9355 = CARTESIAN_POINT('',(5.706261011589,-98.10542269228));
#9356 = CARTESIAN_POINT('',(5.706501319313,-98.10628719476));
#9357 = CARTESIAN_POINT('',(5.706728982313,-98.10715883059));
#9358 = CARTESIAN_POINT('',(5.706991186956,-98.10802825453));
#9359 = CARTESIAN_POINT('',(5.707212192507,-98.10891060053));
#9360 = CARTESIAN_POINT('',(5.707464268798,-98.10979143609));
#9361 = CARTESIAN_POINT('',(5.70770257099,-98.11067977276));
#9362 = CARTESIAN_POINT('',(5.707945351278,-98.11157197031));
#9363 = CARTESIAN_POINT('',(5.708673470266,-98.1142629571));
#9364 = CARTESIAN_POINT('',(5.709160691622,-98.11607575686));
#9365 = CARTESIAN_POINT('',(5.709649639832,-98.1179075311));
#9366 = CARTESIAN_POINT('',(5.710140233047,-98.1197584455));
#9367 = CARTESIAN_POINT('',(5.710632389429,-98.12162866621));
#9368 = CARTESIAN_POINT('',(5.711126027125,-98.12351835873));
#9369 = CARTESIAN_POINT('',(5.711621064296,-98.12542768924));
#9370 = CARTESIAN_POINT('',(5.712117419094,-98.12735682336));
#9371 = CARTESIAN_POINT('',(5.712615009674,-98.12930592707));
#9372 = CARTESIAN_POINT('',(5.714111243228,-98.13521364438));
#9373 = CARTESIAN_POINT('',(5.715113404525,-98.13923253138));
#9374 = CARTESIAN_POINT('',(5.71611969789,-98.1433328715));
#9375 = CARTESIAN_POINT('',(5.717129623103,-98.14751561969));
#9376 = CARTESIAN_POINT('',(5.71814271997,-98.15178164172));
#9377 = CARTESIAN_POINT('',(5.719158568242,-98.15613171387));
#9378 = CARTESIAN_POINT('',(5.72017678771,-98.16056652326));
#9379 = CARTESIAN_POINT('',(5.721197038116,-98.1650866676));
#9380 = CARTESIAN_POINT('',(5.72221901922,-98.16969265532));
#9381 = CARTESIAN_POINT('',(5.731430083099,-98.2119229072));
#9382 = CARTESIAN_POINT('',(5.739711143348,-98.25498332826));
#9383 = CARTESIAN_POINT('',(5.747944866512,-98.30380234156));
#9384 = CARTESIAN_POINT('',(5.756112208385,-98.35836303788));
#9385 = CARTESIAN_POINT('',(5.764216677674,-98.41866099495));
#9386 = CARTESIAN_POINT('',(5.772250821706,-98.48474715909));
#9387 = CARTESIAN_POINT('',(5.780200597716,-98.55666119087));
#9388 = CARTESIAN_POINT('',(5.788059841918,-98.63436842352));
#9389 = CARTESIAN_POINT('',(5.795827048324,-98.71781358582));
#9390 = CARTESIAN_POINT('',(5.803456669504,-98.80720443849));
#9391 = ( GEOMETRIC_REPRESENTATION_CONTEXT(2) 
PARAMETRIC_REPRESENTATION_CONTEXT() REPRESENTATION_CONTEXT('2D SPACE',''
  ) );
#9392 = ORIENTED_EDGE('',*,*,#9393,.F.);
#9393 = EDGE_CURVE('',#6547,#7286,#9394,.T.);
#9394 = SURFACE_CURVE('',#9395,(#9399,#9406),.PCURVE_S1.);
#9395 = ( BOUNDED_CURVE() B_SPLINE_CURVE(2,(#9396,#9397,#9398),
.UNSPECIFIED.,.F.,.F.) B_SPLINE_CURVE_WITH_KNOTS((3,3),(0.,
3.922278016532),.PIECEWISE_BEZIER_KNOTS.) CURVE() 
GEOMETRIC_REPRESENTATION_ITEM() RATIONAL_B_SPLINE_CURVE((1.,
0.784775942798,1.)) REPRESENTATION_ITEM('') );
#9396 = CARTESIAN_POINT('',(-25.65270399094,57.748441711987,
    17.470023767017));
#9397 = CARTESIAN_POINT('',(-25.29930753326,59.156663119087,
    16.848038249875));
#9398 = CARTESIAN_POINT('',(-23.80720443849,59.395805488727,
    17.307692307692));
#9399 = PCURVE('',#6604,#9400);
#9400 = DEFINITIONAL_REPRESENTATION('',(#9401),#9405);
#9401 = LINE('',#9402,#9403);
#9402 = CARTESIAN_POINT('',(0.,66.976423454091));
#9403 = VECTOR('',#9404,1.);
#9404 = DIRECTION('',(1.,0.));
#9405 = ( GEOMETRIC_REPRESENTATION_CONTEXT(2) 
PARAMETRIC_REPRESENTATION_CONTEXT() REPRESENTATION_CONTEXT('2D SPACE',''
  ) );
#9406 = PCURVE('',#6736,#9407);
#9407 = DEFINITIONAL_REPRESENTATION('',(#9408),#9411);
#9408 = B_SPLINE_CURVE_WITH_KNOTS('',1,(#9409,#9410),.UNSPECIFIED.,.F.,
  .F.,(2,2),(0.,3.922278016532),.PIECEWISE_BEZIER_KNOTS.);
#9409 = CARTESIAN_POINT('',(0.,66.976423454091));
#9410 = CARTESIAN_POINT('',(7.326190344329,66.976423454091));
#9411 = ( GEOMETRIC_REPRESENTATION_CONTEXT(2) 
PARAMETRIC_REPRESENTATION_CONTEXT() REPRESENTATION_CONTEXT('2D SPACE',''
  ) );
#9412 = ORIENTED_EDGE('',*,*,#6546,.F.);
#9413 = ADVANCED_FACE('',(#9414),#6883,.T.);
#9414 = FACE_BOUND('',#9415,.T.);
#9415 = EDGE_LOOP('',(#9416,#9417,#9418));
#9416 = ORIENTED_EDGE('',*,*,#7211,.T.);
#9417 = ORIENTED_EDGE('',*,*,#9120,.F.);
#9418 = ORIENTED_EDGE('',*,*,#6799,.F.);
#9419 = ADVANCED_FACE('',(#9420),#6736,.T.);
#9420 = FACE_BOUND('',#9421,.T.);
#9421 = EDGE_LOOP('',(#9422,#9423,#9424));
#9422 = ORIENTED_EDGE('',*,*,#9393,.T.);
#9423 = ORIENTED_EDGE('',*,*,#7437,.T.);
#9424 = ORIENTED_EDGE('',*,*,#6654,.F.);
#9425 = ADVANCED_FACE('',(#9426),#7072,.F.);
#9426 = FACE_BOUND('',#9427,.F.);
#9427 = EDGE_LOOP('',(#9428,#9429,#9430,#9452,#9453,#9454,#9550,#9579));
#9428 = ORIENTED_EDGE('',*,*,#7054,.F.);
#9429 = ORIENTED_EDGE('',*,*,#9140,.T.);
#9430 = ORIENTED_EDGE('',*,*,#9431,.T.);
#9431 = EDGE_CURVE('',#9141,#9269,#9432,.T.);
#9432 = SURFACE_CURVE('',#9433,(#9438,#9445),.PCURVE_S1.);
#9433 = CIRCLE('',#9434,27.5);
#9434 = AXIS2_PLACEMENT_3D('',#9435,#9436,#9437);
#9435 = CARTESIAN_POINT('',(-23.,35.,30.));
#9436 = DIRECTION('',(1.,0.,0.));
#9437 = DIRECTION('',(0.,-0.838140405208,-0.545454545455));
#9438 = PCURVE('',#7072,#9439);
#9439 = DEFINITIONAL_REPRESENTATION('',(#9440),#9444);
#9440 = LINE('',#9441,#9442);
#9441 = CARTESIAN_POINT('',(3.718523998826,-98.));
#9442 = VECTOR('',#9443,1.);
#9443 = DIRECTION('',(1.,0.));
#9444 = ( GEOMETRIC_REPRESENTATION_CONTEXT(2) 
PARAMETRIC_REPRESENTATION_CONTEXT() REPRESENTATION_CONTEXT('2D SPACE',''
  ) );
#9445 = PCURVE('',#9105,#9446);
#9446 = DEFINITIONAL_REPRESENTATION('',(#9447),#9451);
#9447 = LINE('',#9448,#9449);
#9448 = CARTESIAN_POINT('',(0.,6.28318530718));
#9449 = VECTOR('',#9450,1.);
#9450 = DIRECTION('',(1.,0.));
#9451 = ( GEOMETRIC_REPRESENTATION_CONTEXT(2) 
PARAMETRIC_REPRESENTATION_CONTEXT() REPRESENTATION_CONTEXT('2D SPACE',''
  ) );
#9452 = ORIENTED_EDGE('',*,*,#9299,.T.);
#9453 = ORIENTED_EDGE('',*,*,#7285,.T.);
#9454 = ORIENTED_EDGE('',*,*,#9455,.F.);
#9455 = EDGE_CURVE('',#9456,#7288,#9458,.T.);
#9456 = VERTEX_POINT('',#9457);
#9457 = CARTESIAN_POINT('',(73.,57.238970284345,13.823529411765));
#9458 = SURFACE_CURVE('',#9459,(#9474,#9543),.PCURVE_S1.);
#9459 = ( BOUNDED_CURVE() B_SPLINE_CURVE(7,(#9460,#9461,#9462,#9463,
    #9464,#9465,#9466,#9467,#9468,#9469,#9470,#9471,#9472,#9473),
.UNSPECIFIED.,.F.,.F.) B_SPLINE_CURVE_WITH_KNOTS((8,6,8),(
    63.054145437573,64.611292776126,66.976423454082),.UNSPECIFIED.) 
CURVE() GEOMETRIC_REPRESENTATION_ITEM() RATIONAL_B_SPLINE_CURVE((1.,1.,
1.,1.,1.,1.,1.,1.,1.,1.,1.,1.,1.,1.)) REPRESENTATION_ITEM('') );
#9460 = CARTESIAN_POINT('',(73.,57.238970284345,13.823529411765));
#9461 = CARTESIAN_POINT('',(73.,57.359007969811,13.988553945734));
#9462 = CARTESIAN_POINT('',(73.004748901312,57.477269732713,
    14.153995581996));
#9463 = CARTESIAN_POINT('',(73.014724921109,57.596281369878,
    14.324341002364));
#9464 = CARTESIAN_POINT('',(73.029215497199,57.707029433714,14.483837271
    ));
#9465 = CARTESIAN_POINT('',(73.049861429686,57.831113989612,
    14.669329005431));
#9466 = CARTESIAN_POINT('',(73.075569454196,57.925798379867,
    14.810687465456));
#9467 = CARTESIAN_POINT('',(73.155325143892,58.254848745022,
    15.316862044784));
#9468 = CARTESIAN_POINT('',(73.217992545698,58.473178125433,
    15.663118635554));
#9469 = CARTESIAN_POINT('',(73.300693769476,58.671020688722,
    15.992271435658));
#9470 = CARTESIAN_POINT('',(73.399527349533,58.867388013262,
    16.328898577998));
#9471 = CARTESIAN_POINT('',(73.517719167783,59.051719391218,
    16.65846694405));
#9472 = CARTESIAN_POINT('',(73.653196962602,59.228968520081,
    16.987016010356));
#9473 = CARTESIAN_POINT('',(73.807204438493,59.395805488727,
    17.307692307692));
#9474 = PCURVE('',#7072,#9475);
#9475 = DEFINITIONAL_REPRESENTATION('',(#9476),#9542);
#9476 = B_SPLINE_CURVE_WITH_KNOTS('',10,(#9477,#9478,#9479,#9480,#9481,
    #9482,#9483,#9484,#9485,#9486,#9487,#9488,#9489,#9490,#9491,#9492,
    #9493,#9494,#9495,#9496,#9497,#9498,#9499,#9500,#9501,#9502,#9503,
    #9504,#9505,#9506,#9507,#9508,#9509,#9510,#9511,#9512,#9513,#9514,
    #9515,#9516,#9517,#9518,#9519,#9520,#9521,#9522,#9523,#9524,#9525,
    #9526,#9527,#9528,#9529,#9530,#9531,#9532,#9533,#9534,#9535,#9536,
    #9537,#9538,#9539,#9540,#9541),.UNSPECIFIED.,.F.,.F.,(11,9,9,9,9,9,9
    ,11),(63.054145437573,64.034714941701,64.524999693764,
    64.586285287772,64.64757088178,64.770142069796,65.015284445828,
    66.976423454082),.UNSPECIFIED.);
#9477 = CARTESIAN_POINT('',(5.654310381685,-2.));
#9478 = CARTESIAN_POINT('',(5.657581381768,-2.));
#9479 = CARTESIAN_POINT('',(5.660847619187,-1.999121177122));
#9480 = CARTESIAN_POINT('',(5.664122692699,-1.997328719273));
#9481 = CARTESIAN_POINT('',(5.667398128873,-1.994619004757));
#9482 = CARTESIAN_POINT('',(5.670668496648,-1.99099036168));
#9483 = CARTESIAN_POINT('',(5.673936225867,-1.986431776393));
#9484 = CARTESIAN_POINT('',(5.677205430594,-1.980923508398));
#9485 = CARTESIAN_POINT('',(5.680474037672,-1.974443569078));
#9486 = CARTESIAN_POINT('',(5.683733521335,-1.966974021674));
#9487 = CARTESIAN_POINT('',(5.688611555903,-1.954264579021));
#9488 = CARTESIAN_POINT('',(5.690235721555,-1.949777233304));
#9489 = CARTESIAN_POINT('',(5.691858185754,-1.945037341902));
#9490 = CARTESIAN_POINT('',(5.693479855785,-1.940043402755));
#9491 = CARTESIAN_POINT('',(5.695102760019,-1.934794204242));
#9492 = CARTESIAN_POINT('',(5.696730817413,-1.929288744513));
#9493 = CARTESIAN_POINT('',(5.698371018209,-1.923525958487));
#9494 = CARTESIAN_POINT('',(5.700035015916,-1.917504252541));
#9495 = CARTESIAN_POINT('',(5.701741130504,-1.911220846864));
#9496 = CARTESIAN_POINT('',(5.703738716906,-1.903852185325));
#9497 = CARTESIAN_POINT('',(5.703961746065,-1.903029283387));
#9498 = CARTESIAN_POINT('',(5.704185912357,-1.9022022082));
#9499 = CARTESIAN_POINT('',(5.704411277801,-1.90137094828));
#9500 = CARTESIAN_POINT('',(5.704637904417,-1.900535492144));
#9501 = CARTESIAN_POINT('',(5.704865854219,-1.899695828311));
#9502 = CARTESIAN_POINT('',(5.705095189231,-1.898851945296));
#9503 = CARTESIAN_POINT('',(5.705325971469,-1.898003831618));
#9504 = CARTESIAN_POINT('',(5.705558262952,-1.897151475792));
#9505 = CARTESIAN_POINT('',(5.706025988444,-1.895438256882));
#9506 = CARTESIAN_POINT('',(5.706261011591,-1.894577307687));
#9507 = CARTESIAN_POINT('',(5.706501319311,-1.893712805302));
#9508 = CARTESIAN_POINT('',(5.706728982319,-1.892841169298));
#9509 = CARTESIAN_POINT('',(5.70699118695,-1.891971745579));
#9510 = CARTESIAN_POINT('',(5.707212192513,-1.891089399374));
#9511 = CARTESIAN_POINT('',(5.707464268795,-1.890208563959));
#9512 = CARTESIAN_POINT('',(5.707702570991,-1.889320227223));
#9513 = CARTESIAN_POINT('',(5.707945351278,-1.888428029685));
#9514 = CARTESIAN_POINT('',(5.708673470266,-1.885737042895));
#9515 = CARTESIAN_POINT('',(5.709160691623,-1.883924243127));
#9516 = CARTESIAN_POINT('',(5.709649639831,-1.882092468929));
#9517 = CARTESIAN_POINT('',(5.710140233049,-1.880241554449));
#9518 = CARTESIAN_POINT('',(5.710632389428,-1.878371333831));
#9519 = CARTESIAN_POINT('',(5.711126027127,-1.876481641225));
#9520 = CARTESIAN_POINT('',(5.711621064296,-1.874572310773));
#9521 = CARTESIAN_POINT('',(5.712117419094,-1.872643176625));
#9522 = CARTESIAN_POINT('',(5.712615009674,-1.870694072926));
#9523 = CARTESIAN_POINT('',(5.714111243228,-1.864786355613));
#9524 = CARTESIAN_POINT('',(5.715113404526,-1.860767468613));
#9525 = CARTESIAN_POINT('',(5.716119697888,-1.856667128507));
#9526 = CARTESIAN_POINT('',(5.717129623106,-1.852484380294));
#9527 = CARTESIAN_POINT('',(5.718142719968,-1.848218358289));
#9528 = CARTESIAN_POINT('',(5.719158568244,-1.843868286121));
#9529 = CARTESIAN_POINT('',(5.720176787709,-1.839433476737));
#9530 = CARTESIAN_POINT('',(5.721197038116,-1.834913332396));
#9531 = CARTESIAN_POINT('',(5.72221901922,-1.830307344676));
#9532 = CARTESIAN_POINT('',(5.731430083099,-1.788077092795));
#9533 = CARTESIAN_POINT('',(5.739711143348,-1.745016671729));
#9534 = CARTESIAN_POINT('',(5.747944866513,-1.696197658439));
#9535 = CARTESIAN_POINT('',(5.756112208383,-1.6416369621));
#9536 = CARTESIAN_POINT('',(5.764216677676,-1.581339005063));
#9537 = CARTESIAN_POINT('',(5.772250821704,-1.515252840895));
#9538 = CARTESIAN_POINT('',(5.780200597718,-1.443338809137));
#9539 = CARTESIAN_POINT('',(5.788059841917,-1.365631576474));
#9540 = CARTESIAN_POINT('',(5.795827048324,-1.282186414175));
#9541 = CARTESIAN_POINT('',(5.803456669504,-1.192795561507));
#9542 = ( GEOMETRIC_REPRESENTATION_CONTEXT(2) 
PARAMETRIC_REPRESENTATION_CONTEXT() REPRESENTATION_CONTEXT('2D SPACE',''
  ) );
#9543 = PCURVE('',#7599,#9544);
#9544 = DEFINITIONAL_REPRESENTATION('',(#9545),#9549);
#9545 = LINE('',#9546,#9547);
#9546 = CARTESIAN_POINT('',(0.,0.));
#9547 = VECTOR('',#9548,1.);
#9548 = DIRECTION('',(0.,1.));
#9549 = ( GEOMETRIC_REPRESENTATION_CONTEXT(2) 
PARAMETRIC_REPRESENTATION_CONTEXT() REPRESENTATION_CONTEXT('2D SPACE',''
  ) );
#9550 = ORIENTED_EDGE('',*,*,#9551,.F.);
#9551 = EDGE_CURVE('',#9552,#9456,#9554,.T.);
#9552 = VERTEX_POINT('',#9553);
#9553 = CARTESIAN_POINT('',(73.,12.761029715642,13.823529411783));
#9554 = SURFACE_CURVE('',#9555,(#9560,#9567),.PCURVE_S1.);
#9555 = CIRCLE('',#9556,27.5);
#9556 = AXIS2_PLACEMENT_3D('',#9557,#9558,#9559);
#9557 = CARTESIAN_POINT('',(73.,35.,30.));
#9558 = DIRECTION('',(1.,0.,0.));
#9559 = DIRECTION('',(0.,-0.838140405208,-0.545454545455));
#9560 = PCURVE('',#7072,#9561);
#9561 = DEFINITIONAL_REPRESENTATION('',(#9562),#9566);
#9562 = LINE('',#9563,#9564);
#9563 = CARTESIAN_POINT('',(3.718523998826,-2.));
#9564 = VECTOR('',#9565,1.);
#9565 = DIRECTION('',(1.,0.));
#9566 = ( GEOMETRIC_REPRESENTATION_CONTEXT(2) 
PARAMETRIC_REPRESENTATION_CONTEXT() REPRESENTATION_CONTEXT('2D SPACE',''
  ) );
#9567 = PCURVE('',#9568,#9573);
#9568 = TOROIDAL_SURFACE('',#9569,25.5,2.);
#9569 = AXIS2_PLACEMENT_3D('',#9570,#9571,#9572);
#9570 = CARTESIAN_POINT('',(73.,35.,30.));
#9571 = DIRECTION('',(1.,0.,0.));
#9572 = DIRECTION('',(0.,-0.838140405208,-0.545454545455));
#9573 = DEFINITIONAL_REPRESENTATION('',(#9574),#9578);
#9574 = LINE('',#9575,#9576);
#9575 = CARTESIAN_POINT('',(0.,0.));
#9576 = VECTOR('',#9577,1.);
#9577 = DIRECTION('',(1.,0.));
#9578 = ( GEOMETRIC_REPRESENTATION_CONTEXT(2) 
PARAMETRIC_REPRESENTATION_CONTEXT() REPRESENTATION_CONTEXT('2D SPACE',''
  ) );
#9579 = ORIENTED_EDGE('',*,*,#9580,.F.);
#9580 = EDGE_CURVE('',#7057,#9552,#9581,.T.);
#9581 = SURFACE_CURVE('',#9582,(#9597,#9666),.PCURVE_S1.);
#9582 = ( BOUNDED_CURVE() B_SPLINE_CURVE(7,(#9583,#9584,#9585,#9586,
    #9587,#9588,#9589,#9590,#9591,#9592,#9593,#9594,#9595,#9596),
.UNSPECIFIED.,.F.,.F.) B_SPLINE_CURVE_WITH_KNOTS((8,6,8),(7.326060831071
,9.69136270924,11.248468366082),.UNSPECIFIED.) CURVE() 
GEOMETRIC_REPRESENTATION_ITEM() RATIONAL_B_SPLINE_CURVE((1.,1.,1.,1.,1.,
1.,1.,1.,1.,1.,1.,1.,1.,1.)) REPRESENTATION_ITEM('') );
#9583 = CARTESIAN_POINT('',(73.807204416137,10.604194511273,
    17.307692307692));
#9584 = CARTESIAN_POINT('',(73.653180537357,10.771049131142,
    16.98698208305));
#9585 = CARTESIAN_POINT('',(73.517695583147,10.948312107056,
    16.65840885056));
#9586 = CARTESIAN_POINT('',(73.399510052867,11.132646713242,
    16.328838754018));
#9587 = CARTESIAN_POINT('',(73.300689063973,11.328997309126,
    15.992243590776));
#9588 = CARTESIAN_POINT('',(73.217996961191,11.526820006207,
    15.663123358503));
#9589 = CARTESIAN_POINT('',(73.155328559547,11.745133242307,
    15.316889770097));
#9590 = CARTESIAN_POINT('',(73.075570343373,12.074199907978,
    14.810690088305));
#9591 = CARTESIAN_POINT('',(73.049860324908,12.16888666958,
    14.66932789998));
#9592 = CARTESIAN_POINT('',(73.029216417442,12.292970745768,
    14.483837104863));
#9593 = CARTESIAN_POINT('',(73.014724434813,12.403718303653,
    14.324341438807));
#9594 = CARTESIAN_POINT('',(73.004749027044,12.522730389178,
    14.153995412441));
#9595 = CARTESIAN_POINT('',(73.,12.640992030247,13.988553945654));
#9596 = CARTESIAN_POINT('',(73.,12.761029715642,13.823529411783));
#9597 = PCURVE('',#7072,#9598);
#9598 = DEFINITIONAL_REPRESENTATION('',(#9599),#9665);
#9599 = B_SPLINE_CURVE_WITH_KNOTS('',10,(#9600,#9601,#9602,#9603,#9604,
    #9605,#9606,#9607,#9608,#9609,#9610,#9611,#9612,#9613,#9614,#9615,
    #9616,#9617,#9618,#9619,#9620,#9621,#9622,#9623,#9624,#9625,#9626,
    #9627,#9628,#9629,#9630,#9631,#9632,#9633,#9634,#9635,#9636,#9637,
    #9638,#9639,#9640,#9641,#9642,#9643,#9644,#9645,#9646,#9647,#9648,
    #9649,#9650,#9651,#9652,#9653,#9654,#9655,#9656,#9657,#9658,#9659,
    #9660,#9661,#9662,#9663,#9664),.UNSPECIFIED.,.F.,.F.,(11,9,9,9,9,9,9
    ,11),(7.326060831071,9.287264598577,9.532415069515,9.654990304984,
    9.716277922719,9.777565540453,10.26786648233,11.248468366082),
  .UNSPECIFIED.);
#9600 = CARTESIAN_POINT('',(3.621321291266,-1.192795583863));
#9601 = CARTESIAN_POINT('',(3.628951419312,-1.282192438402));
#9602 = CARTESIAN_POINT('',(3.636719000235,-1.365641104991));
#9603 = CARTESIAN_POINT('',(3.644578405214,-1.443348620955));
#9604 = CARTESIAN_POINT('',(3.652528040064,-1.515259926784));
#9605 = CARTESIAN_POINT('',(3.660561716425,-1.581341162469));
#9606 = CARTESIAN_POINT('',(3.66866544019,-1.641633135951));
#9607 = CARTESIAN_POINT('',(3.676831858456,-1.696188063873));
#9608 = CARTESIAN_POINT('',(3.68506460688,-1.745002685059));
#9609 = CARTESIAN_POINT('',(3.6933447987,-1.788060846902));
#9610 = CARTESIAN_POINT('',(3.702555284518,-1.830290892322));
#9611 = CARTESIAN_POINT('',(3.70357720694,-1.834896889498));
#9612 = CARTESIAN_POINT('',(3.704597404688,-1.839417075634));
#9613 = CARTESIAN_POINT('',(3.70561557802,-1.843851958863));
#9614 = CARTESIAN_POINT('',(3.706631387224,-1.848202136388));
#9615 = CARTESIAN_POINT('',(3.707644452633,-1.8524682945));
#9616 = CARTESIAN_POINT('',(3.70865435461,-1.856651208556));
#9617 = CARTESIAN_POINT('',(3.709660633561,-1.860751743));
#9618 = CARTESIAN_POINT('',(3.710662789925,-1.864770851346));
#9619 = CARTESIAN_POINT('',(3.712159031309,-1.870678938613));
#9620 = CARTESIAN_POINT('',(3.712656627026,-1.872628172029));
#9621 = CARTESIAN_POINT('',(3.713152989587,-1.874557442009));
#9622 = CARTESIAN_POINT('',(3.713648037232,-1.876466914113));
#9623 = CARTESIAN_POINT('',(3.714141688225,-1.878356753918));
#9624 = CARTESIAN_POINT('',(3.714633860796,-1.880227126979));
#9625 = CARTESIAN_POINT('',(3.715124473215,-1.882078198874));
#9626 = CARTESIAN_POINT('',(3.715613443716,-1.883910135161));
#9627 = CARTESIAN_POINT('',(3.716100690557,-1.885723101412));
#9628 = CARTESIAN_POINT('',(3.716828852697,-1.888414344082));
#9629 = CARTESIAN_POINT('',(3.717071656078,-1.889306626256));
#9630 = CARTESIAN_POINT('',(3.717309936781,-1.890195058311));
#9631 = CARTESIAN_POINT('',(3.717562094822,-1.891075967179));
#9632 = CARTESIAN_POINT('',(3.717783109914,-1.891958407343));
#9633 = CARTESIAN_POINT('',(3.718045189114,-1.892827945992));
#9634 = CARTESIAN_POINT('',(3.71827308349,-1.893699632449));
#9635 = CARTESIAN_POINT('',(3.718513334503,-1.894564241345));
#9636 = CARTESIAN_POINT('',(3.718748409436,-1.895425276985));
#9637 = CARTESIAN_POINT('',(3.719216201827,-1.897138677677));
#9638 = CARTESIAN_POINT('',(3.719448525881,-1.897991125412));
#9639 = CARTESIAN_POINT('',(3.719679339838,-1.898839331935));
#9640 = CARTESIAN_POINT('',(3.719908705757,-1.899683308651));
#9641 = CARTESIAN_POINT('',(3.720136685672,-1.900523066954));
#9642 = CARTESIAN_POINT('',(3.720363341649,-1.901358618254));
#9643 = CARTESIAN_POINT('',(3.720588735721,-1.902189973945));
#9644 = CARTESIAN_POINT('',(3.720812929949,-1.903017145432));
#9645 = CARTESIAN_POINT('',(3.721035986374,-1.903840144114));
#9646 = CARTESIAN_POINT('',(3.723033812448,-1.911209679624));
#9647 = CARTESIAN_POINT('',(3.724740099023,-1.917493886621));
#9648 = CARTESIAN_POINT('',(3.726404241234,-1.923516383854));
#9649 = CARTESIAN_POINT('',(3.728044568557,-1.929279931589));
#9650 = CARTESIAN_POINT('',(3.729672740981,-1.934786114123));
#9651 = CARTESIAN_POINT('',(3.731295753006,-1.940035993551));
#9652 = CARTESIAN_POINT('',(3.732917526368,-1.9450305722));
#9653 = CARTESIAN_POINT('',(3.734540091195,-1.949771063569));
#9654 = CARTESIAN_POINT('',(3.736164355891,-1.95425897193));
#9655 = CARTESIAN_POINT('',(3.74104268478,-1.966969997555));
#9656 = CARTESIAN_POINT('',(3.744302360934,-1.974440460134));
#9657 = CARTESIAN_POINT('',(3.74757116214,-1.980921191861));
#9658 = CARTESIAN_POINT('',(3.750840561244,-1.986430143816));
#9659 = CARTESIAN_POINT('',(3.754108484724,-1.990989296324));
#9660 = CARTESIAN_POINT('',(3.757379048053,-1.994618373772));
#9661 = CARTESIAN_POINT('',(3.760654681727,-1.997328390839));
#9662 = CARTESIAN_POINT('',(3.763929952407,-1.999121048756));
#9663 = CARTESIAN_POINT('',(3.767196383427,-2.));
#9664 = CARTESIAN_POINT('',(3.770467579084,-2.));
#9665 = ( GEOMETRIC_REPRESENTATION_CONTEXT(2) 
PARAMETRIC_REPRESENTATION_CONTEXT() REPRESENTATION_CONTEXT('2D SPACE',''
  ) );
#9666 = PCURVE('',#7886,#9667);
#9667 = DEFINITIONAL_REPRESENTATION('',(#9668),#9672);
#9668 = LINE('',#9669,#9670);
#9669 = CARTESIAN_POINT('',(0.,0.));
#9670 = VECTOR('',#9671,1.);
#9671 = DIRECTION('',(0.,1.));
#9672 = ( GEOMETRIC_REPRESENTATION_CONTEXT(2) 
PARAMETRIC_REPRESENTATION_CONTEXT() REPRESENTATION_CONTEXT('2D SPACE',''
  ) );
#9673 = ADVANCED_FACE('',(#9674),#7148,.T.);
#9674 = FACE_BOUND('',#9675,.T.);
#9675 = EDGE_LOOP('',(#9676,#9677,#9697));
#9676 = ORIENTED_EDGE('',*,*,#7739,.T.);
#9677 = ORIENTED_EDGE('',*,*,#9678,.F.);
#9678 = EDGE_CURVE('',#7057,#7740,#9679,.T.);
#9679 = SURFACE_CURVE('',#9680,(#9684,#9691),.PCURVE_S1.);
#9680 = ( BOUNDED_CURVE() B_SPLINE_CURVE(2,(#9681,#9682,#9683),
.UNSPECIFIED.,.F.,.F.) B_SPLINE_CURVE_WITH_KNOTS((3,3),(0.,
7.326060816828),.PIECEWISE_BEZIER_KNOTS.) CURVE() 
GEOMETRIC_REPRESENTATION_ITEM() RATIONAL_B_SPLINE_CURVE((1.,
0.784775933819,1.)) REPRESENTATION_ITEM('') );
#9681 = CARTESIAN_POINT('',(73.807204416137,10.604194511273,
    17.307692307692));
#9682 = CARTESIAN_POINT('',(75.299307574383,10.843336862741,
    16.848038284803));
#9683 = CARTESIAN_POINT('',(75.652703927076,12.251558414031,
    17.470023654612));
#9684 = PCURVE('',#7148,#9685);
#9685 = DEFINITIONAL_REPRESENTATION('',(#9686),#9690);
#9686 = LINE('',#9687,#9688);
#9687 = CARTESIAN_POINT('',(0.,7.326060831071));
#9688 = VECTOR('',#9689,1.);
#9689 = DIRECTION('',(1.,0.));
#9690 = ( GEOMETRIC_REPRESENTATION_CONTEXT(2) 
PARAMETRIC_REPRESENTATION_CONTEXT() REPRESENTATION_CONTEXT('2D SPACE',''
  ) );
#9691 = PCURVE('',#7886,#9692);
#9692 = DEFINITIONAL_REPRESENTATION('',(#9693),#9696);
#9693 = B_SPLINE_CURVE_WITH_KNOTS('',1,(#9694,#9695),.UNSPECIFIED.,.F.,
  .F.,(2,2),(0.,7.326060816828),.PIECEWISE_BEZIER_KNOTS.);
#9694 = CARTESIAN_POINT('',(0.,7.326060831071));
#9695 = CARTESIAN_POINT('',(3.922407535011,7.326060831071));
#9696 = ( GEOMETRIC_REPRESENTATION_CONTEXT(2) 
PARAMETRIC_REPRESENTATION_CONTEXT() REPRESENTATION_CONTEXT('2D SPACE',''
  ) );
#9697 = ORIENTED_EDGE('',*,*,#7084,.F.);
#9698 = ADVANCED_FACE('',(#9699),#7374,.T.);
#9699 = FACE_BOUND('',#9700,.T.);
#9700 = EDGE_LOOP('',(#9701,#9721,#9722));
#9701 = ORIENTED_EDGE('',*,*,#9702,.T.);
#9702 = EDGE_CURVE('',#7288,#7542,#9703,.T.);
#9703 = SURFACE_CURVE('',#9704,(#9708,#9714),.PCURVE_S1.);
#9704 = ( BOUNDED_CURVE() B_SPLINE_CURVE(2,(#9705,#9706,#9707),
.UNSPECIFIED.,.F.,.F.) B_SPLINE_CURVE_WITH_KNOTS((3,3),(0.,
3.922278016509),.PIECEWISE_BEZIER_KNOTS.) CURVE() 
GEOMETRIC_REPRESENTATION_ITEM() RATIONAL_B_SPLINE_CURVE((1.,
0.784775942798,1.)) REPRESENTATION_ITEM('') );
#9705 = CARTESIAN_POINT('',(73.807204438493,59.395805488727,
    17.307692307692));
#9706 = CARTESIAN_POINT('',(75.299307533264,59.156663119087,
    16.848038249875));
#9707 = CARTESIAN_POINT('',(75.652703990942,57.748441711987,
    17.470023767017));
#9708 = PCURVE('',#7374,#9709);
#9709 = DEFINITIONAL_REPRESENTATION('',(#9710),#9713);
#9710 = B_SPLINE_CURVE_WITH_KNOTS('',1,(#9711,#9712),.UNSPECIFIED.,.F.,
  .F.,(2,2),(0.,3.922278016509),.PIECEWISE_BEZIER_KNOTS.);
#9711 = CARTESIAN_POINT('',(0.,66.976423454082));
#9712 = CARTESIAN_POINT('',(7.326190349738,66.976423454082));
#9713 = ( GEOMETRIC_REPRESENTATION_CONTEXT(2) 
PARAMETRIC_REPRESENTATION_CONTEXT() REPRESENTATION_CONTEXT('2D SPACE',''
  ) );
#9714 = PCURVE('',#7599,#9715);
#9715 = DEFINITIONAL_REPRESENTATION('',(#9716),#9720);
#9716 = LINE('',#9717,#9718);
#9717 = CARTESIAN_POINT('',(0.,66.976423454082));
#9718 = VECTOR('',#9719,1.);
#9719 = DIRECTION('',(1.,0.));
#9720 = ( GEOMETRIC_REPRESENTATION_CONTEXT(2) 
PARAMETRIC_REPRESENTATION_CONTEXT() REPRESENTATION_CONTEXT('2D SPACE',''
  ) );
#9721 = ORIENTED_EDGE('',*,*,#7649,.T.);
#9722 = ORIENTED_EDGE('',*,*,#7310,.F.);
#9723 = ADVANCED_FACE('',(#9724),#7529,.F.);
#9724 = FACE_BOUND('',#9725,.F.);
#9725 = EDGE_LOOP('',(#9726,#9727));
#9726 = ORIENTED_EDGE('',*,*,#7511,.F.);
#9727 = ORIENTED_EDGE('',*,*,#9728,.T.);
#9728 = EDGE_CURVE('',#7512,#7514,#9729,.T.);
#9729 = SURFACE_CURVE('',#9730,(#9735,#9742),.PCURVE_S1.);
#9730 = CIRCLE('',#9731,25.5);
#9731 = AXIS2_PLACEMENT_3D('',#9732,#9733,#9734);
#9732 = CARTESIAN_POINT('',(75.,35.,30.));
#9733 = DIRECTION('',(1.,0.,0.));
#9734 = DIRECTION('',(0.,-0.838140405208,-0.545454545455));
#9735 = PCURVE('',#7529,#9736);
#9736 = DEFINITIONAL_REPRESENTATION('',(#9737),#9741);
#9737 = CIRCLE('',#9738,25.5);
#9738 = AXIS2_PLACEMENT_2D('',#9739,#9740);
#9739 = CARTESIAN_POINT('',(3.552713678801E-15,-7.105427357601E-15));
#9740 = DIRECTION('',(-0.545454545455,0.838140405208));
#9741 = ( GEOMETRIC_REPRESENTATION_CONTEXT(2) 
PARAMETRIC_REPRESENTATION_CONTEXT() REPRESENTATION_CONTEXT('2D SPACE',''
  ) );
#9742 = PCURVE('',#9568,#9743);
#9743 = DEFINITIONAL_REPRESENTATION('',(#9744),#9748);
#9744 = LINE('',#9745,#9746);
#9745 = CARTESIAN_POINT('',(0.,1.570796326795));
#9746 = VECTOR('',#9747,1.);
#9747 = DIRECTION('',(1.,0.));
#9748 = ( GEOMETRIC_REPRESENTATION_CONTEXT(2) 
PARAMETRIC_REPRESENTATION_CONTEXT() REPRESENTATION_CONTEXT('2D SPACE',''
  ) );
#9749 = ADVANCED_FACE('',(#9750),#7886,.T.);
#9750 = FACE_BOUND('',#9751,.T.);
#9751 = EDGE_LOOP('',(#9752,#9753,#9754,#9782));
#9752 = ORIENTED_EDGE('',*,*,#9678,.T.);
#9753 = ORIENTED_EDGE('',*,*,#7830,.T.);
#9754 = ORIENTED_EDGE('',*,*,#9755,.F.);
#9755 = EDGE_CURVE('',#9552,#7512,#9756,.T.);
#9756 = SURFACE_CURVE('',#9757,(#9761,#9768),.PCURVE_S1.);
#9757 = ( BOUNDED_CURVE() B_SPLINE_CURVE(2,(#9758,#9759,#9760),
.UNSPECIFIED.,.F.,.F.) B_SPLINE_CURVE_WITH_KNOTS((3,3),(0.,
3.922407535011),.PIECEWISE_BEZIER_KNOTS.) CURVE() 
GEOMETRIC_REPRESENTATION_ITEM() RATIONAL_B_SPLINE_CURVE((1.,
0.707106781187,1.)) REPRESENTATION_ITEM('') );
#9758 = CARTESIAN_POINT('',(73.,12.761029715642,13.823529411783));
#9759 = CARTESIAN_POINT('',(75.,12.761029715653,13.823529411768));
#9760 = CARTESIAN_POINT('',(75.,14.378409372699,15.));
#9761 = PCURVE('',#7886,#9762);
#9762 = DEFINITIONAL_REPRESENTATION('',(#9763),#9767);
#9763 = LINE('',#9764,#9765);
#9764 = CARTESIAN_POINT('',(0.,11.248468366082));
#9765 = VECTOR('',#9766,1.);
#9766 = DIRECTION('',(1.,0.));
#9767 = ( GEOMETRIC_REPRESENTATION_CONTEXT(2) 
PARAMETRIC_REPRESENTATION_CONTEXT() REPRESENTATION_CONTEXT('2D SPACE',''
  ) );
#9768 = PCURVE('',#9568,#9769);
#9769 = DEFINITIONAL_REPRESENTATION('',(#9770),#9781);
#9770 = B_SPLINE_CURVE_WITH_KNOTS('',9,(#9771,#9772,#9773,#9774,#9775,
    #9776,#9777,#9778,#9779,#9780),.UNSPECIFIED.,.F.,.F.,(10,10),(0.,
    3.922407535011),.PIECEWISE_BEZIER_KNOTS.);
#9771 = CARTESIAN_POINT('',(5.19435802586E-02,1.1E-16));
#9772 = CARTESIAN_POINT('',(5.194358025859E-02,0.157134840264));
#9773 = CARTESIAN_POINT('',(5.19435802586E-02,0.325774716821));
#9774 = CARTESIAN_POINT('',(5.194358025859E-02,0.50456638687));
#9775 = CARTESIAN_POINT('',(5.19435802586E-02,0.690744851612));
#9776 = CARTESIAN_POINT('',(5.194358025859E-02,0.880051475182));
#9777 = CARTESIAN_POINT('',(5.19435802586E-02,1.066229939925));
#9778 = CARTESIAN_POINT('',(5.194358025859E-02,1.245021609974));
#9779 = CARTESIAN_POINT('',(5.19435802586E-02,1.413661486531));
#9780 = CARTESIAN_POINT('',(5.19435802586E-02,1.570796326795));
#9781 = ( GEOMETRIC_REPRESENTATION_CONTEXT(2) 
PARAMETRIC_REPRESENTATION_CONTEXT() REPRESENTATION_CONTEXT('2D SPACE',''
  ) );
#9782 = ORIENTED_EDGE('',*,*,#9580,.F.);
#9783 = ADVANCED_FACE('',(#9784),#7599,.T.);
#9784 = FACE_BOUND('',#9785,.T.);
#9785 = EDGE_LOOP('',(#9786,#9815,#9816,#9817));
#9786 = ORIENTED_EDGE('',*,*,#9787,.T.);
#9787 = EDGE_CURVE('',#9456,#7514,#9788,.T.);
#9788 = SURFACE_CURVE('',#9789,(#9794,#9808),.PCURVE_S1.);
#9789 = CIRCLE('',#9790,2.);
#9790 = AXIS2_PLACEMENT_3D('',#9791,#9792,#9793);
#9791 = CARTESIAN_POINT('',(73.,55.621590627301,15.));
#9792 = DIRECTION('',(0.,-0.588235294118,-0.808689828522));
#9793 = DIRECTION('',(0.,0.808689828522,-0.588235294118));
#9794 = PCURVE('',#7599,#9795);
#9795 = DEFINITIONAL_REPRESENTATION('',(#9796),#9807);
#9796 = B_SPLINE_CURVE_WITH_KNOTS('',9,(#9797,#9798,#9799,#9800,#9801,
    #9802,#9803,#9804,#9805,#9806),.UNSPECIFIED.,.F.,.F.,(10,10),(0.,
    1.570796326795),.PIECEWISE_BEZIER_KNOTS.);
#9797 = CARTESIAN_POINT('',(0.,63.054145437573));
#9798 = CARTESIAN_POINT('',(0.484061724396,63.054145437572));
#9799 = CARTESIAN_POINT('',(0.928754777647,63.054145437577));
#9800 = CARTESIAN_POINT('',(1.350228971837,63.054145437565));
#9801 = CARTESIAN_POINT('',(1.758836281913,63.054145437585));
#9802 = CARTESIAN_POINT('',(2.163441734596,63.054145437563));
#9803 = CARTESIAN_POINT('',(2.572049044672,63.05414543758));
#9804 = CARTESIAN_POINT('',(2.993523238861,63.05414543757));
#9805 = CARTESIAN_POINT('',(3.438216292113,63.054145437574));
#9806 = CARTESIAN_POINT('',(3.922278016509,63.054145437573));
#9807 = ( GEOMETRIC_REPRESENTATION_CONTEXT(2) 
PARAMETRIC_REPRESENTATION_CONTEXT() REPRESENTATION_CONTEXT('2D SPACE',''
  ) );
#9808 = PCURVE('',#9568,#9809);
#9809 = DEFINITIONAL_REPRESENTATION('',(#9810),#9814);
#9810 = LINE('',#9811,#9812);
#9811 = CARTESIAN_POINT('',(1.935786382858,0.));
#9812 = VECTOR('',#9813,1.);
#9813 = DIRECTION('',(0.,1.));
#9814 = ( GEOMETRIC_REPRESENTATION_CONTEXT(2) 
PARAMETRIC_REPRESENTATION_CONTEXT() REPRESENTATION_CONTEXT('2D SPACE',''
  ) );
#9815 = ORIENTED_EDGE('',*,*,#7541,.T.);
#9816 = ORIENTED_EDGE('',*,*,#9702,.F.);
#9817 = ORIENTED_EDGE('',*,*,#9455,.F.);
#9818 = ADVANCED_FACE('',(#9819),#7970,.F.);
#9819 = FACE_BOUND('',#9820,.T.);
#9820 = EDGE_LOOP('',(#9821,#9844,#9871,#9872));
#9821 = ORIENTED_EDGE('',*,*,#9822,.F.);
#9822 = EDGE_CURVE('',#9823,#7950,#9825,.T.);
#9823 = VERTEX_POINT('',#9824);
#9824 = CARTESIAN_POINT('',(-68.55,-30.,3.9));
#9825 = SEAM_CURVE('',#9826,(#9830,#9837),.PCURVE_S1.);
#9826 = LINE('',#9827,#9828);
#9827 = CARTESIAN_POINT('',(-68.55,-30.,3.9));
#9828 = VECTOR('',#9829,1.);
#9829 = DIRECTION('',(-4.98976640281E-17,0.,-1.));
#9830 = PCURVE('',#7970,#9831);
#9831 = DEFINITIONAL_REPRESENTATION('',(#9832),#9836);
#9832 = LINE('',#9833,#9834);
#9833 = CARTESIAN_POINT('',(-0.,0.));
#9834 = VECTOR('',#9835,1.);
#9835 = DIRECTION('',(-0.,1.));
#9836 = ( GEOMETRIC_REPRESENTATION_CONTEXT(2) 
PARAMETRIC_REPRESENTATION_CONTEXT() REPRESENTATION_CONTEXT('2D SPACE',''
  ) );
#9837 = PCURVE('',#7970,#9838);
#9838 = DEFINITIONAL_REPRESENTATION('',(#9839),#9843);
#9839 = LINE('',#9840,#9841);
#9840 = CARTESIAN_POINT('',(-6.28318530718,0.));
#9841 = VECTOR('',#9842,1.);
#9842 = DIRECTION('',(-0.,1.));
#9843 = ( GEOMETRIC_REPRESENTATION_CONTEXT(2) 
PARAMETRIC_REPRESENTATION_CONTEXT() REPRESENTATION_CONTEXT('2D SPACE',''
  ) );
#9844 = ORIENTED_EDGE('',*,*,#9845,.T.);
#9845 = EDGE_CURVE('',#9823,#9823,#9846,.T.);
#9846 = SURFACE_CURVE('',#9847,(#9852,#9859),.PCURVE_S1.);
#9847 = CIRCLE('',#9848,2.7);
#9848 = AXIS2_PLACEMENT_3D('',#9849,#9850,#9851);
#9849 = CARTESIAN_POINT('',(-71.25,-30.,3.9));
#9850 = DIRECTION('',(0.,0.,1.));
#9851 = DIRECTION('',(1.,0.,0.));
#9852 = PCURVE('',#7970,#9853);
#9853 = DEFINITIONAL_REPRESENTATION('',(#9854),#9858);
#9854 = LINE('',#9855,#9856);
#9855 = CARTESIAN_POINT('',(-0.,0.));
#9856 = VECTOR('',#9857,1.);
#9857 = DIRECTION('',(-1.,0.));
#9858 = ( GEOMETRIC_REPRESENTATION_CONTEXT(2) 
PARAMETRIC_REPRESENTATION_CONTEXT() REPRESENTATION_CONTEXT('2D SPACE',''
  ) );
#9859 = PCURVE('',#9860,#9865);
#9860 = CONICAL_SURFACE('',#9861,3.8,0.785398163397);
#9861 = AXIS2_PLACEMENT_3D('',#9862,#9863,#9864);
#9862 = CARTESIAN_POINT('',(-71.25,-30.,5.));
#9863 = DIRECTION('',(0.,0.,1.));
#9864 = DIRECTION('',(1.,0.,0.));
#9865 = DEFINITIONAL_REPRESENTATION('',(#9866),#9870);
#9866 = LINE('',#9867,#9868);
#9867 = CARTESIAN_POINT('',(0.,-1.1));
#9868 = VECTOR('',#9869,1.);
#9869 = DIRECTION('',(1.,-0.));
#9870 = ( GEOMETRIC_REPRESENTATION_CONTEXT(2) 
PARAMETRIC_REPRESENTATION_CONTEXT() REPRESENTATION_CONTEXT('2D SPACE',''
  ) );
#9871 = ORIENTED_EDGE('',*,*,#9822,.T.);
#9872 = ORIENTED_EDGE('',*,*,#7949,.T.);
#9873 = ADVANCED_FACE('',(#9874),#8005,.F.);
#9874 = FACE_BOUND('',#9875,.T.);
#9875 = EDGE_LOOP('',(#9876,#9899,#9926,#9927));
#9876 = ORIENTED_EDGE('',*,*,#9877,.F.);
#9877 = EDGE_CURVE('',#9878,#7985,#9880,.T.);
#9878 = VERTEX_POINT('',#9879);
#9879 = CARTESIAN_POINT('',(-46.05,-30.,3.9));
#9880 = SEAM_CURVE('',#9881,(#9885,#9892),.PCURVE_S1.);
#9881 = LINE('',#9882,#9883);
#9882 = CARTESIAN_POINT('',(-46.05,-30.,3.9));
#9883 = VECTOR('',#9884,1.);
#9884 = DIRECTION('',(-4.98976640281E-17,0.,-1.));
#9885 = PCURVE('',#8005,#9886);
#9886 = DEFINITIONAL_REPRESENTATION('',(#9887),#9891);
#9887 = LINE('',#9888,#9889);
#9888 = CARTESIAN_POINT('',(-0.,0.));
#9889 = VECTOR('',#9890,1.);
#9890 = DIRECTION('',(-0.,1.));
#9891 = ( GEOMETRIC_REPRESENTATION_CONTEXT(2) 
PARAMETRIC_REPRESENTATION_CONTEXT() REPRESENTATION_CONTEXT('2D SPACE',''
  ) );
#9892 = PCURVE('',#8005,#9893);
#9893 = DEFINITIONAL_REPRESENTATION('',(#9894),#9898);
#9894 = LINE('',#9895,#9896);
#9895 = CARTESIAN_POINT('',(-6.28318530718,0.));
#9896 = VECTOR('',#9897,1.);
#9897 = DIRECTION('',(-0.,1.));
#9898 = ( GEOMETRIC_REPRESENTATION_CONTEXT(2) 
PARAMETRIC_REPRESENTATION_CONTEXT() REPRESENTATION_CONTEXT('2D SPACE',''
  ) );
#9899 = ORIENTED_EDGE('',*,*,#9900,.T.);
#9900 = EDGE_CURVE('',#9878,#9878,#9901,.T.);
#9901 = SURFACE_CURVE('',#9902,(#9907,#9914),.PCURVE_S1.);
#9902 = CIRCLE('',#9903,2.7);
#9903 = AXIS2_PLACEMENT_3D('',#9904,#9905,#9906);
#9904 = CARTESIAN_POINT('',(-48.75,-30.,3.9));
#9905 = DIRECTION('',(0.,0.,1.));
#9906 = DIRECTION('',(1.,0.,0.));
#9907 = PCURVE('',#8005,#9908);
#9908 = DEFINITIONAL_REPRESENTATION('',(#9909),#9913);
#9909 = LINE('',#9910,#9911);
#9910 = CARTESIAN_POINT('',(-0.,0.));
#9911 = VECTOR('',#9912,1.);
#9912 = DIRECTION('',(-1.,0.));
#9913 = ( GEOMETRIC_REPRESENTATION_CONTEXT(2) 
PARAMETRIC_REPRESENTATION_CONTEXT() REPRESENTATION_CONTEXT('2D SPACE',''
  ) );
#9914 = PCURVE('',#9915,#9920);
#9915 = CONICAL_SURFACE('',#9916,3.8,0.785398163397);
#9916 = AXIS2_PLACEMENT_3D('',#9917,#9918,#9919);
#9917 = CARTESIAN_POINT('',(-48.75,-30.,5.));
#9918 = DIRECTION('',(0.,0.,1.));
#9919 = DIRECTION('',(1.,0.,0.));
#9920 = DEFINITIONAL_REPRESENTATION('',(#9921),#9925);
#9921 = LINE('',#9922,#9923);
#9922 = CARTESIAN_POINT('',(0.,-1.1));
#9923 = VECTOR('',#9924,1.);
#9924 = DIRECTION('',(1.,-0.));
#9925 = ( GEOMETRIC_REPRESENTATION_CONTEXT(2) 
PARAMETRIC_REPRESENTATION_CONTEXT() REPRESENTATION_CONTEXT('2D SPACE',''
  ) );
#9926 = ORIENTED_EDGE('',*,*,#9877,.T.);
#9927 = ORIENTED_EDGE('',*,*,#7984,.T.);
#9928 = ADVANCED_FACE('',(#9929,#9943,#9969),#8141,.T.);
#9929 = FACE_BOUND('',#9930,.T.);
#9930 = EDGE_LOOP('',(#9931,#9932,#9933,#9934,#9935,#9936,#9937,#9938,
    #9939,#9940,#9941,#9942));
#9931 = ORIENTED_EDGE('',*,*,#8255,.F.);
#9932 = ORIENTED_EDGE('',*,*,#8127,.T.);
#9933 = ORIENTED_EDGE('',*,*,#8383,.F.);
#9934 = ORIENTED_EDGE('',*,*,#8487,.F.);
#9935 = ORIENTED_EDGE('',*,*,#8589,.F.);
#9936 = ORIENTED_EDGE('',*,*,#8697,.F.);
#9937 = ORIENTED_EDGE('',*,*,#8776,.F.);
#9938 = ORIENTED_EDGE('',*,*,#8724,.F.);
#9939 = ORIENTED_EDGE('',*,*,#8644,.F.);
#9940 = ORIENTED_EDGE('',*,*,#8514,.F.);
#9941 = ORIENTED_EDGE('',*,*,#8434,.F.);
#9942 = ORIENTED_EDGE('',*,*,#8308,.F.);
#9943 = FACE_BOUND('',#9944,.T.);
#9944 = EDGE_LOOP('',(#9945));
#9945 = ORIENTED_EDGE('',*,*,#9946,.F.);
#9946 = EDGE_CURVE('',#9947,#9947,#9949,.T.);
#9947 = VERTEX_POINT('',#9948);
#9948 = CARTESIAN_POINT('',(-67.45,-30.,5.));
#9949 = SURFACE_CURVE('',#9950,(#9955,#9962),.PCURVE_S1.);
#9950 = CIRCLE('',#9951,3.8);
#9951 = AXIS2_PLACEMENT_3D('',#9952,#9953,#9954);
#9952 = CARTESIAN_POINT('',(-71.25,-30.,5.));
#9953 = DIRECTION('',(0.,0.,1.));
#9954 = DIRECTION('',(1.,0.,0.));
#9955 = PCURVE('',#8141,#9956);
#9956 = DEFINITIONAL_REPRESENTATION('',(#9957),#9961);
#9957 = CIRCLE('',#9958,3.8);
#9958 = AXIS2_PLACEMENT_2D('',#9959,#9960);
#9959 = CARTESIAN_POINT('',(-12.25,4.249530565651));
#9960 = DIRECTION('',(1.,0.));
#9961 = ( GEOMETRIC_REPRESENTATION_CONTEXT(2) 
PARAMETRIC_REPRESENTATION_CONTEXT() REPRESENTATION_CONTEXT('2D SPACE',''
  ) );
#9962 = PCURVE('',#9860,#9963);
#9963 = DEFINITIONAL_REPRESENTATION('',(#9964),#9968);
#9964 = LINE('',#9965,#9966);
#9965 = CARTESIAN_POINT('',(0.,-0.));
#9966 = VECTOR('',#9967,1.);
#9967 = DIRECTION('',(1.,-0.));
#9968 = ( GEOMETRIC_REPRESENTATION_CONTEXT(2) 
PARAMETRIC_REPRESENTATION_CONTEXT() REPRESENTATION_CONTEXT('2D SPACE',''
  ) );
#9969 = FACE_BOUND('',#9970,.T.);
#9970 = EDGE_LOOP('',(#9971));
#9971 = ORIENTED_EDGE('',*,*,#9972,.F.);
#9972 = EDGE_CURVE('',#9973,#9973,#9975,.T.);
#9973 = VERTEX_POINT('',#9974);
#9974 = CARTESIAN_POINT('',(-44.95,-30.,5.));
#9975 = SURFACE_CURVE('',#9976,(#9981,#9988),.PCURVE_S1.);
#9976 = CIRCLE('',#9977,3.8);
#9977 = AXIS2_PLACEMENT_3D('',#9978,#9979,#9980);
#9978 = CARTESIAN_POINT('',(-48.75,-30.,5.));
#9979 = DIRECTION('',(0.,0.,1.));
#9980 = DIRECTION('',(1.,0.,0.));
#9981 = PCURVE('',#8141,#9982);
#9982 = DEFINITIONAL_REPRESENTATION('',(#9983),#9987);
#9983 = CIRCLE('',#9984,3.8);
#9984 = AXIS2_PLACEMENT_2D('',#9985,#9986);
#9985 = CARTESIAN_POINT('',(10.25,4.249530565651));
#9986 = DIRECTION('',(1.,0.));
#9987 = ( GEOMETRIC_REPRESENTATION_CONTEXT(2) 
PARAMETRIC_REPRESENTATION_CONTEXT() REPRESENTATION_CONTEXT('2D SPACE',''
  ) );
#9988 = PCURVE('',#9915,#9989);
#9989 = DEFINITIONAL_REPRESENTATION('',(#9990),#9994);
#9990 = LINE('',#9991,#9992);
#9991 = CARTESIAN_POINT('',(0.,-0.));
#9992 = VECTOR('',#9993,1.);
#9993 = DIRECTION('',(1.,-0.));
#9994 = ( GEOMETRIC_REPRESENTATION_CONTEXT(2) 
PARAMETRIC_REPRESENTATION_CONTEXT() REPRESENTATION_CONTEXT('2D SPACE',''
  ) );
#9995 = ADVANCED_FACE('',(#9996),#8867,.T.);
#9996 = FACE_BOUND('',#9997,.T.);
#9997 = EDGE_LOOP('',(#9998,#9999,#10000,#10001));
#9998 = ORIENTED_EDGE('',*,*,#8931,.T.);
#9999 = ORIENTED_EDGE('',*,*,#9008,.T.);
#10000 = ORIENTED_EDGE('',*,*,#8982,.T.);
#10001 = ORIENTED_EDGE('',*,*,#8851,.T.);
#10002 = ADVANCED_FACE('',(#10003),#9072,.F.);
#10003 = FACE_BOUND('',#10004,.T.);
#10004 = EDGE_LOOP('',(#10005,#10029,#10030,#10031));
#10005 = ORIENTED_EDGE('',*,*,#10006,.F.);
#10006 = EDGE_CURVE('',#9035,#10007,#10009,.T.);
#10007 = VERTEX_POINT('',#10008);
#10008 = CARTESIAN_POINT('',(-50.,45.,2.));
#10009 = SEAM_CURVE('',#10010,(#10015,#10022),.PCURVE_S1.);
#10010 = CIRCLE('',#10011,5.);
#10011 = AXIS2_PLACEMENT_3D('',#10012,#10013,#10014);
#10012 = CARTESIAN_POINT('',(-50.,45.,7.));
#10013 = DIRECTION('',(-0.,1.,0.));
#10014 = DIRECTION('',(1.,0.,0.));
#10015 = PCURVE('',#9072,#10016);
#10016 = DEFINITIONAL_REPRESENTATION('',(#10017),#10021);
#10017 = LINE('',#10018,#10019);
#10018 = CARTESIAN_POINT('',(-0.,0.));
#10019 = VECTOR('',#10020,1.);
#10020 = DIRECTION('',(-0.,1.));
#10021 = ( GEOMETRIC_REPRESENTATION_CONTEXT(2) 
PARAMETRIC_REPRESENTATION_CONTEXT() REPRESENTATION_CONTEXT('2D SPACE',''
  ) );
#10022 = PCURVE('',#9072,#10023);
#10023 = DEFINITIONAL_REPRESENTATION('',(#10024),#10028);
#10024 = LINE('',#10025,#10026);
#10025 = CARTESIAN_POINT('',(-6.28318530718,0.));
#10026 = VECTOR('',#10027,1.);
#10027 = DIRECTION('',(-0.,1.));
#10028 = ( GEOMETRIC_REPRESENTATION_CONTEXT(2) 
PARAMETRIC_REPRESENTATION_CONTEXT() REPRESENTATION_CONTEXT('2D SPACE',''
  ) );
#10029 = ORIENTED_EDGE('',*,*,#9057,.F.);
#10030 = ORIENTED_EDGE('',*,*,#10006,.T.);
#10031 = ORIENTED_EDGE('',*,*,#10032,.T.);
#10032 = EDGE_CURVE('',#10007,#10007,#10033,.T.);
#10033 = SURFACE_CURVE('',#10034,(#10039,#10046),.PCURVE_S1.);
#10034 = CIRCLE('',#10035,15.);
#10035 = AXIS2_PLACEMENT_3D('',#10036,#10037,#10038);
#10036 = CARTESIAN_POINT('',(-65.,45.,2.));
#10037 = DIRECTION('',(0.,0.,1.));
#10038 = DIRECTION('',(1.,0.,0.));
#10039 = PCURVE('',#9072,#10040);
#10040 = DEFINITIONAL_REPRESENTATION('',(#10041),#10045);
#10041 = LINE('',#10042,#10043);
#10042 = CARTESIAN_POINT('',(-0.,1.570796326795));
#10043 = VECTOR('',#10044,1.);
#10044 = DIRECTION('',(-1.,0.));
#10045 = ( GEOMETRIC_REPRESENTATION_CONTEXT(2) 
PARAMETRIC_REPRESENTATION_CONTEXT() REPRESENTATION_CONTEXT('2D SPACE',''
  ) );
#10046 = PCURVE('',#10047,#10052);
#10047 = PLANE('',#10048);
#10048 = AXIS2_PLACEMENT_3D('',#10049,#10050,#10051);
#10049 = CARTESIAN_POINT('',(-65.,45.,2.));
#10050 = DIRECTION('',(0.,0.,1.));
#10051 = DIRECTION('',(1.,0.,0.));
#10052 = DEFINITIONAL_REPRESENTATION('',(#10053),#10057);
#10053 = CIRCLE('',#10054,15.);
#10054 = AXIS2_PLACEMENT_2D('',#10055,#10056);
#10055 = CARTESIAN_POINT('',(-1.42108547152E-14,-7.105427357601E-15));
#10056 = DIRECTION('',(1.,0.));
#10057 = ( GEOMETRIC_REPRESENTATION_CONTEXT(2) 
PARAMETRIC_REPRESENTATION_CONTEXT() REPRESENTATION_CONTEXT('2D SPACE',''
  ) );
#10058 = ADVANCED_FACE('',(#10059),#9105,.F.);
#10059 = FACE_BOUND('',#10060,.F.);
#10060 = EDGE_LOOP('',(#10061,#10062,#10063,#10064));
#10061 = ORIENTED_EDGE('',*,*,#9236,.F.);
#10062 = ORIENTED_EDGE('',*,*,#9090,.T.);
#10063 = ORIENTED_EDGE('',*,*,#9268,.T.);
#10064 = ORIENTED_EDGE('',*,*,#9431,.F.);
#10065 = ADVANCED_FACE('',(#10066),#9568,.F.);
#10066 = FACE_BOUND('',#10067,.F.);
#10067 = EDGE_LOOP('',(#10068,#10069,#10070,#10071));
#10068 = ORIENTED_EDGE('',*,*,#9755,.F.);
#10069 = ORIENTED_EDGE('',*,*,#9551,.T.);
#10070 = ORIENTED_EDGE('',*,*,#9787,.T.);
#10071 = ORIENTED_EDGE('',*,*,#9728,.F.);
#10072 = ADVANCED_FACE('',(#10073),#9860,.F.);
#10073 = FACE_BOUND('',#10074,.T.);
#10074 = EDGE_LOOP('',(#10075,#10096,#10097,#10098));
#10075 = ORIENTED_EDGE('',*,*,#10076,.F.);
#10076 = EDGE_CURVE('',#9947,#9823,#10077,.T.);
#10077 = SEAM_CURVE('',#10078,(#10082,#10089),.PCURVE_S1.);
#10078 = LINE('',#10079,#10080);
#10079 = CARTESIAN_POINT('',(-67.45,-30.,5.));
#10080 = VECTOR('',#10081,1.);
#10081 = DIRECTION('',(-0.707106781187,0.,-0.707106781187));
#10082 = PCURVE('',#9860,#10083);
#10083 = DEFINITIONAL_REPRESENTATION('',(#10084),#10088);
#10084 = LINE('',#10085,#10086);
#10085 = CARTESIAN_POINT('',(0.,-0.));
#10086 = VECTOR('',#10087,1.);
#10087 = DIRECTION('',(0.,-1.));
#10088 = ( GEOMETRIC_REPRESENTATION_CONTEXT(2) 
PARAMETRIC_REPRESENTATION_CONTEXT() REPRESENTATION_CONTEXT('2D SPACE',''
  ) );
#10089 = PCURVE('',#9860,#10090);
#10090 = DEFINITIONAL_REPRESENTATION('',(#10091),#10095);
#10091 = LINE('',#10092,#10093);
#10092 = CARTESIAN_POINT('',(6.28318530718,-0.));
#10093 = VECTOR('',#10094,1.);
#10094 = DIRECTION('',(0.,-1.));
#10095 = ( GEOMETRIC_REPRESENTATION_CONTEXT(2) 
PARAMETRIC_REPRESENTATION_CONTEXT() REPRESENTATION_CONTEXT('2D SPACE',''
  ) );
#10096 = ORIENTED_EDGE('',*,*,#9946,.T.);
#10097 = ORIENTED_EDGE('',*,*,#10076,.T.);
#10098 = ORIENTED_EDGE('',*,*,#9845,.F.);
#10099 = ADVANCED_FACE('',(#10100),#9915,.F.);
#10100 = FACE_BOUND('',#10101,.T.);
#10101 = EDGE_LOOP('',(#10102,#10123,#10124,#10125));
#10102 = ORIENTED_EDGE('',*,*,#10103,.F.);
#10103 = EDGE_CURVE('',#9973,#9878,#10104,.T.);
#10104 = SEAM_CURVE('',#10105,(#10109,#10116),.PCURVE_S1.);
#10105 = LINE('',#10106,#10107);
#10106 = CARTESIAN_POINT('',(-44.95,-30.,5.));
#10107 = VECTOR('',#10108,1.);
#10108 = DIRECTION('',(-0.707106781187,0.,-0.707106781187));
#10109 = PCURVE('',#9915,#10110);
#10110 = DEFINITIONAL_REPRESENTATION('',(#10111),#10115);
#10111 = LINE('',#10112,#10113);
#10112 = CARTESIAN_POINT('',(0.,-0.));
#10113 = VECTOR('',#10114,1.);
#10114 = DIRECTION('',(0.,-1.));
#10115 = ( GEOMETRIC_REPRESENTATION_CONTEXT(2) 
PARAMETRIC_REPRESENTATION_CONTEXT() REPRESENTATION_CONTEXT('2D SPACE',''
  ) );
#10116 = PCURVE('',#9915,#10117);
#10117 = DEFINITIONAL_REPRESENTATION('',(#10118),#10122);
#10118 = LINE('',#10119,#10120);
#10119 = CARTESIAN_POINT('',(6.28318530718,-0.));
#10120 = VECTOR('',#10121,1.);
#10121 = DIRECTION('',(0.,-1.));
#10122 = ( GEOMETRIC_REPRESENTATION_CONTEXT(2) 
PARAMETRIC_REPRESENTATION_CONTEXT() REPRESENTATION_CONTEXT('2D SPACE',''
  ) );
#10123 = ORIENTED_EDGE('',*,*,#9972,.T.);
#10124 = ORIENTED_EDGE('',*,*,#10103,.T.);
#10125 = ORIENTED_EDGE('',*,*,#9900,.F.);
#10126 = ADVANCED_FACE('',(#10127),#10047,.T.);
#10127 = FACE_BOUND('',#10128,.T.);
#10128 = EDGE_LOOP('',(#10129));
#10129 = ORIENTED_EDGE('',*,*,#10032,.T.);
#10130 = ( GEOMETRIC_REPRESENTATION_CONTEXT(3) 
GLOBAL_UNCERTAINTY_ASSIGNED_CONTEXT((#10134)) 
GLOBAL_UNIT_ASSIGNED_CONTEXT((#10131,#10132,#10133)) 
REPRESENTATION_CONTEXT('Context #1',
  '3D Context with UNIT and UNCERTAINTY') );
#10131 = ( LENGTH_UNIT() NAMED_UNIT(*) SI_UNIT(.MILLI.,.METRE.) );
#10132 = ( NAMED_UNIT(*) PLANE_ANGLE_UNIT() SI_UNIT($,.RADIAN.) );
#10133 = ( NAMED_UNIT(*) SI_UNIT($,.STERADIAN.) SOLID_ANGLE_UNIT() );
#10134 = UNCERTAINTY_MEASURE_WITH_UNIT(LENGTH_MEASURE(5.E-05),#10131,
  'distance_accuracy_value','confusion accuracy');
#10135 = PRODUCT_RELATED_PRODUCT_CATEGORY('part',$,(#7));
#10136 = MECHANICAL_DESIGN_GEOMETRIC_PRESENTATION_REPRESENTATION('',(
    #10137),#10130);
#10137 = STYLED_ITEM('color',(#10138),#15);
#10138 = PRESENTATION_STYLE_ASSIGNMENT((#10139,#10145));
#10139 = SURFACE_STYLE_USAGE(.BOTH.,#10140);
#10140 = SURFACE_SIDE_STYLE('',(#10141));
#10141 = SURFACE_STYLE_FILL_AREA(#10142);
#10142 = FILL_AREA_STYLE('',(#10143));
#10143 = FILL_AREA_STYLE_COLOUR('',#10144);
#10144 = COLOUR_RGB('',0.447058818107,0.474509808674,0.501960817233);
#10145 = CURVE_STYLE('',#10146,POSITIVE_LENGTH_MEASURE(0.1),#10147);
#10146 = DRAUGHTING_PRE_DEFINED_CURVE_FONT('continuous');
#10147 = COLOUR_RGB('',9.803921802644E-02,9.803921802644E-02,
  9.803921802644E-02);
ENDSEC;
END-ISO-10303-21;
