ISO-10303-21;
HEADER;
FILE_DESCRIPTION(('FreeCAD Model'),'2;1');
FILE_NAME('Open CASCADE Shape Model','2026-06-16T18:03:59',(''),(''),
  'Open CASCADE STEP processor 7.8','FreeCAD','Unknown');
FILE_SCHEMA(('AUTOMOTIVE_DESIGN { 1 0 10303 214 1 1 1 1 }'));
ENDSEC;
DATA;
#1 = APPLICATION_PROTOCOL_DEFINITION('international standard',
  'automotive_design',2000,#2);
#2 = APPLICATION_CONTEXT(
  'core data for automotive mechanical design processes');
#3 = SHAPE_DEFINITION_REPRESENTATION(#4,#10);
#4 = PRODUCT_DEFINITION_SHAPE('','',#5);
#5 = PRODUCT_DEFINITION('design','',#6,#9);
#6 = PRODUCT_DEFINITION_FORMATION('','',#7);
#7 = PRODUCT('Gehaeuse','Gehaeuse','',(#8));
#8 = PRODUCT_CONTEXT('',#2,'mechanical');
#9 = PRODUCT_DEFINITION_CONTEXT('part definition',#2,'design');
#10 = ADVANCED_BREP_SHAPE_REPRESENTATION('',(#11,#15),#7375);
#11 = AXIS2_PLACEMENT_3D('',#12,#13,#14);
#12 = CARTESIAN_POINT('',(0.,0.,0.));
#13 = DIRECTION('',(0.,0.,1.));
#14 = DIRECTION('',(1.,0.,-0.));
#15 = MANIFOLD_SOLID_BREP('',#16);
#16 = CLOSED_SHELL('',(#17,#151,#237,#319,#403,#474,#528,#595,#644,#2582
    ,#2609,#2659,#2687,#2694,#2701,#2793,#2905,#3000,#3095,#3173,#3265,
    #3357,#3431,#3569,#3642,#3674,#3766,#3858,#3950,#4042,#4134,#4226,
    #4318,#4410,#4484,#4622,#4695,#4727,#4801,#4873,#4944,#4976,#5035,
    #5091,#5147,#5223,#5398,#5426,#5596,#5624,#5695,#5754,#5813,#5889,
    #5943,#5997,#6024,#6083,#6142,#6201,#6260,#6319,#6378,#6437,#6496,
    #6572,#6626,#6680,#6707,#6783,#6837,#6891,#6918,#6922,#6950,#6978,
    #7056,#7183,#7190,#7238,#7245,#7252,#7300,#7307,#7311,#7315,#7322,
    #7326,#7330,#7334,#7338,#7342,#7346,#7350,#7354,#7361,#7368));
#17 = ADVANCED_FACE('',(#18),#32,.F.);
#18 = FACE_BOUND('',#19,.F.);
#19 = EDGE_LOOP('',(#20,#55,#96,#124));
#20 = ORIENTED_EDGE('',*,*,#21,.T.);
#21 = EDGE_CURVE('',#22,#24,#26,.T.);
#22 = VERTEX_POINT('',#23);
#23 = CARTESIAN_POINT('',(-21.30531485135,40.,72.000528957669));
#24 = VERTEX_POINT('',#25);
#25 = CARTESIAN_POINT('',(-21.76548017114,40.,71.408289243982));
#26 = SURFACE_CURVE('',#27,(#31,#43),.PCURVE_S1.);
#27 = LINE('',#28,#29);
#28 = CARTESIAN_POINT('',(-20.9985379715,40.,72.39535543346));
#29 = VECTOR('',#30,1.);
#30 = DIRECTION('',(-0.613553759712,-0.,-0.789652951583));
#31 = PCURVE('',#32,#37);
#32 = CYLINDRICAL_SURFACE('',#33,4.);
#33 = AXIS2_PLACEMENT_3D('',#34,#35,#36);
#34 = CARTESIAN_POINT('',(-24.15714977783,40.,74.849570472308));
#35 = DIRECTION('',(0.613553759712,0.,0.789652951583));
#36 = DIRECTION('',(0.789652951583,0.,-0.613553759712));
#37 = DEFINITIONAL_REPRESENTATION('',(#38),#42);
#38 = LINE('',#39,#40);
#39 = CARTESIAN_POINT('',(0.,0.));
#40 = VECTOR('',#41,1.);
#41 = DIRECTION('',(0.,-1.));
#42 = ( GEOMETRIC_REPRESENTATION_CONTEXT(2) 
PARAMETRIC_REPRESENTATION_CONTEXT() REPRESENTATION_CONTEXT('2D SPACE',''
  ) );
#43 = PCURVE('',#44,#49);
#44 = PLANE('',#45);
#45 = AXIS2_PLACEMENT_3D('',#46,#47,#48);
#46 = CARTESIAN_POINT('',(-20.9985379715,40.,72.39535543346));
#47 = DIRECTION('',(-0.789652951583,0.,0.613553759712));
#48 = DIRECTION('',(0.,-1.,0.));
#49 = DEFINITIONAL_REPRESENTATION('',(#50),#54);
#50 = LINE('',#51,#52);
#51 = CARTESIAN_POINT('',(0.,0.));
#52 = VECTOR('',#53,1.);
#53 = DIRECTION('',(0.,-1.));
#54 = ( GEOMETRIC_REPRESENTATION_CONTEXT(2) 
PARAMETRIC_REPRESENTATION_CONTEXT() REPRESENTATION_CONTEXT('2D SPACE',''
  ) );
#55 = ORIENTED_EDGE('',*,*,#56,.T.);
#56 = EDGE_CURVE('',#24,#57,#59,.T.);
#57 = VERTEX_POINT('',#58);
#58 = CARTESIAN_POINT('',(-28.0827037838,40.,76.316719321677));
#59 = SURFACE_CURVE('',#60,(#65,#72),.PCURVE_S1.);
#60 = CIRCLE('',#61,4.);
#61 = AXIS2_PLACEMENT_3D('',#62,#63,#64);
#62 = CARTESIAN_POINT('',(-24.92409197747,40.,73.86250428283));
#63 = DIRECTION('',(0.613553759712,-0.,0.789652951583));
#64 = DIRECTION('',(0.789652951583,0.,-0.613553759712));
#65 = PCURVE('',#32,#66);
#66 = DEFINITIONAL_REPRESENTATION('',(#67),#71);
#67 = LINE('',#68,#69);
#68 = CARTESIAN_POINT('',(0.,-1.25));
#69 = VECTOR('',#70,1.);
#70 = DIRECTION('',(1.,0.));
#71 = ( GEOMETRIC_REPRESENTATION_CONTEXT(2) 
PARAMETRIC_REPRESENTATION_CONTEXT() REPRESENTATION_CONTEXT('2D SPACE',''
  ) );
#72 = PCURVE('',#73,#90);
#73 = SURFACE_OF_REVOLUTION('',#74,#87);
#74 = B_SPLINE_CURVE_WITH_KNOTS('',6,(#75,#76,#77,#78,#79,#80,#81,#82,
    #83,#84,#85,#86),.UNSPECIFIED.,.F.,.F.,(7,5,7),(0.,0.785398163397,
    1.570796326795),.UNSPECIFIED.);
#75 = CARTESIAN_POINT('',(-21.76548017114,40.,71.408289243982));
#76 = CARTESIAN_POINT('',(-22.06665766865,40.,71.020669257798));
#77 = CARTESIAN_POINT('',(-22.42872162933,40.,70.680358584155));
#78 = CARTESIAN_POINT('',(-22.84238805531,40.,70.399309142425));
#79 = CARTESIAN_POINT('',(-23.29522062095,40.,70.187056066643));
#80 = CARTESIAN_POINT('',(-23.77267187024,40.,70.049426234211));
#81 = CARTESIAN_POINT('',(-24.74677861341,40.,69.92717809437));
#82 = CARTESIAN_POINT('',(-25.24343248027,40.,69.942559991148));
#83 = CARTESIAN_POINT('',(-25.73467078133,40.,70.036334360011));
#84 = CARTESIAN_POINT('',(-26.20495734845,40.,70.206449748702));
#85 = CARTESIAN_POINT('',(-26.63988535231,40.,70.446739776952));
#86 = CARTESIAN_POINT('',(-27.02750533849,40.,70.747917274466));
#87 = AXIS1_PLACEMENT('',#88,#89);
#88 = CARTESIAN_POINT('',(-24.92409197747,40.,73.86250428283));
#89 = DIRECTION('',(-0.613553759712,0.,-0.789652951583));
#90 = DEFINITIONAL_REPRESENTATION('',(#91),#95);
#91 = LINE('',#92,#93);
#92 = CARTESIAN_POINT('',(-0.,0.));
#93 = VECTOR('',#94,1.);
#94 = DIRECTION('',(-1.,0.));
#95 = ( GEOMETRIC_REPRESENTATION_CONTEXT(2) 
PARAMETRIC_REPRESENTATION_CONTEXT() REPRESENTATION_CONTEXT('2D SPACE',''
  ) );
#96 = ORIENTED_EDGE('',*,*,#97,.F.);
#97 = EDGE_CURVE('',#98,#57,#100,.T.);
#98 = VERTEX_POINT('',#99);
#99 = CARTESIAN_POINT('',(-27.62253846402,40.,76.908959035364));
#100 = SURFACE_CURVE('',#101,(#105,#112),.PCURVE_S1.);
#101 = LINE('',#102,#103);
#102 = CARTESIAN_POINT('',(-27.31576158416,40.,77.303785511156));
#103 = VECTOR('',#104,1.);
#104 = DIRECTION('',(-0.613553759712,-0.,-0.789652951583));
#105 = PCURVE('',#32,#106);
#106 = DEFINITIONAL_REPRESENTATION('',(#107),#111);
#107 = LINE('',#108,#109);
#108 = CARTESIAN_POINT('',(3.14159265359,0.));
#109 = VECTOR('',#110,1.);
#110 = DIRECTION('',(0.,-1.));
#111 = ( GEOMETRIC_REPRESENTATION_CONTEXT(2) 
PARAMETRIC_REPRESENTATION_CONTEXT() REPRESENTATION_CONTEXT('2D SPACE',''
  ) );
#112 = PCURVE('',#113,#118);
#113 = PLANE('',#114);
#114 = AXIS2_PLACEMENT_3D('',#115,#116,#117);
#115 = CARTESIAN_POINT('',(-27.31576158416,40.,77.303785511156));
#116 = DIRECTION('',(-0.789652951583,0.,0.613553759712));
#117 = DIRECTION('',(0.,-1.,0.));
#118 = DEFINITIONAL_REPRESENTATION('',(#119),#123);
#119 = LINE('',#120,#121);
#120 = CARTESIAN_POINT('',(0.,0.));
#121 = VECTOR('',#122,1.);
#122 = DIRECTION('',(0.,-1.));
#123 = ( GEOMETRIC_REPRESENTATION_CONTEXT(2) 
PARAMETRIC_REPRESENTATION_CONTEXT() REPRESENTATION_CONTEXT('2D SPACE',''
  ) );
#124 = ORIENTED_EDGE('',*,*,#125,.F.);
#125 = EDGE_CURVE('',#22,#98,#126,.T.);
#126 = SURFACE_CURVE('',#127,(#132,#139),.PCURVE_S1.);
#127 = CIRCLE('',#128,4.);
#128 = AXIS2_PLACEMENT_3D('',#129,#130,#131);
#129 = CARTESIAN_POINT('',(-24.46392665768,40.,74.454743996517));
#130 = DIRECTION('',(0.613553759712,1.8E-16,0.789652951583));
#131 = DIRECTION('',(0.789652951583,-1.7763568394E-15,-0.613553759712));
#132 = PCURVE('',#32,#133);
#133 = DEFINITIONAL_REPRESENTATION('',(#134),#138);
#134 = LINE('',#135,#136);
#135 = CARTESIAN_POINT('',(0.,-0.5));
#136 = VECTOR('',#137,1.);
#137 = DIRECTION('',(1.,0.));
#138 = ( GEOMETRIC_REPRESENTATION_CONTEXT(2) 
PARAMETRIC_REPRESENTATION_CONTEXT() REPRESENTATION_CONTEXT('2D SPACE',''
  ) );
#139 = PCURVE('',#140,#145);
#140 = CONICAL_SURFACE('',#141,4.,0.785398163397);
#141 = AXIS2_PLACEMENT_3D('',#142,#143,#144);
#142 = CARTESIAN_POINT('',(-24.46392665768,40.,74.454743996517));
#143 = DIRECTION('',(0.613553759712,1.8E-16,0.789652951583));
#144 = DIRECTION('',(0.789652951583,-1.7763568394E-15,-0.613553759712));
#145 = DEFINITIONAL_REPRESENTATION('',(#146),#150);
#146 = LINE('',#147,#148);
#147 = CARTESIAN_POINT('',(0.,0.));
#148 = VECTOR('',#149,1.);
#149 = DIRECTION('',(1.,0.));
#150 = ( GEOMETRIC_REPRESENTATION_CONTEXT(2) 
PARAMETRIC_REPRESENTATION_CONTEXT() REPRESENTATION_CONTEXT('2D SPACE',''
  ) );
#151 = ADVANCED_FACE('',(#152),#44,.T.);
#152 = FACE_BOUND('',#153,.T.);
#153 = EDGE_LOOP('',(#154,#155,#183,#211));
#154 = ORIENTED_EDGE('',*,*,#21,.T.);
#155 = ORIENTED_EDGE('',*,*,#156,.F.);
#156 = EDGE_CURVE('',#157,#24,#159,.T.);
#157 = VERTEX_POINT('',#158);
#158 = CARTESIAN_POINT('',(-21.76548017114,-40.,71.408289243982));
#159 = SURFACE_CURVE('',#160,(#164,#171),.PCURVE_S1.);
#160 = LINE('',#161,#162);
#161 = CARTESIAN_POINT('',(-21.76548017114,-40.,71.408289243982));
#162 = VECTOR('',#163,1.);
#163 = DIRECTION('',(0.,1.,0.));
#164 = PCURVE('',#44,#165);
#165 = DEFINITIONAL_REPRESENTATION('',(#166),#170);
#166 = LINE('',#167,#168);
#167 = CARTESIAN_POINT('',(80.,-1.25));
#168 = VECTOR('',#169,1.);
#169 = DIRECTION('',(-1.,0.));
#170 = ( GEOMETRIC_REPRESENTATION_CONTEXT(2) 
PARAMETRIC_REPRESENTATION_CONTEXT() REPRESENTATION_CONTEXT('2D SPACE',''
  ) );
#171 = PCURVE('',#172,#177);
#172 = CYLINDRICAL_SURFACE('',#173,3.75);
#173 = AXIS2_PLACEMENT_3D('',#174,#175,#176);
#174 = CARTESIAN_POINT('',(-24.72667873957,-40.,73.709115842902));
#175 = DIRECTION('',(0.,1.,0.));
#176 = DIRECTION('',(0.789652951583,0.,-0.613553759712));
#177 = DEFINITIONAL_REPRESENTATION('',(#178),#182);
#178 = LINE('',#179,#180);
#179 = CARTESIAN_POINT('',(0.,0.));
#180 = VECTOR('',#181,1.);
#181 = DIRECTION('',(0.,1.));
#182 = ( GEOMETRIC_REPRESENTATION_CONTEXT(2) 
PARAMETRIC_REPRESENTATION_CONTEXT() REPRESENTATION_CONTEXT('2D SPACE',''
  ) );
#183 = ORIENTED_EDGE('',*,*,#184,.F.);
#184 = EDGE_CURVE('',#185,#157,#187,.T.);
#185 = VERTEX_POINT('',#186);
#186 = CARTESIAN_POINT('',(-21.30531485135,-40.,72.000528957669));
#187 = SURFACE_CURVE('',#188,(#192,#199),.PCURVE_S1.);
#188 = LINE('',#189,#190);
#189 = CARTESIAN_POINT('',(-20.9985379715,-40.,72.39535543346));
#190 = VECTOR('',#191,1.);
#191 = DIRECTION('',(-0.613553759712,-0.,-0.789652951583));
#192 = PCURVE('',#44,#193);
#193 = DEFINITIONAL_REPRESENTATION('',(#194),#198);
#194 = LINE('',#195,#196);
#195 = CARTESIAN_POINT('',(80.,0.));
#196 = VECTOR('',#197,1.);
#197 = DIRECTION('',(0.,-1.));
#198 = ( GEOMETRIC_REPRESENTATION_CONTEXT(2) 
PARAMETRIC_REPRESENTATION_CONTEXT() REPRESENTATION_CONTEXT('2D SPACE',''
  ) );
#199 = PCURVE('',#200,#205);
#200 = CYLINDRICAL_SURFACE('',#201,4.);
#201 = AXIS2_PLACEMENT_3D('',#202,#203,#204);
#202 = CARTESIAN_POINT('',(-24.15714977783,-40.,74.849570472308));
#203 = DIRECTION('',(0.613553759712,0.,0.789652951583));
#204 = DIRECTION('',(0.789652951583,0.,-0.613553759712));
#205 = DEFINITIONAL_REPRESENTATION('',(#206),#210);
#206 = LINE('',#207,#208);
#207 = CARTESIAN_POINT('',(6.28318530718,0.));
#208 = VECTOR('',#209,1.);
#209 = DIRECTION('',(0.,-1.));
#210 = ( GEOMETRIC_REPRESENTATION_CONTEXT(2) 
PARAMETRIC_REPRESENTATION_CONTEXT() REPRESENTATION_CONTEXT('2D SPACE',''
  ) );
#211 = ORIENTED_EDGE('',*,*,#212,.T.);
#212 = EDGE_CURVE('',#185,#22,#213,.T.);
#213 = SURFACE_CURVE('',#214,(#218,#225),.PCURVE_S1.);
#214 = LINE('',#215,#216);
#215 = CARTESIAN_POINT('',(-21.30531485135,-40.,72.000528957669));
#216 = VECTOR('',#217,1.);
#217 = DIRECTION('',(0.,1.,0.));
#218 = PCURVE('',#44,#219);
#219 = DEFINITIONAL_REPRESENTATION('',(#220),#224);
#220 = LINE('',#221,#222);
#221 = CARTESIAN_POINT('',(80.,-0.5));
#222 = VECTOR('',#223,1.);
#223 = DIRECTION('',(-1.,0.));
#224 = ( GEOMETRIC_REPRESENTATION_CONTEXT(2) 
PARAMETRIC_REPRESENTATION_CONTEXT() REPRESENTATION_CONTEXT('2D SPACE',''
  ) );
#225 = PCURVE('',#226,#231);
#226 = PLANE('',#227);
#227 = AXIS2_PLACEMENT_3D('',#228,#229,#230);
#228 = CARTESIAN_POINT('',(-20.95451317353,-40.,72.044553755637));
#229 = DIRECTION('',(-0.124520932733,-4.347637192916E-17,0.992216980963)
  );
#230 = DIRECTION('',(5.41371838448E-18,-1.,-4.313799449877E-17));
#231 = DEFINITIONAL_REPRESENTATION('',(#232),#236);
#232 = LINE('',#233,#234);
#233 = CARTESIAN_POINT('',(-0.,-0.353553390593));
#234 = VECTOR('',#235,1.);
#235 = DIRECTION('',(-1.,0.));
#236 = ( GEOMETRIC_REPRESENTATION_CONTEXT(2) 
PARAMETRIC_REPRESENTATION_CONTEXT() REPRESENTATION_CONTEXT('2D SPACE',''
  ) );
#237 = ADVANCED_FACE('',(#238),#140,.F.);
#238 = FACE_BOUND('',#239,.F.);
#239 = EDGE_LOOP('',(#240,#263,#264,#292));
#240 = ORIENTED_EDGE('',*,*,#241,.F.);
#241 = EDGE_CURVE('',#22,#242,#244,.T.);
#242 = VERTEX_POINT('',#243);
#243 = CARTESIAN_POINT('',(-20.60371149571,40.,72.088578553604));
#244 = SURFACE_CURVE('',#245,(#249,#256),.PCURVE_S1.);
#245 = LINE('',#246,#247);
#246 = CARTESIAN_POINT('',(-21.30531485135,40.,72.000528957669));
#247 = VECTOR('',#248,1.);
#248 = DIRECTION('',(0.992216980963,-1.128794746333E-15,0.124520932733)
  );
#249 = PCURVE('',#140,#250);
#250 = DEFINITIONAL_REPRESENTATION('',(#251),#255);
#251 = LINE('',#252,#253);
#252 = CARTESIAN_POINT('',(0.,0.));
#253 = VECTOR('',#254,1.);
#254 = DIRECTION('',(0.,1.));
#255 = ( GEOMETRIC_REPRESENTATION_CONTEXT(2) 
PARAMETRIC_REPRESENTATION_CONTEXT() REPRESENTATION_CONTEXT('2D SPACE',''
  ) );
#256 = PCURVE('',#226,#257);
#257 = DEFINITIONAL_REPRESENTATION('',(#258),#262);
#258 = LINE('',#259,#260);
#259 = CARTESIAN_POINT('',(-80.,-0.353553390593));
#260 = VECTOR('',#261,1.);
#261 = DIRECTION('',(1.128794746333E-15,1.));
#262 = ( GEOMETRIC_REPRESENTATION_CONTEXT(2) 
PARAMETRIC_REPRESENTATION_CONTEXT() REPRESENTATION_CONTEXT('2D SPACE',''
  ) );
#263 = ORIENTED_EDGE('',*,*,#125,.T.);
#264 = ORIENTED_EDGE('',*,*,#265,.T.);
#265 = EDGE_CURVE('',#98,#266,#268,.T.);
#266 = VERTEX_POINT('',#267);
#267 = CARTESIAN_POINT('',(-27.71058805995,40.,77.610562391012));
#268 = SURFACE_CURVE('',#269,(#273,#280),.PCURVE_S1.);
#269 = LINE('',#270,#271);
#270 = CARTESIAN_POINT('',(-27.62253846402,40.,76.908959035364));
#271 = VECTOR('',#272,1.);
#272 = DIRECTION('',(-0.124520932733,1.469948793184E-15,0.992216980963)
  );
#273 = PCURVE('',#140,#274);
#274 = DEFINITIONAL_REPRESENTATION('',(#275),#279);
#275 = LINE('',#276,#277);
#276 = CARTESIAN_POINT('',(3.14159265359,0.));
#277 = VECTOR('',#278,1.);
#278 = DIRECTION('',(0.,1.));
#279 = ( GEOMETRIC_REPRESENTATION_CONTEXT(2) 
PARAMETRIC_REPRESENTATION_CONTEXT() REPRESENTATION_CONTEXT('2D SPACE',''
  ) );
#280 = PCURVE('',#281,#286);
#281 = PLANE('',#282);
#282 = AXIS2_PLACEMENT_3D('',#283,#284,#285);
#283 = CARTESIAN_POINT('',(-27.66656326198,40.,77.259760713188));
#284 = DIRECTION('',(-0.992216980963,0.,-0.124520932733));
#285 = DIRECTION('',(0.,-1.,0.));
#286 = DEFINITIONAL_REPRESENTATION('',(#287),#291);
#287 = LINE('',#288,#289);
#288 = CARTESIAN_POINT('',(-1.42108547152E-14,-0.353553390593));
#289 = VECTOR('',#290,1.);
#290 = DIRECTION('',(-1.469948793184E-15,1.));
#291 = ( GEOMETRIC_REPRESENTATION_CONTEXT(2) 
PARAMETRIC_REPRESENTATION_CONTEXT() REPRESENTATION_CONTEXT('2D SPACE',''
  ) );
#292 = ORIENTED_EDGE('',*,*,#293,.F.);
#293 = EDGE_CURVE('',#242,#266,#294,.T.);
#294 = SURFACE_CURVE('',#295,(#300,#307),.PCURVE_S1.);
#295 = CIRCLE('',#296,4.5);
#296 = AXIS2_PLACEMENT_3D('',#297,#298,#299);
#297 = CARTESIAN_POINT('',(-24.15714977783,40.,74.849570472308));
#298 = DIRECTION('',(0.613553759712,1.8E-16,0.789652951583));
#299 = DIRECTION('',(0.789652951583,-1.7763568394E-15,-0.613553759712));
#300 = PCURVE('',#140,#301);
#301 = DEFINITIONAL_REPRESENTATION('',(#302),#306);
#302 = LINE('',#303,#304);
#303 = CARTESIAN_POINT('',(0.,0.5));
#304 = VECTOR('',#305,1.);
#305 = DIRECTION('',(1.,0.));
#306 = ( GEOMETRIC_REPRESENTATION_CONTEXT(2) 
PARAMETRIC_REPRESENTATION_CONTEXT() REPRESENTATION_CONTEXT('2D SPACE',''
  ) );
#307 = PCURVE('',#308,#313);
#308 = PLANE('',#309);
#309 = AXIS2_PLACEMENT_3D('',#310,#311,#312);
#310 = CARTESIAN_POINT('',(-29.43223120145,50.,78.948264757897));
#311 = DIRECTION('',(0.613553759712,1.8E-16,0.789652951583));
#312 = DIRECTION('',(0.789652951583,-1.4E-16,-0.613553759712));
#313 = DEFINITIONAL_REPRESENTATION('',(#314),#318);
#314 = CIRCLE('',#315,4.5);
#315 = AXIS2_PLACEMENT_2D('',#316,#317);
#316 = CARTESIAN_POINT('',(6.680252904836,-10.));
#317 = DIRECTION('',(1.,-1.6363568394E-15));
#318 = ( GEOMETRIC_REPRESENTATION_CONTEXT(2) 
PARAMETRIC_REPRESENTATION_CONTEXT() REPRESENTATION_CONTEXT('2D SPACE',''
  ) );
#319 = ADVANCED_FACE('',(#320),#73,.F.);
#320 = FACE_BOUND('',#321,.T.);
#321 = EDGE_LOOP('',(#322,#346,#347,#376));
#322 = ORIENTED_EDGE('',*,*,#323,.F.);
#323 = EDGE_CURVE('',#24,#324,#326,.T.);
#324 = VERTEX_POINT('',#325);
#325 = CARTESIAN_POINT('',(-27.02750533849,40.,70.747917274466));
#326 = SURFACE_CURVE('',#327,(#332,#339),.PCURVE_S1.);
#327 = CIRCLE('',#328,3.75);
#328 = AXIS2_PLACEMENT_3D('',#329,#330,#331);
#329 = CARTESIAN_POINT('',(-24.72667873957,40.,73.709115842902));
#330 = DIRECTION('',(0.,1.,0.));
#331 = DIRECTION('',(0.789652951583,0.,-0.613553759712));
#332 = PCURVE('',#73,#333);
#333 = DEFINITIONAL_REPRESENTATION('',(#334),#338);
#334 = LINE('',#335,#336);
#335 = CARTESIAN_POINT('',(-0.,0.));
#336 = VECTOR('',#337,1.);
#337 = DIRECTION('',(-0.,1.));
#338 = ( GEOMETRIC_REPRESENTATION_CONTEXT(2) 
PARAMETRIC_REPRESENTATION_CONTEXT() REPRESENTATION_CONTEXT('2D SPACE',''
  ) );
#339 = PCURVE('',#172,#340);
#340 = DEFINITIONAL_REPRESENTATION('',(#341),#345);
#341 = LINE('',#342,#343);
#342 = CARTESIAN_POINT('',(0.,80.));
#343 = VECTOR('',#344,1.);
#344 = DIRECTION('',(1.,0.));
#345 = ( GEOMETRIC_REPRESENTATION_CONTEXT(2) 
PARAMETRIC_REPRESENTATION_CONTEXT() REPRESENTATION_CONTEXT('2D SPACE',''
  ) );
#346 = ORIENTED_EDGE('',*,*,#56,.T.);
#347 = ORIENTED_EDGE('',*,*,#348,.T.);
#348 = EDGE_CURVE('',#57,#349,#351,.T.);
#349 = VERTEX_POINT('',#350);
#350 = CARTESIAN_POINT('',(-27.42233181428,40.,71.054694154322));
#351 = SURFACE_CURVE('',#352,(#357,#364),.PCURVE_S1.);
#352 = CIRCLE('',#353,3.75);
#353 = AXIS2_PLACEMENT_3D('',#354,#355,#356);
#354 = CARTESIAN_POINT('',(-25.12150521536,40.,74.015892722758));
#355 = DIRECTION('',(-9.670459595931E-17,-1.,7.51386647936E-17));
#356 = DIRECTION('',(-0.789652951583,1.224646799147E-16,0.613553759712)
  );
#357 = PCURVE('',#73,#358);
#358 = DEFINITIONAL_REPRESENTATION('',(#359),#363);
#359 = LINE('',#360,#361);
#360 = CARTESIAN_POINT('',(-3.14159265359,0.));
#361 = VECTOR('',#362,1.);
#362 = DIRECTION('',(-0.,1.));
#363 = ( GEOMETRIC_REPRESENTATION_CONTEXT(2) 
PARAMETRIC_REPRESENTATION_CONTEXT() REPRESENTATION_CONTEXT('2D SPACE',''
  ) );
#364 = PCURVE('',#365,#370);
#365 = CYLINDRICAL_SURFACE('',#366,3.75);
#366 = AXIS2_PLACEMENT_3D('',#367,#368,#369);
#367 = CARTESIAN_POINT('',(-25.12150521536,40.,74.015892722758));
#368 = DIRECTION('',(0.,-1.,0.));
#369 = DIRECTION('',(-0.789652951583,0.,0.613553759712));
#370 = DEFINITIONAL_REPRESENTATION('',(#371),#375);
#371 = LINE('',#372,#373);
#372 = CARTESIAN_POINT('',(0.,0.));
#373 = VECTOR('',#374,1.);
#374 = DIRECTION('',(1.,0.));
#375 = ( GEOMETRIC_REPRESENTATION_CONTEXT(2) 
PARAMETRIC_REPRESENTATION_CONTEXT() REPRESENTATION_CONTEXT('2D SPACE',''
  ) );
#376 = ORIENTED_EDGE('',*,*,#377,.F.);
#377 = EDGE_CURVE('',#324,#349,#378,.T.);
#378 = SURFACE_CURVE('',#379,(#384,#391),.PCURVE_S1.);
#379 = CIRCLE('',#380,0.25);
#380 = AXIS2_PLACEMENT_3D('',#381,#382,#383);
#381 = CARTESIAN_POINT('',(-27.22491857639,40.,70.901305714394));
#382 = DIRECTION('',(0.613553759712,-0.,0.789652951583));
#383 = DIRECTION('',(0.789652951583,0.,-0.613553759712));
#384 = PCURVE('',#73,#385);
#385 = DEFINITIONAL_REPRESENTATION('',(#386),#390);
#386 = LINE('',#387,#388);
#387 = CARTESIAN_POINT('',(-0.,1.570796326795));
#388 = VECTOR('',#389,1.);
#389 = DIRECTION('',(-1.,0.));
#390 = ( GEOMETRIC_REPRESENTATION_CONTEXT(2) 
PARAMETRIC_REPRESENTATION_CONTEXT() REPRESENTATION_CONTEXT('2D SPACE',''
  ) );
#391 = PCURVE('',#392,#397);
#392 = PLANE('',#393);
#393 = AXIS2_PLACEMENT_3D('',#394,#395,#396);
#394 = CARTESIAN_POINT('',(-27.22491857639,8.650085478819E-15,
    70.901305714394));
#395 = DIRECTION('',(0.613553759712,0.,0.789652951583));
#396 = DIRECTION('',(0.789652951583,0.,-0.613553759712));
#397 = DEFINITIONAL_REPRESENTATION('',(#398),#402);
#398 = CIRCLE('',#399,0.25);
#399 = AXIS2_PLACEMENT_2D('',#400,#401);
#400 = CARTESIAN_POINT('',(-2.805410842593E-15,40.));
#401 = DIRECTION('',(1.,0.));
#402 = ( GEOMETRIC_REPRESENTATION_CONTEXT(2) 
PARAMETRIC_REPRESENTATION_CONTEXT() REPRESENTATION_CONTEXT('2D SPACE',''
  ) );
#403 = ADVANCED_FACE('',(#404),#113,.F.);
#404 = FACE_BOUND('',#405,.F.);
#405 = EDGE_LOOP('',(#406,#407,#430,#453));
#406 = ORIENTED_EDGE('',*,*,#97,.T.);
#407 = ORIENTED_EDGE('',*,*,#408,.T.);
#408 = EDGE_CURVE('',#57,#409,#411,.T.);
#409 = VERTEX_POINT('',#410);
#410 = CARTESIAN_POINT('',(-28.0827037838,-40.,76.316719321677));
#411 = SURFACE_CURVE('',#412,(#416,#423),.PCURVE_S1.);
#412 = LINE('',#413,#414);
#413 = CARTESIAN_POINT('',(-28.0827037838,40.,76.316719321677));
#414 = VECTOR('',#415,1.);
#415 = DIRECTION('',(0.,-1.,0.));
#416 = PCURVE('',#113,#417);
#417 = DEFINITIONAL_REPRESENTATION('',(#418),#422);
#418 = LINE('',#419,#420);
#419 = CARTESIAN_POINT('',(-0.,-1.25));
#420 = VECTOR('',#421,1.);
#421 = DIRECTION('',(1.,0.));
#422 = ( GEOMETRIC_REPRESENTATION_CONTEXT(2) 
PARAMETRIC_REPRESENTATION_CONTEXT() REPRESENTATION_CONTEXT('2D SPACE',''
  ) );
#423 = PCURVE('',#365,#424);
#424 = DEFINITIONAL_REPRESENTATION('',(#425),#429);
#425 = LINE('',#426,#427);
#426 = CARTESIAN_POINT('',(0.,0.));
#427 = VECTOR('',#428,1.);
#428 = DIRECTION('',(0.,1.));
#429 = ( GEOMETRIC_REPRESENTATION_CONTEXT(2) 
PARAMETRIC_REPRESENTATION_CONTEXT() REPRESENTATION_CONTEXT('2D SPACE',''
  ) );
#430 = ORIENTED_EDGE('',*,*,#431,.F.);
#431 = EDGE_CURVE('',#432,#409,#434,.T.);
#432 = VERTEX_POINT('',#433);
#433 = CARTESIAN_POINT('',(-27.62253846402,-40.,76.908959035364));
#434 = SURFACE_CURVE('',#435,(#439,#446),.PCURVE_S1.);
#435 = LINE('',#436,#437);
#436 = CARTESIAN_POINT('',(-27.31576158416,-40.,77.303785511156));
#437 = VECTOR('',#438,1.);
#438 = DIRECTION('',(-0.613553759712,-0.,-0.789652951583));
#439 = PCURVE('',#113,#440);
#440 = DEFINITIONAL_REPRESENTATION('',(#441),#445);
#441 = LINE('',#442,#443);
#442 = CARTESIAN_POINT('',(80.,0.));
#443 = VECTOR('',#444,1.);
#444 = DIRECTION('',(0.,-1.));
#445 = ( GEOMETRIC_REPRESENTATION_CONTEXT(2) 
PARAMETRIC_REPRESENTATION_CONTEXT() REPRESENTATION_CONTEXT('2D SPACE',''
  ) );
#446 = PCURVE('',#200,#447);
#447 = DEFINITIONAL_REPRESENTATION('',(#448),#452);
#448 = LINE('',#449,#450);
#449 = CARTESIAN_POINT('',(3.14159265359,0.));
#450 = VECTOR('',#451,1.);
#451 = DIRECTION('',(0.,-1.));
#452 = ( GEOMETRIC_REPRESENTATION_CONTEXT(2) 
PARAMETRIC_REPRESENTATION_CONTEXT() REPRESENTATION_CONTEXT('2D SPACE',''
  ) );
#453 = ORIENTED_EDGE('',*,*,#454,.F.);
#454 = EDGE_CURVE('',#98,#432,#455,.T.);
#455 = SURFACE_CURVE('',#456,(#460,#467),.PCURVE_S1.);
#456 = LINE('',#457,#458);
#457 = CARTESIAN_POINT('',(-27.62253846402,40.,76.908959035364));
#458 = VECTOR('',#459,1.);
#459 = DIRECTION('',(0.,-1.,0.));
#460 = PCURVE('',#113,#461);
#461 = DEFINITIONAL_REPRESENTATION('',(#462),#466);
#462 = LINE('',#463,#464);
#463 = CARTESIAN_POINT('',(-0.,-0.5));
#464 = VECTOR('',#465,1.);
#465 = DIRECTION('',(1.,0.));
#466 = ( GEOMETRIC_REPRESENTATION_CONTEXT(2) 
PARAMETRIC_REPRESENTATION_CONTEXT() REPRESENTATION_CONTEXT('2D SPACE',''
  ) );
#467 = PCURVE('',#281,#468);
#468 = DEFINITIONAL_REPRESENTATION('',(#469),#473);
#469 = LINE('',#470,#471);
#470 = CARTESIAN_POINT('',(0.,-0.353553390593));
#471 = VECTOR('',#472,1.);
#472 = DIRECTION('',(1.,0.));
#473 = ( GEOMETRIC_REPRESENTATION_CONTEXT(2) 
PARAMETRIC_REPRESENTATION_CONTEXT() REPRESENTATION_CONTEXT('2D SPACE',''
  ) );
#474 = ADVANCED_FACE('',(#475),#226,.T.);
#475 = FACE_BOUND('',#476,.F.);
#476 = EDGE_LOOP('',(#477,#505,#506,#507));
#477 = ORIENTED_EDGE('',*,*,#478,.F.);
#478 = EDGE_CURVE('',#185,#479,#481,.T.);
#479 = VERTEX_POINT('',#480);
#480 = CARTESIAN_POINT('',(-20.60371149571,-40.,72.088578553604));
#481 = SURFACE_CURVE('',#482,(#486,#493),.PCURVE_S1.);
#482 = LINE('',#483,#484);
#483 = CARTESIAN_POINT('',(-21.30531485135,-40.,72.000528957669));
#484 = VECTOR('',#485,1.);
#485 = DIRECTION('',(0.992216980963,1.924794565411E-15,0.124520932733));
#486 = PCURVE('',#226,#487);
#487 = DEFINITIONAL_REPRESENTATION('',(#488),#492);
#488 = LINE('',#489,#490);
#489 = CARTESIAN_POINT('',(-7.105427357601E-15,-0.353553390593));
#490 = VECTOR('',#491,1.);
#491 = DIRECTION('',(-1.924794565411E-15,1.));
#492 = ( GEOMETRIC_REPRESENTATION_CONTEXT(2) 
PARAMETRIC_REPRESENTATION_CONTEXT() REPRESENTATION_CONTEXT('2D SPACE',''
  ) );
#493 = PCURVE('',#494,#499);
#494 = CONICAL_SURFACE('',#495,4.,0.785398163397);
#495 = AXIS2_PLACEMENT_3D('',#496,#497,#498);
#496 = CARTESIAN_POINT('',(-24.46392665768,-40.,74.454743996517));
#497 = DIRECTION('',(0.613553759712,1.8E-16,0.789652951583));
#498 = DIRECTION('',(-0.789652951583,-1.7763568394E-15,0.613553759712));
#499 = DEFINITIONAL_REPRESENTATION('',(#500),#504);
#500 = LINE('',#501,#502);
#501 = CARTESIAN_POINT('',(3.14159265359,0.));
#502 = VECTOR('',#503,1.);
#503 = DIRECTION('',(0.,1.));
#504 = ( GEOMETRIC_REPRESENTATION_CONTEXT(2) 
PARAMETRIC_REPRESENTATION_CONTEXT() REPRESENTATION_CONTEXT('2D SPACE',''
  ) );
#505 = ORIENTED_EDGE('',*,*,#212,.T.);
#506 = ORIENTED_EDGE('',*,*,#241,.T.);
#507 = ORIENTED_EDGE('',*,*,#508,.F.);
#508 = EDGE_CURVE('',#479,#242,#509,.T.);
#509 = SURFACE_CURVE('',#510,(#514,#521),.PCURVE_S1.);
#510 = LINE('',#511,#512);
#511 = CARTESIAN_POINT('',(-20.60371149571,-40.,72.088578553604));
#512 = VECTOR('',#513,1.);
#513 = DIRECTION('',(0.,1.,0.));
#514 = PCURVE('',#226,#515);
#515 = DEFINITIONAL_REPRESENTATION('',(#516),#520);
#516 = LINE('',#517,#518);
#517 = CARTESIAN_POINT('',(-0.,0.353553390593));
#518 = VECTOR('',#519,1.);
#519 = DIRECTION('',(-1.,0.));
#520 = ( GEOMETRIC_REPRESENTATION_CONTEXT(2) 
PARAMETRIC_REPRESENTATION_CONTEXT() REPRESENTATION_CONTEXT('2D SPACE',''
  ) );
#521 = PCURVE('',#308,#522);
#522 = DEFINITIONAL_REPRESENTATION('',(#523),#527);
#523 = LINE('',#524,#525);
#524 = CARTESIAN_POINT('',(11.180252904836,-90.));
#525 = VECTOR('',#526,1.);
#526 = DIRECTION('',(-1.4E-16,1.));
#527 = ( GEOMETRIC_REPRESENTATION_CONTEXT(2) 
PARAMETRIC_REPRESENTATION_CONTEXT() REPRESENTATION_CONTEXT('2D SPACE',''
  ) );
#528 = ADVANCED_FACE('',(#529),#172,.F.);
#529 = FACE_BOUND('',#530,.F.);
#530 = EDGE_LOOP('',(#531,#572,#593,#594));
#531 = ORIENTED_EDGE('',*,*,#532,.T.);
#532 = EDGE_CURVE('',#157,#533,#535,.T.);
#533 = VERTEX_POINT('',#534);
#534 = CARTESIAN_POINT('',(-27.02750533849,-40.,70.747917274466));
#535 = SURFACE_CURVE('',#536,(#541,#548),.PCURVE_S1.);
#536 = CIRCLE('',#537,3.75);
#537 = AXIS2_PLACEMENT_3D('',#538,#539,#540);
#538 = CARTESIAN_POINT('',(-24.72667873957,-40.,73.709115842902));
#539 = DIRECTION('',(-6.04648114689E-16,1.,4.698065439084E-16));
#540 = DIRECTION('',(0.789652951583,7.657137397854E-16,-0.613553759712)
  );
#541 = PCURVE('',#172,#542);
#542 = DEFINITIONAL_REPRESENTATION('',(#543),#547);
#543 = LINE('',#544,#545);
#544 = CARTESIAN_POINT('',(0.,0.));
#545 = VECTOR('',#546,1.);
#546 = DIRECTION('',(1.,0.));
#547 = ( GEOMETRIC_REPRESENTATION_CONTEXT(2) 
PARAMETRIC_REPRESENTATION_CONTEXT() REPRESENTATION_CONTEXT('2D SPACE',''
  ) );
#548 = PCURVE('',#549,#566);
#549 = SURFACE_OF_REVOLUTION('',#550,#563);
#550 = B_SPLINE_CURVE_WITH_KNOTS('',6,(#551,#552,#553,#554,#555,#556,
    #557,#558,#559,#560,#561,#562),.UNSPECIFIED.,.F.,.F.,(7,5,7),(0.,
    0.785398163397,1.570796326795),.UNSPECIFIED.);
#551 = CARTESIAN_POINT('',(-28.0827037838,-40.,76.316719321677));
#552 = CARTESIAN_POINT('',(-28.38388128131,-40.,75.929099335493));
#553 = CARTESIAN_POINT('',(-28.62417130956,-40.,75.494171331631));
#554 = CARTESIAN_POINT('',(-28.79428669825,-40.,75.023884764515));
#555 = CARTESIAN_POINT('',(-28.88806106712,-40.,74.532646463459));
#556 = CARTESIAN_POINT('',(-28.9034429639,-40.,74.035992596595));
#557 = CARTESIAN_POINT('',(-28.78119482405,-40.,73.06188585342));
#558 = CARTESIAN_POINT('',(-28.64356499162,-40.,72.584434604135));
#559 = CARTESIAN_POINT('',(-28.43131191584,-40.,72.131602038498));
#560 = CARTESIAN_POINT('',(-28.15026247411,-40.,71.717935612518));
#561 = CARTESIAN_POINT('',(-27.80995180047,-40.,71.355871651837));
#562 = CARTESIAN_POINT('',(-27.42233181428,-40.,71.054694154322));
#563 = AXIS1_PLACEMENT('',#564,#565);
#564 = CARTESIAN_POINT('',(-24.92409197747,-40.,73.86250428283));
#565 = DIRECTION('',(-0.613553759712,0.,-0.789652951583));
#566 = DEFINITIONAL_REPRESENTATION('',(#567),#571);
#567 = LINE('',#568,#569);
#568 = CARTESIAN_POINT('',(-3.14159265359,0.));
#569 = VECTOR('',#570,1.);
#570 = DIRECTION('',(-0.,1.));
#571 = ( GEOMETRIC_REPRESENTATION_CONTEXT(2) 
PARAMETRIC_REPRESENTATION_CONTEXT() REPRESENTATION_CONTEXT('2D SPACE',''
  ) );
#572 = ORIENTED_EDGE('',*,*,#573,.T.);
#573 = EDGE_CURVE('',#533,#324,#574,.T.);
#574 = SURFACE_CURVE('',#575,(#579,#586),.PCURVE_S1.);
#575 = LINE('',#576,#577);
#576 = CARTESIAN_POINT('',(-27.02750533849,-40.,70.747917274466));
#577 = VECTOR('',#578,1.);
#578 = DIRECTION('',(0.,1.,0.));
#579 = PCURVE('',#172,#580);
#580 = DEFINITIONAL_REPRESENTATION('',(#581),#585);
#581 = LINE('',#582,#583);
#582 = CARTESIAN_POINT('',(1.570796326795,0.));
#583 = VECTOR('',#584,1.);
#584 = DIRECTION('',(0.,1.));
#585 = ( GEOMETRIC_REPRESENTATION_CONTEXT(2) 
PARAMETRIC_REPRESENTATION_CONTEXT() REPRESENTATION_CONTEXT('2D SPACE',''
  ) );
#586 = PCURVE('',#392,#587);
#587 = DEFINITIONAL_REPRESENTATION('',(#588),#592);
#588 = LINE('',#589,#590);
#589 = CARTESIAN_POINT('',(0.25,-40.));
#590 = VECTOR('',#591,1.);
#591 = DIRECTION('',(0.,1.));
#592 = ( GEOMETRIC_REPRESENTATION_CONTEXT(2) 
PARAMETRIC_REPRESENTATION_CONTEXT() REPRESENTATION_CONTEXT('2D SPACE',''
  ) );
#593 = ORIENTED_EDGE('',*,*,#323,.F.);
#594 = ORIENTED_EDGE('',*,*,#156,.F.);
#595 = ADVANCED_FACE('',(#596),#200,.F.);
#596 = FACE_BOUND('',#597,.F.);
#597 = EDGE_LOOP('',(#598,#599,#621,#622));
#598 = ORIENTED_EDGE('',*,*,#431,.T.);
#599 = ORIENTED_EDGE('',*,*,#600,.T.);
#600 = EDGE_CURVE('',#409,#157,#601,.T.);
#601 = SURFACE_CURVE('',#602,(#607,#614),.PCURVE_S1.);
#602 = CIRCLE('',#603,4.);
#603 = AXIS2_PLACEMENT_3D('',#604,#605,#606);
#604 = CARTESIAN_POINT('',(-24.92409197747,-40.,73.86250428283));
#605 = DIRECTION('',(0.613553759712,0.,0.789652951583));
#606 = DIRECTION('',(-0.789652951583,0.,0.613553759712));
#607 = PCURVE('',#200,#608);
#608 = DEFINITIONAL_REPRESENTATION('',(#609),#613);
#609 = LINE('',#610,#611);
#610 = CARTESIAN_POINT('',(3.14159265359,-1.25));
#611 = VECTOR('',#612,1.);
#612 = DIRECTION('',(1.,0.));
#613 = ( GEOMETRIC_REPRESENTATION_CONTEXT(2) 
PARAMETRIC_REPRESENTATION_CONTEXT() REPRESENTATION_CONTEXT('2D SPACE',''
  ) );
#614 = PCURVE('',#549,#615);
#615 = DEFINITIONAL_REPRESENTATION('',(#616),#620);
#616 = LINE('',#617,#618);
#617 = CARTESIAN_POINT('',(-0.,0.));
#618 = VECTOR('',#619,1.);
#619 = DIRECTION('',(-1.,0.));
#620 = ( GEOMETRIC_REPRESENTATION_CONTEXT(2) 
PARAMETRIC_REPRESENTATION_CONTEXT() REPRESENTATION_CONTEXT('2D SPACE',''
  ) );
#621 = ORIENTED_EDGE('',*,*,#184,.F.);
#622 = ORIENTED_EDGE('',*,*,#623,.F.);
#623 = EDGE_CURVE('',#432,#185,#624,.T.);
#624 = SURFACE_CURVE('',#625,(#630,#637),.PCURVE_S1.);
#625 = CIRCLE('',#626,4.);
#626 = AXIS2_PLACEMENT_3D('',#627,#628,#629);
#627 = CARTESIAN_POINT('',(-24.46392665768,-40.,74.454743996517));
#628 = DIRECTION('',(0.613553759712,1.8E-16,0.789652951583));
#629 = DIRECTION('',(-0.789652951583,-1.7763568394E-15,0.613553759712));
#630 = PCURVE('',#200,#631);
#631 = DEFINITIONAL_REPRESENTATION('',(#632),#636);
#632 = LINE('',#633,#634);
#633 = CARTESIAN_POINT('',(3.14159265359,-0.5));
#634 = VECTOR('',#635,1.);
#635 = DIRECTION('',(1.,0.));
#636 = ( GEOMETRIC_REPRESENTATION_CONTEXT(2) 
PARAMETRIC_REPRESENTATION_CONTEXT() REPRESENTATION_CONTEXT('2D SPACE',''
  ) );
#637 = PCURVE('',#494,#638);
#638 = DEFINITIONAL_REPRESENTATION('',(#639),#643);
#639 = LINE('',#640,#641);
#640 = CARTESIAN_POINT('',(0.,0.));
#641 = VECTOR('',#642,1.);
#642 = DIRECTION('',(1.,0.));
#643 = ( GEOMETRIC_REPRESENTATION_CONTEXT(2) 
PARAMETRIC_REPRESENTATION_CONTEXT() REPRESENTATION_CONTEXT('2D SPACE',''
  ) );
#644 = ADVANCED_FACE('',(#645,#745,#859,#959,#1059,#1305,#1405,#1505,
    #1605,#1654,#1754,#1854,#1954,#2054,#2154,#2400),#308,.T.);
#645 = FACE_BOUND('',#646,.T.);
#646 = EDGE_LOOP('',(#647));
#647 = ORIENTED_EDGE('',*,*,#648,.F.);
#648 = EDGE_CURVE('',#649,#649,#651,.T.);
#649 = VERTEX_POINT('',#650);
#650 = CARTESIAN_POINT('',(-3.23134656089,-35.,58.590395839942));
#651 = SURFACE_CURVE('',#652,(#673,#697),.PCURVE_S1.);
#652 = B_SPLINE_CURVE_WITH_KNOTS('',10,(#653,#654,#655,#656,#657,#658,
    #659,#660,#661,#662,#663,#664,#665,#666,#667,#668,#669,#670,#671,
    #672),.UNSPECIFIED.,.T.,.F.,(11,9,11),(-4.04940901667E-14,
    28.274333882308,56.548667764616),.UNSPECIFIED.);
#653 = CARTESIAN_POINT('',(-3.23134656089,-35.,58.590395839942));
#654 = CARTESIAN_POINT('',(-3.23134656089,-32.05866005969,58.59039583994
    ));
#655 = CARTESIAN_POINT('',(-4.030486331426,-29.07272326556,
    59.211320778892));
#656 = CARTESIAN_POINT('',(-5.668623398361,-26.46106851676,
    60.484139622041));
#657 = CARTESIAN_POINT('',(-8.017138315304,-24.68189972563,
    62.308916131993));
#658 = CARTESIAN_POINT('',(-10.73499058169,-24.07570141124,
    64.420664683056));
#659 = CARTESIAN_POINT('',(-13.44267297176,-24.69646403376,66.5245113251
    ));
#660 = CARTESIAN_POINT('',(-15.76720752338,-26.45614227225,
    68.330655291058));
#661 = CARTESIAN_POINT('',(-17.41202451739,-29.03088415248,
    69.608664381889));
#662 = CARTESIAN_POINT('',(-18.23475264096,-32.01548697908,
    70.247917274467));
#663 = CARTESIAN_POINT('',(-18.23475264096,-37.98451302091,
    70.24791727447));
#664 = CARTESIAN_POINT('',(-17.41202451739,-40.96911584751,
    69.608664381877));
#665 = CARTESIAN_POINT('',(-15.76720752338,-43.54385772774,
    68.330655291081));
#666 = CARTESIAN_POINT('',(-13.44267297177,-45.30353596623,
    66.524511325068));
#667 = CARTESIAN_POINT('',(-10.73499058168,-45.92429858875,
    64.420664683093));
#668 = CARTESIAN_POINT('',(-8.017138315311,-45.31810027437,
    62.308916131958));
#669 = CARTESIAN_POINT('',(-5.668623398358,-43.53893148322,
    60.484139622065));
#670 = CARTESIAN_POINT('',(-4.030486331426,-40.92727673444,
    59.211320778881));
#671 = CARTESIAN_POINT('',(-3.23134656089,-37.9413399403,58.590395839943
    ));
#672 = CARTESIAN_POINT('',(-3.23134656089,-35.,58.590395839942));
#673 = PCURVE('',#308,#674);
#674 = DEFINITIONAL_REPRESENTATION('',(#675),#696);
#675 = B_SPLINE_CURVE_WITH_KNOTS('',10,(#676,#677,#678,#679,#680,#681,
    #682,#683,#684,#685,#686,#687,#688,#689,#690,#691,#692,#693,#694,
    #695),.UNSPECIFIED.,.F.,.F.,(11,9,11),(-4.04940901667E-14,
    28.274333882308,56.548667764616),.UNSPECIFIED.);
#676 = CARTESIAN_POINT('',(33.180252904836,-85.));
#677 = CARTESIAN_POINT('',(33.180252904838,-82.05866005969));
#678 = CARTESIAN_POINT('',(32.168238995514,-79.07272326556));
#679 = CARTESIAN_POINT('',(30.093736438865,-76.46106851676));
#680 = CARTESIAN_POINT('',(27.11962621455,-74.68189972563));
#681 = CARTESIAN_POINT('',(23.677794887356,-74.07570141124));
#682 = CARTESIAN_POINT('',(20.248842479006,-74.69646403376));
#683 = CARTESIAN_POINT('',(17.305100488369,-76.45614227225));
#684 = CARTESIAN_POINT('',(15.222138611613,-79.03088415248));
#685 = CARTESIAN_POINT('',(14.180252904837,-82.01548697908));
#686 = CARTESIAN_POINT('',(14.180252904835,-87.98451302091));
#687 = CARTESIAN_POINT('',(15.222138611619,-90.96911584751));
#688 = CARTESIAN_POINT('',(17.305100488358,-93.54385772774));
#689 = CARTESIAN_POINT('',(20.24884247902,-95.30353596623));
#690 = CARTESIAN_POINT('',(23.677794887341,-95.92429858875));
#691 = CARTESIAN_POINT('',(27.119626214565,-95.31810027437));
#692 = CARTESIAN_POINT('',(30.093736438853,-93.53893148322));
#693 = CARTESIAN_POINT('',(32.16823899552,-90.92727673444));
#694 = CARTESIAN_POINT('',(33.180252904835,-87.9413399403));
#695 = CARTESIAN_POINT('',(33.180252904836,-85.));
#696 = ( GEOMETRIC_REPRESENTATION_CONTEXT(2) 
PARAMETRIC_REPRESENTATION_CONTEXT() REPRESENTATION_CONTEXT('2D SPACE',''
  ) );
#697 = PCURVE('',#698,#739);
#698 = B_SPLINE_SURFACE_WITH_KNOTS('',1,10,(
    (#699,#700,#701,#702,#703,#704,#705,#706,#707,#708,#709,#710,#711
      ,#712,#713,#714,#715,#716,#717,#718)
    ,(#719,#720,#721,#722,#723,#724,#725,#726,#727,#728,#729,#730,#731
      ,#732,#733,#734,#735,#736,#737,#738
    )),.UNSPECIFIED.,.F.,.T.,.F.,(2,2),(11,9,11),(0.,56.548667764616),(
    -4.04940901667E-14,28.274333882308,56.548667764616),.UNSPECIFIED.);
#699 = CARTESIAN_POINT('',(-3.23134656089,-35.,58.590395839942));
#700 = CARTESIAN_POINT('',(-3.23134656089,-32.05866005969,58.59039583994
    ));
#701 = CARTESIAN_POINT('',(-4.030486331426,-29.07272326556,
    59.211320778892));
#702 = CARTESIAN_POINT('',(-5.668623398361,-26.46106851676,
    60.484139622041));
#703 = CARTESIAN_POINT('',(-8.017138315304,-24.68189972563,
    62.308916131993));
#704 = CARTESIAN_POINT('',(-10.73499058169,-24.07570141124,
    64.420664683056));
#705 = CARTESIAN_POINT('',(-13.44267297176,-24.69646403376,66.5245113251
    ));
#706 = CARTESIAN_POINT('',(-15.76720752338,-26.45614227225,
    68.330655291058));
#707 = CARTESIAN_POINT('',(-17.41202451739,-29.03088415248,
    69.608664381889));
#708 = CARTESIAN_POINT('',(-18.23475264096,-32.01548697908,
    70.247917274467));
#709 = CARTESIAN_POINT('',(-18.23475264096,-37.98451302091,
    70.24791727447));
#710 = CARTESIAN_POINT('',(-17.41202451739,-40.96911584751,
    69.608664381877));
#711 = CARTESIAN_POINT('',(-15.76720752338,-43.54385772774,
    68.330655291081));
#712 = CARTESIAN_POINT('',(-13.44267297177,-45.30353596623,
    66.524511325068));
#713 = CARTESIAN_POINT('',(-10.73499058168,-45.92429858875,
    64.420664683093));
#714 = CARTESIAN_POINT('',(-8.017138315311,-45.31810027437,
    62.308916131958));
#715 = CARTESIAN_POINT('',(-5.668623398358,-43.53893148322,
    60.484139622065));
#716 = CARTESIAN_POINT('',(-4.030486331426,-40.92727673444,
    59.211320778881));
#717 = CARTESIAN_POINT('',(-3.23134656089,-37.9413399403,58.590395839943
    ));
#718 = CARTESIAN_POINT('',(-3.23134656089,-35.,58.590395839942));
#719 = CARTESIAN_POINT('',(-3.777027482398,-35.,58.420472671332));
#720 = CARTESIAN_POINT('',(-3.777027482398,-32.15979309559,
    58.42047267133));
#721 = CARTESIAN_POINT('',(-4.565189412118,-29.27540070916,
    59.025234375376));
#722 = CARTESIAN_POINT('',(-6.184524904526,-26.78009722652,
    60.266460990785));
#723 = CARTESIAN_POINT('',(-8.47570004871,-25.09955988441,
    62.031587315227));
#724 = CARTESIAN_POINT('',(-11.14546682239,-24.65984255291,
    64.075918844133));
#725 = CARTESIAN_POINT('',(-13.60839883014,-25.36078222217,
    66.022713622874));
#726 = CARTESIAN_POINT('',(-15.75242103494,-27.0376032559,
    67.700574932348));
#727 = CARTESIAN_POINT('',(-17.24240156004,-29.45489368489,
    68.875525880372));
#728 = CARTESIAN_POINT('',(-17.99078061088,-32.22702877464,
    69.464440346145));
#729 = CARTESIAN_POINT('',(-17.99078061088,-37.77297122535,
    69.464440346149));
#730 = CARTESIAN_POINT('',(-17.24240156004,-40.5451063151,
    68.875525880361));
#731 = CARTESIAN_POINT('',(-15.75242103495,-42.96239674409,
    67.70057493237));
#732 = CARTESIAN_POINT('',(-13.60839883013,-44.63921777782,
    66.022713622843));
#733 = CARTESIAN_POINT('',(-11.1454668224,-45.34015744707,
    64.075918844168));
#734 = CARTESIAN_POINT('',(-8.475700048703,-44.90044011559,
    62.031587315195));
#735 = CARTESIAN_POINT('',(-6.18452490453,-43.21990277347,
    60.266460990808));
#736 = CARTESIAN_POINT('',(-4.565189412117,-40.72459929084,
    59.025234375365));
#737 = CARTESIAN_POINT('',(-3.777027482398,-37.8402069044,
    58.420472671333));
#738 = CARTESIAN_POINT('',(-3.777027482398,-35.,58.420472671332));
#739 = DEFINITIONAL_REPRESENTATION('',(#740),#744);
#740 = LINE('',#741,#742);
#741 = CARTESIAN_POINT('',(0.,0.));
#742 = VECTOR('',#743,1.);
#743 = DIRECTION('',(0.,1.));
#744 = ( GEOMETRIC_REPRESENTATION_CONTEXT(2) 
PARAMETRIC_REPRESENTATION_CONTEXT() REPRESENTATION_CONTEXT('2D SPACE',''
  ) );
#745 = FACE_BOUND('',#746,.T.);
#746 = EDGE_LOOP('',(#747,#777,#805,#833));
#747 = ORIENTED_EDGE('',*,*,#748,.T.);
#748 = EDGE_CURVE('',#749,#751,#753,.T.);
#749 = VERTEX_POINT('',#750);
#750 = CARTESIAN_POINT('',(-29.43223120145,46.,78.948264757897));
#751 = VERTEX_POINT('',#752);
#752 = CARTESIAN_POINT('',(-29.43223120145,-46.,78.948264757897));
#753 = SURFACE_CURVE('',#754,(#758,#765),.PCURVE_S1.);
#754 = LINE('',#755,#756);
#755 = CARTESIAN_POINT('',(-29.43223120145,50.,78.948264757897));
#756 = VECTOR('',#757,1.);
#757 = DIRECTION('',(0.,-1.,2.2E-16));
#758 = PCURVE('',#308,#759);
#759 = DEFINITIONAL_REPRESENTATION('',(#760),#764);
#760 = LINE('',#761,#762);
#761 = CARTESIAN_POINT('',(-1.994076670961E-14,-3.24216094495E-30));
#762 = VECTOR('',#763,1.);
#763 = DIRECTION('',(5.018172863376E-18,-1.));
#764 = ( GEOMETRIC_REPRESENTATION_CONTEXT(2) 
PARAMETRIC_REPRESENTATION_CONTEXT() REPRESENTATION_CONTEXT('2D SPACE',''
  ) );
#765 = PCURVE('',#766,#771);
#766 = CYLINDRICAL_SURFACE('',#767,5.);
#767 = AXIS2_PLACEMENT_3D('',#768,#769,#770);
#768 = CARTESIAN_POINT('',(-32.50000000001,50.,74.999999999983));
#769 = DIRECTION('',(0.,1.,-2.2E-16));
#770 = DIRECTION('',(1.,0.,0.));
#771 = DEFINITIONAL_REPRESENTATION('',(#772),#776);
#772 = LINE('',#773,#774);
#773 = CARTESIAN_POINT('',(-0.910243154814,0.));
#774 = VECTOR('',#775,1.);
#775 = DIRECTION('',(-0.,-1.));
#776 = ( GEOMETRIC_REPRESENTATION_CONTEXT(2) 
PARAMETRIC_REPRESENTATION_CONTEXT() REPRESENTATION_CONTEXT('2D SPACE',''
  ) );
#777 = ORIENTED_EDGE('',*,*,#778,.T.);
#778 = EDGE_CURVE('',#751,#779,#781,.T.);
#779 = VERTEX_POINT('',#780);
#780 = CARTESIAN_POINT('',(38.067768798559,-46.,26.501327533697));
#781 = SURFACE_CURVE('',#782,(#786,#793),.PCURVE_S1.);
#782 = LINE('',#783,#784);
#783 = CARTESIAN_POINT('',(-29.43223120145,-46.,78.948264757897));
#784 = VECTOR('',#785,1.);
#785 = DIRECTION('',(0.789652951583,-1.4E-16,-0.613553759712));
#786 = PCURVE('',#308,#787);
#787 = DEFINITIONAL_REPRESENTATION('',(#788),#792);
#788 = LINE('',#789,#790);
#789 = CARTESIAN_POINT('',(-9.609068363651E-15,-96.));
#790 = VECTOR('',#791,1.);
#791 = DIRECTION('',(1.,-2.465190328816E-32));
#792 = ( GEOMETRIC_REPRESENTATION_CONTEXT(2) 
PARAMETRIC_REPRESENTATION_CONTEXT() REPRESENTATION_CONTEXT('2D SPACE',''
  ) );
#793 = PCURVE('',#794,#799);
#794 = CYLINDRICAL_SURFACE('',#795,4.);
#795 = AXIS2_PLACEMENT_3D('',#796,#797,#798);
#796 = CARTESIAN_POINT('',(-31.8864462403,-46.,75.789652951566));
#797 = DIRECTION('',(0.789652951583,-1.4E-16,-0.613553759712));
#798 = DIRECTION('',(0.613553759712,1.8E-16,0.789652951583));
#799 = DEFINITIONAL_REPRESENTATION('',(#800),#804);
#800 = LINE('',#801,#802);
#801 = CARTESIAN_POINT('',(0.,0.));
#802 = VECTOR('',#803,1.);
#803 = DIRECTION('',(0.,1.));
#804 = ( GEOMETRIC_REPRESENTATION_CONTEXT(2) 
PARAMETRIC_REPRESENTATION_CONTEXT() REPRESENTATION_CONTEXT('2D SPACE',''
  ) );
#805 = ORIENTED_EDGE('',*,*,#806,.F.);
#806 = EDGE_CURVE('',#807,#779,#809,.T.);
#807 = VERTEX_POINT('',#808);
#808 = CARTESIAN_POINT('',(38.067768798559,46.,26.501327533697));
#809 = SURFACE_CURVE('',#810,(#814,#821),.PCURVE_S1.);
#810 = LINE('',#811,#812);
#811 = CARTESIAN_POINT('',(38.067768798559,50.,26.501327533697));
#812 = VECTOR('',#813,1.);
#813 = DIRECTION('',(0.,-1.,2.2E-16));
#814 = PCURVE('',#308,#815);
#815 = DEFINITIONAL_REPRESENTATION('',(#816),#820);
#816 = LINE('',#817,#818);
#817 = CARTESIAN_POINT('',(85.480589751132,4.861855207557E-15));
#818 = VECTOR('',#819,1.);
#819 = DIRECTION('',(5.018172863376E-18,-1.));
#820 = ( GEOMETRIC_REPRESENTATION_CONTEXT(2) 
PARAMETRIC_REPRESENTATION_CONTEXT() REPRESENTATION_CONTEXT('2D SPACE',''
  ) );
#821 = PCURVE('',#822,#827);
#822 = CYLINDRICAL_SURFACE('',#823,5.);
#823 = AXIS2_PLACEMENT_3D('',#824,#825,#826);
#824 = CARTESIAN_POINT('',(35.,50.,22.553062775783));
#825 = DIRECTION('',(0.,1.,-2.2E-16));
#826 = DIRECTION('',(1.,0.,0.));
#827 = DEFINITIONAL_REPRESENTATION('',(#828),#832);
#828 = LINE('',#829,#830);
#829 = CARTESIAN_POINT('',(-0.910243154814,0.));
#830 = VECTOR('',#831,1.);
#831 = DIRECTION('',(-0.,-1.));
#832 = ( GEOMETRIC_REPRESENTATION_CONTEXT(2) 
PARAMETRIC_REPRESENTATION_CONTEXT() REPRESENTATION_CONTEXT('2D SPACE',''
  ) );
#833 = ORIENTED_EDGE('',*,*,#834,.F.);
#834 = EDGE_CURVE('',#749,#807,#835,.T.);
#835 = SURFACE_CURVE('',#836,(#840,#847),.PCURVE_S1.);
#836 = LINE('',#837,#838);
#837 = CARTESIAN_POINT('',(-29.43223120145,46.,78.948264757897));
#838 = VECTOR('',#839,1.);
#839 = DIRECTION('',(0.789652951583,-1.4E-16,-0.613553759712));
#840 = PCURVE('',#308,#841);
#841 = DEFINITIONAL_REPRESENTATION('',(#842),#846);
#842 = LINE('',#843,#844);
#843 = CARTESIAN_POINT('',(-5.050821685186E-15,-4.));
#844 = VECTOR('',#845,1.);
#845 = DIRECTION('',(1.,-2.465190328816E-32));
#846 = ( GEOMETRIC_REPRESENTATION_CONTEXT(2) 
PARAMETRIC_REPRESENTATION_CONTEXT() REPRESENTATION_CONTEXT('2D SPACE',''
  ) );
#847 = PCURVE('',#848,#853);
#848 = CYLINDRICAL_SURFACE('',#849,4.);
#849 = AXIS2_PLACEMENT_3D('',#850,#851,#852);
#850 = CARTESIAN_POINT('',(-31.8864462403,46.,75.789652951566));
#851 = DIRECTION('',(0.789652951583,-1.4E-16,-0.613553759712));
#852 = DIRECTION('',(0.613553759712,1.8E-16,0.789652951583));
#853 = DEFINITIONAL_REPRESENTATION('',(#854),#858);
#854 = LINE('',#855,#856);
#855 = CARTESIAN_POINT('',(-0.,0.));
#856 = VECTOR('',#857,1.);
#857 = DIRECTION('',(-0.,1.));
#858 = ( GEOMETRIC_REPRESENTATION_CONTEXT(2) 
PARAMETRIC_REPRESENTATION_CONTEXT() REPRESENTATION_CONTEXT('2D SPACE',''
  ) );
#859 = FACE_BOUND('',#860,.T.);
#860 = EDGE_LOOP('',(#861));
#861 = ORIENTED_EDGE('',*,*,#862,.F.);
#862 = EDGE_CURVE('',#863,#863,#865,.T.);
#863 = VERTEX_POINT('',#864);
#864 = CARTESIAN_POINT('',(-5.205478939847,-17.5,60.124280239222));
#865 = SURFACE_CURVE('',#866,(#887,#911),.PCURVE_S1.);
#866 = B_SPLINE_CURVE_WITH_KNOTS('',10,(#867,#868,#869,#870,#871,#872,
    #873,#874,#875,#876,#877,#878,#879,#880,#881,#882,#883,#884,#885,
    #886),.UNSPECIFIED.,.T.,.F.,(11,9,11),(9.250752206863E-18,
    20.420352248334,40.840704496667),.UNSPECIFIED.);
#867 = CARTESIAN_POINT('',(-5.205478939847,-17.5,60.124280239222));
#868 = CARTESIAN_POINT('',(-5.205478939847,-15.33269688608,
    60.124280239219));
#869 = CARTESIAN_POINT('',(-5.79431877077,-13.13253293251,
    60.581803878453));
#870 = CARTESIAN_POINT('',(-7.001367135872,-11.20815574919,
    61.519670394443));
#871 = CARTESIAN_POINT('',(-8.731851811531,-9.897189271516,
    62.864242559694));
#872 = CARTESIAN_POINT('',(-10.73447979727,-9.450516829337,
    64.420267807821));
#873 = CARTESIAN_POINT('',(-12.72961418997,-9.907920866987,
    65.970470596712));
#874 = CARTESIAN_POINT('',(-14.44242912273,-11.20452588482,
    67.301313518991));
#875 = CARTESIAN_POINT('',(-15.65439953937,-13.10170411235,
    68.243004428024));
#876 = CARTESIAN_POINT('',(-16.260620262,-15.30088514248,68.714032875188
    ));
#877 = CARTESIAN_POINT('',(-16.260620262,-19.69911485751,68.71403287519)
  );
#878 = CARTESIAN_POINT('',(-15.65439953937,-21.89829588764,
    68.243004428019));
#879 = CARTESIAN_POINT('',(-14.44242912273,-23.79547411517,
    67.301313519004));
#880 = CARTESIAN_POINT('',(-12.72961418997,-25.09207913301,
    65.970470596689));
#881 = CARTESIAN_POINT('',(-10.73447979727,-25.54948317065,
    64.420267807854));
#882 = CARTESIAN_POINT('',(-8.731851811524,-25.10281072849,
    62.864242559661));
#883 = CARTESIAN_POINT('',(-7.001367135877,-23.79184425079,
    61.519670394465));
#884 = CARTESIAN_POINT('',(-5.794318770768,-21.86746706748,
    60.581803878443));
#885 = CARTESIAN_POINT('',(-5.205478939847,-19.66730311391,
    60.124280239222));
#886 = CARTESIAN_POINT('',(-5.205478939847,-17.5,60.124280239222));
#887 = PCURVE('',#308,#888);
#888 = DEFINITIONAL_REPRESENTATION('',(#889),#910);
#889 = B_SPLINE_CURVE_WITH_KNOTS('',10,(#890,#891,#892,#893,#894,#895,
    #896,#897,#898,#899,#900,#901,#902,#903,#904,#905,#906,#907,#908,
    #909),.UNSPECIFIED.,.T.,.F.,(11,9,11),(9.250752206863E-18,
    20.420352248334,40.840704496667),.UNSPECIFIED.);
#890 = CARTESIAN_POINT('',(30.680252904836,-67.5));
#891 = CARTESIAN_POINT('',(30.680252904838,-65.33269688608));
#892 = CARTESIAN_POINT('',(29.934558445331,-63.13253293251));
#893 = CARTESIAN_POINT('',(28.405977614131,-61.20815574919));
#894 = CARTESIAN_POINT('',(26.214527975135,-59.89718927151));
#895 = CARTESIAN_POINT('',(23.678441734078,-59.45051682933));
#896 = CARTESIAN_POINT('',(21.151845222635,-59.90792086698));
#897 = CARTESIAN_POINT('',(18.982772176917,-61.20452588482));
#898 = CARTESIAN_POINT('',(17.44795816246,-63.10170411235));
#899 = CARTESIAN_POINT('',(16.680252904837,-65.30088514248));
#900 = CARTESIAN_POINT('',(16.680252904836,-69.69911485751));
#901 = CARTESIAN_POINT('',(17.447958162464,-71.89829588764));
#902 = CARTESIAN_POINT('',(18.982772176908,-73.79547411517));
#903 = CARTESIAN_POINT('',(21.151845222653,-75.09207913301));
#904 = CARTESIAN_POINT('',(23.678441734052,-75.54948317065));
#905 = CARTESIAN_POINT('',(26.214527975161,-75.10281072849));
#906 = CARTESIAN_POINT('',(28.405977614114,-73.79184425079));
#907 = CARTESIAN_POINT('',(29.934558445339,-71.86746706748));
#908 = CARTESIAN_POINT('',(30.680252904836,-69.66730311391));
#909 = CARTESIAN_POINT('',(30.680252904836,-67.5));
#910 = ( GEOMETRIC_REPRESENTATION_CONTEXT(2) 
PARAMETRIC_REPRESENTATION_CONTEXT() REPRESENTATION_CONTEXT('2D SPACE',''
  ) );
#911 = PCURVE('',#912,#953);
#912 = B_SPLINE_SURFACE_WITH_KNOTS('',1,10,(
    (#913,#914,#915,#916,#917,#918,#919,#920,#921,#922,#923,#924,#925
      ,#926,#927,#928,#929,#930,#931,#932)
    ,(#933,#934,#935,#936,#937,#938,#939,#940,#941,#942,#943,#944,#945
      ,#946,#947,#948,#949,#950,#951,#952
    )),.UNSPECIFIED.,.F.,.T.,.F.,(2,2),(11,9,11),(0.,40.840704496667),(
    9.250752206863E-18,20.420352248334,40.840704496667),.UNSPECIFIED.);
#913 = CARTESIAN_POINT('',(-5.205478939847,-17.5,60.124280239222));
#914 = CARTESIAN_POINT('',(-5.205478939847,-15.33269688608,
    60.124280239219));
#915 = CARTESIAN_POINT('',(-5.79431877077,-13.13253293251,
    60.581803878453));
#916 = CARTESIAN_POINT('',(-7.001367135872,-11.20815574919,
    61.519670394443));
#917 = CARTESIAN_POINT('',(-8.731851811531,-9.897189271516,
    62.864242559694));
#918 = CARTESIAN_POINT('',(-10.73447979727,-9.450516829337,
    64.420267807821));
#919 = CARTESIAN_POINT('',(-12.72961418997,-9.907920866987,
    65.970470596712));
#920 = CARTESIAN_POINT('',(-14.44242912273,-11.20452588482,
    67.301313518991));
#921 = CARTESIAN_POINT('',(-15.65439953937,-13.10170411235,
    68.243004428024));
#922 = CARTESIAN_POINT('',(-16.260620262,-15.30088514248,68.714032875188
    ));
#923 = CARTESIAN_POINT('',(-16.260620262,-19.69911485751,68.71403287519)
  );
#924 = CARTESIAN_POINT('',(-15.65439953937,-21.89829588764,
    68.243004428019));
#925 = CARTESIAN_POINT('',(-14.44242912273,-23.79547411517,
    67.301313519004));
#926 = CARTESIAN_POINT('',(-12.72961418997,-25.09207913301,
    65.970470596689));
#927 = CARTESIAN_POINT('',(-10.73447979727,-25.54948317065,
    64.420267807854));
#928 = CARTESIAN_POINT('',(-8.731851811524,-25.10281072849,
    62.864242559661));
#929 = CARTESIAN_POINT('',(-7.001367135877,-23.79184425079,
    61.519670394465));
#930 = CARTESIAN_POINT('',(-5.794318770768,-21.86746706748,
    60.581803878443));
#931 = CARTESIAN_POINT('',(-5.205478939847,-19.66730311391,
    60.124280239222));
#932 = CARTESIAN_POINT('',(-5.205478939847,-17.5,60.124280239222));
#933 = CARTESIAN_POINT('',(-5.751159861355,-17.5,59.954357070612));
#934 = CARTESIAN_POINT('',(-5.751159861355,-15.43382992199,
    59.954357070608));
#935 = CARTESIAN_POINT('',(-6.329192462912,-13.335183287,60.39577111676)
  );
#936 = CARTESIAN_POINT('',(-7.517389494455,-11.52751979423,
    61.302032451554));
#937 = CARTESIAN_POINT('',(-9.191609230634,-10.31471051083,
    62.587284580485));
#938 = CARTESIAN_POINT('',(-11.14487215325,-10.03757160656,
    64.075519105161));
#939 = CARTESIAN_POINT('',(-12.89425945795,-10.57204715526,
    65.46832313323));
#940 = CARTESIAN_POINT('',(-14.42748369412,-11.78636114938,
    66.671185508027));
#941 = CARTESIAN_POINT('',(-15.48460747482,-13.52567963563,
    67.50981201697));
#942 = CARTESIAN_POINT('',(-16.01664823193,-15.51242693804,
    67.930555946865));
#943 = CARTESIAN_POINT('',(-16.01664823193,-19.48757306195,
    67.930555946869));
#944 = CARTESIAN_POINT('',(-15.48460747482,-21.47432036436,
    67.509812016956));
#945 = CARTESIAN_POINT('',(-14.42748369412,-23.21363885061,
    66.67118550806));
#946 = CARTESIAN_POINT('',(-12.89425945795,-24.42795284474,
    65.468323133178));
#947 = CARTESIAN_POINT('',(-11.14487215326,-24.96242839343,
    64.075519105221));
#948 = CARTESIAN_POINT('',(-9.191609230625,-24.68528948917,
    62.587284580432));
#949 = CARTESIAN_POINT('',(-7.517389494461,-23.47248020576,
    61.302032451588));
#950 = CARTESIAN_POINT('',(-6.32919246291,-21.66481671299,
    60.395771116745));
#951 = CARTESIAN_POINT('',(-5.751159861355,-19.566170078,59.954357070613
    ));
#952 = CARTESIAN_POINT('',(-5.751159861355,-17.5,59.954357070612));
#953 = DEFINITIONAL_REPRESENTATION('',(#954),#958);
#954 = LINE('',#955,#956);
#955 = CARTESIAN_POINT('',(0.,0.));
#956 = VECTOR('',#957,1.);
#957 = DIRECTION('',(0.,1.));
#958 = ( GEOMETRIC_REPRESENTATION_CONTEXT(2) 
PARAMETRIC_REPRESENTATION_CONTEXT() REPRESENTATION_CONTEXT('2D SPACE',''
  ) );
#959 = FACE_BOUND('',#960,.T.);
#960 = EDGE_LOOP('',(#961));
#961 = ORIENTED_EDGE('',*,*,#962,.F.);
#962 = EDGE_CURVE('',#963,#963,#965,.T.);
#963 = VERTEX_POINT('',#964);
#964 = CARTESIAN_POINT('',(-4.020999512473,7.105427357601E-15,
    59.203949599654));
#965 = SURFACE_CURVE('',#966,(#987,#1011),.PCURVE_S1.);
#966 = B_SPLINE_CURVE_WITH_KNOTS('',10,(#967,#968,#969,#970,#971,#972,
    #973,#974,#975,#976,#977,#978,#979,#980,#981,#982,#983,#984,#985,
    #986),.UNSPECIFIED.,.T.,.F.,(11,9,11),(-2.679109721004E-14,
    25.132741228718,50.265482457437),.UNSPECIFIED.);
#967 = CARTESIAN_POINT('',(-4.020999512473,7.105427357601E-15,
    59.203949599654));
#968 = CARTESIAN_POINT('',(-4.020999512473,2.63172520975,59.203949599659
    ));
#969 = CARTESIAN_POINT('',(-4.73601930716,5.303352867658,59.759514018688
    ));
#970 = CARTESIAN_POINT('',(-6.201720893372,7.64009659026,60.898351931064
    ));
#971 = CARTESIAN_POINT('',(-8.303023713785,9.231984456017,62.53104670298
    ));
#972 = CARTESIAN_POINT('',(-10.73478626793,9.774372421518,
    64.420505933061));
#973 = CARTESIAN_POINT('',(-13.15744945904,9.218953232944,
    66.302895033667));
#974 = CARTESIAN_POINT('',(-15.23729616312,7.644504282717,
    67.918918582276));
#975 = CARTESIAN_POINT('',(-16.70897452618,5.340787863564,
    69.062400400326));
#976 = CARTESIAN_POINT('',(-17.44509968938,2.670353755552,
    69.634363514758));
#977 = CARTESIAN_POINT('',(-17.44509968938,-2.670353755552,
    69.634363514757));
#978 = CARTESIAN_POINT('',(-16.70897452618,-5.340787863564,
    69.06240040033));
#979 = CARTESIAN_POINT('',(-15.23729616313,-7.644504282717,
    67.918918582263));
#980 = CARTESIAN_POINT('',(-13.15744945903,-9.218953232945,
    66.302895033693));
#981 = CARTESIAN_POINT('',(-10.73478626793,-9.774372421516,
    64.420505933023));
#982 = CARTESIAN_POINT('',(-8.303023713785,-9.23198445602,
    62.531046703021));
#983 = CARTESIAN_POINT('',(-6.201720893371,-7.640096590257,
    60.898351931035));
#984 = CARTESIAN_POINT('',(-4.736019307161,-5.303352867659,
    59.759514018702));
#985 = CARTESIAN_POINT('',(-4.020999512473,-2.631725209749,
    59.203949599655));
#986 = CARTESIAN_POINT('',(-4.020999512473,7.105427357601E-15,
    59.203949599654));
#987 = PCURVE('',#308,#988);
#988 = DEFINITIONAL_REPRESENTATION('',(#989),#1010);
#989 = B_SPLINE_CURVE_WITH_KNOTS('',10,(#990,#991,#992,#993,#994,#995,
    #996,#997,#998,#999,#1000,#1001,#1002,#1003,#1004,#1005,#1006,#1007,
    #1008,#1009),.UNSPECIFIED.,.T.,.F.,(11,9,11),(-2.679109721004E-14,
    25.132741228718,50.265482457437),.UNSPECIFIED.);
#990 = CARTESIAN_POINT('',(32.180252904836,-50.));
#991 = CARTESIAN_POINT('',(32.180252904833,-47.36827479025));
#992 = CARTESIAN_POINT('',(31.274766775461,-44.69664713234));
#993 = CARTESIAN_POINT('',(29.418632908928,-42.35990340974));
#994 = CARTESIAN_POINT('',(26.757586918849,-40.76801554398));
#995 = CARTESIAN_POINT('',(23.678053625976,-40.22562757848));
#996 = CARTESIAN_POINT('',(20.610043576511,-40.78104676705));
#997 = CARTESIAN_POINT('',(17.976169163758,-42.35549571728));
#998 = CARTESIAN_POINT('',(16.112466431963,-44.65921213643));
#999 = CARTESIAN_POINT('',(15.180252904835,-47.32964624444));
#1000 = CARTESIAN_POINT('',(15.180252904835,-52.67035375555));
#1001 = CARTESIAN_POINT('',(16.112466431962,-55.34078786356));
#1002 = CARTESIAN_POINT('',(17.976169163763,-57.64450428271));
#1003 = CARTESIAN_POINT('',(20.610043576499,-59.21895323294));
#1004 = CARTESIAN_POINT('',(23.678053625997,-59.77437242151));
#1005 = CARTESIAN_POINT('',(26.757586918824,-59.23198445602));
#1006 = CARTESIAN_POINT('',(29.418632908947,-57.64009659025));
#1007 = CARTESIAN_POINT('',(31.274766775451,-55.30335286765));
#1008 = CARTESIAN_POINT('',(32.180252904835,-52.63172520974));
#1009 = CARTESIAN_POINT('',(32.180252904836,-50.));
#1010 = ( GEOMETRIC_REPRESENTATION_CONTEXT(2) 
PARAMETRIC_REPRESENTATION_CONTEXT() REPRESENTATION_CONTEXT('2D SPACE',''
  ) );
#1011 = PCURVE('',#1012,#1053);
#1012 = B_SPLINE_SURFACE_WITH_KNOTS('',1,10,(
    (#1013,#1014,#1015,#1016,#1017,#1018,#1019,#1020,#1021,#1022,#1023
      ,#1024,#1025,#1026,#1027,#1028,#1029,#1030,#1031,#1032)
    ,(#1033,#1034,#1035,#1036,#1037,#1038,#1039,#1040,#1041,#1042,#1043
      ,#1044,#1045,#1046,#1047,#1048,#1049,#1050,#1051,#1052
  )),.UNSPECIFIED.,.F.,.T.,.F.,(2,2),(11,9,11),(0.,50.265482457437),(
    -2.679109721004E-14,25.132741228718,50.265482457437),.UNSPECIFIED.);
#1013 = CARTESIAN_POINT('',(-4.020999512473,7.105427357601E-15,
    59.203949599654));
#1014 = CARTESIAN_POINT('',(-4.020999512473,2.63172520975,
    59.203949599659));
#1015 = CARTESIAN_POINT('',(-4.73601930716,5.303352867658,
    59.759514018688));
#1016 = CARTESIAN_POINT('',(-6.201720893372,7.64009659026,
    60.898351931064));
#1017 = CARTESIAN_POINT('',(-8.303023713785,9.231984456017,
    62.53104670298));
#1018 = CARTESIAN_POINT('',(-10.73478626793,9.774372421518,
    64.420505933061));
#1019 = CARTESIAN_POINT('',(-13.15744945904,9.218953232944,
    66.302895033667));
#1020 = CARTESIAN_POINT('',(-15.23729616312,7.644504282717,
    67.918918582276));
#1021 = CARTESIAN_POINT('',(-16.70897452618,5.340787863564,
    69.062400400326));
#1022 = CARTESIAN_POINT('',(-17.44509968938,2.670353755552,
    69.634363514758));
#1023 = CARTESIAN_POINT('',(-17.44509968938,-2.670353755552,
    69.634363514757));
#1024 = CARTESIAN_POINT('',(-16.70897452618,-5.340787863564,
    69.06240040033));
#1025 = CARTESIAN_POINT('',(-15.23729616313,-7.644504282717,
    67.918918582263));
#1026 = CARTESIAN_POINT('',(-13.15744945903,-9.218953232945,
    66.302895033693));
#1027 = CARTESIAN_POINT('',(-10.73478626793,-9.774372421516,
    64.420505933023));
#1028 = CARTESIAN_POINT('',(-8.303023713785,-9.23198445602,
    62.531046703021));
#1029 = CARTESIAN_POINT('',(-6.201720893371,-7.640096590257,
    60.898351931035));
#1030 = CARTESIAN_POINT('',(-4.736019307161,-5.303352867659,
    59.759514018702));
#1031 = CARTESIAN_POINT('',(-4.020999512473,-2.631725209749,
    59.203949599655));
#1032 = CARTESIAN_POINT('',(-4.020999512473,7.105427357601E-15,
    59.203949599654));
#1033 = CARTESIAN_POINT('',(-4.566680433981,7.971025352048E-15,
    59.034026431044));
#1034 = CARTESIAN_POINT('',(-4.566680433982,2.530592173846,
    59.034026431049));
#1035 = CARTESIAN_POINT('',(-5.270777759819,5.100684320825,
    59.573445036265));
#1036 = CARTESIAN_POINT('',(-6.717662171861,7.320958469536,
    60.680686596216));
#1037 = CARTESIAN_POINT('',(-8.761972457465,8.814370189107,
    62.253838169402));
#1038 = CARTESIAN_POINT('',(-11.145237654,9.189284532745,64.075759085755
    ));
#1039 = CARTESIAN_POINT('',(-13.32282265741,8.55469652454,
    65.800983475848));
#1040 = CARTESIAN_POINT('',(-15.22245846793,7.062922121354,
    67.288822782059));
#1041 = CARTESIAN_POINT('',(-16.53929654091,4.916789286593,
    68.329244371264));
#1042 = CARTESIAN_POINT('',(-17.2011276593,2.458811959994,
    68.850886586436));
#1043 = CARTESIAN_POINT('',(-17.2011276593,-2.458811959994,
    68.850886586436));
#1044 = CARTESIAN_POINT('',(-16.5392965409,-4.916789286592,
    68.329244371267));
#1045 = CARTESIAN_POINT('',(-15.22245846794,-7.062922121355,
    67.28882278205));
#1046 = CARTESIAN_POINT('',(-13.32282265741,-8.55469652454,
    65.800983475866));
#1047 = CARTESIAN_POINT('',(-11.145237654,-9.189284532743,
    64.075759085728));
#1048 = CARTESIAN_POINT('',(-8.761972457463,-8.81437018911,
    62.25383816943));
#1049 = CARTESIAN_POINT('',(-6.717662171861,-7.320958469534,
    60.680686596195));
#1050 = CARTESIAN_POINT('',(-5.27077775982,-5.100684320826,
    59.573445036275));
#1051 = CARTESIAN_POINT('',(-4.566680433982,-2.530592173845,
    59.034026431047));
#1052 = CARTESIAN_POINT('',(-4.566680433981,6.011590473412E-15,
    59.034026431044));
#1053 = DEFINITIONAL_REPRESENTATION('',(#1054),#1058);
#1054 = LINE('',#1055,#1056);
#1055 = CARTESIAN_POINT('',(0.,0.));
#1056 = VECTOR('',#1057,1.);
#1057 = DIRECTION('',(0.,1.));
#1058 = ( GEOMETRIC_REPRESENTATION_CONTEXT(2) 
PARAMETRIC_REPRESENTATION_CONTEXT() REPRESENTATION_CONTEXT('2D SPACE',''
  ) );
#1059 = FACE_BOUND('',#1060,.T.);
#1060 = EDGE_LOOP('',(#1061,#1091,#1213,#1241));
#1061 = ORIENTED_EDGE('',*,*,#1062,.F.);
#1062 = EDGE_CURVE('',#1063,#1065,#1067,.T.);
#1063 = VERTEX_POINT('',#1064);
#1064 = CARTESIAN_POINT('',(2.442170171149,-39.,54.182120641637));
#1065 = VERTEX_POINT('',#1066);
#1066 = CARTESIAN_POINT('',(11.918005590142,-39.,46.819475525094));
#1067 = SURFACE_CURVE('',#1068,(#1072,#1079),.PCURVE_S1.);
#1068 = LINE('',#1069,#1070);
#1069 = CARTESIAN_POINT('',(2.296224100189,-39.,54.295519521958));
#1070 = VECTOR('',#1071,1.);
#1071 = DIRECTION('',(0.789652951583,-5.921189464667E-16,-0.613553759712
    ));
#1072 = PCURVE('',#308,#1073);
#1073 = DEFINITIONAL_REPRESENTATION('',(#1074),#1078);
#1074 = LINE('',#1075,#1076);
#1075 = CARTESIAN_POINT('',(40.180252904836,-89.));
#1076 = VECTOR('',#1077,1.);
#1077 = DIRECTION('',(1.,-4.521189464667E-16));
#1078 = ( GEOMETRIC_REPRESENTATION_CONTEXT(2) 
PARAMETRIC_REPRESENTATION_CONTEXT() REPRESENTATION_CONTEXT('2D SPACE',''
  ) );
#1079 = PCURVE('',#1080,#1085);
#1080 = PLANE('',#1081);
#1081 = AXIS2_PLACEMENT_3D('',#1082,#1083,#1084);
#1082 = CARTESIAN_POINT('',(2.142835660261,-38.75,54.098106284063));
#1083 = DIRECTION('',(-0.433848024115,-0.707106781187,-0.558368956848));
#1084 = DIRECTION('',(-0.789652951583,4.163336342344E-16,0.613553759712)
  );
#1085 = DEFINITIONAL_REPRESENTATION('',(#1086),#1090);
#1086 = LINE('',#1087,#1088);
#1087 = CARTESIAN_POINT('',(-8.326672684689E-16,-0.353553390593));
#1088 = VECTOR('',#1089,1.);
#1089 = DIRECTION('',(-1.,0.));
#1090 = ( GEOMETRIC_REPRESENTATION_CONTEXT(2) 
PARAMETRIC_REPRESENTATION_CONTEXT() REPRESENTATION_CONTEXT('2D SPACE',''
  ) );
#1091 = ORIENTED_EDGE('',*,*,#1092,.F.);
#1092 = EDGE_CURVE('',#1093,#1063,#1095,.T.);
#1093 = VERTEX_POINT('',#1094);
#1094 = CARTESIAN_POINT('',(2.442170171149,-31.,54.182120641637));
#1095 = SURFACE_CURVE('',#1096,(#1123,#1153),.PCURVE_S1.);
#1096 = B_SPLINE_CURVE_WITH_KNOTS('',9,(#1097,#1098,#1099,#1100,#1101,
    #1102,#1103,#1104,#1105,#1106,#1107,#1108,#1109,#1110,#1111,#1112,
    #1113,#1114,#1115,#1116,#1117,#1118,#1119,#1120,#1121,#1122),
  .UNSPECIFIED.,.F.,.F.,(10,8,8,10),(45.806325520055,45.991198345337,
    56.986673092488,57.17154591777),.UNSPECIFIED.);
#1097 = CARTESIAN_POINT('',(2.442170171148,-31.,54.182120641637));
#1098 = CARTESIAN_POINT('',(2.425953941042,-31.,54.194720517229));
#1099 = CARTESIAN_POINT('',(2.409750020621,-30.99999597832,
    54.207310828292));
#1100 = CARTESIAN_POINT('',(2.393492982007,-31.00000762173,
    54.219942411765));
#1101 = CARTESIAN_POINT('',(2.37732215915,-30.99999930333,
    54.232507006285));
#1102 = CARTESIAN_POINT('',(2.361105893097,-30.99999061454,
    54.245106909823));
#1103 = CARTESIAN_POINT('',(2.344844259959,-31.00000615773,
    54.25774206318));
#1104 = CARTESIAN_POINT('',(2.328953721156,-31.0000045533,
    54.270088879349));
#1105 = CARTESIAN_POINT('',(2.313437135416,-30.99992661309,
    54.282145137099));
#1106 = CARTESIAN_POINT('',(1.194962066471,-31.00452403322,
    55.151190940474));
#1107 = CARTESIAN_POINT('',(9.136535223275E-02,-31.54679582842,
    56.00867638629));
#1108 = CARTESIAN_POINT('',(-0.818136975561,-32.64568856426,
    56.715352112078));
#1109 = CARTESIAN_POINT('',(-1.336398449973,-34.16116442157,
    57.118036956741));
#1110 = CARTESIAN_POINT('',(-1.336398449976,-35.83883557843,
    57.118036956735));
#1111 = CARTESIAN_POINT('',(-0.818136975558,-37.35431143574,
    56.715352112082));
#1112 = CARTESIAN_POINT('',(9.136535223094E-02,-38.45320417157,
    56.008676386288));
#1113 = CARTESIAN_POINT('',(1.194962066471,-38.99547596677,
    55.151190940475));
#1114 = CARTESIAN_POINT('',(2.313437135416,-39.0000733869,
    54.282145137099));
#1115 = CARTESIAN_POINT('',(2.328953721156,-38.99999544669,
    54.270088879351));
#1116 = CARTESIAN_POINT('',(2.344844259959,-38.99999384225,
    54.257742063177));
#1117 = CARTESIAN_POINT('',(2.361105893097,-39.00000938546,
    54.245106909827));
#1118 = CARTESIAN_POINT('',(2.377322159151,-39.00000069664,
    54.232507006283));
#1119 = CARTESIAN_POINT('',(2.393492982007,-38.99999237828,
    54.219942411765));
#1120 = CARTESIAN_POINT('',(2.409750020622,-39.00000402167,
    54.207310828292));
#1121 = CARTESIAN_POINT('',(2.425953941042,-39.,54.194720517229));
#1122 = CARTESIAN_POINT('',(2.442170171149,-39.,54.182120641636));
#1123 = PCURVE('',#308,#1124);
#1124 = DEFINITIONAL_REPRESENTATION('',(#1125),#1152);
#1125 = B_SPLINE_CURVE_WITH_KNOTS('',9,(#1126,#1127,#1128,#1129,#1130,
    #1131,#1132,#1133,#1134,#1135,#1136,#1137,#1138,#1139,#1140,#1141,
    #1142,#1143,#1144,#1145,#1146,#1147,#1148,#1149,#1150,#1151),
  .UNSPECIFIED.,.F.,.F.,(10,8,8,10),(45.806325520055,45.991198345337,
    56.986673092488,57.17154591777),.UNSPECIFIED.);
#1126 = CARTESIAN_POINT('',(40.365075959909,-81.));
#1127 = CARTESIAN_POINT('',(40.344540064901,-81.));
#1128 = CARTESIAN_POINT('',(40.324019758625,-80.99999597832));
#1129 = CARTESIAN_POINT('',(40.303432184568,-81.00000762173));
#1130 = CARTESIAN_POINT('',(40.282953792363,-80.99999930333));
#1131 = CARTESIAN_POINT('',(40.262417851822,-80.99999061454));
#1132 = CARTESIAN_POINT('',(40.241824459371,-81.00000615773));
#1133 = CARTESIAN_POINT('',(40.221701013022,-81.0000045533));
#1134 = CARTESIAN_POINT('',(40.202051133023,-80.99992661309));
#1135 = CARTESIAN_POINT('',(38.785637673537,-81.00452403322));
#1136 = CARTESIAN_POINT('',(37.388065851602,-81.54679582842));
#1137 = CARTESIAN_POINT('',(36.236291105534,-82.64568856426));
#1138 = CARTESIAN_POINT('',(35.579975602151,-84.16116442157));
#1139 = CARTESIAN_POINT('',(35.579975602152,-85.83883557843));
#1140 = CARTESIAN_POINT('',(36.236291105534,-87.35431143574));
#1141 = CARTESIAN_POINT('',(37.388065851602,-88.45320417157));
#1142 = CARTESIAN_POINT('',(38.785637673536,-88.99547596677));
#1143 = CARTESIAN_POINT('',(40.202051133023,-89.0000733869));
#1144 = CARTESIAN_POINT('',(40.221701013021,-88.99999544669));
#1145 = CARTESIAN_POINT('',(40.241824459373,-88.99999384225));
#1146 = CARTESIAN_POINT('',(40.26241785182,-89.00000938546));
#1147 = CARTESIAN_POINT('',(40.282953792364,-89.00000069664));
#1148 = CARTESIAN_POINT('',(40.303432184568,-88.99999237828));
#1149 = CARTESIAN_POINT('',(40.324019758625,-89.00000402167));
#1150 = CARTESIAN_POINT('',(40.344540064901,-89.));
#1151 = CARTESIAN_POINT('',(40.36507595991,-89.));
#1152 = ( GEOMETRIC_REPRESENTATION_CONTEXT(2) 
PARAMETRIC_REPRESENTATION_CONTEXT() REPRESENTATION_CONTEXT('2D SPACE',''
  ) );
#1153 = PCURVE('',#1154,#1207);
#1154 = B_SPLINE_SURFACE_WITH_KNOTS('',1,9,(
    (#1155,#1156,#1157,#1158,#1159,#1160,#1161,#1162,#1163,#1164,#1165
      ,#1166,#1167,#1168,#1169,#1170,#1171,#1172,#1173,#1174,#1175,#1176
      ,#1177,#1178,#1179,#1180)
    ,(#1181,#1182,#1183,#1184,#1185,#1186,#1187,#1188,#1189,#1190,#1191
      ,#1192,#1193,#1194,#1195,#1196,#1197,#1198,#1199,#1200,#1201,#1202
      ,#1203,#1204,#1205,#1206
    )),.UNSPECIFIED.,.F.,.F.,.F.,(2,2),(10,8,8,10),(0.,11.365220397715),
  (45.806325520055,45.991198345337,56.986673092488,57.17154591777),
  .UNSPECIFIED.);
#1155 = CARTESIAN_POINT('',(2.442170171148,-31.,54.182120641637));
#1156 = CARTESIAN_POINT('',(2.425953941042,-31.,54.194720517229));
#1157 = CARTESIAN_POINT('',(2.409750020621,-30.99999597832,
    54.207310828292));
#1158 = CARTESIAN_POINT('',(2.393492982007,-31.00000762173,
    54.219942411765));
#1159 = CARTESIAN_POINT('',(2.37732215915,-30.99999930333,
    54.232507006285));
#1160 = CARTESIAN_POINT('',(2.361105893097,-30.99999061454,
    54.245106909823));
#1161 = CARTESIAN_POINT('',(2.344844259959,-31.00000615773,
    54.25774206318));
#1162 = CARTESIAN_POINT('',(2.328953721156,-31.0000045533,
    54.270088879349));
#1163 = CARTESIAN_POINT('',(2.313437135416,-30.99992661309,
    54.282145137099));
#1164 = CARTESIAN_POINT('',(1.194962066471,-31.00452403322,
    55.151190940474));
#1165 = CARTESIAN_POINT('',(9.136535223275E-02,-31.54679582842,
    56.00867638629));
#1166 = CARTESIAN_POINT('',(-0.818136975561,-32.64568856426,
    56.715352112078));
#1167 = CARTESIAN_POINT('',(-1.336398449973,-34.16116442157,
    57.118036956741));
#1168 = CARTESIAN_POINT('',(-1.336398449976,-35.83883557843,
    57.118036956735));
#1169 = CARTESIAN_POINT('',(-0.818136975558,-37.35431143574,
    56.715352112082));
#1170 = CARTESIAN_POINT('',(9.136535223094E-02,-38.45320417157,
    56.008676386288));
#1171 = CARTESIAN_POINT('',(1.194962066471,-38.99547596677,
    55.151190940475));
#1172 = CARTESIAN_POINT('',(2.313437135416,-39.0000733869,
    54.282145137099));
#1173 = CARTESIAN_POINT('',(2.328953721156,-38.99999544669,
    54.270088879351));
#1174 = CARTESIAN_POINT('',(2.344844259959,-38.99999384225,
    54.257742063177));
#1175 = CARTESIAN_POINT('',(2.361105893097,-39.00000938546,
    54.245106909827));
#1176 = CARTESIAN_POINT('',(2.377322159151,-39.00000069664,
    54.232507006283));
#1177 = CARTESIAN_POINT('',(2.393492982007,-38.99999237828,
    54.219942411765));
#1178 = CARTESIAN_POINT('',(2.409750020622,-39.00000402167,
    54.207310828292));
#1179 = CARTESIAN_POINT('',(2.425953941042,-39.,54.194720517229));
#1180 = CARTESIAN_POINT('',(2.442170171149,-39.,54.182120641636));
#1181 = CARTESIAN_POINT('',(2.135393291293,-31.5,53.787294165845));
#1182 = CARTESIAN_POINT('',(2.119177061186,-31.5,53.799894041438));
#1183 = CARTESIAN_POINT('',(2.102960170553,-31.50013563158,
    53.812494505682));
#1184 = CARTESIAN_POINT('',(2.086745967983,-31.50040650937,
    53.825092585696));
#1185 = CARTESIAN_POINT('',(2.070528159988,-31.50081336683,
    53.837694081455));
#1186 = CARTESIAN_POINT('',(2.054311010513,-31.50135587115,
    53.850295814358));
#1187 = CARTESIAN_POINT('',(2.038099308503,-31.50203356033,
    53.862894260664));
#1188 = CARTESIAN_POINT('',(2.021885294683,-31.50284722943,
    53.875497031469));
#1189 = CARTESIAN_POINT('',(2.005659738655,-31.50379809153,
    53.888113658206));
#1190 = CARTESIAN_POINT('',(1.026834501107,-31.56935085364,
    54.649413536728));
#1191 = CARTESIAN_POINT('',(0.104281537608,-32.11091765066,
    55.377094745322));
#1192 = CARTESIAN_POINT('',(-0.586706130364,-33.08814769163,
    55.942170823953));
#1193 = CARTESIAN_POINT('',(-0.98421500168,-34.30121451233,
    56.261083108859));
#1194 = CARTESIAN_POINT('',(-0.984215001675,-35.69878548766,
    56.261083108846));
#1195 = CARTESIAN_POINT('',(-0.586706130368,-36.91185230836,
    55.942170823963));
#1196 = CARTESIAN_POINT('',(0.10428153761,-37.88908234933,
    55.377094745316));
#1197 = CARTESIAN_POINT('',(1.026834501106,-38.43064914635,
    54.649413536731));
#1198 = CARTESIAN_POINT('',(2.005659738655,-38.49620190846,
    53.888113658206));
#1199 = CARTESIAN_POINT('',(2.021885294683,-38.49715277057,
    53.87549703147));
#1200 = CARTESIAN_POINT('',(2.038099308503,-38.49796643965,
    53.862894260662));
#1201 = CARTESIAN_POINT('',(2.054311010513,-38.49864412886,
    53.850295814359));
#1202 = CARTESIAN_POINT('',(2.070528159988,-38.49918663314,
    53.837694081455));
#1203 = CARTESIAN_POINT('',(2.086745967984,-38.49959349063,
    53.825092585695));
#1204 = CARTESIAN_POINT('',(2.102960170554,-38.49986436841,
    53.812494505683));
#1205 = CARTESIAN_POINT('',(2.119177061186,-38.5,53.799894041438));
#1206 = CARTESIAN_POINT('',(2.135393291293,-38.5,53.787294165845));
#1207 = DEFINITIONAL_REPRESENTATION('',(#1208),#1212);
#1208 = LINE('',#1209,#1210);
#1209 = CARTESIAN_POINT('',(0.,0.));
#1210 = VECTOR('',#1211,1.);
#1211 = DIRECTION('',(0.,1.));
#1212 = ( GEOMETRIC_REPRESENTATION_CONTEXT(2) 
PARAMETRIC_REPRESENTATION_CONTEXT() REPRESENTATION_CONTEXT('2D SPACE',''
  ) );
#1213 = ORIENTED_EDGE('',*,*,#1214,.F.);
#1214 = EDGE_CURVE('',#1215,#1093,#1217,.T.);
#1215 = VERTEX_POINT('',#1216);
#1216 = CARTESIAN_POINT('',(11.919658114746,-31.0000043795,
    46.818191527254));
#1217 = SURFACE_CURVE('',#1218,(#1222,#1229),.PCURVE_S1.);
#1218 = LINE('',#1219,#1220);
#1219 = CARTESIAN_POINT('',(11.772059519182,-31.,46.932874405415));
#1220 = VECTOR('',#1221,1.);
#1221 = DIRECTION('',(-0.789652951583,5.921189464667E-16,0.613553759712)
  );
#1222 = PCURVE('',#308,#1223);
#1223 = DEFINITIONAL_REPRESENTATION('',(#1224),#1228);
#1224 = LINE('',#1225,#1226);
#1225 = CARTESIAN_POINT('',(52.180252904836,-81.));
#1226 = VECTOR('',#1227,1.);
#1227 = DIRECTION('',(-1.,4.521189464667E-16));
#1228 = ( GEOMETRIC_REPRESENTATION_CONTEXT(2) 
PARAMETRIC_REPRESENTATION_CONTEXT() REPRESENTATION_CONTEXT('2D SPACE',''
  ) );
#1229 = PCURVE('',#1230,#1235);
#1230 = PLANE('',#1231);
#1231 = AXIS2_PLACEMENT_3D('',#1232,#1233,#1234);
#1232 = CARTESIAN_POINT('',(11.618671079254,-31.25,46.73546116752));
#1233 = DIRECTION('',(0.433848024115,-0.707106781187,0.558368956848));
#1234 = DIRECTION('',(-0.789652951583,8.326672684689E-16,0.613553759712)
  );
#1235 = DEFINITIONAL_REPRESENTATION('',(#1236),#1240);
#1236 = LINE('',#1237,#1238);
#1237 = CARTESIAN_POINT('',(-5.551115123126E-16,-0.353553390593));
#1238 = VECTOR('',#1239,1.);
#1239 = DIRECTION('',(1.,-5.551115123126E-17));
#1240 = ( GEOMETRIC_REPRESENTATION_CONTEXT(2) 
PARAMETRIC_REPRESENTATION_CONTEXT() REPRESENTATION_CONTEXT('2D SPACE',''
  ) );
#1241 = ORIENTED_EDGE('',*,*,#1242,.F.);
#1242 = EDGE_CURVE('',#1065,#1215,#1243,.T.);
#1243 = SURFACE_CURVE('',#1244,(#1257,#1273),.PCURVE_S1.);
#1244 = B_SPLINE_CURVE_WITH_KNOTS('',11,(#1245,#1246,#1247,#1248,#1249,
    #1250,#1251,#1252,#1253,#1254,#1255,#1256),.UNSPECIFIED.,.F.,.F.,(12
    ,12),(23.180483348218,33.806239514475),.PIECEWISE_BEZIER_KNOTS.);
#1245 = CARTESIAN_POINT('',(11.919658114746,-38.99999562049,
    46.818191527254));
#1246 = CARTESIAN_POINT('',(12.799465008343,-38.99533228599,
    46.134588906244));
#1247 = CARTESIAN_POINT('',(13.668547641622,-38.62357326978,
    45.459318946112));
#1248 = CARTESIAN_POINT('',(14.43098869469,-37.88976187861,
    44.866908604618));
#1249 = CARTESIAN_POINT('',(14.985713114904,-36.85192069089,
    44.435892355174));
#1250 = CARTESIAN_POINT('',(15.27732324153,-35.64391634541,
    44.20931371794));
#1251 = CARTESIAN_POINT('',(15.27732324157,-34.35608365457,
    44.209313718031));
#1252 = CARTESIAN_POINT('',(14.985713114873,-33.14807930912,
    44.435892355103));
#1253 = CARTESIAN_POINT('',(14.430988694709,-32.11023812137,
    44.866908604658));
#1254 = CARTESIAN_POINT('',(13.668547641615,-31.37642673022,
    45.459318946095));
#1255 = CARTESIAN_POINT('',(12.799465008345,-31.004667714,
    46.134588906248));
#1256 = CARTESIAN_POINT('',(11.919658114746,-31.0000043795,
    46.818191527254));
#1257 = PCURVE('',#308,#1258);
#1258 = DEFINITIONAL_REPRESENTATION('',(#1259),#1272);
#1259 = B_SPLINE_CURVE_WITH_KNOTS('',11,(#1260,#1261,#1262,#1263,#1264,
    #1265,#1266,#1267,#1268,#1269,#1270,#1271),.UNSPECIFIED.,.F.,.F.,(12
    ,12),(23.180483348218,33.806239514475),.PIECEWISE_BEZIER_KNOTS.);
#1260 = CARTESIAN_POINT('',(52.367168682543,-88.99999562049));
#1261 = CARTESIAN_POINT('',(53.481337751164,-88.99533228599));
#1262 = CARTESIAN_POINT('',(54.581925840562,-88.62357326978));
#1263 = CARTESIAN_POINT('',(55.547465260841,-87.88976187861));
#1264 = CARTESIAN_POINT('',(56.249956676922,-86.85192069089));
#1265 = CARTESIAN_POINT('',(56.619245648868,-85.64391634541));
#1266 = CARTESIAN_POINT('',(56.619245648844,-84.35608365457));
#1267 = CARTESIAN_POINT('',(56.24995667694,-83.14807930912));
#1268 = CARTESIAN_POINT('',(55.547465260831,-82.11023812137));
#1269 = CARTESIAN_POINT('',(54.581925840566,-81.37642673022));
#1270 = CARTESIAN_POINT('',(53.481337751163,-81.004667714));
#1271 = CARTESIAN_POINT('',(52.367168682543,-81.0000043795));
#1272 = ( GEOMETRIC_REPRESENTATION_CONTEXT(2) 
PARAMETRIC_REPRESENTATION_CONTEXT() REPRESENTATION_CONTEXT('2D SPACE',''
  ) );
#1273 = PCURVE('',#1274,#1299);
#1274 = B_SPLINE_SURFACE_WITH_KNOTS('',1,11,(
    (#1275,#1276,#1277,#1278,#1279,#1280,#1281,#1282,#1283,#1284,#1285
      ,#1286)
    ,(#1287,#1288,#1289,#1290,#1291,#1292,#1293,#1294,#1295,#1296,#1297
      ,#1298
    )),.UNSPECIFIED.,.F.,.F.,.F.,(2,2),(12,12),(0.,10.625756166257),(
    23.180483348218,33.806239514475),.PIECEWISE_BEZIER_KNOTS.);
#1275 = CARTESIAN_POINT('',(11.919658114746,-38.99999562049,
    46.818191527254));
#1276 = CARTESIAN_POINT('',(12.799465008343,-38.99533228599,
    46.134588906244));
#1277 = CARTESIAN_POINT('',(13.668547641622,-38.62357326978,
    45.459318946112));
#1278 = CARTESIAN_POINT('',(14.43098869469,-37.88976187861,
    44.866908604618));
#1279 = CARTESIAN_POINT('',(14.985713114904,-36.85192069089,
    44.435892355174));
#1280 = CARTESIAN_POINT('',(15.27732324153,-35.64391634541,
    44.20931371794));
#1281 = CARTESIAN_POINT('',(15.27732324157,-34.35608365457,
    44.209313718031));
#1282 = CARTESIAN_POINT('',(14.985713114873,-33.14807930912,
    44.435892355103));
#1283 = CARTESIAN_POINT('',(14.430988694709,-32.11023812137,
    44.866908604658));
#1284 = CARTESIAN_POINT('',(13.668547641615,-31.37642673022,
    45.459318946095));
#1285 = CARTESIAN_POINT('',(12.799465008345,-31.004667714,
    46.134588906248));
#1286 = CARTESIAN_POINT('',(11.919658114746,-31.0000043795,
    46.818191527254));
#1287 = CARTESIAN_POINT('',(11.611228710286,-38.5,46.424649049302));
#1288 = CARTESIAN_POINT('',(12.372791613207,-38.49999999999,
    45.832921023198));
#1289 = CARTESIAN_POINT('',(13.126424993783,-38.20889639961,
    45.247312316411));
#1290 = CARTESIAN_POINT('',(13.80115206243,-37.6258158833,
    44.725370107995));
#1291 = CARTESIAN_POINT('',(14.416036211949,-36.83015761445,
    44.250191371246));
#1292 = CARTESIAN_POINT('',(14.775147317791,-35.55703916228,
    44.049100805206));
#1293 = CARTESIAN_POINT('',(14.775147317828,-34.44296083771,
    44.049100805276));
#1294 = CARTESIAN_POINT('',(14.41603621192,-33.16984238555,
    44.250191371191));
#1295 = CARTESIAN_POINT('',(13.801152062447,-32.37418411668,
    44.725370108027));
#1296 = CARTESIAN_POINT('',(13.126424993776,-31.79110360038,
    45.247312316398));
#1297 = CARTESIAN_POINT('',(12.372791613209,-31.5,45.832921023201));
#1298 = CARTESIAN_POINT('',(11.611228710286,-31.5,46.424649049302));
#1299 = DEFINITIONAL_REPRESENTATION('',(#1300),#1304);
#1300 = LINE('',#1301,#1302);
#1301 = CARTESIAN_POINT('',(0.,0.));
#1302 = VECTOR('',#1303,1.);
#1303 = DIRECTION('',(0.,1.));
#1304 = ( GEOMETRIC_REPRESENTATION_CONTEXT(2) 
PARAMETRIC_REPRESENTATION_CONTEXT() REPRESENTATION_CONTEXT('2D SPACE',''
  ) );
#1305 = FACE_BOUND('',#1306,.T.);
#1306 = EDGE_LOOP('',(#1307));
#1307 = ORIENTED_EDGE('',*,*,#1308,.F.);
#1308 = EDGE_CURVE('',#1309,#1309,#1311,.T.);
#1309 = VERTEX_POINT('',#1310);
#1310 = CARTESIAN_POINT('',(29.539250929794,-35.,33.127914811897));
#1311 = SURFACE_CURVE('',#1312,(#1333,#1357),.PCURVE_S1.);
#1312 = B_SPLINE_CURVE_WITH_KNOTS('',10,(#1313,#1314,#1315,#1316,#1317,
    #1318,#1319,#1320,#1321,#1322,#1323,#1324,#1325,#1326,#1327,#1328,
    #1329,#1330,#1331,#1332),.UNSPECIFIED.,.T.,.F.,(11,9,11),(
    8.114657959175E-16,17.278759594744,34.557519189488),.UNSPECIFIED.);
#1313 = CARTESIAN_POINT('',(29.539250929794,-35.,33.127914811897));
#1314 = CARTESIAN_POINT('',(29.539250929796,-33.14231161664,
    33.127914811898));
#1315 = CARTESIAN_POINT('',(29.034531074714,-31.25645679929,
    33.520077931224));
#1316 = CARTESIAN_POINT('',(27.999918190351,-29.60699064218,
    34.323963516401));
#1317 = CARTESIAN_POINT('',(26.516645611198,-28.48330508984,
    35.476453943689));
#1318 = CARTESIAN_POINT('',(24.800107337728,-28.1004429966,
    36.810189870736));
#1319 = CARTESIAN_POINT('',(23.08999214396,-28.49250360025,
    38.13893511829));
#1320 = CARTESIAN_POINT('',(21.621865058756,-29.60387932985,
    39.279657623141));
#1321 = CARTESIAN_POINT('',(20.583033273052,-31.2300320963,
    40.086821259437));
#1322 = CARTESIAN_POINT('',(20.063415510802,-33.11504440784,
    40.490559928441));
#1323 = CARTESIAN_POINT('',(20.0634155108,-36.88495559215,
    40.490559928439));
#1324 = CARTESIAN_POINT('',(20.583033273059,-38.76996790369,
    40.086821259442));
#1325 = CARTESIAN_POINT('',(21.62186505874,-40.39612067014,
    39.279657623131));
#1326 = CARTESIAN_POINT('',(23.089992143985,-41.50749639974,
    38.138935118305));
#1327 = CARTESIAN_POINT('',(24.800107337698,-41.8995570034,
    36.810189870719));
#1328 = CARTESIAN_POINT('',(26.516645611225,-41.51669491014,
    35.476453943703));
#1329 = CARTESIAN_POINT('',(27.999918190334,-40.39300935782,
    34.323963516391));
#1330 = CARTESIAN_POINT('',(29.034531074721,-38.7435432007,
    33.520077931229));
#1331 = CARTESIAN_POINT('',(29.539250929794,-36.85768838335,
    33.127914811897));
#1332 = CARTESIAN_POINT('',(29.539250929794,-35.,33.127914811897));
#1333 = PCURVE('',#308,#1334);
#1334 = DEFINITIONAL_REPRESENTATION('',(#1335),#1356);
#1335 = B_SPLINE_CURVE_WITH_KNOTS('',10,(#1336,#1337,#1338,#1339,#1340,
    #1341,#1342,#1343,#1344,#1345,#1346,#1347,#1348,#1349,#1350,#1351,
    #1352,#1353,#1354,#1355),.UNSPECIFIED.,.T.,.F.,(11,9,11),(
    8.114657959175E-16,17.278759594744,34.557519189488),.UNSPECIFIED.);
#1336 = CARTESIAN_POINT('',(74.680252904836,-85.));
#1337 = CARTESIAN_POINT('',(74.680252904836,-83.14231161664));
#1338 = CARTESIAN_POINT('',(74.041086225266,-81.25645679929));
#1339 = CARTESIAN_POINT('',(72.73087408422,-79.60699064218));
#1340 = CARTESIAN_POINT('',(70.852488679395,-78.48330508984));
#1341 = CARTESIAN_POINT('',(68.678700472743,-78.1004429966));
#1342 = CARTESIAN_POINT('',(66.513046320101,-78.49250360025));
#1343 = CARTESIAN_POINT('',(64.653840852331,-79.60387932985));
#1344 = CARTESIAN_POINT('',(63.3382859828,-81.2300320963));
#1345 = CARTESIAN_POINT('',(62.680252904837,-83.11504440784));
#1346 = CARTESIAN_POINT('',(62.680252904836,-86.88495559215));
#1347 = CARTESIAN_POINT('',(63.338285982803,-88.76996790369));
#1348 = CARTESIAN_POINT('',(64.653840852325,-90.39612067014));
#1349 = CARTESIAN_POINT('',(66.513046320111,-91.50749639974));
#1350 = CARTESIAN_POINT('',(68.678700472729,-91.8995570034));
#1351 = CARTESIAN_POINT('',(70.852488679408,-91.51669491014));
#1352 = CARTESIAN_POINT('',(72.730874084212,-90.39300935782));
#1353 = CARTESIAN_POINT('',(74.041086225269,-88.7435432007));
#1354 = CARTESIAN_POINT('',(74.680252904836,-86.85768838335));
#1355 = CARTESIAN_POINT('',(74.680252904836,-85.));
#1356 = ( GEOMETRIC_REPRESENTATION_CONTEXT(2) 
PARAMETRIC_REPRESENTATION_CONTEXT() REPRESENTATION_CONTEXT('2D SPACE',''
  ) );
#1357 = PCURVE('',#1358,#1399);
#1358 = B_SPLINE_SURFACE_WITH_KNOTS('',1,10,(
    (#1359,#1360,#1361,#1362,#1363,#1364,#1365,#1366,#1367,#1368,#1369
      ,#1370,#1371,#1372,#1373,#1374,#1375,#1376,#1377,#1378)
    ,(#1379,#1380,#1381,#1382,#1383,#1384,#1385,#1386,#1387,#1388,#1389
      ,#1390,#1391,#1392,#1393,#1394,#1395,#1396,#1397,#1398
  )),.UNSPECIFIED.,.F.,.T.,.F.,(2,2),(11,9,11),(0.,34.557519189488),(
    8.114657959175E-16,17.278759594744,34.557519189488),.UNSPECIFIED.);
#1359 = CARTESIAN_POINT('',(29.539250929794,-35.,33.127914811897));
#1360 = CARTESIAN_POINT('',(29.539250929796,-33.14231161664,
    33.127914811898));
#1361 = CARTESIAN_POINT('',(29.034531074714,-31.25645679929,
    33.520077931224));
#1362 = CARTESIAN_POINT('',(27.999918190351,-29.60699064218,
    34.323963516401));
#1363 = CARTESIAN_POINT('',(26.516645611198,-28.48330508984,
    35.476453943689));
#1364 = CARTESIAN_POINT('',(24.800107337728,-28.1004429966,
    36.810189870736));
#1365 = CARTESIAN_POINT('',(23.08999214396,-28.49250360025,
    38.13893511829));
#1366 = CARTESIAN_POINT('',(21.621865058756,-29.60387932985,
    39.279657623141));
#1367 = CARTESIAN_POINT('',(20.583033273052,-31.2300320963,
    40.086821259437));
#1368 = CARTESIAN_POINT('',(20.063415510802,-33.11504440784,
    40.490559928441));
#1369 = CARTESIAN_POINT('',(20.0634155108,-36.88495559215,
    40.490559928439));
#1370 = CARTESIAN_POINT('',(20.583033273059,-38.76996790369,
    40.086821259442));
#1371 = CARTESIAN_POINT('',(21.62186505874,-40.39612067014,
    39.279657623131));
#1372 = CARTESIAN_POINT('',(23.089992143985,-41.50749639974,
    38.138935118305));
#1373 = CARTESIAN_POINT('',(24.800107337698,-41.8995570034,
    36.810189870719));
#1374 = CARTESIAN_POINT('',(26.516645611225,-41.51669491014,
    35.476453943703));
#1375 = CARTESIAN_POINT('',(27.999918190334,-40.39300935782,
    34.323963516391));
#1376 = CARTESIAN_POINT('',(29.034531074721,-38.7435432007,
    33.520077931229));
#1377 = CARTESIAN_POINT('',(29.539250929794,-36.85768838335,
    33.127914811897));
#1378 = CARTESIAN_POINT('',(29.539250929794,-35.,33.127914811897));
#1379 = CARTESIAN_POINT('',(28.993570008286,-35.,32.957991643287));
#1380 = CARTESIAN_POINT('',(28.993570008287,-33.24344465255,
    32.957991643289));
#1381 = CARTESIAN_POINT('',(28.499545327453,-31.45908987965,
    33.334080344077));
#1382 = CARTESIAN_POINT('',(27.48381919111,-29.9265720821,34.10635183812
    ));
#1383 = CARTESIAN_POINT('',(26.056097677055,-28.90073902261,
    35.199739893788));
#1384 = CARTESIAN_POINT('',(24.389781784039,-28.68940591837,
    36.465439678412));
#1385 = CARTESIAN_POINT('',(22.926046958546,-29.15649984839,
    37.636559604699));
#1386 = CARTESIAN_POINT('',(21.636916723372,-30.18596188128,
    38.649498205961));
#1387 = CARTESIAN_POINT('',(20.752935692348,-31.65398487544,
    39.353593594618));
#1388 = CARTESIAN_POINT('',(20.307387540876,-33.3265862034,
    39.707083000119));
#1389 = CARTESIAN_POINT('',(20.307387540875,-36.67341379659,
    39.707083000117));
#1390 = CARTESIAN_POINT('',(20.752935692355,-38.34601512454,
    39.353593594628));
#1391 = CARTESIAN_POINT('',(21.636916723356,-39.81403811871,
    38.649498205939));
#1392 = CARTESIAN_POINT('',(22.92604695857,-40.84350015159,
    37.636559604733));
#1393 = CARTESIAN_POINT('',(24.389781784011,-41.31059408164,
    36.465439678372));
#1394 = CARTESIAN_POINT('',(26.056097677079,-41.09926097737,
    35.19973989382));
#1395 = CARTESIAN_POINT('',(27.483819191095,-40.07342791791,
    34.1063518381));
#1396 = CARTESIAN_POINT('',(28.499545327459,-38.54091012033,
    33.334080344085));
#1397 = CARTESIAN_POINT('',(28.993570008286,-36.75655534744,
    32.957991643287));
#1398 = CARTESIAN_POINT('',(28.993570008286,-35.,32.957991643287));
#1399 = DEFINITIONAL_REPRESENTATION('',(#1400),#1404);
#1400 = LINE('',#1401,#1402);
#1401 = CARTESIAN_POINT('',(0.,0.));
#1402 = VECTOR('',#1403,1.);
#1403 = DIRECTION('',(0.,1.));
#1404 = ( GEOMETRIC_REPRESENTATION_CONTEXT(2) 
PARAMETRIC_REPRESENTATION_CONTEXT() REPRESENTATION_CONTEXT('2D SPACE',''
  ) );
#1405 = FACE_BOUND('',#1406,.T.);
#1406 = EDGE_LOOP('',(#1407));
#1407 = ORIENTED_EDGE('',*,*,#1408,.F.);
#1408 = EDGE_CURVE('',#1409,#1409,#1411,.T.);
#1409 = VERTEX_POINT('',#1410);
#1410 = CARTESIAN_POINT('',(10.9824065676,-17.5,47.546428165127));
#1411 = SURFACE_CURVE('',#1412,(#1433,#1457),.PCURVE_S1.);
#1412 = B_SPLINE_CURVE_WITH_KNOTS('',10,(#1413,#1414,#1415,#1416,#1417,
    #1418,#1419,#1420,#1421,#1422,#1423,#1424,#1425,#1426,#1427,#1428,
    #1429,#1430,#1431,#1432),.UNSPECIFIED.,.T.,.F.,(11,9,11),(
    1.314452579246E-15,14.137166941154,28.274333882308),.UNSPECIFIED.);
#1413 = CARTESIAN_POINT('',(10.9824065676,-17.5,47.546428165127));
#1414 = CARTESIAN_POINT('',(10.982406567599,-15.9519263472,
    47.546428165124));
#1415 = CARTESIAN_POINT('',(10.561806688372,-14.38038066608,
    47.873230764582));
#1416 = CARTESIAN_POINT('',(9.699629284718,-13.00582553513,
    48.543135418848));
#1417 = CARTESIAN_POINT('',(8.463568802121,-12.06942090823,
    49.503544108335));
#1418 = CARTESIAN_POINT('',(7.033120240858,-11.7503691638,
    50.614990714112));
#1419 = CARTESIAN_POINT('',(5.608024246087,-12.07708633356,
    51.722278420491));
#1420 = CARTESIAN_POINT('',(4.384585008391,-13.00323277487,
    52.672880507811));
#1421 = CARTESIAN_POINT('',(3.518891853651,-14.35836008025,
    53.345516871418));
#1422 = CARTESIAN_POINT('',(3.085877051772,-15.9292036732,
    53.681965762245));
#1423 = CARTESIAN_POINT('',(3.085877051772,-19.07079632679,
    53.681965762248));
#1424 = CARTESIAN_POINT('',(3.51889185365,-20.64163991974,
    53.345516871409));
#1425 = CARTESIAN_POINT('',(4.384585008394,-21.99676722512,
    52.672880507834));
#1426 = CARTESIAN_POINT('',(5.608024246082,-22.92291366643,
    51.722278420449));
#1427 = CARTESIAN_POINT('',(7.033120240863,-23.24963083618,
    50.614990714168));
#1428 = CARTESIAN_POINT('',(8.463568802116,-22.93057909177,
    49.503544108279));
#1429 = CARTESIAN_POINT('',(9.699629284722,-21.99417446485,
    48.543135418886));
#1430 = CARTESIAN_POINT('',(10.56180668837,-20.61961933391,
    47.873230764565));
#1431 = CARTESIAN_POINT('',(10.9824065676,-19.04807365279,
    47.546428165129));
#1432 = CARTESIAN_POINT('',(10.9824065676,-17.5,47.546428165127));
#1433 = PCURVE('',#308,#1434);
#1434 = DEFINITIONAL_REPRESENTATION('',(#1435),#1456);
#1435 = B_SPLINE_CURVE_WITH_KNOTS('',10,(#1436,#1437,#1438,#1439,#1440,
    #1441,#1442,#1443,#1444,#1445,#1446,#1447,#1448,#1449,#1450,#1451,
    #1452,#1453,#1454,#1455),.UNSPECIFIED.,.F.,.F.,(11,9,11),(
    1.314452579246E-15,14.137166941154,28.274333882308),.UNSPECIFIED.);
#1436 = CARTESIAN_POINT('',(51.180252904836,-67.5));
#1437 = CARTESIAN_POINT('',(51.180252904838,-65.9519263472));
#1438 = CARTESIAN_POINT('',(50.647614005189,-64.38038066608));
#1439 = CARTESIAN_POINT('',(49.555770554333,-63.00582553513));
#1440 = CARTESIAN_POINT('',(47.990449383621,-62.06942090823));
#1441 = CARTESIAN_POINT('',(46.178959211439,-61.7503691638));
#1442 = CARTESIAN_POINT('',(44.374247417547,-62.07708633356));
#1443 = CARTESIAN_POINT('',(42.824909527753,-63.00323277487));
#1444 = CARTESIAN_POINT('',(41.728613803138,-64.35836008025));
#1445 = CARTESIAN_POINT('',(41.180252904837,-65.9292036732));
#1446 = CARTESIAN_POINT('',(41.180252904836,-69.07079632679));
#1447 = CARTESIAN_POINT('',(41.728613803143,-70.64163991974));
#1448 = CARTESIAN_POINT('',(42.824909527742,-71.99676722512));
#1449 = CARTESIAN_POINT('',(44.374247417569,-72.92291366643));
#1450 = CARTESIAN_POINT('',(46.178959211408,-73.24963083618));
#1451 = CARTESIAN_POINT('',(47.990449383651,-72.93057909177));
#1452 = CARTESIAN_POINT('',(49.555770554313,-71.99417446485));
#1453 = CARTESIAN_POINT('',(50.647614005198,-70.61961933391));
#1454 = CARTESIAN_POINT('',(51.180252904836,-69.04807365279));
#1455 = CARTESIAN_POINT('',(51.180252904836,-67.5));
#1456 = ( GEOMETRIC_REPRESENTATION_CONTEXT(2) 
PARAMETRIC_REPRESENTATION_CONTEXT() REPRESENTATION_CONTEXT('2D SPACE',''
  ) );
#1457 = PCURVE('',#1458,#1499);
#1458 = B_SPLINE_SURFACE_WITH_KNOTS('',1,10,(
    (#1459,#1460,#1461,#1462,#1463,#1464,#1465,#1466,#1467,#1468,#1469
      ,#1470,#1471,#1472,#1473,#1474,#1475,#1476,#1477,#1478)
    ,(#1479,#1480,#1481,#1482,#1483,#1484,#1485,#1486,#1487,#1488,#1489
      ,#1490,#1491,#1492,#1493,#1494,#1495,#1496,#1497,#1498
  )),.UNSPECIFIED.,.F.,.T.,.F.,(2,2),(11,9,11),(0.,28.274333882308),(
    1.314452579246E-15,14.137166941154,28.274333882308),.UNSPECIFIED.);
#1459 = CARTESIAN_POINT('',(10.9824065676,-17.5,47.546428165127));
#1460 = CARTESIAN_POINT('',(10.982406567599,-15.9519263472,
    47.546428165124));
#1461 = CARTESIAN_POINT('',(10.561806688372,-14.38038066608,
    47.873230764582));
#1462 = CARTESIAN_POINT('',(9.699629284718,-13.00582553513,
    48.543135418848));
#1463 = CARTESIAN_POINT('',(8.463568802121,-12.06942090823,
    49.503544108335));
#1464 = CARTESIAN_POINT('',(7.033120240858,-11.7503691638,
    50.614990714112));
#1465 = CARTESIAN_POINT('',(5.608024246087,-12.07708633356,
    51.722278420491));
#1466 = CARTESIAN_POINT('',(4.384585008391,-13.00323277487,
    52.672880507811));
#1467 = CARTESIAN_POINT('',(3.518891853651,-14.35836008025,
    53.345516871418));
#1468 = CARTESIAN_POINT('',(3.085877051772,-15.9292036732,
    53.681965762245));
#1469 = CARTESIAN_POINT('',(3.085877051772,-19.07079632679,
    53.681965762248));
#1470 = CARTESIAN_POINT('',(3.51889185365,-20.64163991974,
    53.345516871409));
#1471 = CARTESIAN_POINT('',(4.384585008394,-21.99676722512,
    52.672880507834));
#1472 = CARTESIAN_POINT('',(5.608024246082,-22.92291366643,
    51.722278420449));
#1473 = CARTESIAN_POINT('',(7.033120240863,-23.24963083618,
    50.614990714168));
#1474 = CARTESIAN_POINT('',(8.463568802116,-22.93057909177,
    49.503544108279));
#1475 = CARTESIAN_POINT('',(9.699629284722,-21.99417446485,
    48.543135418886));
#1476 = CARTESIAN_POINT('',(10.56180668837,-20.61961933391,
    47.873230764565));
#1477 = CARTESIAN_POINT('',(10.9824065676,-19.04807365279,
    47.546428165129));
#1478 = CARTESIAN_POINT('',(10.9824065676,-17.5,47.546428165127));
#1479 = CARTESIAN_POINT('',(10.436725646091,-17.5,47.376504996517));
#1480 = CARTESIAN_POINT('',(10.436725646091,-16.05305938311,
    47.376504996514));
#1481 = CARTESIAN_POINT('',(10.026658540805,-14.58298943006,
    47.687284078916));
#1482 = CARTESIAN_POINT('',(9.183423071722,-13.32571808863,
    48.325561139987));
#1483 = CARTESIAN_POINT('',(8.0018678681,-12.486733668,49.227184128965)
  );
#1484 = CARTESIAN_POINT('',(6.622907824686,-12.34209009157,
    50.270238911471));
#1485 = CARTESIAN_POINT('',(5.445080307675,-12.74088841222,
    51.219574682857));
#1486 = CARTESIAN_POINT('',(4.399793166444,-13.58567577579,
    52.042675448826));
#1487 = CARTESIAN_POINT('',(3.688953214995,-14.7822793253,
    52.612238325017));
#1488 = CARTESIAN_POINT('',(3.329849081846,-16.14074546876,
    52.898488833923));
#1489 = CARTESIAN_POINT('',(3.329849081846,-18.85925453123,
    52.898488833926));
#1490 = CARTESIAN_POINT('',(3.688953214994,-20.21772067469,
    52.612238325003));
#1491 = CARTESIAN_POINT('',(4.399793166448,-21.4143242242,
    52.042675448859));
#1492 = CARTESIAN_POINT('',(5.445080307668,-22.25911158778,
    51.219574682799));
#1493 = CARTESIAN_POINT('',(6.622907824694,-22.65790990841,
    50.270238911545));
#1494 = CARTESIAN_POINT('',(8.001867868091,-22.513266332,49.227184128895
    ));
#1495 = CARTESIAN_POINT('',(9.183423071728,-21.67428191136,
    48.325561140034));
#1496 = CARTESIAN_POINT('',(10.026658540802,-20.41701056994,
    47.687284078895));
#1497 = CARTESIAN_POINT('',(10.436725646091,-18.94694061689,
    47.376504996519));
#1498 = CARTESIAN_POINT('',(10.436725646091,-17.5,47.376504996517));
#1499 = DEFINITIONAL_REPRESENTATION('',(#1500),#1504);
#1500 = LINE('',#1501,#1502);
#1501 = CARTESIAN_POINT('',(0.,0.));
#1502 = VECTOR('',#1503,1.);
#1503 = DIRECTION('',(0.,1.));
#1504 = ( GEOMETRIC_REPRESENTATION_CONTEXT(2) 
PARAMETRIC_REPRESENTATION_CONTEXT() REPRESENTATION_CONTEXT('2D SPACE',''
  ) );
#1505 = FACE_BOUND('',#1506,.T.);
#1506 = EDGE_LOOP('',(#1507));
#1507 = ORIENTED_EDGE('',*,*,#1508,.F.);
#1508 = EDGE_CURVE('',#1509,#1509,#1511,.T.);
#1509 = VERTEX_POINT('',#1510);
#1510 = CARTESIAN_POINT('',(29.539250929794,-17.5,33.127914811897));
#1511 = SURFACE_CURVE('',#1512,(#1533,#1557),.PCURVE_S1.);
#1512 = B_SPLINE_CURVE_WITH_KNOTS('',10,(#1513,#1514,#1515,#1516,#1517,
    #1518,#1519,#1520,#1521,#1522,#1523,#1524,#1525,#1526,#1527,#1528,
    #1529,#1530,#1531,#1532),.UNSPECIFIED.,.T.,.F.,(11,9,11),(
    2.481409991687E-15,17.278759594744,34.557519189488),.UNSPECIFIED.);
#1513 = CARTESIAN_POINT('',(29.539250929794,-17.5,33.127914811897));
#1514 = CARTESIAN_POINT('',(29.539250929795,-15.64231161664,
    33.127914811898));
#1515 = CARTESIAN_POINT('',(29.034531074716,-13.75645679929,
    33.520077931226));
#1516 = CARTESIAN_POINT('',(27.999918190347,-12.10699064217,
    34.323963516397));
#1517 = CARTESIAN_POINT('',(26.516645611205,-10.98330508986,
    35.476453943697));
#1518 = CARTESIAN_POINT('',(24.800107337719,-10.60044299658,
    36.810189870726));
#1519 = CARTESIAN_POINT('',(23.089992143968,-10.99250360026,
    38.138935118298));
#1520 = CARTESIAN_POINT('',(21.62186505875,-12.10387932985,
    39.279657623136));
#1521 = CARTESIAN_POINT('',(20.583033273054,-13.7300320963,
    40.086821259439));
#1522 = CARTESIAN_POINT('',(20.063415510802,-15.61504440784,
    40.490559928441));
#1523 = CARTESIAN_POINT('',(20.063415510801,-19.38495559215,
    40.490559928439));
#1524 = CARTESIAN_POINT('',(20.583033273058,-21.26996790369,
    40.086821259446));
#1525 = CARTESIAN_POINT('',(21.621865058742,-22.89612067014,
    39.279657623121));
#1526 = CARTESIAN_POINT('',(23.089992143983,-24.00749639974,
    38.138935118322));
#1527 = CARTESIAN_POINT('',(24.800107337699,-24.3995570034,36.8101898707
    ));
#1528 = CARTESIAN_POINT('',(26.516645611224,-24.01669491014,
    35.47645394372));
#1529 = CARTESIAN_POINT('',(27.999918190334,-22.89300935782,
    34.323963516381));
#1530 = CARTESIAN_POINT('',(29.034531074721,-21.2435432007,
    33.520077931233));
#1531 = CARTESIAN_POINT('',(29.539250929794,-19.35768838335,
    33.127914811896));
#1532 = CARTESIAN_POINT('',(29.539250929794,-17.5,33.127914811897));
#1533 = PCURVE('',#308,#1534);
#1534 = DEFINITIONAL_REPRESENTATION('',(#1535),#1556);
#1535 = B_SPLINE_CURVE_WITH_KNOTS('',10,(#1536,#1537,#1538,#1539,#1540,
    #1541,#1542,#1543,#1544,#1545,#1546,#1547,#1548,#1549,#1550,#1551,
    #1552,#1553,#1554,#1555),.UNSPECIFIED.,.F.,.F.,(11,9,11),(
    2.481409991687E-15,17.278759594744,34.557519189488),.UNSPECIFIED.);
#1536 = CARTESIAN_POINT('',(74.680252904836,-67.5));
#1537 = CARTESIAN_POINT('',(74.680252904836,-65.64231161664));
#1538 = CARTESIAN_POINT('',(74.041086225266,-63.75645679929));
#1539 = CARTESIAN_POINT('',(72.730874084219,-62.10699064217));
#1540 = CARTESIAN_POINT('',(70.852488679396,-60.98330508986));
#1541 = CARTESIAN_POINT('',(68.678700472741,-60.60044299658));
#1542 = CARTESIAN_POINT('',(66.513046320102,-60.99250360026));
#1543 = CARTESIAN_POINT('',(64.65384085233,-62.10387932985));
#1544 = CARTESIAN_POINT('',(63.338285982801,-63.7300320963));
#1545 = CARTESIAN_POINT('',(62.680252904836,-65.61504440784));
#1546 = CARTESIAN_POINT('',(62.680252904837,-69.38495559215));
#1547 = CARTESIAN_POINT('',(63.3382859828,-71.26996790369));
#1548 = CARTESIAN_POINT('',(64.653840852333,-72.89612067014));
#1549 = CARTESIAN_POINT('',(66.5130463201,-74.00749639974));
#1550 = CARTESIAN_POINT('',(68.678700472742,-74.3995570034));
#1551 = CARTESIAN_POINT('',(70.852488679397,-74.01669491014));
#1552 = CARTESIAN_POINT('',(72.730874084219,-72.89300935782));
#1553 = CARTESIAN_POINT('',(74.041086225266,-71.2435432007));
#1554 = CARTESIAN_POINT('',(74.680252904837,-69.35768838335));
#1555 = CARTESIAN_POINT('',(74.680252904836,-67.5));
#1556 = ( GEOMETRIC_REPRESENTATION_CONTEXT(2) 
PARAMETRIC_REPRESENTATION_CONTEXT() REPRESENTATION_CONTEXT('2D SPACE',''
  ) );
#1557 = PCURVE('',#1558,#1599);
#1558 = B_SPLINE_SURFACE_WITH_KNOTS('',1,10,(
    (#1559,#1560,#1561,#1562,#1563,#1564,#1565,#1566,#1567,#1568,#1569
      ,#1570,#1571,#1572,#1573,#1574,#1575,#1576,#1577,#1578)
    ,(#1579,#1580,#1581,#1582,#1583,#1584,#1585,#1586,#1587,#1588,#1589
      ,#1590,#1591,#1592,#1593,#1594,#1595,#1596,#1597,#1598
  )),.UNSPECIFIED.,.F.,.T.,.F.,(2,2),(11,9,11),(0.,34.557519189488),(
    2.481409991687E-15,17.278759594744,34.557519189488),.UNSPECIFIED.);
#1559 = CARTESIAN_POINT('',(29.539250929794,-17.5,33.127914811897));
#1560 = CARTESIAN_POINT('',(29.539250929795,-15.64231161664,
    33.127914811898));
#1561 = CARTESIAN_POINT('',(29.034531074716,-13.75645679929,
    33.520077931226));
#1562 = CARTESIAN_POINT('',(27.999918190347,-12.10699064217,
    34.323963516397));
#1563 = CARTESIAN_POINT('',(26.516645611205,-10.98330508986,
    35.476453943697));
#1564 = CARTESIAN_POINT('',(24.800107337719,-10.60044299658,
    36.810189870726));
#1565 = CARTESIAN_POINT('',(23.089992143968,-10.99250360026,
    38.138935118298));
#1566 = CARTESIAN_POINT('',(21.62186505875,-12.10387932985,
    39.279657623136));
#1567 = CARTESIAN_POINT('',(20.583033273054,-13.7300320963,
    40.086821259439));
#1568 = CARTESIAN_POINT('',(20.063415510802,-15.61504440784,
    40.490559928441));
#1569 = CARTESIAN_POINT('',(20.063415510801,-19.38495559215,
    40.490559928439));
#1570 = CARTESIAN_POINT('',(20.583033273058,-21.26996790369,
    40.086821259446));
#1571 = CARTESIAN_POINT('',(21.621865058742,-22.89612067014,
    39.279657623121));
#1572 = CARTESIAN_POINT('',(23.089992143983,-24.00749639974,
    38.138935118322));
#1573 = CARTESIAN_POINT('',(24.800107337699,-24.3995570034,36.8101898707
    ));
#1574 = CARTESIAN_POINT('',(26.516645611224,-24.01669491014,
    35.47645394372));
#1575 = CARTESIAN_POINT('',(27.999918190334,-22.89300935782,
    34.323963516381));
#1576 = CARTESIAN_POINT('',(29.034531074721,-21.2435432007,
    33.520077931233));
#1577 = CARTESIAN_POINT('',(29.539250929794,-19.35768838335,
    33.127914811896));
#1578 = CARTESIAN_POINT('',(29.539250929794,-17.5,33.127914811897));
#1579 = CARTESIAN_POINT('',(28.993570008286,-17.5,32.957991643287));
#1580 = CARTESIAN_POINT('',(28.993570008286,-15.74344465255,
    32.957991643288));
#1581 = CARTESIAN_POINT('',(28.499545327456,-13.95908987966,
    33.334080344081));
#1582 = CARTESIAN_POINT('',(27.483819191102,-12.42657208209,
    34.10635183811));
#1583 = CARTESIAN_POINT('',(26.056097677069,-11.40073902262,
    35.199739893805));
#1584 = CARTESIAN_POINT('',(24.389781784023,-11.18940591835,
    36.465439678392));
#1585 = CARTESIAN_POINT('',(22.926046958559,-11.65649984841,
    37.636559604715));
#1586 = CARTESIAN_POINT('',(21.636916723364,-12.68596188128,
    38.649498205952));
#1587 = CARTESIAN_POINT('',(20.752935692352,-14.15398487545,
    39.353593594622));
#1588 = CARTESIAN_POINT('',(20.307387540876,-15.8265862034,
    39.707083000119));
#1589 = CARTESIAN_POINT('',(20.307387540875,-19.17341379659,
    39.707083000118));
#1590 = CARTESIAN_POINT('',(20.752935692354,-20.84601512454,
    39.353593594625));
#1591 = CARTESIAN_POINT('',(21.636916723359,-22.31403811871,
    38.649498205945));
#1592 = CARTESIAN_POINT('',(22.926046958567,-23.34350015159,
    37.636559604724));
#1593 = CARTESIAN_POINT('',(24.389781784013,-23.81059408164,
    36.465439678383));
#1594 = CARTESIAN_POINT('',(26.056097677078,-23.59926097737,
    35.199739893811));
#1595 = CARTESIAN_POINT('',(27.483819191096,-22.5734279179,
    34.106351838105));
#1596 = CARTESIAN_POINT('',(28.499545327459,-21.04091012033,
    33.334080344083));
#1597 = CARTESIAN_POINT('',(28.993570008286,-19.25655534744,
    32.957991643287));
#1598 = CARTESIAN_POINT('',(28.993570008286,-17.5,32.957991643287));
#1599 = DEFINITIONAL_REPRESENTATION('',(#1600),#1604);
#1600 = LINE('',#1601,#1602);
#1601 = CARTESIAN_POINT('',(0.,0.));
#1602 = VECTOR('',#1603,1.);
#1603 = DIRECTION('',(0.,1.));
#1604 = ( GEOMETRIC_REPRESENTATION_CONTEXT(2) 
PARAMETRIC_REPRESENTATION_CONTEXT() REPRESENTATION_CONTEXT('2D SPACE',''
  ) );
#1605 = FACE_BOUND('',#1606,.T.);
#1606 = EDGE_LOOP('',(#1607,#1608,#1609,#1633));
#1607 = ORIENTED_EDGE('',*,*,#293,.F.);
#1608 = ORIENTED_EDGE('',*,*,#508,.F.);
#1609 = ORIENTED_EDGE('',*,*,#1610,.F.);
#1610 = EDGE_CURVE('',#1611,#479,#1613,.T.);
#1611 = VERTEX_POINT('',#1612);
#1612 = CARTESIAN_POINT('',(-27.71058805995,-40.,77.610562391012));
#1613 = SURFACE_CURVE('',#1614,(#1619,#1626),.PCURVE_S1.);
#1614 = CIRCLE('',#1615,4.5);
#1615 = AXIS2_PLACEMENT_3D('',#1616,#1617,#1618);
#1616 = CARTESIAN_POINT('',(-24.15714977783,-40.,74.849570472308));
#1617 = DIRECTION('',(0.613553759712,1.8E-16,0.789652951583));
#1618 = DIRECTION('',(-0.789652951583,-1.7763568394E-15,0.613553759712)
  );
#1619 = PCURVE('',#308,#1620);
#1620 = DEFINITIONAL_REPRESENTATION('',(#1621),#1625);
#1621 = CIRCLE('',#1622,4.5);
#1622 = AXIS2_PLACEMENT_2D('',#1623,#1624);
#1623 = CARTESIAN_POINT('',(6.680252904836,-90.));
#1624 = DIRECTION('',(-1.,-1.9163568394E-15));
#1625 = ( GEOMETRIC_REPRESENTATION_CONTEXT(2) 
PARAMETRIC_REPRESENTATION_CONTEXT() REPRESENTATION_CONTEXT('2D SPACE',''
  ) );
#1626 = PCURVE('',#494,#1627);
#1627 = DEFINITIONAL_REPRESENTATION('',(#1628),#1632);
#1628 = LINE('',#1629,#1630);
#1629 = CARTESIAN_POINT('',(0.,0.5));
#1630 = VECTOR('',#1631,1.);
#1631 = DIRECTION('',(1.,0.));
#1632 = ( GEOMETRIC_REPRESENTATION_CONTEXT(2) 
PARAMETRIC_REPRESENTATION_CONTEXT() REPRESENTATION_CONTEXT('2D SPACE',''
  ) );
#1633 = ORIENTED_EDGE('',*,*,#1634,.F.);
#1634 = EDGE_CURVE('',#266,#1611,#1635,.T.);
#1635 = SURFACE_CURVE('',#1636,(#1640,#1647),.PCURVE_S1.);
#1636 = LINE('',#1637,#1638);
#1637 = CARTESIAN_POINT('',(-27.71058805995,40.,77.610562391012));
#1638 = VECTOR('',#1639,1.);
#1639 = DIRECTION('',(0.,-1.,0.));
#1640 = PCURVE('',#308,#1641);
#1641 = DEFINITIONAL_REPRESENTATION('',(#1642),#1646);
#1642 = LINE('',#1643,#1644);
#1643 = CARTESIAN_POINT('',(2.180252904836,-10.));
#1644 = VECTOR('',#1645,1.);
#1645 = DIRECTION('',(1.4E-16,-1.));
#1646 = ( GEOMETRIC_REPRESENTATION_CONTEXT(2) 
PARAMETRIC_REPRESENTATION_CONTEXT() REPRESENTATION_CONTEXT('2D SPACE',''
  ) );
#1647 = PCURVE('',#281,#1648);
#1648 = DEFINITIONAL_REPRESENTATION('',(#1649),#1653);
#1649 = LINE('',#1650,#1651);
#1650 = CARTESIAN_POINT('',(0.,0.353553390593));
#1651 = VECTOR('',#1652,1.);
#1652 = DIRECTION('',(1.,0.));
#1653 = ( GEOMETRIC_REPRESENTATION_CONTEXT(2) 
PARAMETRIC_REPRESENTATION_CONTEXT() REPRESENTATION_CONTEXT('2D SPACE',''
  ) );
#1654 = FACE_BOUND('',#1655,.T.);
#1655 = EDGE_LOOP('',(#1656));
#1656 = ORIENTED_EDGE('',*,*,#1657,.F.);
#1657 = EDGE_CURVE('',#1658,#1658,#1660,.T.);
#1658 = VERTEX_POINT('',#1659);
#1659 = CARTESIAN_POINT('',(-5.205478939847,17.5,60.124280239222));
#1660 = SURFACE_CURVE('',#1661,(#1682,#1706),.PCURVE_S1.);
#1661 = B_SPLINE_CURVE_WITH_KNOTS('',10,(#1662,#1663,#1664,#1665,#1666,
    #1667,#1668,#1669,#1670,#1671,#1672,#1673,#1674,#1675,#1676,#1677,
    #1678,#1679,#1680,#1681),.UNSPECIFIED.,.T.,.F.,(11,9,11),(
    -1.889727079252E-14,20.420352248334,40.840704496667),.UNSPECIFIED.);
#1662 = CARTESIAN_POINT('',(-5.205478939847,17.5,60.124280239222));
#1663 = CARTESIAN_POINT('',(-5.205478939847,19.667303113911,
    60.124280239223));
#1664 = CARTESIAN_POINT('',(-5.794318770767,21.867467067484,
    60.581803878435));
#1665 = CARTESIAN_POINT('',(-7.001367135879,23.791844250801,
    61.519670394481));
#1666 = CARTESIAN_POINT('',(-8.731851811521,25.102810728485,
    62.864242559636));
#1667 = CARTESIAN_POINT('',(-10.73447979728,25.549483170663,
    64.420267807882));
#1668 = CARTESIAN_POINT('',(-12.72961418996,25.092079133011,
    65.970470596664));
#1669 = CARTESIAN_POINT('',(-14.44242912273,23.79547411518,
    67.301313519019));
#1670 = CARTESIAN_POINT('',(-15.65439953937,21.898295887641,
    68.243004428013));
#1671 = CARTESIAN_POINT('',(-16.260620262,19.699114857513,68.71403287519
    ));
#1672 = CARTESIAN_POINT('',(-16.260620262,15.300885142487,
    68.714032875189));
#1673 = CARTESIAN_POINT('',(-15.65439953937,13.101704112357,
    68.243004428018));
#1674 = CARTESIAN_POINT('',(-14.44242912273,11.204525884826,
    67.301313519008));
#1675 = CARTESIAN_POINT('',(-12.72961418996,9.90792086698,
    65.970470596677));
#1676 = CARTESIAN_POINT('',(-10.73447979728,9.450516829348,
    64.42026780787));
#1677 = CARTESIAN_POINT('',(-8.731851811518,9.897189271505,
    62.864242559646));
#1678 = CARTESIAN_POINT('',(-7.00136713588,11.208155749205,
    61.519670394475));
#1679 = CARTESIAN_POINT('',(-5.794318770767,13.132532932514,
    60.581803878439));
#1680 = CARTESIAN_POINT('',(-5.205478939847,15.332696886089,
    60.124280239223));
#1681 = CARTESIAN_POINT('',(-5.205478939847,17.5,60.124280239222));
#1682 = PCURVE('',#308,#1683);
#1683 = DEFINITIONAL_REPRESENTATION('',(#1684),#1705);
#1684 = B_SPLINE_CURVE_WITH_KNOTS('',10,(#1685,#1686,#1687,#1688,#1689,
    #1690,#1691,#1692,#1693,#1694,#1695,#1696,#1697,#1698,#1699,#1700,
    #1701,#1702,#1703,#1704),.UNSPECIFIED.,.F.,.F.,(11,9,11),(
    -1.889727079252E-14,20.420352248334,40.840704496667),.UNSPECIFIED.);
#1685 = CARTESIAN_POINT('',(30.680252904836,-32.5));
#1686 = CARTESIAN_POINT('',(30.680252904835,-30.33269688608));
#1687 = CARTESIAN_POINT('',(29.934558445344,-28.13253293251));
#1688 = CARTESIAN_POINT('',(28.405977614103,-26.20815574919));
#1689 = CARTESIAN_POINT('',(26.214527975178,-24.89718927151));
#1690 = CARTESIAN_POINT('',(23.678441734031,-24.45051682933));
#1691 = CARTESIAN_POINT('',(21.151845222672,-24.90792086698));
#1692 = CARTESIAN_POINT('',(18.982772176896,-26.20452588482));
#1693 = CARTESIAN_POINT('',(17.447958162468,-28.10170411235));
#1694 = CARTESIAN_POINT('',(16.680252904835,-30.30088514248));
#1695 = CARTESIAN_POINT('',(16.680252904836,-34.69911485751));
#1696 = CARTESIAN_POINT('',(17.447958162464,-36.89829588764));
#1697 = CARTESIAN_POINT('',(18.982772176904,-38.79547411517));
#1698 = CARTESIAN_POINT('',(21.151845222663,-40.09207913302));
#1699 = CARTESIAN_POINT('',(23.678441734037,-40.54948317065));
#1700 = CARTESIAN_POINT('',(26.214527975174,-40.10281072849));
#1701 = CARTESIAN_POINT('',(28.405977614106,-38.79184425079));
#1702 = CARTESIAN_POINT('',(29.934558445342,-36.86746706748));
#1703 = CARTESIAN_POINT('',(30.680252904836,-34.66730311391));
#1704 = CARTESIAN_POINT('',(30.680252904836,-32.5));
#1705 = ( GEOMETRIC_REPRESENTATION_CONTEXT(2) 
PARAMETRIC_REPRESENTATION_CONTEXT() REPRESENTATION_CONTEXT('2D SPACE',''
  ) );
#1706 = PCURVE('',#1707,#1748);
#1707 = B_SPLINE_SURFACE_WITH_KNOTS('',1,10,(
    (#1708,#1709,#1710,#1711,#1712,#1713,#1714,#1715,#1716,#1717,#1718
      ,#1719,#1720,#1721,#1722,#1723,#1724,#1725,#1726,#1727)
    ,(#1728,#1729,#1730,#1731,#1732,#1733,#1734,#1735,#1736,#1737,#1738
      ,#1739,#1740,#1741,#1742,#1743,#1744,#1745,#1746,#1747
  )),.UNSPECIFIED.,.F.,.T.,.F.,(2,2),(11,9,11),(0.,40.840704496667),(
    -1.889727079252E-14,20.420352248334,40.840704496667),.UNSPECIFIED.);
#1708 = CARTESIAN_POINT('',(-5.205478939847,17.5,60.124280239222));
#1709 = CARTESIAN_POINT('',(-5.205478939847,19.667303113911,
    60.124280239223));
#1710 = CARTESIAN_POINT('',(-5.794318770767,21.867467067484,
    60.581803878435));
#1711 = CARTESIAN_POINT('',(-7.001367135879,23.791844250801,
    61.519670394481));
#1712 = CARTESIAN_POINT('',(-8.731851811521,25.102810728485,
    62.864242559636));
#1713 = CARTESIAN_POINT('',(-10.73447979728,25.549483170663,
    64.420267807882));
#1714 = CARTESIAN_POINT('',(-12.72961418996,25.092079133011,
    65.970470596664));
#1715 = CARTESIAN_POINT('',(-14.44242912273,23.79547411518,
    67.301313519019));
#1716 = CARTESIAN_POINT('',(-15.65439953937,21.898295887641,
    68.243004428013));
#1717 = CARTESIAN_POINT('',(-16.260620262,19.699114857513,68.71403287519
    ));
#1718 = CARTESIAN_POINT('',(-16.260620262,15.300885142487,
    68.714032875189));
#1719 = CARTESIAN_POINT('',(-15.65439953937,13.101704112357,
    68.243004428018));
#1720 = CARTESIAN_POINT('',(-14.44242912273,11.204525884826,
    67.301313519008));
#1721 = CARTESIAN_POINT('',(-12.72961418996,9.90792086698,
    65.970470596677));
#1722 = CARTESIAN_POINT('',(-10.73447979728,9.450516829348,
    64.42026780787));
#1723 = CARTESIAN_POINT('',(-8.731851811518,9.897189271505,
    62.864242559646));
#1724 = CARTESIAN_POINT('',(-7.00136713588,11.208155749205,
    61.519670394475));
#1725 = CARTESIAN_POINT('',(-5.794318770767,13.132532932514,
    60.581803878439));
#1726 = CARTESIAN_POINT('',(-5.205478939847,15.332696886089,
    60.124280239223));
#1727 = CARTESIAN_POINT('',(-5.205478939847,17.5,60.124280239222));
#1728 = CARTESIAN_POINT('',(-5.751159861355,17.5,59.954357070612));
#1729 = CARTESIAN_POINT('',(-5.751159861356,19.566170078007,
    59.954357070612));
#1730 = CARTESIAN_POINT('',(-6.329192462911,21.664816712997,
    60.395771116745));
#1731 = CARTESIAN_POINT('',(-7.517389494459,23.472480205764,
    61.302032451589));
#1732 = CARTESIAN_POINT('',(-9.191609230629,24.68528948917,
    62.58728458043));
#1733 = CARTESIAN_POINT('',(-11.14487215326,24.962428393437,
    64.075519105219));
#1734 = CARTESIAN_POINT('',(-12.89425945795,24.427952844739,
    65.468323133184));
#1735 = CARTESIAN_POINT('',(-14.42748369412,23.213638850616,
    66.671185508052));
#1736 = CARTESIAN_POINT('',(-15.48460747482,21.474320364369,
    67.509812016961));
#1737 = CARTESIAN_POINT('',(-16.01664823193,19.487573061955,
    67.930555946867));
#1738 = CARTESIAN_POINT('',(-16.01664823193,15.512426938045,
    67.930555946867));
#1739 = CARTESIAN_POINT('',(-15.48460747482,13.52567963563,
    67.509812016957));
#1740 = CARTESIAN_POINT('',(-14.42748369412,11.786361149388,
    66.67118550806));
#1741 = CARTESIAN_POINT('',(-12.89425945795,10.572047155255,
    65.468323133175));
#1742 = CARTESIAN_POINT('',(-11.14487215327,10.03757160657,
    64.075519105229));
#1743 = CARTESIAN_POINT('',(-9.191609230623,10.314710510824,
    62.587284580422));
#1744 = CARTESIAN_POINT('',(-7.517389494462,11.527519794239,
    61.302032451595));
#1745 = CARTESIAN_POINT('',(-6.329192462909,13.335183287002,
    60.395771116742));
#1746 = CARTESIAN_POINT('',(-5.751159861356,15.433829921993,
    59.954357070614));
#1747 = CARTESIAN_POINT('',(-5.751159861355,17.5,59.954357070612));
#1748 = DEFINITIONAL_REPRESENTATION('',(#1749),#1753);
#1749 = LINE('',#1750,#1751);
#1750 = CARTESIAN_POINT('',(0.,0.));
#1751 = VECTOR('',#1752,1.);
#1752 = DIRECTION('',(0.,1.));
#1753 = ( GEOMETRIC_REPRESENTATION_CONTEXT(2) 
PARAMETRIC_REPRESENTATION_CONTEXT() REPRESENTATION_CONTEXT('2D SPACE',''
  ) );
#1754 = FACE_BOUND('',#1755,.T.);
#1755 = EDGE_LOOP('',(#1756));
#1756 = ORIENTED_EDGE('',*,*,#1757,.F.);
#1757 = EDGE_CURVE('',#1758,#1758,#1760,.T.);
#1758 = VERTEX_POINT('',#1759);
#1759 = CARTESIAN_POINT('',(-3.23134656089,35.,58.590395839942));
#1760 = SURFACE_CURVE('',#1761,(#1782,#1806),.PCURVE_S1.);
#1761 = B_SPLINE_CURVE_WITH_KNOTS('',10,(#1762,#1763,#1764,#1765,#1766,
    #1767,#1768,#1769,#1770,#1771,#1772,#1773,#1774,#1775,#1776,#1777,
    #1778,#1779,#1780,#1781),.UNSPECIFIED.,.T.,.F.,(11,9,11),(
    7.59273189455E-14,28.274333882308,56.548667764616),.UNSPECIFIED.);
#1762 = CARTESIAN_POINT('',(-3.23134656089,35.,58.590395839942));
#1763 = CARTESIAN_POINT('',(-3.231346560891,37.941339940309,
    58.590395839943));
#1764 = CARTESIAN_POINT('',(-4.030486331424,40.92727673444,
    59.21132077888));
#1765 = CARTESIAN_POINT('',(-5.668623398365,43.538931483232,
    60.484139622066));
#1766 = CARTESIAN_POINT('',(-8.017138315298,45.318100274373,
    62.308916131959));
#1767 = CARTESIAN_POINT('',(-10.7349905817,45.924298588753,
    64.420664683088));
#1768 = CARTESIAN_POINT('',(-13.44267297175,45.303535966235,
    66.524511325078));
#1769 = CARTESIAN_POINT('',(-15.76720752338,43.543857727739,
    68.33065529107));
#1770 = CARTESIAN_POINT('',(-17.41202451739,40.969115847515,
    69.608664381885));
#1771 = CARTESIAN_POINT('',(-18.23475264096,37.98451302091,
    70.247917274468));
#1772 = CARTESIAN_POINT('',(-18.23475264096,32.01548697909,
    70.24791727447));
#1773 = CARTESIAN_POINT('',(-17.41202451739,29.030884152483,
    69.60866438188));
#1774 = CARTESIAN_POINT('',(-15.76720752338,26.456142272267,
    68.330655291076));
#1775 = CARTESIAN_POINT('',(-13.44267297177,24.696464033753,
    66.524511325075));
#1776 = CARTESIAN_POINT('',(-10.73499058168,24.075701411263,
    64.420664683083));
#1777 = CARTESIAN_POINT('',(-8.017138315313,24.681899725611,
    62.308916131968));
#1778 = CARTESIAN_POINT('',(-5.668623398356,26.46106851678,
    60.484139622058));
#1779 = CARTESIAN_POINT('',(-4.030486331427,29.072723265554,
    59.211320778884));
#1780 = CARTESIAN_POINT('',(-3.23134656089,32.058660059693,
    58.590395839942));
#1781 = CARTESIAN_POINT('',(-3.23134656089,35.,58.590395839942));
#1782 = PCURVE('',#308,#1783);
#1783 = DEFINITIONAL_REPRESENTATION('',(#1784),#1805);
#1784 = B_SPLINE_CURVE_WITH_KNOTS('',10,(#1785,#1786,#1787,#1788,#1789,
    #1790,#1791,#1792,#1793,#1794,#1795,#1796,#1797,#1798,#1799,#1800,
    #1801,#1802,#1803,#1804),.UNSPECIFIED.,.F.,.F.,(11,9,11),(
    7.59273189455E-14,28.274333882308,56.548667764616),.UNSPECIFIED.);
#1785 = CARTESIAN_POINT('',(33.180252904836,-15.));
#1786 = CARTESIAN_POINT('',(33.180252904835,-12.05866005969));
#1787 = CARTESIAN_POINT('',(32.168238995523,-9.07272326556));
#1788 = CARTESIAN_POINT('',(30.093736438846,-6.461068516768));
#1789 = CARTESIAN_POINT('',(27.119626214575,-4.681899725627));
#1790 = CARTESIAN_POINT('',(23.677794887331,-4.075701411247));
#1791 = CARTESIAN_POINT('',(20.248842479025,-4.696464033765));
#1792 = CARTESIAN_POINT('',(17.305100488358,-6.456142272261));
#1793 = CARTESIAN_POINT('',(15.222138611617,-9.030884152485));
#1794 = CARTESIAN_POINT('',(14.180252904836,-12.01548697909));
#1795 = CARTESIAN_POINT('',(14.180252904836,-17.98451302091));
#1796 = CARTESIAN_POINT('',(15.222138611618,-20.96911584751));
#1797 = CARTESIAN_POINT('',(17.30510048836,-23.54385772773));
#1798 = CARTESIAN_POINT('',(20.248842479016,-25.30353596624));
#1799 = CARTESIAN_POINT('',(23.677794887347,-25.92429858873));
#1800 = CARTESIAN_POINT('',(27.119626214558,-25.31810027438));
#1801 = CARTESIAN_POINT('',(30.093736438858,-23.53893148322));
#1802 = CARTESIAN_POINT('',(32.168238995518,-20.92727673444));
#1803 = CARTESIAN_POINT('',(33.180252904836,-17.9413399403));
#1804 = CARTESIAN_POINT('',(33.180252904836,-15.));
#1805 = ( GEOMETRIC_REPRESENTATION_CONTEXT(2) 
PARAMETRIC_REPRESENTATION_CONTEXT() REPRESENTATION_CONTEXT('2D SPACE',''
  ) );
#1806 = PCURVE('',#1807,#1848);
#1807 = B_SPLINE_SURFACE_WITH_KNOTS('',1,10,(
    (#1808,#1809,#1810,#1811,#1812,#1813,#1814,#1815,#1816,#1817,#1818
      ,#1819,#1820,#1821,#1822,#1823,#1824,#1825,#1826,#1827)
    ,(#1828,#1829,#1830,#1831,#1832,#1833,#1834,#1835,#1836,#1837,#1838
      ,#1839,#1840,#1841,#1842,#1843,#1844,#1845,#1846,#1847
  )),.UNSPECIFIED.,.F.,.T.,.F.,(2,2),(11,9,11),(0.,56.548667764616),(
    7.59273189455E-14,28.274333882308,56.548667764616),.UNSPECIFIED.);
#1808 = CARTESIAN_POINT('',(-3.23134656089,35.,58.590395839942));
#1809 = CARTESIAN_POINT('',(-3.231346560891,37.941339940309,
    58.590395839943));
#1810 = CARTESIAN_POINT('',(-4.030486331424,40.92727673444,
    59.21132077888));
#1811 = CARTESIAN_POINT('',(-5.668623398365,43.538931483232,
    60.484139622066));
#1812 = CARTESIAN_POINT('',(-8.017138315298,45.318100274373,
    62.308916131959));
#1813 = CARTESIAN_POINT('',(-10.7349905817,45.924298588753,
    64.420664683088));
#1814 = CARTESIAN_POINT('',(-13.44267297175,45.303535966235,
    66.524511325078));
#1815 = CARTESIAN_POINT('',(-15.76720752338,43.543857727739,
    68.33065529107));
#1816 = CARTESIAN_POINT('',(-17.41202451739,40.969115847515,
    69.608664381885));
#1817 = CARTESIAN_POINT('',(-18.23475264096,37.98451302091,
    70.247917274468));
#1818 = CARTESIAN_POINT('',(-18.23475264096,32.01548697909,
    70.24791727447));
#1819 = CARTESIAN_POINT('',(-17.41202451739,29.030884152483,
    69.60866438188));
#1820 = CARTESIAN_POINT('',(-15.76720752338,26.456142272267,
    68.330655291076));
#1821 = CARTESIAN_POINT('',(-13.44267297177,24.696464033753,
    66.524511325075));
#1822 = CARTESIAN_POINT('',(-10.73499058168,24.075701411263,
    64.420664683083));
#1823 = CARTESIAN_POINT('',(-8.017138315313,24.681899725611,
    62.308916131968));
#1824 = CARTESIAN_POINT('',(-5.668623398356,26.46106851678,
    60.484139622058));
#1825 = CARTESIAN_POINT('',(-4.030486331427,29.072723265554,
    59.211320778884));
#1826 = CARTESIAN_POINT('',(-3.23134656089,32.058660059693,
    58.590395839942));
#1827 = CARTESIAN_POINT('',(-3.23134656089,35.,58.590395839942));
#1828 = CARTESIAN_POINT('',(-3.777027482398,35.,58.420472671332));
#1829 = CARTESIAN_POINT('',(-3.777027482399,37.840206904405,
    58.420472671334));
#1830 = CARTESIAN_POINT('',(-4.565189412115,40.724599290838,
    59.025234375362));
#1831 = CARTESIAN_POINT('',(-6.184524904533,43.219902773476,
    60.266460990815));
#1832 = CARTESIAN_POINT('',(-8.475700048699,44.900440115584,
    62.031587315186));
#1833 = CARTESIAN_POINT('',(-11.1454668224,45.340157447082,
    64.075918844174));
#1834 = CARTESIAN_POINT('',(-13.60839883013,44.639217777819,
    66.022713622843));
#1835 = CARTESIAN_POINT('',(-15.75242103495,42.962396744095,
    67.700574932367));
#1836 = CARTESIAN_POINT('',(-17.24240156004,40.545106315109,
    68.875525880364));
#1837 = CARTESIAN_POINT('',(-17.99078061088,37.772971225353,
    69.464440346147));
#1838 = CARTESIAN_POINT('',(-17.99078061088,32.227028774648,
    69.464440346147));
#1839 = CARTESIAN_POINT('',(-17.24240156004,29.454893684887,
    68.875525880364));
#1840 = CARTESIAN_POINT('',(-15.75242103495,27.037603255913,
    67.700574932364));
#1841 = CARTESIAN_POINT('',(-13.60839883013,25.360782222166,
    66.022713622853));
#1842 = CARTESIAN_POINT('',(-11.1454668224,24.659842552938,
    64.075918844155));
#1843 = CARTESIAN_POINT('',(-8.475700048703,25.099559884398,
    62.031587315208));
#1844 = CARTESIAN_POINT('',(-6.184524904531,26.780097226537,
    60.266460990798));
#1845 = CARTESIAN_POINT('',(-4.565189412116,29.275400709156,
    59.025234375369));
#1846 = CARTESIAN_POINT('',(-3.777027482398,32.159793095596,
    58.420472671333));
#1847 = CARTESIAN_POINT('',(-3.777027482398,35.,58.420472671332));
#1848 = DEFINITIONAL_REPRESENTATION('',(#1849),#1853);
#1849 = LINE('',#1850,#1851);
#1850 = CARTESIAN_POINT('',(0.,0.));
#1851 = VECTOR('',#1852,1.);
#1852 = DIRECTION('',(0.,1.));
#1853 = ( GEOMETRIC_REPRESENTATION_CONTEXT(2) 
PARAMETRIC_REPRESENTATION_CONTEXT() REPRESENTATION_CONTEXT('2D SPACE',''
  ) );
#1854 = FACE_BOUND('',#1855,.T.);
#1855 = EDGE_LOOP('',(#1856));
#1856 = ORIENTED_EDGE('',*,*,#1857,.F.);
#1857 = EDGE_CURVE('',#1858,#1858,#1860,.T.);
#1858 = VERTEX_POINT('',#1859);
#1859 = CARTESIAN_POINT('',(10.9824065676,1.42108547152E-14,
    47.546428165127));
#1860 = SURFACE_CURVE('',#1861,(#1882,#1906),.PCURVE_S1.);
#1861 = B_SPLINE_CURVE_WITH_KNOTS('',10,(#1862,#1863,#1864,#1865,#1866,
    #1867,#1868,#1869,#1870,#1871,#1872,#1873,#1874,#1875,#1876,#1877,
    #1878,#1879,#1880,#1881),.UNSPECIFIED.,.T.,.F.,(11,9,11),(
    5.591799916061E-16,14.137166941154,28.274333882308),.UNSPECIFIED.);
#1862 = CARTESIAN_POINT('',(10.9824065676,1.42108547152E-14,
    47.546428165127));
#1863 = CARTESIAN_POINT('',(10.9824065676,1.548073652794,47.546428165129
    ));
#1864 = CARTESIAN_POINT('',(10.561806688369,3.119619333917,
    47.873230764564));
#1865 = CARTESIAN_POINT('',(9.699629284724,4.494174464857,
    48.543135418885));
#1866 = CARTESIAN_POINT('',(8.463568802113,5.430579091777,
    49.503544108282));
#1867 = CARTESIAN_POINT('',(7.033120240866,5.749630836184,
    50.614990714165));
#1868 = CARTESIAN_POINT('',(5.608024246081,5.42291366644,51.722278420451
    ));
#1869 = CARTESIAN_POINT('',(4.384585008395,4.496767225126,
    52.672880507833));
#1870 = CARTESIAN_POINT('',(3.51889185365,3.141639919744,53.34551687141)
  );
#1871 = CARTESIAN_POINT('',(3.085877051772,1.570796326795,
    53.681965762247));
#1872 = CARTESIAN_POINT('',(3.085877051772,-1.570796326795,
    53.681965762247));
#1873 = CARTESIAN_POINT('',(3.51889185365,-3.141639919744,
    53.345516871408));
#1874 = CARTESIAN_POINT('',(4.384585008394,-4.496767225126,
    52.672880507837));
#1875 = CARTESIAN_POINT('',(5.608024246083,-5.422913666441,
    51.722278420444));
#1876 = CARTESIAN_POINT('',(7.033120240863,-5.749630836183,
    50.614990714174));
#1877 = CARTESIAN_POINT('',(8.463568802116,-5.430579091779,
    49.503544108275));
#1878 = CARTESIAN_POINT('',(9.699629284721,-4.494174464856,
    48.543135418888));
#1879 = CARTESIAN_POINT('',(10.56180668837,-3.119619333917,
    47.873230764564));
#1880 = CARTESIAN_POINT('',(10.9824065676,-1.548073652794,
    47.546428165129));
#1881 = CARTESIAN_POINT('',(10.9824065676,1.42108547152E-14,
    47.546428165127));
#1882 = PCURVE('',#308,#1883);
#1883 = DEFINITIONAL_REPRESENTATION('',(#1884),#1905);
#1884 = B_SPLINE_CURVE_WITH_KNOTS('',10,(#1885,#1886,#1887,#1888,#1889,
    #1890,#1891,#1892,#1893,#1894,#1895,#1896,#1897,#1898,#1899,#1900,
    #1901,#1902,#1903,#1904),.UNSPECIFIED.,.F.,.F.,(11,9,11),(
    5.591799916061E-16,14.137166941154,28.274333882308),.UNSPECIFIED.);
#1885 = CARTESIAN_POINT('',(51.180252904836,-50.));
#1886 = CARTESIAN_POINT('',(51.180252904835,-48.4519263472));
#1887 = CARTESIAN_POINT('',(50.647614005198,-46.88038066608));
#1888 = CARTESIAN_POINT('',(49.555770554315,-45.50582553514));
#1889 = CARTESIAN_POINT('',(47.990449383647,-44.56942090822));
#1890 = CARTESIAN_POINT('',(46.178959211413,-44.25036916381));
#1891 = CARTESIAN_POINT('',(44.374247417567,-44.57708633356));
#1892 = CARTESIAN_POINT('',(42.824909527742,-45.50323277487));
#1893 = CARTESIAN_POINT('',(41.728613803142,-46.85836008025));
#1894 = CARTESIAN_POINT('',(41.180252904836,-48.4292036732));
#1895 = CARTESIAN_POINT('',(41.180252904836,-51.57079632679));
#1896 = CARTESIAN_POINT('',(41.728613803143,-53.14163991974));
#1897 = CARTESIAN_POINT('',(42.82490952774,-54.49676722512));
#1898 = CARTESIAN_POINT('',(44.374247417573,-55.42291366644));
#1899 = CARTESIAN_POINT('',(46.178959211404,-55.74963083618));
#1900 = CARTESIAN_POINT('',(47.990449383654,-55.43057909177));
#1901 = CARTESIAN_POINT('',(49.555770554311,-54.49417446485));
#1902 = CARTESIAN_POINT('',(50.647614005199,-53.11961933391));
#1903 = CARTESIAN_POINT('',(51.180252904835,-51.54807365279));
#1904 = CARTESIAN_POINT('',(51.180252904836,-50.));
#1905 = ( GEOMETRIC_REPRESENTATION_CONTEXT(2) 
PARAMETRIC_REPRESENTATION_CONTEXT() REPRESENTATION_CONTEXT('2D SPACE',''
  ) );
#1906 = PCURVE('',#1907,#1948);
#1907 = B_SPLINE_SURFACE_WITH_KNOTS('',1,10,(
    (#1908,#1909,#1910,#1911,#1912,#1913,#1914,#1915,#1916,#1917,#1918
      ,#1919,#1920,#1921,#1922,#1923,#1924,#1925,#1926,#1927)
    ,(#1928,#1929,#1930,#1931,#1932,#1933,#1934,#1935,#1936,#1937,#1938
      ,#1939,#1940,#1941,#1942,#1943,#1944,#1945,#1946,#1947
  )),.UNSPECIFIED.,.F.,.T.,.F.,(2,2),(11,9,11),(0.,28.274333882308),(
    5.591799916061E-16,14.137166941154,28.274333882308),.UNSPECIFIED.);
#1908 = CARTESIAN_POINT('',(10.9824065676,1.42108547152E-14,
    47.546428165127));
#1909 = CARTESIAN_POINT('',(10.9824065676,1.548073652794,47.546428165129
    ));
#1910 = CARTESIAN_POINT('',(10.561806688369,3.119619333917,
    47.873230764564));
#1911 = CARTESIAN_POINT('',(9.699629284724,4.494174464857,
    48.543135418885));
#1912 = CARTESIAN_POINT('',(8.463568802113,5.430579091777,
    49.503544108282));
#1913 = CARTESIAN_POINT('',(7.033120240866,5.749630836184,
    50.614990714165));
#1914 = CARTESIAN_POINT('',(5.608024246081,5.42291366644,51.722278420451
    ));
#1915 = CARTESIAN_POINT('',(4.384585008395,4.496767225126,
    52.672880507833));
#1916 = CARTESIAN_POINT('',(3.51889185365,3.141639919744,53.34551687141)
  );
#1917 = CARTESIAN_POINT('',(3.085877051772,1.570796326795,
    53.681965762247));
#1918 = CARTESIAN_POINT('',(3.085877051772,-1.570796326795,
    53.681965762247));
#1919 = CARTESIAN_POINT('',(3.51889185365,-3.141639919744,
    53.345516871408));
#1920 = CARTESIAN_POINT('',(4.384585008394,-4.496767225126,
    52.672880507837));
#1921 = CARTESIAN_POINT('',(5.608024246083,-5.422913666441,
    51.722278420444));
#1922 = CARTESIAN_POINT('',(7.033120240863,-5.749630836183,
    50.614990714174));
#1923 = CARTESIAN_POINT('',(8.463568802116,-5.430579091779,
    49.503544108275));
#1924 = CARTESIAN_POINT('',(9.699629284721,-4.494174464856,
    48.543135418888));
#1925 = CARTESIAN_POINT('',(10.56180668837,-3.119619333917,
    47.873230764564));
#1926 = CARTESIAN_POINT('',(10.9824065676,-1.548073652794,
    47.546428165129));
#1927 = CARTESIAN_POINT('',(10.9824065676,1.42108547152E-14,
    47.546428165127));
#1928 = CARTESIAN_POINT('',(10.436725646091,7.971025352048E-15,
    47.376504996517));
#1929 = CARTESIAN_POINT('',(10.436725646091,1.44694061689,
    47.376504996519));
#1930 = CARTESIAN_POINT('',(10.026658540802,2.917010569942,
    47.687284078896));
#1931 = CARTESIAN_POINT('',(9.183423071728,4.174281911359,
    48.325561140029));
#1932 = CARTESIAN_POINT('',(8.001867868092,5.013266332006,
    49.227184128905));
#1933 = CARTESIAN_POINT('',(6.622907824694,5.157909908414,
    50.270238911532));
#1934 = CARTESIAN_POINT('',(5.445080307669,4.759111587785,51.21957468281
    ));
#1935 = CARTESIAN_POINT('',(4.399793166448,3.914324224203,
    52.042675448852));
#1936 = CARTESIAN_POINT('',(3.688953214994,2.717720674696,
    52.612238325007));
#1937 = CARTESIAN_POINT('',(3.329849081846,1.359254531237,
    52.898488833925));
#1938 = CARTESIAN_POINT('',(3.329849081846,-1.359254531237,
    52.898488833925));
#1939 = CARTESIAN_POINT('',(3.688953214993,-2.717720674696,
    52.612238325006));
#1940 = CARTESIAN_POINT('',(4.399793166448,-3.914324224203,
    52.042675448854));
#1941 = CARTESIAN_POINT('',(5.445080307667,-4.759111587784,
    51.219574682808));
#1942 = CARTESIAN_POINT('',(6.622907824696,-5.157909908414,
    50.270238911535));
#1943 = CARTESIAN_POINT('',(8.001867868091,-5.013266332006,
    49.227184128905));
#1944 = CARTESIAN_POINT('',(9.183423071729,-4.174281911359,
    48.325561140027));
#1945 = CARTESIAN_POINT('',(10.026658540802,-2.917010569942,
    47.687284078898));
#1946 = CARTESIAN_POINT('',(10.436725646091,-1.44694061689,
    47.376504996518));
#1947 = CARTESIAN_POINT('',(10.436725646091,6.868843232816E-15,
    47.376504996517));
#1948 = DEFINITIONAL_REPRESENTATION('',(#1949),#1953);
#1949 = LINE('',#1950,#1951);
#1950 = CARTESIAN_POINT('',(0.,0.));
#1951 = VECTOR('',#1952,1.);
#1952 = DIRECTION('',(0.,1.));
#1953 = ( GEOMETRIC_REPRESENTATION_CONTEXT(2) 
PARAMETRIC_REPRESENTATION_CONTEXT() REPRESENTATION_CONTEXT('2D SPACE',''
  ) );
#1954 = FACE_BOUND('',#1955,.T.);
#1955 = EDGE_LOOP('',(#1956));
#1956 = ORIENTED_EDGE('',*,*,#1957,.F.);
#1957 = EDGE_CURVE('',#1958,#1958,#1960,.T.);
#1958 = VERTEX_POINT('',#1959);
#1959 = CARTESIAN_POINT('',(10.9824065676,17.5,47.546428165127));
#1960 = SURFACE_CURVE('',#1961,(#1982,#2006),.PCURVE_S1.);
#1961 = B_SPLINE_CURVE_WITH_KNOTS('',10,(#1962,#1963,#1964,#1965,#1966,
    #1967,#1968,#1969,#1970,#1971,#1972,#1973,#1974,#1975,#1976,#1977,
    #1978,#1979,#1980,#1981),.UNSPECIFIED.,.T.,.F.,(11,9,11),(
    6.002613979502E-16,14.137166941154,28.274333882308),.UNSPECIFIED.);
#1962 = CARTESIAN_POINT('',(10.9824065676,17.5,47.546428165127));
#1963 = CARTESIAN_POINT('',(10.9824065676,19.048073652795,
    47.546428165129));
#1964 = CARTESIAN_POINT('',(10.561806688369,20.619619333914,
    47.873230764563));
#1965 = CARTESIAN_POINT('',(9.699629284724,21.994174464863,
    48.543135418887));
#1966 = CARTESIAN_POINT('',(8.463568802112,22.930579091769,
    49.50354410828));
#1967 = CARTESIAN_POINT('',(7.033120240867,23.249630836193,
    50.614990714167));
#1968 = CARTESIAN_POINT('',(5.60802424608,22.922913666433,
    51.722278420449));
#1969 = CARTESIAN_POINT('',(4.384585008395,21.99676722513,
    52.672880507834));
#1970 = CARTESIAN_POINT('',(3.51889185365,20.641639919743,
    53.345516871409));
#1971 = CARTESIAN_POINT('',(3.085877051772,19.070796326795,
    53.681965762247));
#1972 = CARTESIAN_POINT('',(3.085877051772,15.929203673205,
    53.681965762247));
#1973 = CARTESIAN_POINT('',(3.51889185365,14.358360080254,
    53.345516871408));
#1974 = CARTESIAN_POINT('',(4.384585008394,13.003232774878,
    52.672880507836));
#1975 = CARTESIAN_POINT('',(5.608024246082,12.077086333554,
    51.722278420446));
#1976 = CARTESIAN_POINT('',(7.033120240863,11.750369163823,
    50.61499071417));
#1977 = CARTESIAN_POINT('',(8.463568802115,12.069420908215,
    49.503544108279));
#1978 = CARTESIAN_POINT('',(9.699629284722,13.005825535148,
    48.543135418885));
#1979 = CARTESIAN_POINT('',(10.561806688369,14.380380666081,
    47.873230764566));
#1980 = CARTESIAN_POINT('',(10.9824065676,15.951926347207,
    47.546428165128));
#1981 = CARTESIAN_POINT('',(10.9824065676,17.5,47.546428165127));
#1982 = PCURVE('',#308,#1983);
#1983 = DEFINITIONAL_REPRESENTATION('',(#1984),#2005);
#1984 = B_SPLINE_CURVE_WITH_KNOTS('',10,(#1985,#1986,#1987,#1988,#1989,
    #1990,#1991,#1992,#1993,#1994,#1995,#1996,#1997,#1998,#1999,#2000,
    #2001,#2002,#2003,#2004),.UNSPECIFIED.,.F.,.F.,(11,9,11),(
    6.002613979502E-16,14.137166941154,28.274333882308),.UNSPECIFIED.);
#1985 = CARTESIAN_POINT('',(51.180252904836,-32.5));
#1986 = CARTESIAN_POINT('',(51.180252904835,-30.9519263472));
#1987 = CARTESIAN_POINT('',(50.647614005198,-29.38038066608));
#1988 = CARTESIAN_POINT('',(49.555770554314,-28.00582553513));
#1989 = CARTESIAN_POINT('',(47.990449383647,-27.06942090823));
#1990 = CARTESIAN_POINT('',(46.178959211412,-26.7503691638));
#1991 = CARTESIAN_POINT('',(44.374247417567,-27.07708633356));
#1992 = CARTESIAN_POINT('',(42.824909527742,-28.00323277487));
#1993 = CARTESIAN_POINT('',(41.728613803142,-29.35836008025));
#1994 = CARTESIAN_POINT('',(41.180252904836,-30.9292036732));
#1995 = CARTESIAN_POINT('',(41.180252904836,-34.07079632679));
#1996 = CARTESIAN_POINT('',(41.728613803143,-35.64163991974));
#1997 = CARTESIAN_POINT('',(42.824909527741,-36.99676722512));
#1998 = CARTESIAN_POINT('',(44.374247417571,-37.92291366644));
#1999 = CARTESIAN_POINT('',(46.178959211407,-38.24963083617));
#2000 = CARTESIAN_POINT('',(47.990449383651,-37.93057909178));
#2001 = CARTESIAN_POINT('',(49.555770554313,-36.99417446485));
#2002 = CARTESIAN_POINT('',(50.647614005198,-35.61961933391));
#2003 = CARTESIAN_POINT('',(51.180252904836,-34.04807365279));
#2004 = CARTESIAN_POINT('',(51.180252904836,-32.5));
#2005 = ( GEOMETRIC_REPRESENTATION_CONTEXT(2) 
PARAMETRIC_REPRESENTATION_CONTEXT() REPRESENTATION_CONTEXT('2D SPACE',''
  ) );
#2006 = PCURVE('',#2007,#2048);
#2007 = B_SPLINE_SURFACE_WITH_KNOTS('',1,10,(
    (#2008,#2009,#2010,#2011,#2012,#2013,#2014,#2015,#2016,#2017,#2018
      ,#2019,#2020,#2021,#2022,#2023,#2024,#2025,#2026,#2027)
    ,(#2028,#2029,#2030,#2031,#2032,#2033,#2034,#2035,#2036,#2037,#2038
      ,#2039,#2040,#2041,#2042,#2043,#2044,#2045,#2046,#2047
  )),.UNSPECIFIED.,.F.,.T.,.F.,(2,2),(11,9,11),(0.,28.274333882308),(
    6.002613979502E-16,14.137166941154,28.274333882308),.UNSPECIFIED.);
#2008 = CARTESIAN_POINT('',(10.9824065676,17.5,47.546428165127));
#2009 = CARTESIAN_POINT('',(10.9824065676,19.048073652795,
    47.546428165129));
#2010 = CARTESIAN_POINT('',(10.561806688369,20.619619333914,
    47.873230764563));
#2011 = CARTESIAN_POINT('',(9.699629284724,21.994174464863,
    48.543135418887));
#2012 = CARTESIAN_POINT('',(8.463568802112,22.930579091769,
    49.50354410828));
#2013 = CARTESIAN_POINT('',(7.033120240867,23.249630836193,
    50.614990714167));
#2014 = CARTESIAN_POINT('',(5.60802424608,22.922913666433,
    51.722278420449));
#2015 = CARTESIAN_POINT('',(4.384585008395,21.99676722513,
    52.672880507834));
#2016 = CARTESIAN_POINT('',(3.51889185365,20.641639919743,
    53.345516871409));
#2017 = CARTESIAN_POINT('',(3.085877051772,19.070796326795,
    53.681965762247));
#2018 = CARTESIAN_POINT('',(3.085877051772,15.929203673205,
    53.681965762247));
#2019 = CARTESIAN_POINT('',(3.51889185365,14.358360080254,
    53.345516871408));
#2020 = CARTESIAN_POINT('',(4.384585008394,13.003232774878,
    52.672880507836));
#2021 = CARTESIAN_POINT('',(5.608024246082,12.077086333554,
    51.722278420446));
#2022 = CARTESIAN_POINT('',(7.033120240863,11.750369163823,
    50.61499071417));
#2023 = CARTESIAN_POINT('',(8.463568802115,12.069420908215,
    49.503544108279));
#2024 = CARTESIAN_POINT('',(9.699629284722,13.005825535148,
    48.543135418885));
#2025 = CARTESIAN_POINT('',(10.561806688369,14.380380666081,
    47.873230764566));
#2026 = CARTESIAN_POINT('',(10.9824065676,15.951926347207,
    47.546428165128));
#2027 = CARTESIAN_POINT('',(10.9824065676,17.5,47.546428165127));
#2028 = CARTESIAN_POINT('',(10.436725646091,17.5,47.376504996517));
#2029 = CARTESIAN_POINT('',(10.436725646091,18.94694061689,
    47.376504996519));
#2030 = CARTESIAN_POINT('',(10.026658540803,20.417010569939,
    47.687284078897));
#2031 = CARTESIAN_POINT('',(9.183423071727,21.674281911364,
    48.325561140027));
#2032 = CARTESIAN_POINT('',(8.001867868094,22.513266331999,
    49.227184128908));
#2033 = CARTESIAN_POINT('',(6.622907824692,22.657909908422,
    50.27023891153));
#2034 = CARTESIAN_POINT('',(5.44508030767,22.259111587779,
    51.219574682812));
#2035 = CARTESIAN_POINT('',(4.399793166447,21.414324224206,
    52.042675448851));
#2036 = CARTESIAN_POINT('',(3.688953214994,20.217720674695,
    52.612238325007));
#2037 = CARTESIAN_POINT('',(3.329849081846,18.859254531237,
    52.898488833924));
#2038 = CARTESIAN_POINT('',(3.329849081846,16.140745468763,
    52.898488833925));
#2039 = CARTESIAN_POINT('',(3.688953214994,14.782279325303,
    52.612238325004));
#2040 = CARTESIAN_POINT('',(4.399793166448,13.585675775799,
    52.042675448859));
#2041 = CARTESIAN_POINT('',(5.445080307668,12.740888412213,
    51.219574682799));
#2042 = CARTESIAN_POINT('',(6.622907824694,12.34209009159,
    50.270238911545));
#2043 = CARTESIAN_POINT('',(8.001867868092,12.48673366799,
    49.227184128896));
#2044 = CARTESIAN_POINT('',(9.183423071728,13.325718088644,
    48.325561140033));
#2045 = CARTESIAN_POINT('',(10.026658540802,14.582989430057,
    47.687284078895));
#2046 = CARTESIAN_POINT('',(10.436725646091,16.053059383111,
    47.376504996519));
#2047 = CARTESIAN_POINT('',(10.436725646091,17.5,47.376504996517));
#2048 = DEFINITIONAL_REPRESENTATION('',(#2049),#2053);
#2049 = LINE('',#2050,#2051);
#2050 = CARTESIAN_POINT('',(0.,0.));
#2051 = VECTOR('',#2052,1.);
#2052 = DIRECTION('',(0.,1.));
#2053 = ( GEOMETRIC_REPRESENTATION_CONTEXT(2) 
PARAMETRIC_REPRESENTATION_CONTEXT() REPRESENTATION_CONTEXT('2D SPACE',''
  ) );
#2054 = FACE_BOUND('',#2055,.T.);
#2055 = EDGE_LOOP('',(#2056));
#2056 = ORIENTED_EDGE('',*,*,#2057,.F.);
#2057 = EDGE_CURVE('',#2058,#2058,#2060,.T.);
#2058 = VERTEX_POINT('',#2059);
#2059 = CARTESIAN_POINT('',(28.552184740316,1.42108547152E-14,
    33.894857011537));
#2060 = SURFACE_CURVE('',#2061,(#2082,#2106),.PCURVE_S1.);
#2061 = B_SPLINE_CURVE_WITH_KNOTS('',10,(#2062,#2063,#2064,#2065,#2066,
    #2067,#2068,#2069,#2070,#2071,#2072,#2073,#2074,#2075,#2076,#2077,
    #2078,#2079,#2080,#2081),.UNSPECIFIED.,.T.,.F.,(11,9,11),(
    5.281144365169E-16,13.351768777757,26.703537555513),.UNSPECIFIED.);
#2062 = CARTESIAN_POINT('',(28.552184740316,1.42108547152E-14,
    33.894857011537));
#2063 = CARTESIAN_POINT('',(28.552184740318,1.470669970154,
    33.89485701154));
#2064 = CARTESIAN_POINT('',(28.152614855039,2.96363836722,
    34.205319480997));
#2065 = CARTESIAN_POINT('',(27.333546321601,4.269465741616,
    34.841728902619));
#2066 = CARTESIAN_POINT('',(26.159288863076,5.159050137186,
    35.754117157515));
#2067 = CARTESIAN_POINT('',(24.80036272995,5.462149294378,
    36.809991433144));
#2068 = CARTESIAN_POINT('',(23.446521534847,5.151767983115,
    37.861914754078));
#2069 = CARTESIAN_POINT('',(22.284254259087,4.271928863871,
    38.764986737116));
#2070 = CARTESIAN_POINT('',(21.461845762057,2.984557923756,
    39.403991282502));
#2071 = CARTESIAN_POINT('',(21.050481700281,1.492256510455,
    39.723617728802));
#2072 = CARTESIAN_POINT('',(21.050481700278,-1.492256510455,
    39.723617728799));
#2073 = CARTESIAN_POINT('',(21.461845762069,-2.984557923758,
    39.403991282513));
#2074 = CARTESIAN_POINT('',(22.284254259061,-4.271928863867,
    38.764986737089));
#2075 = CARTESIAN_POINT('',(23.446521534888,-5.151767983122,
    37.861914754124));
#2076 = CARTESIAN_POINT('',(24.800362729903,-5.462149294371,
    36.809991433088));
#2077 = CARTESIAN_POINT('',(26.159288863116,-5.159050137193,
    35.754117157564));
#2078 = CARTESIAN_POINT('',(27.333546321576,-4.269465741611,
    34.841728902587));
#2079 = CARTESIAN_POINT('',(28.15261485505,-2.963638367222,
    34.205319481011));
#2080 = CARTESIAN_POINT('',(28.552184740315,-1.470669970154,
    33.894857011536));
#2081 = CARTESIAN_POINT('',(28.552184740316,1.42108547152E-14,
    33.894857011537));
#2082 = PCURVE('',#308,#2083);
#2083 = DEFINITIONAL_REPRESENTATION('',(#2084),#2105);
#2084 = B_SPLINE_CURVE_WITH_KNOTS('',10,(#2085,#2086,#2087,#2088,#2089,
    #2090,#2091,#2092,#2093,#2094,#2095,#2096,#2097,#2098,#2099,#2100,
    #2101,#2102,#2103,#2104),.UNSPECIFIED.,.F.,.F.,(11,9,11),(
    5.281144365169E-16,13.351768777757,26.703537555513),.UNSPECIFIED.);
#2085 = CARTESIAN_POINT('',(73.430252904836,-50.));
#2086 = CARTESIAN_POINT('',(73.430252904836,-48.52933002984));
#2087 = CARTESIAN_POINT('',(72.924245950177,-47.03636163278));
#2088 = CARTESIAN_POINT('',(71.886994671847,-45.73053425838));
#2089 = CARTESIAN_POINT('',(70.399939559696,-44.84094986281));
#2090 = CARTESIAN_POINT('',(68.679023896095,-44.53785070562));
#2091 = CARTESIAN_POINT('',(66.96454769192,-44.84823201688));
#2092 = CARTESIAN_POINT('',(65.492676696604,-45.72807113612));
#2093 = CARTESIAN_POINT('',(64.451195758224,-47.01544207624));
#2094 = CARTESIAN_POINT('',(63.930252904837,-48.50774348954));
#2095 = CARTESIAN_POINT('',(63.930252904836,-51.49225651045));
#2096 = CARTESIAN_POINT('',(64.451195758226,-52.98455792375));
#2097 = CARTESIAN_POINT('',(65.492676696601,-54.27192886386));
#2098 = CARTESIAN_POINT('',(66.964547691924,-55.15176798312));
#2099 = CARTESIAN_POINT('',(68.679023896092,-55.46214929437));
#2100 = CARTESIAN_POINT('',(70.399939559697,-55.15905013719));
#2101 = CARTESIAN_POINT('',(71.886994671847,-54.26946574161));
#2102 = CARTESIAN_POINT('',(72.924245950177,-52.96363836722));
#2103 = CARTESIAN_POINT('',(73.430252904836,-51.47066997015));
#2104 = CARTESIAN_POINT('',(73.430252904836,-50.));
#2105 = ( GEOMETRIC_REPRESENTATION_CONTEXT(2) 
PARAMETRIC_REPRESENTATION_CONTEXT() REPRESENTATION_CONTEXT('2D SPACE',''
  ) );
#2106 = PCURVE('',#2107,#2148);
#2107 = B_SPLINE_SURFACE_WITH_KNOTS('',1,10,(
    (#2108,#2109,#2110,#2111,#2112,#2113,#2114,#2115,#2116,#2117,#2118
      ,#2119,#2120,#2121,#2122,#2123,#2124,#2125,#2126,#2127)
    ,(#2128,#2129,#2130,#2131,#2132,#2133,#2134,#2135,#2136,#2137,#2138
      ,#2139,#2140,#2141,#2142,#2143,#2144,#2145,#2146,#2147
  )),.UNSPECIFIED.,.F.,.T.,.F.,(2,2),(11,9,11),(0.,26.703537555513),(
    5.281144365169E-16,13.351768777757,26.703537555513),.UNSPECIFIED.);
#2108 = CARTESIAN_POINT('',(28.552184740316,1.42108547152E-14,
    33.894857011537));
#2109 = CARTESIAN_POINT('',(28.552184740318,1.470669970154,
    33.89485701154));
#2110 = CARTESIAN_POINT('',(28.152614855039,2.96363836722,
    34.205319480997));
#2111 = CARTESIAN_POINT('',(27.333546321601,4.269465741616,
    34.841728902619));
#2112 = CARTESIAN_POINT('',(26.159288863076,5.159050137186,
    35.754117157515));
#2113 = CARTESIAN_POINT('',(24.80036272995,5.462149294378,
    36.809991433144));
#2114 = CARTESIAN_POINT('',(23.446521534847,5.151767983115,
    37.861914754078));
#2115 = CARTESIAN_POINT('',(22.284254259087,4.271928863871,
    38.764986737116));
#2116 = CARTESIAN_POINT('',(21.461845762057,2.984557923756,
    39.403991282502));
#2117 = CARTESIAN_POINT('',(21.050481700281,1.492256510455,
    39.723617728802));
#2118 = CARTESIAN_POINT('',(21.050481700278,-1.492256510455,
    39.723617728799));
#2119 = CARTESIAN_POINT('',(21.461845762069,-2.984557923758,
    39.403991282513));
#2120 = CARTESIAN_POINT('',(22.284254259061,-4.271928863867,
    38.764986737089));
#2121 = CARTESIAN_POINT('',(23.446521534888,-5.151767983122,
    37.861914754124));
#2122 = CARTESIAN_POINT('',(24.800362729903,-5.462149294371,
    36.809991433088));
#2123 = CARTESIAN_POINT('',(26.159288863116,-5.159050137193,
    35.754117157564));
#2124 = CARTESIAN_POINT('',(27.333546321576,-4.269465741611,
    34.841728902587));
#2125 = CARTESIAN_POINT('',(28.15261485505,-2.963638367222,
    34.205319481011));
#2126 = CARTESIAN_POINT('',(28.552184740315,-1.470669970154,
    33.894857011536));
#2127 = CARTESIAN_POINT('',(28.552184740316,1.42108547152E-14,
    33.894857011537));
#2128 = CARTESIAN_POINT('',(28.006503818807,1.099976398969E-14,
    33.724933842927));
#2129 = CARTESIAN_POINT('',(28.006503818809,1.36953693425,
    33.724933842929));
#2130 = CARTESIAN_POINT('',(27.617414027096,2.761037310149,
    34.019389288127));
#2131 = CARTESIAN_POINT('',(26.817306314147,3.949473262738,
    34.624166582788));
#2132 = CARTESIAN_POINT('',(25.697212054584,4.74177535409,35.47787217746
    ));
#2133 = CARTESIAN_POINT('',(24.390191135145,4.869535551096,
    36.465239247435));
#2134 = CARTESIAN_POINT('',(23.283899019623,4.488030353375,
    37.359105115222));
#2135 = CARTESIAN_POINT('',(22.299513810657,3.68936841499,
    38.134766845997));
#2136 = CARTESIAN_POINT('',(21.631958430842,2.560649701565,
    38.67069628375));
#2137 = CARTESIAN_POINT('',(21.294453730355,1.280714714897,
    38.94014080048));
#2138 = CARTESIAN_POINT('',(21.294453730353,-1.280714714897,
    38.940140800477));
#2139 = CARTESIAN_POINT('',(21.631958430851,-2.560649701566,
    38.670696283759));
#2140 = CARTESIAN_POINT('',(22.299513810638,-3.689368414987,
    38.134766845977));
#2141 = CARTESIAN_POINT('',(23.283899019653,-4.48803035338,
    37.359105115254));
#2142 = CARTESIAN_POINT('',(24.390191135109,-4.869535551089,
    36.465239247397));
#2143 = CARTESIAN_POINT('',(25.697212054615,-4.741775354095,
    35.477872177493));
#2144 = CARTESIAN_POINT('',(26.817306314128,-3.949473262734,
    34.624166582768));
#2145 = CARTESIAN_POINT('',(27.617414027104,-2.76103731015,
    34.019389288136));
#2146 = CARTESIAN_POINT('',(28.006503818807,-1.36953693425,
    33.724933842927));
#2147 = CARTESIAN_POINT('',(28.006503818807,9.958814210416E-15,
    33.724933842927));
#2148 = DEFINITIONAL_REPRESENTATION('',(#2149),#2153);
#2149 = LINE('',#2150,#2151);
#2150 = CARTESIAN_POINT('',(0.,0.));
#2151 = VECTOR('',#2152,1.);
#2152 = DIRECTION('',(0.,1.));
#2153 = ( GEOMETRIC_REPRESENTATION_CONTEXT(2) 
PARAMETRIC_REPRESENTATION_CONTEXT() REPRESENTATION_CONTEXT('2D SPACE',''
  ) );
#2154 = FACE_BOUND('',#2155,.T.);
#2155 = EDGE_LOOP('',(#2156,#2186,#2308,#2336));
#2156 = ORIENTED_EDGE('',*,*,#2157,.F.);
#2157 = EDGE_CURVE('',#2158,#2160,#2162,.T.);
#2158 = VERTEX_POINT('',#2159);
#2159 = CARTESIAN_POINT('',(2.442170171149,31.,54.182120641637));
#2160 = VERTEX_POINT('',#2161);
#2161 = CARTESIAN_POINT('',(11.918005590142,31.,46.819475525093));
#2162 = SURFACE_CURVE('',#2163,(#2167,#2174),.PCURVE_S1.);
#2163 = LINE('',#2164,#2165);
#2164 = CARTESIAN_POINT('',(2.296224100189,31.,54.295519521958));
#2165 = VECTOR('',#2166,1.);
#2166 = DIRECTION('',(0.789652951583,5.921189464667E-16,-0.613553759712)
  );
#2167 = PCURVE('',#308,#2168);
#2168 = DEFINITIONAL_REPRESENTATION('',(#2169),#2173);
#2169 = LINE('',#2170,#2171);
#2170 = CARTESIAN_POINT('',(40.180252904836,-19.));
#2171 = VECTOR('',#2172,1.);
#2172 = DIRECTION('',(1.,7.321189464667E-16));
#2173 = ( GEOMETRIC_REPRESENTATION_CONTEXT(2) 
PARAMETRIC_REPRESENTATION_CONTEXT() REPRESENTATION_CONTEXT('2D SPACE',''
  ) );
#2174 = PCURVE('',#2175,#2180);
#2175 = PLANE('',#2176);
#2176 = AXIS2_PLACEMENT_3D('',#2177,#2178,#2179);
#2177 = CARTESIAN_POINT('',(2.142835660261,31.25,54.098106284063));
#2178 = DIRECTION('',(-0.433848024115,-0.707106781187,-0.558368956848));
#2179 = DIRECTION('',(-0.789652951583,-4.996003610813E-16,0.613553759712
    ));
#2180 = DEFINITIONAL_REPRESENTATION('',(#2181),#2185);
#2181 = LINE('',#2182,#2183);
#2182 = CARTESIAN_POINT('',(-9.159339953158E-16,-0.353553390593));
#2183 = VECTOR('',#2184,1.);
#2184 = DIRECTION('',(-1.,5.551115123126E-17));
#2185 = ( GEOMETRIC_REPRESENTATION_CONTEXT(2) 
PARAMETRIC_REPRESENTATION_CONTEXT() REPRESENTATION_CONTEXT('2D SPACE',''
  ) );
#2186 = ORIENTED_EDGE('',*,*,#2187,.F.);
#2187 = EDGE_CURVE('',#2188,#2158,#2190,.T.);
#2188 = VERTEX_POINT('',#2189);
#2189 = CARTESIAN_POINT('',(2.442170171149,39.,54.182120641637));
#2190 = SURFACE_CURVE('',#2191,(#2218,#2248),.PCURVE_S1.);
#2191 = B_SPLINE_CURVE_WITH_KNOTS('',9,(#2192,#2193,#2194,#2195,#2196,
    #2197,#2198,#2199,#2200,#2201,#2202,#2203,#2204,#2205,#2206,#2207,
    #2208,#2209,#2210,#2211,#2212,#2213,#2214,#2215,#2216,#2217),
  .UNSPECIFIED.,.F.,.F.,(10,8,8,10),(45.806325520055,45.991198345337,
    56.98667309249,57.171545917773),.UNSPECIFIED.);
#2192 = CARTESIAN_POINT('',(2.442170171149,39.,54.182120641637));
#2193 = CARTESIAN_POINT('',(2.425953941042,38.999999999999,
    54.194720517226));
#2194 = CARTESIAN_POINT('',(2.409750020622,39.000004021678,
    54.207310828301));
#2195 = CARTESIAN_POINT('',(2.393492982006,38.999992378266,
    54.219942411747));
#2196 = CARTESIAN_POINT('',(2.377322159151,39.000000696668,
    54.232507006308));
#2197 = CARTESIAN_POINT('',(2.361105893096,39.00000938545,
    54.245106909803));
#2198 = CARTESIAN_POINT('',(2.34484425996,38.999993842264,
    54.257742063191));
#2199 = CARTESIAN_POINT('',(2.328953721156,38.999995446694,
    54.270088879345));
#2200 = CARTESIAN_POINT('',(2.313437135416,39.000073386906,54.2821451371
    ));
#2201 = CARTESIAN_POINT('',(1.19496206647,38.995475966777,
    55.151190940473));
#2202 = CARTESIAN_POINT('',(9.13653522343E-02,38.453204171575,
    56.00867638629));
#2203 = CARTESIAN_POINT('',(-0.818136975563,37.354311435733,
    56.715352112079));
#2204 = CARTESIAN_POINT('',(-1.336398449971,35.838835578439,
    57.11803695674));
#2205 = CARTESIAN_POINT('',(-1.336398449977,34.161164421562,
    57.118036956736));
#2206 = CARTESIAN_POINT('',(-0.818136975558,32.645688564266,
    56.715352112082));
#2207 = CARTESIAN_POINT('',(9.136535223173E-02,31.546795828426,
    56.008676386288));
#2208 = CARTESIAN_POINT('',(1.194962066471,31.004524033223,
    55.151190940475));
#2209 = CARTESIAN_POINT('',(2.313437135416,30.999926613095,
    54.282145137099));
#2210 = CARTESIAN_POINT('',(2.328953721156,31.000004553303,
    54.270088879348));
#2211 = CARTESIAN_POINT('',(2.34484425996,31.000006157744,
    54.257742063184));
#2212 = CARTESIAN_POINT('',(2.361105893096,30.999990614538,
    54.245106909816));
#2213 = CARTESIAN_POINT('',(2.377322159151,30.999999303345,
    54.232507006293));
#2214 = CARTESIAN_POINT('',(2.393492982007,31.000007621724,
    54.219942411758));
#2215 = CARTESIAN_POINT('',(2.409750020622,30.999995978326,
    54.207310828296));
#2216 = CARTESIAN_POINT('',(2.425953941042,31.,54.194720517228));
#2217 = CARTESIAN_POINT('',(2.442170171149,31.,54.182120641636));
#2218 = PCURVE('',#308,#2219);
#2219 = DEFINITIONAL_REPRESENTATION('',(#2220),#2247);
#2220 = B_SPLINE_CURVE_WITH_KNOTS('',9,(#2221,#2222,#2223,#2224,#2225,
    #2226,#2227,#2228,#2229,#2230,#2231,#2232,#2233,#2234,#2235,#2236,
    #2237,#2238,#2239,#2240,#2241,#2242,#2243,#2244,#2245,#2246),
  .UNSPECIFIED.,.F.,.F.,(10,8,8,10),(45.806325520055,45.991198345337,
    56.98667309249,57.171545917773),.UNSPECIFIED.);
#2221 = CARTESIAN_POINT('',(40.36507595991,-11.));
#2222 = CARTESIAN_POINT('',(40.344540064903,-11.));
#2223 = CARTESIAN_POINT('',(40.324019758619,-10.99999597832));
#2224 = CARTESIAN_POINT('',(40.303432184579,-11.00000762173));
#2225 = CARTESIAN_POINT('',(40.282953792349,-10.99999930333));
#2226 = CARTESIAN_POINT('',(40.262417851834,-10.99999061455));
#2227 = CARTESIAN_POINT('',(40.241824459364,-11.00000615773));
#2228 = CARTESIAN_POINT('',(40.221701013024,-11.0000045533));
#2229 = CARTESIAN_POINT('',(40.202051133023,-10.99992661309));
#2230 = CARTESIAN_POINT('',(38.785637673536,-11.00452403322));
#2231 = CARTESIAN_POINT('',(37.388065851604,-11.54679582842));
#2232 = CARTESIAN_POINT('',(36.236291105532,-12.64568856426));
#2233 = CARTESIAN_POINT('',(35.579975602154,-14.16116442156));
#2234 = CARTESIAN_POINT('',(35.579975602151,-15.83883557843));
#2235 = CARTESIAN_POINT('',(36.236291105534,-17.35431143573));
#2236 = CARTESIAN_POINT('',(37.388065851603,-18.45320417157));
#2237 = CARTESIAN_POINT('',(38.785637673536,-18.99547596677));
#2238 = CARTESIAN_POINT('',(40.202051133023,-19.0000733869));
#2239 = CARTESIAN_POINT('',(40.221701013022,-18.99999544669));
#2240 = CARTESIAN_POINT('',(40.241824459369,-18.99999384225));
#2241 = CARTESIAN_POINT('',(40.262417851826,-19.00000938546));
#2242 = CARTESIAN_POINT('',(40.282953792358,-19.00000069665));
#2243 = CARTESIAN_POINT('',(40.303432184573,-18.99999237827));
#2244 = CARTESIAN_POINT('',(40.324019758623,-19.00000402167));
#2245 = CARTESIAN_POINT('',(40.344540064902,-19.));
#2246 = CARTESIAN_POINT('',(40.36507595991,-19.));
#2247 = ( GEOMETRIC_REPRESENTATION_CONTEXT(2) 
PARAMETRIC_REPRESENTATION_CONTEXT() REPRESENTATION_CONTEXT('2D SPACE',''
  ) );
#2248 = PCURVE('',#2249,#2302);
#2249 = B_SPLINE_SURFACE_WITH_KNOTS('',1,9,(
    (#2250,#2251,#2252,#2253,#2254,#2255,#2256,#2257,#2258,#2259,#2260
      ,#2261,#2262,#2263,#2264,#2265,#2266,#2267,#2268,#2269,#2270,#2271
      ,#2272,#2273,#2274,#2275)
    ,(#2276,#2277,#2278,#2279,#2280,#2281,#2282,#2283,#2284,#2285,#2286
      ,#2287,#2288,#2289,#2290,#2291,#2292,#2293,#2294,#2295,#2296,#2297
      ,#2298,#2299,#2300,#2301
    )),.UNSPECIFIED.,.F.,.F.,.F.,(2,2),(10,8,8,10),(0.,11.365220397718),
  (45.806325520055,45.991198345337,56.98667309249,57.171545917773),
  .UNSPECIFIED.);
#2250 = CARTESIAN_POINT('',(2.442170171149,39.,54.182120641637));
#2251 = CARTESIAN_POINT('',(2.425953941042,38.999999999999,
    54.194720517226));
#2252 = CARTESIAN_POINT('',(2.409750020622,39.000004021678,
    54.207310828301));
#2253 = CARTESIAN_POINT('',(2.393492982006,38.999992378266,
    54.219942411747));
#2254 = CARTESIAN_POINT('',(2.377322159151,39.000000696668,
    54.232507006308));
#2255 = CARTESIAN_POINT('',(2.361105893096,39.00000938545,
    54.245106909803));
#2256 = CARTESIAN_POINT('',(2.34484425996,38.999993842264,
    54.257742063191));
#2257 = CARTESIAN_POINT('',(2.328953721156,38.999995446694,
    54.270088879345));
#2258 = CARTESIAN_POINT('',(2.313437135416,39.000073386906,54.2821451371
    ));
#2259 = CARTESIAN_POINT('',(1.19496206647,38.995475966777,
    55.151190940473));
#2260 = CARTESIAN_POINT('',(9.13653522343E-02,38.453204171575,
    56.00867638629));
#2261 = CARTESIAN_POINT('',(-0.818136975563,37.354311435733,
    56.715352112079));
#2262 = CARTESIAN_POINT('',(-1.336398449971,35.838835578439,
    57.11803695674));
#2263 = CARTESIAN_POINT('',(-1.336398449977,34.161164421562,
    57.118036956736));
#2264 = CARTESIAN_POINT('',(-0.818136975558,32.645688564266,
    56.715352112082));
#2265 = CARTESIAN_POINT('',(9.136535223173E-02,31.546795828426,
    56.008676386288));
#2266 = CARTESIAN_POINT('',(1.194962066471,31.004524033223,
    55.151190940475));
#2267 = CARTESIAN_POINT('',(2.313437135416,30.999926613095,
    54.282145137099));
#2268 = CARTESIAN_POINT('',(2.328953721156,31.000004553303,
    54.270088879348));
#2269 = CARTESIAN_POINT('',(2.34484425996,31.000006157744,
    54.257742063184));
#2270 = CARTESIAN_POINT('',(2.361105893096,30.999990614538,
    54.245106909816));
#2271 = CARTESIAN_POINT('',(2.377322159151,30.999999303345,
    54.232507006293));
#2272 = CARTESIAN_POINT('',(2.393492982007,31.000007621724,
    54.219942411758));
#2273 = CARTESIAN_POINT('',(2.409750020622,30.999995978326,
    54.207310828296));
#2274 = CARTESIAN_POINT('',(2.425953941042,31.,54.194720517228));
#2275 = CARTESIAN_POINT('',(2.442170171149,31.,54.182120641636));
#2276 = CARTESIAN_POINT('',(2.135393291293,38.5,53.787294165845));
#2277 = CARTESIAN_POINT('',(2.119177061186,38.499999999999,
    53.799894041435));
#2278 = CARTESIAN_POINT('',(2.102960170553,38.499864368419,
    53.812494505693));
#2279 = CARTESIAN_POINT('',(2.086745967983,38.499593490623,
    53.825092585675));
#2280 = CARTESIAN_POINT('',(2.070528159989,38.499186633166,
    53.837694081482));
#2281 = CARTESIAN_POINT('',(2.054311010512,38.498644128846,
    53.850295814333));
#2282 = CARTESIAN_POINT('',(2.038099308504,38.497966439669,
    53.862894260678));
#2283 = CARTESIAN_POINT('',(2.021885294683,38.497152770569,
    53.875497031463));
#2284 = CARTESIAN_POINT('',(2.005659738655,38.496201908467,
    53.888113658207));
#2285 = CARTESIAN_POINT('',(1.026834501107,38.430649146357,
    54.649413536728));
#2286 = CARTESIAN_POINT('',(0.104281537607,37.889082349343,
    55.377094745321));
#2287 = CARTESIAN_POINT('',(-0.586706130362,36.911852308355,
    55.942170823956));
#2288 = CARTESIAN_POINT('',(-0.984215001682,35.698785487676,
    56.261083108854));
#2289 = CARTESIAN_POINT('',(-0.984215001672,34.301214512324,
    56.261083108852));
#2290 = CARTESIAN_POINT('',(-0.58670613037,33.088147691643,
    55.942170823958));
#2291 = CARTESIAN_POINT('',(0.104281537612,32.110917650658,
    55.377094745319));
#2292 = CARTESIAN_POINT('',(1.026834501105,31.569350853642,
    54.64941353673));
#2293 = CARTESIAN_POINT('',(2.005659738655,31.503798091533,
    53.888113658207));
#2294 = CARTESIAN_POINT('',(2.021885294683,31.502847229429,
    53.875497031465));
#2295 = CARTESIAN_POINT('',(2.038099308504,31.502033560337,
    53.862894260673));
#2296 = CARTESIAN_POINT('',(2.054311010513,31.501355871145,
    53.850295814342));
#2297 = CARTESIAN_POINT('',(2.070528159988,31.500813366844,
    53.837694081471));
#2298 = CARTESIAN_POINT('',(2.086745967983,31.500406509369,
    53.825092585683));
#2299 = CARTESIAN_POINT('',(2.102960170554,31.500135631585,
    53.812494505688));
#2300 = CARTESIAN_POINT('',(2.119177061186,31.5,53.799894041436));
#2301 = CARTESIAN_POINT('',(2.135393291293,31.5,53.787294165845));
#2302 = DEFINITIONAL_REPRESENTATION('',(#2303),#2307);
#2303 = LINE('',#2304,#2305);
#2304 = CARTESIAN_POINT('',(0.,0.));
#2305 = VECTOR('',#2306,1.);
#2306 = DIRECTION('',(0.,1.));
#2307 = ( GEOMETRIC_REPRESENTATION_CONTEXT(2) 
PARAMETRIC_REPRESENTATION_CONTEXT() REPRESENTATION_CONTEXT('2D SPACE',''
  ) );
#2308 = ORIENTED_EDGE('',*,*,#2309,.F.);
#2309 = EDGE_CURVE('',#2310,#2188,#2312,.T.);
#2310 = VERTEX_POINT('',#2311);
#2311 = CARTESIAN_POINT('',(11.919658114746,38.999995620493,
    46.818191527254));
#2312 = SURFACE_CURVE('',#2313,(#2317,#2324),.PCURVE_S1.);
#2313 = LINE('',#2314,#2315);
#2314 = CARTESIAN_POINT('',(11.772059519182,39.,46.932874405415));
#2315 = VECTOR('',#2316,1.);
#2316 = DIRECTION('',(-0.789652951583,-5.921189464667E-16,0.613553759712
    ));
#2317 = PCURVE('',#308,#2318);
#2318 = DEFINITIONAL_REPRESENTATION('',(#2319),#2323);
#2319 = LINE('',#2320,#2321);
#2320 = CARTESIAN_POINT('',(52.180252904836,-11.));
#2321 = VECTOR('',#2322,1.);
#2322 = DIRECTION('',(-1.,-7.321189464667E-16));
#2323 = ( GEOMETRIC_REPRESENTATION_CONTEXT(2) 
PARAMETRIC_REPRESENTATION_CONTEXT() REPRESENTATION_CONTEXT('2D SPACE',''
  ) );
#2324 = PCURVE('',#2325,#2330);
#2325 = PLANE('',#2326);
#2326 = AXIS2_PLACEMENT_3D('',#2327,#2328,#2329);
#2327 = CARTESIAN_POINT('',(11.618671079254,38.75,46.73546116752));
#2328 = DIRECTION('',(0.433848024115,-0.707106781187,0.558368956848));
#2329 = DIRECTION('',(-0.789652951583,-6.938893903907E-16,0.613553759712
    ));
#2330 = DEFINITIONAL_REPRESENTATION('',(#2331),#2335);
#2331 = LINE('',#2332,#2333);
#2332 = CARTESIAN_POINT('',(-8.187894806611E-16,-0.353553390593));
#2333 = VECTOR('',#2334,1.);
#2334 = DIRECTION('',(1.,0.));
#2335 = ( GEOMETRIC_REPRESENTATION_CONTEXT(2) 
PARAMETRIC_REPRESENTATION_CONTEXT() REPRESENTATION_CONTEXT('2D SPACE',''
  ) );
#2336 = ORIENTED_EDGE('',*,*,#2337,.F.);
#2337 = EDGE_CURVE('',#2160,#2310,#2338,.T.);
#2338 = SURFACE_CURVE('',#2339,(#2352,#2368),.PCURVE_S1.);
#2339 = B_SPLINE_CURVE_WITH_KNOTS('',11,(#2340,#2341,#2342,#2343,#2344,
    #2345,#2346,#2347,#2348,#2349,#2350,#2351),.UNSPECIFIED.,.F.,.F.,(12
    ,12),(23.180483348218,33.806239514475),.PIECEWISE_BEZIER_KNOTS.);
#2340 = CARTESIAN_POINT('',(11.919658114746,31.000004379507,
    46.818191527254));
#2341 = CARTESIAN_POINT('',(12.799465008345,31.004667714009,
    46.13458890625));
#2342 = CARTESIAN_POINT('',(13.668547641614,31.376426730217,
    45.459318946088));
#2343 = CARTESIAN_POINT('',(14.43098869471,32.110238121384,
    44.866908604675));
#2344 = CARTESIAN_POINT('',(14.985713114872,33.148079309107,
    44.435892355078));
#2345 = CARTESIAN_POINT('',(15.27732324157,34.356083654592,
    44.209313718056));
#2346 = CARTESIAN_POINT('',(15.277323241533,35.643916345409,
    44.209313717925));
#2347 = CARTESIAN_POINT('',(14.985713114899,36.851920690892,
    44.435892355176));
#2348 = CARTESIAN_POINT('',(14.430988694695,37.889761878616,
    44.86690860462));
#2349 = CARTESIAN_POINT('',(13.66854764162,38.623573269782,
    45.459318946109));
#2350 = CARTESIAN_POINT('',(12.799465008343,38.995332285991,
    46.134588906245));
#2351 = CARTESIAN_POINT('',(11.919658114746,38.999995620493,
    46.818191527254));
#2352 = PCURVE('',#308,#2353);
#2353 = DEFINITIONAL_REPRESENTATION('',(#2354),#2367);
#2354 = B_SPLINE_CURVE_WITH_KNOTS('',11,(#2355,#2356,#2357,#2358,#2359,
    #2360,#2361,#2362,#2363,#2364,#2365,#2366),.UNSPECIFIED.,.F.,.F.,(12
    ,12),(23.180483348218,33.806239514475),.PIECEWISE_BEZIER_KNOTS.);
#2355 = CARTESIAN_POINT('',(52.367168682543,-18.99999562049));
#2356 = CARTESIAN_POINT('',(53.481337751162,-18.99533228599));
#2357 = CARTESIAN_POINT('',(54.581925840571,-18.62357326978));
#2358 = CARTESIAN_POINT('',(55.547465260821,-17.88976187861));
#2359 = CARTESIAN_POINT('',(56.249956676955,-16.85192069089));
#2360 = CARTESIAN_POINT('',(56.619245648829,-15.6439163454));
#2361 = CARTESIAN_POINT('',(56.61924564888,-14.35608365459));
#2362 = CARTESIAN_POINT('',(56.249956676916,-13.1480793091));
#2363 = CARTESIAN_POINT('',(55.547465260843,-12.11023812138));
#2364 = CARTESIAN_POINT('',(54.581925840562,-11.37642673021));
#2365 = CARTESIAN_POINT('',(53.481337751164,-11.004667714));
#2366 = CARTESIAN_POINT('',(52.367168682543,-11.0000043795));
#2367 = ( GEOMETRIC_REPRESENTATION_CONTEXT(2) 
PARAMETRIC_REPRESENTATION_CONTEXT() REPRESENTATION_CONTEXT('2D SPACE',''
  ) );
#2368 = PCURVE('',#2369,#2394);
#2369 = B_SPLINE_SURFACE_WITH_KNOTS('',1,11,(
    (#2370,#2371,#2372,#2373,#2374,#2375,#2376,#2377,#2378,#2379,#2380
      ,#2381)
    ,(#2382,#2383,#2384,#2385,#2386,#2387,#2388,#2389,#2390,#2391,#2392
      ,#2393
    )),.UNSPECIFIED.,.F.,.F.,.F.,(2,2),(12,12),(0.,10.625756166257),(
    23.180483348218,33.806239514475),.PIECEWISE_BEZIER_KNOTS.);
#2370 = CARTESIAN_POINT('',(11.919658114746,31.000004379507,
    46.818191527254));
#2371 = CARTESIAN_POINT('',(12.799465008345,31.004667714009,
    46.13458890625));
#2372 = CARTESIAN_POINT('',(13.668547641614,31.376426730217,
    45.459318946088));
#2373 = CARTESIAN_POINT('',(14.43098869471,32.110238121384,
    44.866908604675));
#2374 = CARTESIAN_POINT('',(14.985713114872,33.148079309107,
    44.435892355078));
#2375 = CARTESIAN_POINT('',(15.27732324157,34.356083654592,
    44.209313718056));
#2376 = CARTESIAN_POINT('',(15.277323241533,35.643916345409,
    44.209313717925));
#2377 = CARTESIAN_POINT('',(14.985713114899,36.851920690892,
    44.435892355176));
#2378 = CARTESIAN_POINT('',(14.430988694695,37.889761878616,
    44.86690860462));
#2379 = CARTESIAN_POINT('',(13.66854764162,38.623573269782,
    45.459318946109));
#2380 = CARTESIAN_POINT('',(12.799465008343,38.995332285991,
    46.134588906245));
#2381 = CARTESIAN_POINT('',(11.919658114746,38.999995620493,
    46.818191527254));
#2382 = CARTESIAN_POINT('',(11.611228710286,31.5,46.424649049302));
#2383 = CARTESIAN_POINT('',(12.372791613209,31.500000000002,
    45.832921023204));
#2384 = CARTESIAN_POINT('',(13.126424993776,31.791103600388,
    45.247312316386));
#2385 = CARTESIAN_POINT('',(13.801152062447,32.374184116686,
    44.725370108054));
#2386 = CARTESIAN_POINT('',(14.416036211921,33.169842385566,
    44.250191371148));
#2387 = CARTESIAN_POINT('',(14.775147317825,34.442960837696,
    44.049100805323));
#2388 = CARTESIAN_POINT('',(14.775147317797,35.557039162309,
    44.049100805171));
#2389 = CARTESIAN_POINT('',(14.416036211941,36.830157614425,
    44.250191371264));
#2390 = CARTESIAN_POINT('',(13.801152062437,37.625815883322,
    44.725370107989));
#2391 = CARTESIAN_POINT('',(13.12642499378,38.208896399608,
    45.247312316412));
#2392 = CARTESIAN_POINT('',(12.372791613208,38.499999999999,
    45.832921023198));
#2393 = CARTESIAN_POINT('',(11.611228710286,38.5,46.424649049302));
#2394 = DEFINITIONAL_REPRESENTATION('',(#2395),#2399);
#2395 = LINE('',#2396,#2397);
#2396 = CARTESIAN_POINT('',(0.,0.));
#2397 = VECTOR('',#2398,1.);
#2398 = DIRECTION('',(0.,1.));
#2399 = ( GEOMETRIC_REPRESENTATION_CONTEXT(2) 
PARAMETRIC_REPRESENTATION_CONTEXT() REPRESENTATION_CONTEXT('2D SPACE',''
  ) );
#2400 = FACE_BOUND('',#2401,.T.);
#2401 = EDGE_LOOP('',(#2402,#2432,#2494,#2522));
#2402 = ORIENTED_EDGE('',*,*,#2403,.F.);
#2403 = EDGE_CURVE('',#2404,#2406,#2408,.T.);
#2404 = VERTEX_POINT('',#2405);
#2405 = CARTESIAN_POINT('',(29.934077405586,17.5,32.821137932041));
#2406 = VERTEX_POINT('',#2407);
#2407 = CARTESIAN_POINT('',(29.934077405586,35.,32.821137932041));
#2408 = SURFACE_CURVE('',#2409,(#2413,#2420),.PCURVE_S1.);
#2409 = LINE('',#2410,#2411);
#2410 = CARTESIAN_POINT('',(29.934077405586,17.5,32.821137932041));
#2411 = VECTOR('',#2412,1.);
#2412 = DIRECTION('',(0.,1.,0.));
#2413 = PCURVE('',#308,#2414);
#2414 = DEFINITIONAL_REPRESENTATION('',(#2415),#2419);
#2415 = LINE('',#2416,#2417);
#2416 = CARTESIAN_POINT('',(75.180252904836,-32.5));
#2417 = VECTOR('',#2418,1.);
#2418 = DIRECTION('',(-1.4E-16,1.));
#2419 = ( GEOMETRIC_REPRESENTATION_CONTEXT(2) 
PARAMETRIC_REPRESENTATION_CONTEXT() REPRESENTATION_CONTEXT('2D SPACE',''
  ) );
#2420 = PCURVE('',#2421,#2426);
#2421 = PLANE('',#2422);
#2422 = AXIS2_PLACEMENT_3D('',#2423,#2424,#2425);
#2423 = CARTESIAN_POINT('',(29.661236944832,17.5,32.736176347736));
#2424 = DIRECTION('',(0.297315042823,0.,-0.954779432807));
#2425 = DIRECTION('',(-0.,-1.,-0.));
#2426 = DEFINITIONAL_REPRESENTATION('',(#2427),#2431);
#2427 = LINE('',#2428,#2429);
#2428 = CARTESIAN_POINT('',(-0.,-0.285762817442));
#2429 = VECTOR('',#2430,1.);
#2430 = DIRECTION('',(-1.,0.));
#2431 = ( GEOMETRIC_REPRESENTATION_CONTEXT(2) 
PARAMETRIC_REPRESENTATION_CONTEXT() REPRESENTATION_CONTEXT('2D SPACE',''
  ) );
#2432 = ORIENTED_EDGE('',*,*,#2433,.F.);
#2433 = EDGE_CURVE('',#2434,#2404,#2436,.T.);
#2434 = VERTEX_POINT('',#2435);
#2435 = CARTESIAN_POINT('',(19.66858903501,17.5,40.797336808296));
#2436 = SURFACE_CURVE('',#2437,(#2449,#2464),.PCURVE_S1.);
#2437 = B_SPLINE_CURVE_WITH_KNOTS('',10,(#2438,#2439,#2440,#2441,#2442,
    #2443,#2444,#2445,#2446,#2447,#2448),.UNSPECIFIED.,.F.,.F.,(11,11),(
    72.699111843078,91.548667764616),.PIECEWISE_BEZIER_KNOTS.);
#2438 = CARTESIAN_POINT('',(19.66858903501,17.5,40.797336808296));
#2439 = CARTESIAN_POINT('',(19.668589035009,15.458532999139,
    40.797336808293));
#2440 = CARTESIAN_POINT('',(20.231115370186,13.41573693954,
    40.360258535896));
#2441 = CARTESIAN_POINT('',(21.357670682662,11.653331301425,
    39.484934450621));
#2442 = CARTESIAN_POINT('',(22.946259132372,10.452561415888,
    38.250614470005));
#2443 = CARTESIAN_POINT('',(24.801333220282,10.021975529944,
    36.809237370127));
#2444 = CARTESIAN_POINT('',(26.656407308251,10.452561415886,
    35.367860270403));
#2445 = CARTESIAN_POINT('',(28.244995757916,11.653331301426,
    34.133540289672));
#2446 = CARTESIAN_POINT('',(29.371551070417,13.415736939539,
    33.25821620446));
#2447 = CARTESIAN_POINT('',(29.934077405585,15.45853299914,
    32.821137932039));
#2448 = CARTESIAN_POINT('',(29.934077405586,17.5,32.821137932041));
#2449 = PCURVE('',#308,#2450);
#2450 = DEFINITIONAL_REPRESENTATION('',(#2451),#2463);
#2451 = B_SPLINE_CURVE_WITH_KNOTS('',10,(#2452,#2453,#2454,#2455,#2456,
    #2457,#2458,#2459,#2460,#2461,#2462),.UNSPECIFIED.,.F.,.F.,(11,11),(
    72.699111843078,91.548667764616),.PIECEWISE_BEZIER_KNOTS.);
#2452 = CARTESIAN_POINT('',(62.180252904836,-32.5));
#2453 = CARTESIAN_POINT('',(62.180252904837,-34.54146700086));
#2454 = CARTESIAN_POINT('',(62.892624503071,-36.58426306046));
#2455 = CARTESIAN_POINT('',(64.319270614175,-38.34666869857));
#2456 = CARTESIAN_POINT('',(66.331025837133,-39.54743858411));
#2457 = CARTESIAN_POINT('',(68.680252904849,-39.97802447005));
#2458 = CARTESIAN_POINT('',(71.029479972517,-39.54743858411));
#2459 = CARTESIAN_POINT('',(73.041235195511,-38.34666869857));
#2460 = CARTESIAN_POINT('',(74.467881306596,-36.58426306046));
#2461 = CARTESIAN_POINT('',(75.180252904837,-34.54146700086));
#2462 = CARTESIAN_POINT('',(75.180252904836,-32.5));
#2463 = ( GEOMETRIC_REPRESENTATION_CONTEXT(2) 
PARAMETRIC_REPRESENTATION_CONTEXT() REPRESENTATION_CONTEXT('2D SPACE',''
  ) );
#2464 = PCURVE('',#2465,#2488);
#2465 = B_SPLINE_SURFACE_WITH_KNOTS('',1,10,(
    (#2466,#2467,#2468,#2469,#2470,#2471,#2472,#2473,#2474,#2475,#2476)
    ,(#2477,#2478,#2479,#2480,#2481,#2482,#2483,#2484,#2485,#2486,#2487
    )),.UNSPECIFIED.,.F.,.F.,.F.,(2,2),(11,11),(0.,18.849555921539),(
    72.699111843078,91.548667764616),.PIECEWISE_BEZIER_KNOTS.);
#2466 = CARTESIAN_POINT('',(19.66858903501,17.5,40.797336808296));
#2467 = CARTESIAN_POINT('',(19.668589035009,15.458532999139,
    40.797336808293));
#2468 = CARTESIAN_POINT('',(20.231115370186,13.41573693954,
    40.360258535896));
#2469 = CARTESIAN_POINT('',(21.357670682662,11.653331301425,
    39.484934450621));
#2470 = CARTESIAN_POINT('',(22.946259132372,10.452561415888,
    38.250614470005));
#2471 = CARTESIAN_POINT('',(24.801333220282,10.021975529944,
    36.809237370127));
#2472 = CARTESIAN_POINT('',(26.656407308251,10.452561415886,
    35.367860270403));
#2473 = CARTESIAN_POINT('',(28.244995757916,11.653331301426,
    34.133540289672));
#2474 = CARTESIAN_POINT('',(29.371551070417,13.415736939539,
    33.25821620446));
#2475 = CARTESIAN_POINT('',(29.934077405585,15.45853299914,
    32.821137932039));
#2476 = CARTESIAN_POINT('',(29.934077405586,17.5,32.821137932041));
#2477 = CARTESIAN_POINT('',(19.912561065084,17.5,40.013859879974));
#2478 = CARTESIAN_POINT('',(19.912561065083,15.670015930326,
    40.013859879972));
#2479 = CARTESIAN_POINT('',(20.400979632551,13.839763841354,
    39.627028077356));
#2480 = CARTESIAN_POINT('',(21.372708916869,12.23508861934,
    38.854798445115));
#2481 = CARTESIAN_POINT('',(22.781797622091,11.117277217848,
    37.748376715056));
#2482 = CARTESIAN_POINT('',(24.390865941068,10.608486910352,
    36.464616565623));
#2483 = CARTESIAN_POINT('',(26.19774503183,10.870870949738,
    35.090159692721));
#2484 = CARTESIAN_POINT('',(27.729109521295,11.973836073948,
    33.915407331891));
#2485 = CARTESIAN_POINT('',(28.836970351317,13.619822220267,
    33.071719091141));
#2486 = CARTESIAN_POINT('',(29.388396484076,15.561121914239,
    32.65121476343));
#2487 = CARTESIAN_POINT('',(29.388396484077,17.5,32.651214763431));
#2488 = DEFINITIONAL_REPRESENTATION('',(#2489),#2493);
#2489 = LINE('',#2490,#2491);
#2490 = CARTESIAN_POINT('',(0.,0.));
#2491 = VECTOR('',#2492,1.);
#2492 = DIRECTION('',(0.,1.));
#2493 = ( GEOMETRIC_REPRESENTATION_CONTEXT(2) 
PARAMETRIC_REPRESENTATION_CONTEXT() REPRESENTATION_CONTEXT('2D SPACE',''
  ) );
#2494 = ORIENTED_EDGE('',*,*,#2495,.F.);
#2495 = EDGE_CURVE('',#2496,#2434,#2498,.T.);
#2496 = VERTEX_POINT('',#2497);
#2497 = CARTESIAN_POINT('',(19.66858903501,35.,40.797336808296));
#2498 = SURFACE_CURVE('',#2499,(#2503,#2510),.PCURVE_S1.);
#2499 = LINE('',#2500,#2501);
#2500 = CARTESIAN_POINT('',(19.66858903501,35.,40.797336808296));
#2501 = VECTOR('',#2502,1.);
#2502 = DIRECTION('',(-0.,-1.,-0.));
#2503 = PCURVE('',#308,#2504);
#2504 = DEFINITIONAL_REPRESENTATION('',(#2505),#2509);
#2505 = LINE('',#2506,#2507);
#2506 = CARTESIAN_POINT('',(62.180252904836,-15.));
#2507 = VECTOR('',#2508,1.);
#2508 = DIRECTION('',(1.4E-16,-1.));
#2509 = ( GEOMETRIC_REPRESENTATION_CONTEXT(2) 
PARAMETRIC_REPRESENTATION_CONTEXT() REPRESENTATION_CONTEXT('2D SPACE',''
  ) );
#2510 = PCURVE('',#2511,#2516);
#2511 = PLANE('',#2512);
#2512 = AXIS2_PLACEMENT_3D('',#2513,#2514,#2515);
#2513 = CARTESIAN_POINT('',(19.790575050047,35.,40.405598344135));
#2514 = DIRECTION('',(0.954779432807,3.481108261372E-18,0.297315042823)
  );
#2515 = DIRECTION('',(3.323690571332E-18,-1.,1.034985851803E-18));
#2516 = DEFINITIONAL_REPRESENTATION('',(#2517),#2521);
#2517 = LINE('',#2518,#2519);
#2518 = CARTESIAN_POINT('',(-2.262967684655E-33,-0.410292105905));
#2519 = VECTOR('',#2520,1.);
#2520 = DIRECTION('',(1.,0.));
#2521 = ( GEOMETRIC_REPRESENTATION_CONTEXT(2) 
PARAMETRIC_REPRESENTATION_CONTEXT() REPRESENTATION_CONTEXT('2D SPACE',''
  ) );
#2522 = ORIENTED_EDGE('',*,*,#2523,.F.);
#2523 = EDGE_CURVE('',#2406,#2496,#2524,.T.);
#2524 = SURFACE_CURVE('',#2525,(#2537,#2552),.PCURVE_S1.);
#2525 = B_SPLINE_CURVE_WITH_KNOTS('',10,(#2526,#2527,#2528,#2529,#2530,
    #2531,#2532,#2533,#2534,#2535,#2536),.UNSPECIFIED.,.F.,.F.,(11,11),(
    36.349555921539,55.199111843078),.PIECEWISE_BEZIER_KNOTS.);
#2526 = CARTESIAN_POINT('',(29.934077405586,35.,32.821137932041));
#2527 = CARTESIAN_POINT('',(29.934077405585,37.041467000859,
    32.82113793204));
#2528 = CARTESIAN_POINT('',(29.371551070417,39.084263060466,
    33.258216204453));
#2529 = CARTESIAN_POINT('',(28.244995757917,40.846668698563,
    34.133540289689));
#2530 = CARTESIAN_POINT('',(26.656407308247,42.04743858413,
    35.367860270371));
#2531 = CARTESIAN_POINT('',(24.801333220289,42.47802447004,
    36.80923737017));
#2532 = CARTESIAN_POINT('',(22.946259132364,42.047438584126,
    38.250614469964));
#2533 = CARTESIAN_POINT('',(21.357670682668,40.846668698568,
    39.484934450648));
#2534 = CARTESIAN_POINT('',(20.231115370183,39.084263060463,
    40.360258535884));
#2535 = CARTESIAN_POINT('',(19.66858903501,37.04146700086,
    40.797336808296));
#2536 = CARTESIAN_POINT('',(19.66858903501,35.,40.797336808296));
#2537 = PCURVE('',#308,#2538);
#2538 = DEFINITIONAL_REPRESENTATION('',(#2539),#2551);
#2539 = B_SPLINE_CURVE_WITH_KNOTS('',10,(#2540,#2541,#2542,#2543,#2544,
    #2545,#2546,#2547,#2548,#2549,#2550),.UNSPECIFIED.,.F.,.F.,(11,11),(
    36.349555921539,55.199111843078),.PIECEWISE_BEZIER_KNOTS.);
#2540 = CARTESIAN_POINT('',(75.180252904836,-15.));
#2541 = CARTESIAN_POINT('',(75.180252904836,-12.95853299914));
#2542 = CARTESIAN_POINT('',(74.4678813066,-10.91573693953));
#2543 = CARTESIAN_POINT('',(73.041235195501,-9.153331301437));
#2544 = CARTESIAN_POINT('',(71.029479972534,-7.95256141587));
#2545 = CARTESIAN_POINT('',(68.680252904828,-7.52197552996));
#2546 = CARTESIAN_POINT('',(66.331025837152,-7.952561415874));
#2547 = CARTESIAN_POINT('',(64.319270614163,-9.153331301432));
#2548 = CARTESIAN_POINT('',(62.892624503076,-10.91573693953));
#2549 = CARTESIAN_POINT('',(62.180252904836,-12.95853299914));
#2550 = CARTESIAN_POINT('',(62.180252904836,-15.));
#2551 = ( GEOMETRIC_REPRESENTATION_CONTEXT(2) 
PARAMETRIC_REPRESENTATION_CONTEXT() REPRESENTATION_CONTEXT('2D SPACE',''
  ) );
#2552 = PCURVE('',#2553,#2576);
#2553 = B_SPLINE_SURFACE_WITH_KNOTS('',1,10,(
    (#2554,#2555,#2556,#2557,#2558,#2559,#2560,#2561,#2562,#2563,#2564)
    ,(#2565,#2566,#2567,#2568,#2569,#2570,#2571,#2572,#2573,#2574,#2575
    )),.UNSPECIFIED.,.F.,.F.,.F.,(2,2),(11,11),(0.,18.849555921539),(
    36.349555921539,55.199111843078),.PIECEWISE_BEZIER_KNOTS.);
#2554 = CARTESIAN_POINT('',(29.934077405586,35.,32.821137932041));
#2555 = CARTESIAN_POINT('',(29.934077405585,37.041467000859,
    32.82113793204));
#2556 = CARTESIAN_POINT('',(29.371551070417,39.084263060466,
    33.258216204453));
#2557 = CARTESIAN_POINT('',(28.244995757917,40.846668698563,
    34.133540289689));
#2558 = CARTESIAN_POINT('',(26.656407308247,42.04743858413,
    35.367860270371));
#2559 = CARTESIAN_POINT('',(24.801333220289,42.47802447004,
    36.80923737017));
#2560 = CARTESIAN_POINT('',(22.946259132364,42.047438584126,
    38.250614469964));
#2561 = CARTESIAN_POINT('',(21.357670682668,40.846668698568,
    39.484934450648));
#2562 = CARTESIAN_POINT('',(20.231115370183,39.084263060463,
    40.360258535884));
#2563 = CARTESIAN_POINT('',(19.66858903501,37.04146700086,
    40.797336808296));
#2564 = CARTESIAN_POINT('',(19.66858903501,35.,40.797336808296));
#2565 = CARTESIAN_POINT('',(29.388396484077,35.,32.651214763431));
#2566 = CARTESIAN_POINT('',(29.388396484077,36.938878085759,
    32.65121476343));
#2567 = CARTESIAN_POINT('',(28.836970351316,38.88017777974,
    33.071719091137));
#2568 = CARTESIAN_POINT('',(27.729109521299,40.526163926038,
    33.915407331902));
#2569 = CARTESIAN_POINT('',(26.197745031821,41.629129050283,
    35.090159692701));
#2570 = CARTESIAN_POINT('',(24.390865941081,41.891513089625,
    36.46461656565));
#2571 = CARTESIAN_POINT('',(22.781797622078,41.382722782173,
    37.748376715029));
#2572 = CARTESIAN_POINT('',(21.372708916879,40.264911380647,
    38.854798445134));
#2573 = CARTESIAN_POINT('',(20.400979632547,38.660236158652,
    39.627028077347));
#2574 = CARTESIAN_POINT('',(19.912561065084,36.829984069673,
    40.013859879974));
#2575 = CARTESIAN_POINT('',(19.912561065084,35.,40.013859879974));
#2576 = DEFINITIONAL_REPRESENTATION('',(#2577),#2581);
#2577 = LINE('',#2578,#2579);
#2578 = CARTESIAN_POINT('',(0.,0.));
#2579 = VECTOR('',#2580,1.);
#2580 = DIRECTION('',(0.,1.));
#2581 = ( GEOMETRIC_REPRESENTATION_CONTEXT(2) 
PARAMETRIC_REPRESENTATION_CONTEXT() REPRESENTATION_CONTEXT('2D SPACE',''
  ) );
#2582 = ADVANCED_FACE('',(#2583),#281,.F.);
#2583 = FACE_BOUND('',#2584,.F.);
#2584 = EDGE_LOOP('',(#2585,#2586,#2587,#2608));
#2585 = ORIENTED_EDGE('',*,*,#265,.F.);
#2586 = ORIENTED_EDGE('',*,*,#454,.T.);
#2587 = ORIENTED_EDGE('',*,*,#2588,.T.);
#2588 = EDGE_CURVE('',#432,#1611,#2589,.T.);
#2589 = SURFACE_CURVE('',#2590,(#2594,#2601),.PCURVE_S1.);
#2590 = LINE('',#2591,#2592);
#2591 = CARTESIAN_POINT('',(-27.66656326198,-40.,77.259760713188));
#2592 = VECTOR('',#2593,1.);
#2593 = DIRECTION('',(-0.124520932733,0.,0.992216980963));
#2594 = PCURVE('',#281,#2595);
#2595 = DEFINITIONAL_REPRESENTATION('',(#2596),#2600);
#2596 = LINE('',#2597,#2598);
#2597 = CARTESIAN_POINT('',(80.,0.));
#2598 = VECTOR('',#2599,1.);
#2599 = DIRECTION('',(0.,1.));
#2600 = ( GEOMETRIC_REPRESENTATION_CONTEXT(2) 
PARAMETRIC_REPRESENTATION_CONTEXT() REPRESENTATION_CONTEXT('2D SPACE',''
  ) );
#2601 = PCURVE('',#494,#2602);
#2602 = DEFINITIONAL_REPRESENTATION('',(#2603),#2607);
#2603 = LINE('',#2604,#2605);
#2604 = CARTESIAN_POINT('',(0.,0.25));
#2605 = VECTOR('',#2606,1.);
#2606 = DIRECTION('',(0.,1.));
#2607 = ( GEOMETRIC_REPRESENTATION_CONTEXT(2) 
PARAMETRIC_REPRESENTATION_CONTEXT() REPRESENTATION_CONTEXT('2D SPACE',''
  ) );
#2608 = ORIENTED_EDGE('',*,*,#1634,.F.);
#2609 = ADVANCED_FACE('',(#2610),#392,.T.);
#2610 = FACE_BOUND('',#2611,.T.);
#2611 = EDGE_LOOP('',(#2612,#2613,#2636,#2658));
#2612 = ORIENTED_EDGE('',*,*,#377,.T.);
#2613 = ORIENTED_EDGE('',*,*,#2614,.T.);
#2614 = EDGE_CURVE('',#349,#2615,#2617,.T.);
#2615 = VERTEX_POINT('',#2616);
#2616 = CARTESIAN_POINT('',(-27.42233181428,-40.,71.054694154322));
#2617 = SURFACE_CURVE('',#2618,(#2622,#2629),.PCURVE_S1.);
#2618 = LINE('',#2619,#2620);
#2619 = CARTESIAN_POINT('',(-27.42233181428,40.,71.054694154322));
#2620 = VECTOR('',#2621,1.);
#2621 = DIRECTION('',(0.,-1.,0.));
#2622 = PCURVE('',#392,#2623);
#2623 = DEFINITIONAL_REPRESENTATION('',(#2624),#2628);
#2624 = LINE('',#2625,#2626);
#2625 = CARTESIAN_POINT('',(-0.25,40.));
#2626 = VECTOR('',#2627,1.);
#2627 = DIRECTION('',(0.,-1.));
#2628 = ( GEOMETRIC_REPRESENTATION_CONTEXT(2) 
PARAMETRIC_REPRESENTATION_CONTEXT() REPRESENTATION_CONTEXT('2D SPACE',''
  ) );
#2629 = PCURVE('',#365,#2630);
#2630 = DEFINITIONAL_REPRESENTATION('',(#2631),#2635);
#2631 = LINE('',#2632,#2633);
#2632 = CARTESIAN_POINT('',(1.570796326795,0.));
#2633 = VECTOR('',#2634,1.);
#2634 = DIRECTION('',(0.,1.));
#2635 = ( GEOMETRIC_REPRESENTATION_CONTEXT(2) 
PARAMETRIC_REPRESENTATION_CONTEXT() REPRESENTATION_CONTEXT('2D SPACE',''
  ) );
#2636 = ORIENTED_EDGE('',*,*,#2637,.T.);
#2637 = EDGE_CURVE('',#2615,#533,#2638,.T.);
#2638 = SURFACE_CURVE('',#2639,(#2644,#2651),.PCURVE_S1.);
#2639 = CIRCLE('',#2640,0.25);
#2640 = AXIS2_PLACEMENT_3D('',#2641,#2642,#2643);
#2641 = CARTESIAN_POINT('',(-27.22491857639,-40.,70.901305714394));
#2642 = DIRECTION('',(0.613553759712,0.,0.789652951583));
#2643 = DIRECTION('',(-0.789652951583,0.,0.613553759712));
#2644 = PCURVE('',#392,#2645);
#2645 = DEFINITIONAL_REPRESENTATION('',(#2646),#2650);
#2646 = CIRCLE('',#2647,0.25);
#2647 = AXIS2_PLACEMENT_2D('',#2648,#2649);
#2648 = CARTESIAN_POINT('',(-2.805410842593E-15,-40.));
#2649 = DIRECTION('',(-1.,0.));
#2650 = ( GEOMETRIC_REPRESENTATION_CONTEXT(2) 
PARAMETRIC_REPRESENTATION_CONTEXT() REPRESENTATION_CONTEXT('2D SPACE',''
  ) );
#2651 = PCURVE('',#549,#2652);
#2652 = DEFINITIONAL_REPRESENTATION('',(#2653),#2657);
#2653 = LINE('',#2654,#2655);
#2654 = CARTESIAN_POINT('',(-0.,1.570796326795));
#2655 = VECTOR('',#2656,1.);
#2656 = DIRECTION('',(-1.,0.));
#2657 = ( GEOMETRIC_REPRESENTATION_CONTEXT(2) 
PARAMETRIC_REPRESENTATION_CONTEXT() REPRESENTATION_CONTEXT('2D SPACE',''
  ) );
#2658 = ORIENTED_EDGE('',*,*,#573,.T.);
#2659 = ADVANCED_FACE('',(#2660),#365,.F.);
#2660 = FACE_BOUND('',#2661,.F.);
#2661 = EDGE_LOOP('',(#2662,#2663,#2664,#2686));
#2662 = ORIENTED_EDGE('',*,*,#348,.T.);
#2663 = ORIENTED_EDGE('',*,*,#2614,.T.);
#2664 = ORIENTED_EDGE('',*,*,#2665,.F.);
#2665 = EDGE_CURVE('',#409,#2615,#2666,.T.);
#2666 = SURFACE_CURVE('',#2667,(#2672,#2679),.PCURVE_S1.);
#2667 = CIRCLE('',#2668,3.75);
#2668 = AXIS2_PLACEMENT_3D('',#2669,#2670,#2671);
#2669 = CARTESIAN_POINT('',(-25.12150521536,-40.,74.015892722758));
#2670 = DIRECTION('',(0.,-1.,0.));
#2671 = DIRECTION('',(-0.789652951583,0.,0.613553759712));
#2672 = PCURVE('',#365,#2673);
#2673 = DEFINITIONAL_REPRESENTATION('',(#2674),#2678);
#2674 = LINE('',#2675,#2676);
#2675 = CARTESIAN_POINT('',(0.,80.));
#2676 = VECTOR('',#2677,1.);
#2677 = DIRECTION('',(1.,0.));
#2678 = ( GEOMETRIC_REPRESENTATION_CONTEXT(2) 
PARAMETRIC_REPRESENTATION_CONTEXT() REPRESENTATION_CONTEXT('2D SPACE',''
  ) );
#2679 = PCURVE('',#549,#2680);
#2680 = DEFINITIONAL_REPRESENTATION('',(#2681),#2685);
#2681 = LINE('',#2682,#2683);
#2682 = CARTESIAN_POINT('',(-0.,0.));
#2683 = VECTOR('',#2684,1.);
#2684 = DIRECTION('',(-0.,1.));
#2685 = ( GEOMETRIC_REPRESENTATION_CONTEXT(2) 
PARAMETRIC_REPRESENTATION_CONTEXT() REPRESENTATION_CONTEXT('2D SPACE',''
  ) );
#2686 = ORIENTED_EDGE('',*,*,#408,.F.);
#2687 = ADVANCED_FACE('',(#2688),#494,.F.);
#2688 = FACE_BOUND('',#2689,.F.);
#2689 = EDGE_LOOP('',(#2690,#2691,#2692,#2693));
#2690 = ORIENTED_EDGE('',*,*,#2588,.F.);
#2691 = ORIENTED_EDGE('',*,*,#623,.T.);
#2692 = ORIENTED_EDGE('',*,*,#478,.T.);
#2693 = ORIENTED_EDGE('',*,*,#1610,.F.);
#2694 = ADVANCED_FACE('',(#2695),#549,.F.);
#2695 = FACE_BOUND('',#2696,.T.);
#2696 = EDGE_LOOP('',(#2697,#2698,#2699,#2700));
#2697 = ORIENTED_EDGE('',*,*,#2665,.F.);
#2698 = ORIENTED_EDGE('',*,*,#600,.T.);
#2699 = ORIENTED_EDGE('',*,*,#532,.T.);
#2700 = ORIENTED_EDGE('',*,*,#2637,.F.);
#2701 = ADVANCED_FACE('',(#2702),#698,.F.);
#2702 = FACE_BOUND('',#2703,.F.);
#2703 = EDGE_LOOP('',(#2704,#2726,#2791,#2792));
#2704 = ORIENTED_EDGE('',*,*,#2705,.T.);
#2705 = EDGE_CURVE('',#649,#2706,#2708,.T.);
#2706 = VERTEX_POINT('',#2707);
#2707 = CARTESIAN_POINT('',(-3.777027482398,-35.,58.420472671332));
#2708 = SEAM_CURVE('',#2709,(#2712,#2719),.PCURVE_S1.);
#2709 = B_SPLINE_CURVE_WITH_KNOTS('',1,(#2710,#2711),.UNSPECIFIED.,.F.,
  .F.,(2,2),(0.,56.548667764616),.PIECEWISE_BEZIER_KNOTS.);
#2710 = CARTESIAN_POINT('',(-3.23134656089,-35.,58.590395839942));
#2711 = CARTESIAN_POINT('',(-3.777027482398,-35.,58.420472671332));
#2712 = PCURVE('',#698,#2713);
#2713 = DEFINITIONAL_REPRESENTATION('',(#2714),#2718);
#2714 = LINE('',#2715,#2716);
#2715 = CARTESIAN_POINT('',(0.,-4.04940901667E-14));
#2716 = VECTOR('',#2717,1.);
#2717 = DIRECTION('',(1.,0.));
#2718 = ( GEOMETRIC_REPRESENTATION_CONTEXT(2) 
PARAMETRIC_REPRESENTATION_CONTEXT() REPRESENTATION_CONTEXT('2D SPACE',''
  ) );
#2719 = PCURVE('',#698,#2720);
#2720 = DEFINITIONAL_REPRESENTATION('',(#2721),#2725);
#2721 = LINE('',#2722,#2723);
#2722 = CARTESIAN_POINT('',(0.,56.548667764616));
#2723 = VECTOR('',#2724,1.);
#2724 = DIRECTION('',(1.,0.));
#2725 = ( GEOMETRIC_REPRESENTATION_CONTEXT(2) 
PARAMETRIC_REPRESENTATION_CONTEXT() REPRESENTATION_CONTEXT('2D SPACE',''
  ) );
#2726 = ORIENTED_EDGE('',*,*,#2727,.T.);
#2727 = EDGE_CURVE('',#2706,#2706,#2728,.T.);
#2728 = SURFACE_CURVE('',#2729,(#2750,#2757),.PCURVE_S1.);
#2729 = B_SPLINE_CURVE_WITH_KNOTS('',10,(#2730,#2731,#2732,#2733,#2734,
    #2735,#2736,#2737,#2738,#2739,#2740,#2741,#2742,#2743,#2744,#2745,
    #2746,#2747,#2748,#2749),.UNSPECIFIED.,.T.,.F.,(11,9,11),(
    -4.04940901667E-14,28.274333882308,56.548667764616),.UNSPECIFIED.);
#2730 = CARTESIAN_POINT('',(-3.777027482398,-35.,58.420472671332));
#2731 = CARTESIAN_POINT('',(-3.777027482398,-32.15979309559,
    58.42047267133));
#2732 = CARTESIAN_POINT('',(-4.565189412118,-29.27540070916,
    59.025234375376));
#2733 = CARTESIAN_POINT('',(-6.184524904526,-26.78009722652,
    60.266460990785));
#2734 = CARTESIAN_POINT('',(-8.47570004871,-25.09955988441,
    62.031587315227));
#2735 = CARTESIAN_POINT('',(-11.14546682239,-24.65984255291,
    64.075918844133));
#2736 = CARTESIAN_POINT('',(-13.60839883014,-25.36078222217,
    66.022713622874));
#2737 = CARTESIAN_POINT('',(-15.75242103494,-27.0376032559,
    67.700574932348));
#2738 = CARTESIAN_POINT('',(-17.24240156004,-29.45489368489,
    68.875525880372));
#2739 = CARTESIAN_POINT('',(-17.99078061088,-32.22702877464,
    69.464440346145));
#2740 = CARTESIAN_POINT('',(-17.99078061088,-37.77297122535,
    69.464440346149));
#2741 = CARTESIAN_POINT('',(-17.24240156004,-40.5451063151,
    68.875525880361));
#2742 = CARTESIAN_POINT('',(-15.75242103495,-42.96239674409,
    67.70057493237));
#2743 = CARTESIAN_POINT('',(-13.60839883013,-44.63921777782,
    66.022713622843));
#2744 = CARTESIAN_POINT('',(-11.1454668224,-45.34015744707,
    64.075918844168));
#2745 = CARTESIAN_POINT('',(-8.475700048703,-44.90044011559,
    62.031587315195));
#2746 = CARTESIAN_POINT('',(-6.18452490453,-43.21990277347,
    60.266460990808));
#2747 = CARTESIAN_POINT('',(-4.565189412117,-40.72459929084,
    59.025234375365));
#2748 = CARTESIAN_POINT('',(-3.777027482398,-37.8402069044,
    58.420472671333));
#2749 = CARTESIAN_POINT('',(-3.777027482398,-35.,58.420472671332));
#2750 = PCURVE('',#698,#2751);
#2751 = DEFINITIONAL_REPRESENTATION('',(#2752),#2756);
#2752 = LINE('',#2753,#2754);
#2753 = CARTESIAN_POINT('',(56.548667764616,0.));
#2754 = VECTOR('',#2755,1.);
#2755 = DIRECTION('',(0.,1.));
#2756 = ( GEOMETRIC_REPRESENTATION_CONTEXT(2) 
PARAMETRIC_REPRESENTATION_CONTEXT() REPRESENTATION_CONTEXT('2D SPACE',''
  ) );
#2757 = PCURVE('',#2758,#2766);
#2758 = SURFACE_OF_LINEAR_EXTRUSION('',#2759,#2764);
#2759 = CIRCLE('',#2760,9.);
#2760 = AXIS2_PLACEMENT_3D('',#2761,#2762,#2763);
#2761 = CARTESIAN_POINT('',(-10.73304960092,-35.,64.419156557205));
#2762 = DIRECTION('',(0.613553759712,-0.,0.789652951583));
#2763 = DIRECTION('',(0.789652951583,0.,-0.613553759712));
#2764 = VECTOR('',#2765,1.);
#2765 = DIRECTION('',(0.301708891434,0.,0.953400096932));
#2766 = DEFINITIONAL_REPRESENTATION('',(#2767),#2790);
#2767 = B_SPLINE_CURVE_WITH_KNOTS('',11,(#2768,#2769,#2770,#2771,#2772,
    #2773,#2774,#2775,#2776,#2777,#2778,#2779,#2780,#2781,#2782,#2783,
    #2784,#2785,#2786,#2787,#2788,#2789),.UNSPECIFIED.,.F.,.F.,(12,10,12
    ),(-4.04940901667E-14,28.274333882308,56.548667764616),
  .UNSPECIFIED.);
#2768 = CARTESIAN_POINT('',(1.998401444325E-15,-0.5));
#2769 = CARTESIAN_POINT('',(0.286889586304,-0.5));
#2770 = CARTESIAN_POINT('',(0.577749404773,-0.505259530105));
#2771 = CARTESIAN_POINT('',(0.86971014221,-0.516817255883));
#2772 = CARTESIAN_POINT('',(1.161794164262,-0.528831816631));
#2773 = CARTESIAN_POINT('',(1.450874332273,-0.54720848089));
#2774 = CARTESIAN_POINT('',(1.73773384263,-0.54609158621));
#2775 = CARTESIAN_POINT('',(2.019238660173,-0.527173366025));
#2776 = CARTESIAN_POINT('',(2.301023453611,-0.516823388604));
#2777 = CARTESIAN_POINT('',(2.581370487487,-0.505116523768));
#2778 = CARTESIAN_POINT('',(2.861502554595,-0.5));
#2779 = CARTESIAN_POINT('',(3.421682752585,-0.5));
#2780 = CARTESIAN_POINT('',(3.701814819691,-0.505116523767));
#2781 = CARTESIAN_POINT('',(3.982161853573,-0.516823388607));
#2782 = CARTESIAN_POINT('',(4.263946646998,-0.52717336602));
#2783 = CARTESIAN_POINT('',(4.545451464558,-0.546091586211));
#2784 = CARTESIAN_POINT('',(4.832310974899,-0.547208480895));
#2785 = CARTESIAN_POINT('',(5.121391142923,-0.528831816624));
#2786 = CARTESIAN_POINT('',(5.413475164968,-0.516817255888));
#2787 = CARTESIAN_POINT('',(5.705435902408,-0.505259530103));
#2788 = CARTESIAN_POINT('',(5.996295720876,-0.5));
#2789 = CARTESIAN_POINT('',(6.28318530718,-0.5));
#2790 = ( GEOMETRIC_REPRESENTATION_CONTEXT(2) 
PARAMETRIC_REPRESENTATION_CONTEXT() REPRESENTATION_CONTEXT('2D SPACE',''
  ) );
#2791 = ORIENTED_EDGE('',*,*,#2705,.F.);
#2792 = ORIENTED_EDGE('',*,*,#648,.F.);
#2793 = ADVANCED_FACE('',(#2794),#766,.T.);
#2794 = FACE_BOUND('',#2795,.F.);
#2795 = EDGE_LOOP('',(#2796,#2797,#2838,#2866));
#2796 = ORIENTED_EDGE('',*,*,#748,.T.);
#2797 = ORIENTED_EDGE('',*,*,#2798,.F.);
#2798 = EDGE_CURVE('',#2799,#751,#2801,.T.);
#2799 = VERTEX_POINT('',#2800);
#2800 = CARTESIAN_POINT('',(-32.5,-46.,79.999999999983));
#2801 = SURFACE_CURVE('',#2802,(#2807,#2814),.PCURVE_S1.);
#2802 = CIRCLE('',#2803,5.);
#2803 = AXIS2_PLACEMENT_3D('',#2804,#2805,#2806);
#2804 = CARTESIAN_POINT('',(-32.50000000001,-46.,74.999999999983));
#2805 = DIRECTION('',(-0.,1.,0.));
#2806 = DIRECTION('',(1.60014E-12,0.,1.));
#2807 = PCURVE('',#766,#2808);
#2808 = DEFINITIONAL_REPRESENTATION('',(#2809),#2813);
#2809 = LINE('',#2810,#2811);
#2810 = CARTESIAN_POINT('',(-1.570796326793,-96.));
#2811 = VECTOR('',#2812,1.);
#2812 = DIRECTION('',(1.,-0.));
#2813 = ( GEOMETRIC_REPRESENTATION_CONTEXT(2) 
PARAMETRIC_REPRESENTATION_CONTEXT() REPRESENTATION_CONTEXT('2D SPACE',''
  ) );
#2814 = PCURVE('',#2815,#2832);
#2815 = SURFACE_OF_REVOLUTION('',#2816,#2829);
#2816 = B_SPLINE_CURVE_WITH_KNOTS('',6,(#2817,#2818,#2819,#2820,#2821,
    #2822,#2823,#2824,#2825,#2826,#2827,#2828),.UNSPECIFIED.,.F.,.F.,(7,
    5,7),(0.,0.785398163397,1.570796326795),.UNSPECIFIED.);
#2817 = CARTESIAN_POINT('',(-32.5,-46.,79.999999999983));
#2818 = CARTESIAN_POINT('',(-32.5,-46.52359877559,79.999999999983));
#2819 = CARTESIAN_POINT('',(-32.5,-47.04719667664,79.917753619257));
#2820 = CARTESIAN_POINT('',(-32.5,-47.55465066291,79.753258715143));
#2821 = CARTESIAN_POINT('',(-32.5,-48.02979027991,79.51075002248));
#2822 = CARTESIAN_POINT('',(-32.5,-48.4581868799,79.198667369576));
#2823 = CARTESIAN_POINT('',(-32.50000000001,-49.19866736959,
    78.458186879882));
#2824 = CARTESIAN_POINT('',(-32.50000000001,-49.51075002249,
    78.0297902799));
#2825 = CARTESIAN_POINT('',(-32.50000000001,-49.75325871516,
    77.554650662897));
#2826 = CARTESIAN_POINT('',(-32.50000000001,-49.91775361927,
    77.047196676626));
#2827 = CARTESIAN_POINT('',(-32.50000000001,-50.,76.523598775581));
#2828 = CARTESIAN_POINT('',(-32.50000000001,-50.,75.999999999983));
#2829 = AXIS1_PLACEMENT('',#2830,#2831);
#2830 = CARTESIAN_POINT('',(-32.50000000001,-46.,74.999999999983));
#2831 = DIRECTION('',(-0.,-1.,-0.));
#2832 = DEFINITIONAL_REPRESENTATION('',(#2833),#2837);
#2833 = LINE('',#2834,#2835);
#2834 = CARTESIAN_POINT('',(-0.,0.));
#2835 = VECTOR('',#2836,1.);
#2836 = DIRECTION('',(-1.,0.));
#2837 = ( GEOMETRIC_REPRESENTATION_CONTEXT(2) 
PARAMETRIC_REPRESENTATION_CONTEXT() REPRESENTATION_CONTEXT('2D SPACE',''
  ) );
#2838 = ORIENTED_EDGE('',*,*,#2839,.F.);
#2839 = EDGE_CURVE('',#2840,#2799,#2842,.T.);
#2840 = VERTEX_POINT('',#2841);
#2841 = CARTESIAN_POINT('',(-32.5,46.,79.999999999983));
#2842 = SURFACE_CURVE('',#2843,(#2847,#2854),.PCURVE_S1.);
#2843 = LINE('',#2844,#2845);
#2844 = CARTESIAN_POINT('',(-32.5,50.,79.999999999983));
#2845 = VECTOR('',#2846,1.);
#2846 = DIRECTION('',(0.,-1.,2.2E-16));
#2847 = PCURVE('',#766,#2848);
#2848 = DEFINITIONAL_REPRESENTATION('',(#2849),#2853);
#2849 = LINE('',#2850,#2851);
#2850 = CARTESIAN_POINT('',(-1.570796326793,0.));
#2851 = VECTOR('',#2852,1.);
#2852 = DIRECTION('',(-0.,-1.));
#2853 = ( GEOMETRIC_REPRESENTATION_CONTEXT(2) 
PARAMETRIC_REPRESENTATION_CONTEXT() REPRESENTATION_CONTEXT('2D SPACE',''
  ) );
#2854 = PCURVE('',#2855,#2860);
#2855 = PLANE('',#2856);
#2856 = AXIS2_PLACEMENT_3D('',#2857,#2858,#2859);
#2857 = CARTESIAN_POINT('',(-35.,50.,79.999999999983));
#2858 = DIRECTION('',(0.,2.2E-16,1.));
#2859 = DIRECTION('',(1.,0.,0.));
#2860 = DEFINITIONAL_REPRESENTATION('',(#2861),#2865);
#2861 = LINE('',#2862,#2863);
#2862 = CARTESIAN_POINT('',(2.5,0.));
#2863 = VECTOR('',#2864,1.);
#2864 = DIRECTION('',(0.,-1.));
#2865 = ( GEOMETRIC_REPRESENTATION_CONTEXT(2) 
PARAMETRIC_REPRESENTATION_CONTEXT() REPRESENTATION_CONTEXT('2D SPACE',''
  ) );
#2866 = ORIENTED_EDGE('',*,*,#2867,.T.);
#2867 = EDGE_CURVE('',#2840,#749,#2868,.T.);
#2868 = SURFACE_CURVE('',#2869,(#2874,#2881),.PCURVE_S1.);
#2869 = CIRCLE('',#2870,5.);
#2870 = AXIS2_PLACEMENT_3D('',#2871,#2872,#2873);
#2871 = CARTESIAN_POINT('',(-32.50000000001,46.,74.999999999983));
#2872 = DIRECTION('',(-0.,1.,0.));
#2873 = DIRECTION('',(1.60014E-12,0.,1.));
#2874 = PCURVE('',#766,#2875);
#2875 = DEFINITIONAL_REPRESENTATION('',(#2876),#2880);
#2876 = LINE('',#2877,#2878);
#2877 = CARTESIAN_POINT('',(-1.570796326793,-4.));
#2878 = VECTOR('',#2879,1.);
#2879 = DIRECTION('',(1.,-0.));
#2880 = ( GEOMETRIC_REPRESENTATION_CONTEXT(2) 
PARAMETRIC_REPRESENTATION_CONTEXT() REPRESENTATION_CONTEXT('2D SPACE',''
  ) );
#2881 = PCURVE('',#2882,#2899);
#2882 = SURFACE_OF_REVOLUTION('',#2883,#2896);
#2883 = B_SPLINE_CURVE_WITH_KNOTS('',6,(#2884,#2885,#2886,#2887,#2888,
    #2889,#2890,#2891,#2892,#2893,#2894,#2895),.UNSPECIFIED.,.F.,.F.,(7,
    5,7),(0.,0.785398163397,1.570796326795),.UNSPECIFIED.);
#2884 = CARTESIAN_POINT('',(-32.5,46.,79.999999999983));
#2885 = CARTESIAN_POINT('',(-32.5,46.523598775598,79.999999999983));
#2886 = CARTESIAN_POINT('',(-32.5,47.047196676643,79.917753619257));
#2887 = CARTESIAN_POINT('',(-32.5,47.554650662914,79.753258715143));
#2888 = CARTESIAN_POINT('',(-32.5,48.029790279917,79.51075002248));
#2889 = CARTESIAN_POINT('',(-32.5,48.4581868799,79.198667369576));
#2890 = CARTESIAN_POINT('',(-32.50000000001,49.198667369593,
    78.458186879882));
#2891 = CARTESIAN_POINT('',(-32.50000000001,49.510750022497,
    78.0297902799));
#2892 = CARTESIAN_POINT('',(-32.50000000001,49.75325871516,
    77.554650662897));
#2893 = CARTESIAN_POINT('',(-32.50000000001,49.917753619274,
    77.047196676626));
#2894 = CARTESIAN_POINT('',(-32.50000000001,50.,76.523598775581));
#2895 = CARTESIAN_POINT('',(-32.50000000001,50.,75.999999999983));
#2896 = AXIS1_PLACEMENT('',#2897,#2898);
#2897 = CARTESIAN_POINT('',(-32.50000000001,46.,74.999999999983));
#2898 = DIRECTION('',(0.,1.,0.));
#2899 = DEFINITIONAL_REPRESENTATION('',(#2900),#2904);
#2900 = LINE('',#2901,#2902);
#2901 = CARTESIAN_POINT('',(0.,0.));
#2902 = VECTOR('',#2903,1.);
#2903 = DIRECTION('',(1.,0.));
#2904 = ( GEOMETRIC_REPRESENTATION_CONTEXT(2) 
PARAMETRIC_REPRESENTATION_CONTEXT() REPRESENTATION_CONTEXT('2D SPACE',''
  ) );
#2905 = ADVANCED_FACE('',(#2906),#848,.T.);
#2906 = FACE_BOUND('',#2907,.F.);
#2907 = EDGE_LOOP('',(#2908,#2932,#2960,#2999));
#2908 = ORIENTED_EDGE('',*,*,#2909,.T.);
#2909 = EDGE_CURVE('',#749,#2910,#2912,.T.);
#2910 = VERTEX_POINT('',#2911);
#2911 = CARTESIAN_POINT('',(-31.8864462403,50.,75.789652951566));
#2912 = SURFACE_CURVE('',#2913,(#2918,#2925),.PCURVE_S1.);
#2913 = CIRCLE('',#2914,4.);
#2914 = AXIS2_PLACEMENT_3D('',#2915,#2916,#2917);
#2915 = CARTESIAN_POINT('',(-31.8864462403,46.,75.789652951566));
#2916 = DIRECTION('',(-0.789652951583,0.,0.613553759712));
#2917 = DIRECTION('',(0.613553759712,0.,0.789652951583));
#2918 = PCURVE('',#848,#2919);
#2919 = DEFINITIONAL_REPRESENTATION('',(#2920),#2924);
#2920 = LINE('',#2921,#2922);
#2921 = CARTESIAN_POINT('',(-0.,8.48E-15));
#2922 = VECTOR('',#2923,1.);
#2923 = DIRECTION('',(-1.,0.));
#2924 = ( GEOMETRIC_REPRESENTATION_CONTEXT(2) 
PARAMETRIC_REPRESENTATION_CONTEXT() REPRESENTATION_CONTEXT('2D SPACE',''
  ) );
#2925 = PCURVE('',#2882,#2926);
#2926 = DEFINITIONAL_REPRESENTATION('',(#2927),#2931);
#2927 = LINE('',#2928,#2929);
#2928 = CARTESIAN_POINT('',(0.660553171979,0.));
#2929 = VECTOR('',#2930,1.);
#2930 = DIRECTION('',(0.,1.));
#2931 = ( GEOMETRIC_REPRESENTATION_CONTEXT(2) 
PARAMETRIC_REPRESENTATION_CONTEXT() REPRESENTATION_CONTEXT('2D SPACE',''
  ) );
#2932 = ORIENTED_EDGE('',*,*,#2933,.T.);
#2933 = EDGE_CURVE('',#2910,#2934,#2936,.T.);
#2934 = VERTEX_POINT('',#2935);
#2935 = CARTESIAN_POINT('',(35.613553759712,50.,23.342715727366));
#2936 = SURFACE_CURVE('',#2937,(#2941,#2948),.PCURVE_S1.);
#2937 = LINE('',#2938,#2939);
#2938 = CARTESIAN_POINT('',(-31.8864462403,50.,75.789652951566));
#2939 = VECTOR('',#2940,1.);
#2940 = DIRECTION('',(0.789652951583,-1.4E-16,-0.613553759712));
#2941 = PCURVE('',#848,#2942);
#2942 = DEFINITIONAL_REPRESENTATION('',(#2943),#2947);
#2943 = LINE('',#2944,#2945);
#2944 = CARTESIAN_POINT('',(-1.570796326795,0.));
#2945 = VECTOR('',#2946,1.);
#2946 = DIRECTION('',(-0.,1.));
#2947 = ( GEOMETRIC_REPRESENTATION_CONTEXT(2) 
PARAMETRIC_REPRESENTATION_CONTEXT() REPRESENTATION_CONTEXT('2D SPACE',''
  ) );
#2948 = PCURVE('',#2949,#2954);
#2949 = PLANE('',#2950);
#2950 = AXIS2_PLACEMENT_3D('',#2951,#2952,#2953);
#2951 = CARTESIAN_POINT('',(-7.230777497262,50.,31.140651187885));
#2952 = DIRECTION('',(0.,1.,0.));
#2953 = DIRECTION('',(0.,0.,1.));
#2954 = DEFINITIONAL_REPRESENTATION('',(#2955),#2959);
#2955 = LINE('',#2956,#2957);
#2956 = CARTESIAN_POINT('',(44.649001763681,-24.65566874304));
#2957 = VECTOR('',#2958,1.);
#2958 = DIRECTION('',(-0.613553759712,0.789652951583));
#2959 = ( GEOMETRIC_REPRESENTATION_CONTEXT(2) 
PARAMETRIC_REPRESENTATION_CONTEXT() REPRESENTATION_CONTEXT('2D SPACE',''
  ) );
#2960 = ORIENTED_EDGE('',*,*,#2961,.F.);
#2961 = EDGE_CURVE('',#807,#2934,#2962,.T.);
#2962 = SURFACE_CURVE('',#2963,(#2968,#2975),.PCURVE_S1.);
#2963 = CIRCLE('',#2964,4.);
#2964 = AXIS2_PLACEMENT_3D('',#2965,#2966,#2967);
#2965 = CARTESIAN_POINT('',(35.613553759712,46.,23.342715727366));
#2966 = DIRECTION('',(-0.789652951583,1.4E-16,0.613553759712));
#2967 = DIRECTION('',(0.613553759712,1.8E-16,0.789652951583));
#2968 = PCURVE('',#848,#2969);
#2969 = DEFINITIONAL_REPRESENTATION('',(#2970),#2974);
#2970 = LINE('',#2971,#2972);
#2971 = CARTESIAN_POINT('',(-0.,85.480589751132));
#2972 = VECTOR('',#2973,1.);
#2973 = DIRECTION('',(-1.,0.));
#2974 = ( GEOMETRIC_REPRESENTATION_CONTEXT(2) 
PARAMETRIC_REPRESENTATION_CONTEXT() REPRESENTATION_CONTEXT('2D SPACE',''
  ) );
#2975 = PCURVE('',#2976,#2993);
#2976 = SURFACE_OF_REVOLUTION('',#2977,#2990);
#2977 = B_SPLINE_CURVE_WITH_KNOTS('',6,(#2978,#2979,#2980,#2981,#2982,
    #2983,#2984,#2985,#2986,#2987,#2988,#2989),.UNSPECIFIED.,.F.,.F.,(7,
    5,7),(0.,0.785398163397,1.570796326795),.UNSPECIFIED.);
#2978 = CARTESIAN_POINT('',(38.067768798559,46.,26.501327533697));
#2979 = CARTESIAN_POINT('',(38.067768798559,46.523598775598,
    26.501327533697));
#2980 = CARTESIAN_POINT('',(38.017306222442,47.047196676643,
    26.4363814364));
#2981 = CARTESIAN_POINT('',(37.91637975557,47.554650662914,
    26.306487549846));
#2982 = CARTESIAN_POINT('',(37.767587635424,48.029790279917,
    26.1149898449));
#2983 = CARTESIAN_POINT('',(37.576108150393,48.4581868799,
    25.868552856897));
#2984 = CARTESIAN_POINT('',(37.121783561949,49.198667369593,
    25.283830252621));
#2985 = CARTESIAN_POINT('',(36.858939217381,49.510750022497,
    24.945545612996));
#2986 = CARTESIAN_POINT('',(36.567415518982,49.75325871516,
    24.570350212017));
#2987 = CARTESIAN_POINT('',(36.256065217824,49.917753619274,
    24.169637673965));
#2988 = CARTESIAN_POINT('',(35.934809757061,50.,23.756177045962));
#2989 = CARTESIAN_POINT('',(35.613553759712,50.,23.342715727366));
#2990 = AXIS1_PLACEMENT('',#2991,#2992);
#2991 = CARTESIAN_POINT('',(35.,46.,22.553062775783));
#2992 = DIRECTION('',(0.,1.,0.));
#2993 = DEFINITIONAL_REPRESENTATION('',(#2994),#2998);
#2994 = LINE('',#2995,#2996);
#2995 = CARTESIAN_POINT('',(-2.2E-16,0.));
#2996 = VECTOR('',#2997,1.);
#2997 = DIRECTION('',(0.,1.));
#2998 = ( GEOMETRIC_REPRESENTATION_CONTEXT(2) 
PARAMETRIC_REPRESENTATION_CONTEXT() REPRESENTATION_CONTEXT('2D SPACE',''
  ) );
#2999 = ORIENTED_EDGE('',*,*,#834,.F.);
#3000 = ADVANCED_FACE('',(#3001),#794,.T.);
#3001 = FACE_BOUND('',#3002,.T.);
#3002 = EDGE_LOOP('',(#3003,#3027,#3055,#3094));
#3003 = ORIENTED_EDGE('',*,*,#3004,.T.);
#3004 = EDGE_CURVE('',#751,#3005,#3007,.T.);
#3005 = VERTEX_POINT('',#3006);
#3006 = CARTESIAN_POINT('',(-31.8864462403,-50.,75.789652951566));
#3007 = SURFACE_CURVE('',#3008,(#3013,#3020),.PCURVE_S1.);
#3008 = CIRCLE('',#3009,4.);
#3009 = AXIS2_PLACEMENT_3D('',#3010,#3011,#3012);
#3010 = CARTESIAN_POINT('',(-31.8864462403,-46.,75.789652951566));
#3011 = DIRECTION('',(0.789652951583,0.,-0.613553759712));
#3012 = DIRECTION('',(0.613553759712,0.,0.789652951583));
#3013 = PCURVE('',#794,#3014);
#3014 = DEFINITIONAL_REPRESENTATION('',(#3015),#3019);
#3015 = LINE('',#3016,#3017);
#3016 = CARTESIAN_POINT('',(0.,-5.73E-15));
#3017 = VECTOR('',#3018,1.);
#3018 = DIRECTION('',(1.,0.));
#3019 = ( GEOMETRIC_REPRESENTATION_CONTEXT(2) 
PARAMETRIC_REPRESENTATION_CONTEXT() REPRESENTATION_CONTEXT('2D SPACE',''
  ) );
#3020 = PCURVE('',#2815,#3021);
#3021 = DEFINITIONAL_REPRESENTATION('',(#3022),#3026);
#3022 = LINE('',#3023,#3024);
#3023 = CARTESIAN_POINT('',(-0.660553171979,0.));
#3024 = VECTOR('',#3025,1.);
#3025 = DIRECTION('',(-0.,1.));
#3026 = ( GEOMETRIC_REPRESENTATION_CONTEXT(2) 
PARAMETRIC_REPRESENTATION_CONTEXT() REPRESENTATION_CONTEXT('2D SPACE',''
  ) );
#3027 = ORIENTED_EDGE('',*,*,#3028,.T.);
#3028 = EDGE_CURVE('',#3005,#3029,#3031,.T.);
#3029 = VERTEX_POINT('',#3030);
#3030 = CARTESIAN_POINT('',(35.613553759712,-50.,23.342715727366));
#3031 = SURFACE_CURVE('',#3032,(#3036,#3043),.PCURVE_S1.);
#3032 = LINE('',#3033,#3034);
#3033 = CARTESIAN_POINT('',(-31.8864462403,-50.,75.789652951566));
#3034 = VECTOR('',#3035,1.);
#3035 = DIRECTION('',(0.789652951583,-1.4E-16,-0.613553759712));
#3036 = PCURVE('',#794,#3037);
#3037 = DEFINITIONAL_REPRESENTATION('',(#3038),#3042);
#3038 = LINE('',#3039,#3040);
#3039 = CARTESIAN_POINT('',(1.570796326795,0.));
#3040 = VECTOR('',#3041,1.);
#3041 = DIRECTION('',(0.,1.));
#3042 = ( GEOMETRIC_REPRESENTATION_CONTEXT(2) 
PARAMETRIC_REPRESENTATION_CONTEXT() REPRESENTATION_CONTEXT('2D SPACE',''
  ) );
#3043 = PCURVE('',#3044,#3049);
#3044 = PLANE('',#3045);
#3045 = AXIS2_PLACEMENT_3D('',#3046,#3047,#3048);
#3046 = CARTESIAN_POINT('',(-7.230777497262,-50.,31.140651187885));
#3047 = DIRECTION('',(0.,1.,0.));
#3048 = DIRECTION('',(0.,0.,1.));
#3049 = DEFINITIONAL_REPRESENTATION('',(#3050),#3054);
#3050 = LINE('',#3051,#3052);
#3051 = CARTESIAN_POINT('',(44.649001763681,-24.65566874304));
#3052 = VECTOR('',#3053,1.);
#3053 = DIRECTION('',(-0.613553759712,0.789652951583));
#3054 = ( GEOMETRIC_REPRESENTATION_CONTEXT(2) 
PARAMETRIC_REPRESENTATION_CONTEXT() REPRESENTATION_CONTEXT('2D SPACE',''
  ) );
#3055 = ORIENTED_EDGE('',*,*,#3056,.F.);
#3056 = EDGE_CURVE('',#779,#3029,#3057,.T.);
#3057 = SURFACE_CURVE('',#3058,(#3063,#3070),.PCURVE_S1.);
#3058 = CIRCLE('',#3059,4.);
#3059 = AXIS2_PLACEMENT_3D('',#3060,#3061,#3062);
#3060 = CARTESIAN_POINT('',(35.613553759712,-46.,23.342715727366));
#3061 = DIRECTION('',(0.789652951583,-1.4E-16,-0.613553759712));
#3062 = DIRECTION('',(0.613553759712,1.8E-16,0.789652951583));
#3063 = PCURVE('',#794,#3064);
#3064 = DEFINITIONAL_REPRESENTATION('',(#3065),#3069);
#3065 = LINE('',#3066,#3067);
#3066 = CARTESIAN_POINT('',(0.,85.480589751132));
#3067 = VECTOR('',#3068,1.);
#3068 = DIRECTION('',(1.,0.));
#3069 = ( GEOMETRIC_REPRESENTATION_CONTEXT(2) 
PARAMETRIC_REPRESENTATION_CONTEXT() REPRESENTATION_CONTEXT('2D SPACE',''
  ) );
#3070 = PCURVE('',#3071,#3088);
#3071 = SURFACE_OF_REVOLUTION('',#3072,#3085);
#3072 = B_SPLINE_CURVE_WITH_KNOTS('',6,(#3073,#3074,#3075,#3076,#3077,
    #3078,#3079,#3080,#3081,#3082,#3083,#3084),.UNSPECIFIED.,.F.,.F.,(7,
    5,7),(0.,0.785398163397,1.570796326795),.UNSPECIFIED.);
#3073 = CARTESIAN_POINT('',(38.067768798559,-46.,26.501327533697));
#3074 = CARTESIAN_POINT('',(38.067768798559,-46.52359877559,
    26.501327533697));
#3075 = CARTESIAN_POINT('',(38.017306222442,-47.04719667664,
    26.4363814364));
#3076 = CARTESIAN_POINT('',(37.91637975557,-47.55465066291,
    26.306487549846));
#3077 = CARTESIAN_POINT('',(37.767587635424,-48.02979027991,
    26.1149898449));
#3078 = CARTESIAN_POINT('',(37.576108150393,-48.4581868799,
    25.868552856897));
#3079 = CARTESIAN_POINT('',(37.121783561949,-49.19866736959,
    25.283830252621));
#3080 = CARTESIAN_POINT('',(36.858939217381,-49.51075002249,
    24.945545612996));
#3081 = CARTESIAN_POINT('',(36.567415518982,-49.75325871516,
    24.570350212016));
#3082 = CARTESIAN_POINT('',(36.256065217824,-49.91775361927,
    24.169637673965));
#3083 = CARTESIAN_POINT('',(35.934809757061,-50.,23.756177045962));
#3084 = CARTESIAN_POINT('',(35.613553759712,-50.,23.342715727366));
#3085 = AXIS1_PLACEMENT('',#3086,#3087);
#3086 = CARTESIAN_POINT('',(35.,-46.,22.553062775783));
#3087 = DIRECTION('',(-0.,-1.,-0.));
#3088 = DEFINITIONAL_REPRESENTATION('',(#3089),#3093);
#3089 = LINE('',#3090,#3091);
#3090 = CARTESIAN_POINT('',(-0.,0.));
#3091 = VECTOR('',#3092,1.);
#3092 = DIRECTION('',(-0.,1.));
#3093 = ( GEOMETRIC_REPRESENTATION_CONTEXT(2) 
PARAMETRIC_REPRESENTATION_CONTEXT() REPRESENTATION_CONTEXT('2D SPACE',''
  ) );
#3094 = ORIENTED_EDGE('',*,*,#778,.F.);
#3095 = ADVANCED_FACE('',(#3096),#822,.T.);
#3096 = FACE_BOUND('',#3097,.F.);
#3097 = EDGE_LOOP('',(#3098,#3128,#3150,#3151));
#3098 = ORIENTED_EDGE('',*,*,#3099,.T.);
#3099 = EDGE_CURVE('',#3100,#3102,#3104,.T.);
#3100 = VERTEX_POINT('',#3101);
#3101 = CARTESIAN_POINT('',(40.,46.,22.553062775783));
#3102 = VERTEX_POINT('',#3103);
#3103 = CARTESIAN_POINT('',(40.,-46.,22.553062775783));
#3104 = SURFACE_CURVE('',#3105,(#3109,#3116),.PCURVE_S1.);
#3105 = LINE('',#3106,#3107);
#3106 = CARTESIAN_POINT('',(40.,50.,22.553062775783));
#3107 = VECTOR('',#3108,1.);
#3108 = DIRECTION('',(0.,-1.,2.2E-16));
#3109 = PCURVE('',#822,#3110);
#3110 = DEFINITIONAL_REPRESENTATION('',(#3111),#3115);
#3111 = LINE('',#3112,#3113);
#3112 = CARTESIAN_POINT('',(8.9E-16,-0.));
#3113 = VECTOR('',#3114,1.);
#3114 = DIRECTION('',(-0.,-1.));
#3115 = ( GEOMETRIC_REPRESENTATION_CONTEXT(2) 
PARAMETRIC_REPRESENTATION_CONTEXT() REPRESENTATION_CONTEXT('2D SPACE',''
  ) );
#3116 = PCURVE('',#3117,#3122);
#3117 = PLANE('',#3118);
#3118 = AXIS2_PLACEMENT_3D('',#3119,#3120,#3121);
#3119 = CARTESIAN_POINT('',(40.,50.,22.553062775783));
#3120 = DIRECTION('',(1.,0.,0.));
#3121 = DIRECTION('',(0.,-2.2E-16,-1.));
#3122 = DEFINITIONAL_REPRESENTATION('',(#3123),#3127);
#3123 = LINE('',#3124,#3125);
#3124 = CARTESIAN_POINT('',(0.,0.));
#3125 = VECTOR('',#3126,1.);
#3126 = DIRECTION('',(0.,-1.));
#3127 = ( GEOMETRIC_REPRESENTATION_CONTEXT(2) 
PARAMETRIC_REPRESENTATION_CONTEXT() REPRESENTATION_CONTEXT('2D SPACE',''
  ) );
#3128 = ORIENTED_EDGE('',*,*,#3129,.F.);
#3129 = EDGE_CURVE('',#779,#3102,#3130,.T.);
#3130 = SURFACE_CURVE('',#3131,(#3136,#3143),.PCURVE_S1.);
#3131 = CIRCLE('',#3132,5.);
#3132 = AXIS2_PLACEMENT_3D('',#3133,#3134,#3135);
#3133 = CARTESIAN_POINT('',(35.,-46.,22.553062775783));
#3134 = DIRECTION('',(-0.,1.,0.));
#3135 = DIRECTION('',(0.613553759712,0.,0.789652951583));
#3136 = PCURVE('',#822,#3137);
#3137 = DEFINITIONAL_REPRESENTATION('',(#3138),#3142);
#3138 = LINE('',#3139,#3140);
#3139 = CARTESIAN_POINT('',(-0.910243154814,-96.));
#3140 = VECTOR('',#3141,1.);
#3141 = DIRECTION('',(1.,-0.));
#3142 = ( GEOMETRIC_REPRESENTATION_CONTEXT(2) 
PARAMETRIC_REPRESENTATION_CONTEXT() REPRESENTATION_CONTEXT('2D SPACE',''
  ) );
#3143 = PCURVE('',#3071,#3144);
#3144 = DEFINITIONAL_REPRESENTATION('',(#3145),#3149);
#3145 = LINE('',#3146,#3147);
#3146 = CARTESIAN_POINT('',(-0.,0.));
#3147 = VECTOR('',#3148,1.);
#3148 = DIRECTION('',(-1.,0.));
#3149 = ( GEOMETRIC_REPRESENTATION_CONTEXT(2) 
PARAMETRIC_REPRESENTATION_CONTEXT() REPRESENTATION_CONTEXT('2D SPACE',''
  ) );
#3150 = ORIENTED_EDGE('',*,*,#806,.F.);
#3151 = ORIENTED_EDGE('',*,*,#3152,.T.);
#3152 = EDGE_CURVE('',#807,#3100,#3153,.T.);
#3153 = SURFACE_CURVE('',#3154,(#3159,#3166),.PCURVE_S1.);
#3154 = CIRCLE('',#3155,5.);
#3155 = AXIS2_PLACEMENT_3D('',#3156,#3157,#3158);
#3156 = CARTESIAN_POINT('',(35.,46.,22.553062775783));
#3157 = DIRECTION('',(-0.,1.,0.));
#3158 = DIRECTION('',(0.613553759712,0.,0.789652951583));
#3159 = PCURVE('',#822,#3160);
#3160 = DEFINITIONAL_REPRESENTATION('',(#3161),#3165);
#3161 = LINE('',#3162,#3163);
#3162 = CARTESIAN_POINT('',(-0.910243154814,-4.));
#3163 = VECTOR('',#3164,1.);
#3164 = DIRECTION('',(1.,-0.));
#3165 = ( GEOMETRIC_REPRESENTATION_CONTEXT(2) 
PARAMETRIC_REPRESENTATION_CONTEXT() REPRESENTATION_CONTEXT('2D SPACE',''
  ) );
#3166 = PCURVE('',#2976,#3167);
#3167 = DEFINITIONAL_REPRESENTATION('',(#3168),#3172);
#3168 = LINE('',#3169,#3170);
#3169 = CARTESIAN_POINT('',(0.,0.));
#3170 = VECTOR('',#3171,1.);
#3171 = DIRECTION('',(1.,0.));
#3172 = ( GEOMETRIC_REPRESENTATION_CONTEXT(2) 
PARAMETRIC_REPRESENTATION_CONTEXT() REPRESENTATION_CONTEXT('2D SPACE',''
  ) );
#3173 = ADVANCED_FACE('',(#3174),#912,.F.);
#3174 = FACE_BOUND('',#3175,.F.);
#3175 = EDGE_LOOP('',(#3176,#3198,#3263,#3264));
#3176 = ORIENTED_EDGE('',*,*,#3177,.T.);
#3177 = EDGE_CURVE('',#863,#3178,#3180,.T.);
#3178 = VERTEX_POINT('',#3179);
#3179 = CARTESIAN_POINT('',(-5.751159861355,-17.5,59.954357070612));
#3180 = SEAM_CURVE('',#3181,(#3184,#3191),.PCURVE_S1.);
#3181 = B_SPLINE_CURVE_WITH_KNOTS('',1,(#3182,#3183),.UNSPECIFIED.,.F.,
  .F.,(2,2),(0.,40.840704496667),.PIECEWISE_BEZIER_KNOTS.);
#3182 = CARTESIAN_POINT('',(-5.205478939847,-17.5,60.124280239222));
#3183 = CARTESIAN_POINT('',(-5.751159861355,-17.5,59.954357070612));
#3184 = PCURVE('',#912,#3185);
#3185 = DEFINITIONAL_REPRESENTATION('',(#3186),#3190);
#3186 = LINE('',#3187,#3188);
#3187 = CARTESIAN_POINT('',(0.,9.250752206863E-18));
#3188 = VECTOR('',#3189,1.);
#3189 = DIRECTION('',(1.,0.));
#3190 = ( GEOMETRIC_REPRESENTATION_CONTEXT(2) 
PARAMETRIC_REPRESENTATION_CONTEXT() REPRESENTATION_CONTEXT('2D SPACE',''
  ) );
#3191 = PCURVE('',#912,#3192);
#3192 = DEFINITIONAL_REPRESENTATION('',(#3193),#3197);
#3193 = LINE('',#3194,#3195);
#3194 = CARTESIAN_POINT('',(0.,40.840704496667));
#3195 = VECTOR('',#3196,1.);
#3196 = DIRECTION('',(1.,0.));
#3197 = ( GEOMETRIC_REPRESENTATION_CONTEXT(2) 
PARAMETRIC_REPRESENTATION_CONTEXT() REPRESENTATION_CONTEXT('2D SPACE',''
  ) );
#3198 = ORIENTED_EDGE('',*,*,#3199,.T.);
#3199 = EDGE_CURVE('',#3178,#3178,#3200,.T.);
#3200 = SURFACE_CURVE('',#3201,(#3222,#3229),.PCURVE_S1.);
#3201 = B_SPLINE_CURVE_WITH_KNOTS('',10,(#3202,#3203,#3204,#3205,#3206,
    #3207,#3208,#3209,#3210,#3211,#3212,#3213,#3214,#3215,#3216,#3217,
    #3218,#3219,#3220,#3221),.UNSPECIFIED.,.T.,.F.,(11,9,11),(
    9.250752206863E-18,20.420352248334,40.840704496667),.UNSPECIFIED.);
#3202 = CARTESIAN_POINT('',(-5.751159861355,-17.5,59.954357070612));
#3203 = CARTESIAN_POINT('',(-5.751159861355,-15.43382992199,
    59.954357070608));
#3204 = CARTESIAN_POINT('',(-6.329192462912,-13.335183287,60.39577111676
    ));
#3205 = CARTESIAN_POINT('',(-7.517389494455,-11.52751979423,
    61.302032451554));
#3206 = CARTESIAN_POINT('',(-9.191609230634,-10.31471051083,
    62.587284580485));
#3207 = CARTESIAN_POINT('',(-11.14487215325,-10.03757160656,
    64.075519105161));
#3208 = CARTESIAN_POINT('',(-12.89425945795,-10.57204715526,
    65.46832313323));
#3209 = CARTESIAN_POINT('',(-14.42748369412,-11.78636114938,
    66.671185508027));
#3210 = CARTESIAN_POINT('',(-15.48460747482,-13.52567963563,
    67.50981201697));
#3211 = CARTESIAN_POINT('',(-16.01664823193,-15.51242693804,
    67.930555946865));
#3212 = CARTESIAN_POINT('',(-16.01664823193,-19.48757306195,
    67.930555946869));
#3213 = CARTESIAN_POINT('',(-15.48460747482,-21.47432036436,
    67.509812016956));
#3214 = CARTESIAN_POINT('',(-14.42748369412,-23.21363885061,
    66.67118550806));
#3215 = CARTESIAN_POINT('',(-12.89425945795,-24.42795284474,
    65.468323133178));
#3216 = CARTESIAN_POINT('',(-11.14487215326,-24.96242839343,
    64.075519105221));
#3217 = CARTESIAN_POINT('',(-9.191609230625,-24.68528948917,
    62.587284580432));
#3218 = CARTESIAN_POINT('',(-7.517389494461,-23.47248020576,
    61.302032451588));
#3219 = CARTESIAN_POINT('',(-6.32919246291,-21.66481671299,
    60.395771116745));
#3220 = CARTESIAN_POINT('',(-5.751159861355,-19.566170078,
    59.954357070613));
#3221 = CARTESIAN_POINT('',(-5.751159861355,-17.5,59.954357070612));
#3222 = PCURVE('',#912,#3223);
#3223 = DEFINITIONAL_REPRESENTATION('',(#3224),#3228);
#3224 = LINE('',#3225,#3226);
#3225 = CARTESIAN_POINT('',(40.840704496667,0.));
#3226 = VECTOR('',#3227,1.);
#3227 = DIRECTION('',(0.,1.));
#3228 = ( GEOMETRIC_REPRESENTATION_CONTEXT(2) 
PARAMETRIC_REPRESENTATION_CONTEXT() REPRESENTATION_CONTEXT('2D SPACE',''
  ) );
#3229 = PCURVE('',#3230,#3238);
#3230 = SURFACE_OF_LINEAR_EXTRUSION('',#3231,#3236);
#3231 = CIRCLE('',#3232,6.5);
#3232 = AXIS2_PLACEMENT_3D('',#3233,#3234,#3235);
#3233 = CARTESIAN_POINT('',(-10.73304960092,-17.5,64.419156557205));
#3234 = DIRECTION('',(0.613553759712,-0.,0.789652951583));
#3235 = DIRECTION('',(0.789652951583,0.,-0.613553759712));
#3236 = VECTOR('',#3237,1.);
#3237 = DIRECTION('',(0.301708891434,0.,0.953400096932));
#3238 = DEFINITIONAL_REPRESENTATION('',(#3239),#3262);
#3239 = B_SPLINE_CURVE_WITH_KNOTS('',11,(#3240,#3241,#3242,#3243,#3244,
    #3245,#3246,#3247,#3248,#3249,#3250,#3251,#3252,#3253,#3254,#3255,
    #3256,#3257,#3258,#3259,#3260,#3261),.UNSPECIFIED.,.F.,.F.,(12,10,12
    ),(9.250752206863E-18,20.420352248334,40.840704496667),
  .UNSPECIFIED.);
#3240 = CARTESIAN_POINT('',(0.,-0.5));
#3241 = CARTESIAN_POINT('',(0.288974836085,-0.5));
#3242 = CARTESIAN_POINT('',(0.581971986361,-0.505314485547));
#3243 = CARTESIAN_POINT('',(0.875804270343,-0.516864846764));
#3244 = CARTESIAN_POINT('',(1.169833730982,-0.529154714978));
#3245 = CARTESIAN_POINT('',(1.459827467964,-0.547382376048));
#3246 = CARTESIAN_POINT('',(1.747061779841,-0.545886367143));
#3247 = CARTESIAN_POINT('',(2.02691249295,-0.526880567201));
#3248 = CARTESIAN_POINT('',(2.307275426174,-0.516762096336));
#3249 = CARTESIAN_POINT('',(2.585589828768,-0.505062573749));
#3250 = CARTESIAN_POINT('',(2.863621533527,-0.5));
#3251 = CARTESIAN_POINT('',(3.419563773653,-0.5));
#3252 = CARTESIAN_POINT('',(3.697595478412,-0.505062573748));
#3253 = CARTESIAN_POINT('',(3.975909881004,-0.516762096338));
#3254 = CARTESIAN_POINT('',(4.256272814235,-0.526880567198));
#3255 = CARTESIAN_POINT('',(4.53612352733,-0.545886367145));
#3256 = CARTESIAN_POINT('',(4.823357839225,-0.54738237605));
#3257 = CARTESIAN_POINT('',(5.11335157619,-0.529154714973));
#3258 = CARTESIAN_POINT('',(5.407381036841,-0.516864846768));
#3259 = CARTESIAN_POINT('',(5.701213320817,-0.505314485545));
#3260 = CARTESIAN_POINT('',(5.994210471095,-0.5));
#3261 = CARTESIAN_POINT('',(6.28318530718,-0.5));
#3262 = ( GEOMETRIC_REPRESENTATION_CONTEXT(2) 
PARAMETRIC_REPRESENTATION_CONTEXT() REPRESENTATION_CONTEXT('2D SPACE',''
  ) );
#3263 = ORIENTED_EDGE('',*,*,#3177,.F.);
#3264 = ORIENTED_EDGE('',*,*,#862,.F.);
#3265 = ADVANCED_FACE('',(#3266),#1012,.F.);
#3266 = FACE_BOUND('',#3267,.F.);
#3267 = EDGE_LOOP('',(#3268,#3290,#3355,#3356));
#3268 = ORIENTED_EDGE('',*,*,#3269,.T.);
#3269 = EDGE_CURVE('',#963,#3270,#3272,.T.);
#3270 = VERTEX_POINT('',#3271);
#3271 = CARTESIAN_POINT('',(-4.566680433981,7.971025352048E-15,
    59.034026431044));
#3272 = SEAM_CURVE('',#3273,(#3276,#3283),.PCURVE_S1.);
#3273 = B_SPLINE_CURVE_WITH_KNOTS('',1,(#3274,#3275),.UNSPECIFIED.,.F.,
  .F.,(2,2),(0.,50.265482457437),.PIECEWISE_BEZIER_KNOTS.);
#3274 = CARTESIAN_POINT('',(-4.020999512473,7.105427357601E-15,
    59.203949599654));
#3275 = CARTESIAN_POINT('',(-4.566680433981,7.971025352048E-15,
    59.034026431044));
#3276 = PCURVE('',#1012,#3277);
#3277 = DEFINITIONAL_REPRESENTATION('',(#3278),#3282);
#3278 = LINE('',#3279,#3280);
#3279 = CARTESIAN_POINT('',(0.,-2.679109721004E-14));
#3280 = VECTOR('',#3281,1.);
#3281 = DIRECTION('',(1.,0.));
#3282 = ( GEOMETRIC_REPRESENTATION_CONTEXT(2) 
PARAMETRIC_REPRESENTATION_CONTEXT() REPRESENTATION_CONTEXT('2D SPACE',''
  ) );
#3283 = PCURVE('',#1012,#3284);
#3284 = DEFINITIONAL_REPRESENTATION('',(#3285),#3289);
#3285 = LINE('',#3286,#3287);
#3286 = CARTESIAN_POINT('',(0.,50.265482457437));
#3287 = VECTOR('',#3288,1.);
#3288 = DIRECTION('',(1.,0.));
#3289 = ( GEOMETRIC_REPRESENTATION_CONTEXT(2) 
PARAMETRIC_REPRESENTATION_CONTEXT() REPRESENTATION_CONTEXT('2D SPACE',''
  ) );
#3290 = ORIENTED_EDGE('',*,*,#3291,.T.);
#3291 = EDGE_CURVE('',#3270,#3270,#3292,.T.);
#3292 = SURFACE_CURVE('',#3293,(#3314,#3321),.PCURVE_S1.);
#3293 = B_SPLINE_CURVE_WITH_KNOTS('',10,(#3294,#3295,#3296,#3297,#3298,
    #3299,#3300,#3301,#3302,#3303,#3304,#3305,#3306,#3307,#3308,#3309,
    #3310,#3311,#3312,#3313),.UNSPECIFIED.,.T.,.F.,(11,9,11),(
    -2.679109721004E-14,25.132741228718,50.265482457437),.UNSPECIFIED.);
#3294 = CARTESIAN_POINT('',(-4.566680433981,7.971025352048E-15,
    59.034026431044));
#3295 = CARTESIAN_POINT('',(-4.566680433982,2.530592173846,
    59.034026431049));
#3296 = CARTESIAN_POINT('',(-5.270777759819,5.100684320825,
    59.573445036265));
#3297 = CARTESIAN_POINT('',(-6.717662171861,7.320958469536,
    60.680686596216));
#3298 = CARTESIAN_POINT('',(-8.761972457465,8.814370189107,
    62.253838169402));
#3299 = CARTESIAN_POINT('',(-11.145237654,9.189284532745,64.075759085755
    ));
#3300 = CARTESIAN_POINT('',(-13.32282265741,8.55469652454,
    65.800983475848));
#3301 = CARTESIAN_POINT('',(-15.22245846793,7.062922121354,
    67.288822782059));
#3302 = CARTESIAN_POINT('',(-16.53929654091,4.916789286593,
    68.329244371264));
#3303 = CARTESIAN_POINT('',(-17.2011276593,2.458811959994,
    68.850886586436));
#3304 = CARTESIAN_POINT('',(-17.2011276593,-2.458811959994,
    68.850886586436));
#3305 = CARTESIAN_POINT('',(-16.5392965409,-4.916789286592,
    68.329244371267));
#3306 = CARTESIAN_POINT('',(-15.22245846794,-7.062922121355,
    67.28882278205));
#3307 = CARTESIAN_POINT('',(-13.32282265741,-8.55469652454,
    65.800983475866));
#3308 = CARTESIAN_POINT('',(-11.145237654,-9.189284532743,
    64.075759085728));
#3309 = CARTESIAN_POINT('',(-8.761972457463,-8.81437018911,
    62.25383816943));
#3310 = CARTESIAN_POINT('',(-6.717662171861,-7.320958469534,
    60.680686596195));
#3311 = CARTESIAN_POINT('',(-5.27077775982,-5.100684320826,
    59.573445036275));
#3312 = CARTESIAN_POINT('',(-4.566680433982,-2.530592173845,
    59.034026431047));
#3313 = CARTESIAN_POINT('',(-4.566680433981,6.011590473412E-15,
    59.034026431044));
#3314 = PCURVE('',#1012,#3315);
#3315 = DEFINITIONAL_REPRESENTATION('',(#3316),#3320);
#3316 = LINE('',#3317,#3318);
#3317 = CARTESIAN_POINT('',(50.265482457437,0.));
#3318 = VECTOR('',#3319,1.);
#3319 = DIRECTION('',(0.,1.));
#3320 = ( GEOMETRIC_REPRESENTATION_CONTEXT(2) 
PARAMETRIC_REPRESENTATION_CONTEXT() REPRESENTATION_CONTEXT('2D SPACE',''
  ) );
#3321 = PCURVE('',#3322,#3330);
#3322 = SURFACE_OF_LINEAR_EXTRUSION('',#3323,#3328);
#3323 = CIRCLE('',#3324,8.);
#3324 = AXIS2_PLACEMENT_3D('',#3325,#3326,#3327);
#3325 = CARTESIAN_POINT('',(-10.73304960092,7.971025352048E-15,
    64.419156557205));
#3326 = DIRECTION('',(0.613553759712,-0.,0.789652951583));
#3327 = DIRECTION('',(0.789652951583,0.,-0.613553759712));
#3328 = VECTOR('',#3329,1.);
#3329 = DIRECTION('',(0.301708891434,0.,0.953400096932));
#3330 = DEFINITIONAL_REPRESENTATION('',(#3331),#3354);
#3331 = B_SPLINE_CURVE_WITH_KNOTS('',11,(#3332,#3333,#3334,#3335,#3336,
    #3337,#3338,#3339,#3340,#3341,#3342,#3343,#3344,#3345,#3346,#3347,
    #3348,#3349,#3350,#3351,#3352,#3353),.UNSPECIFIED.,.F.,.F.,(12,10,12
    ),(-2.679109721004E-14,25.132741228718,50.265482457437),
  .UNSPECIFIED.);
#3332 = CARTESIAN_POINT('',(6.661338147751E-16,-0.5));
#3333 = CARTESIAN_POINT('',(0.287567292482,-0.5));
#3334 = CARTESIAN_POINT('',(0.579121464334,-0.505277358613));
#3335 = CARTESIAN_POINT('',(0.87169206544,-0.516832902299));
#3336 = CARTESIAN_POINT('',(1.164402832843,-0.528936324027));
#3337 = CARTESIAN_POINT('',(1.45378741323,-0.54726550128));
#3338 = CARTESIAN_POINT('',(1.740761606417,-0.546025435841));
#3339 = CARTESIAN_POINT('',(2.021736640969,-0.527077771032));
#3340 = CARTESIAN_POINT('',(2.303053998208,-0.516803650035));
#3341 = CARTESIAN_POINT('',(2.582742020036,-0.505098957414));
#3342 = CARTESIAN_POINT('',(2.862191238393,-0.5));
#3343 = CARTESIAN_POINT('',(3.420994068787,-0.5));
#3344 = CARTESIAN_POINT('',(3.700443287141,-0.505098957414));
#3345 = CARTESIAN_POINT('',(3.980131308978,-0.516803650035));
#3346 = CARTESIAN_POINT('',(4.261448666198,-0.527077771032));
#3347 = CARTESIAN_POINT('',(4.542423700778,-0.546025435842));
#3348 = CARTESIAN_POINT('',(4.829397893938,-0.547265501281));
#3349 = CARTESIAN_POINT('',(5.118782474343,-0.528936324025));
#3350 = CARTESIAN_POINT('',(5.411493241737,-0.516832902301));
#3351 = CARTESIAN_POINT('',(5.704063842846,-0.505277358612));
#3352 = CARTESIAN_POINT('',(5.995618014697,-0.5));
#3353 = CARTESIAN_POINT('',(6.28318530718,-0.5));
#3354 = ( GEOMETRIC_REPRESENTATION_CONTEXT(2) 
PARAMETRIC_REPRESENTATION_CONTEXT() REPRESENTATION_CONTEXT('2D SPACE',''
  ) );
#3355 = ORIENTED_EDGE('',*,*,#3269,.F.);
#3356 = ORIENTED_EDGE('',*,*,#962,.F.);
#3357 = ADVANCED_FACE('',(#3358),#1080,.F.);
#3358 = FACE_BOUND('',#3359,.T.);
#3359 = EDGE_LOOP('',(#3360,#3382,#3383,#3405));
#3360 = ORIENTED_EDGE('',*,*,#3361,.F.);
#3361 = EDGE_CURVE('',#1063,#3362,#3364,.T.);
#3362 = VERTEX_POINT('',#3363);
#3363 = CARTESIAN_POINT('',(2.135393291293,-38.5,53.787294165845));
#3364 = SURFACE_CURVE('',#3365,(#3369,#3376),.PCURVE_S1.);
#3365 = LINE('',#3366,#3367);
#3366 = CARTESIAN_POINT('',(2.288781731221,-38.75,53.984707403741));
#3367 = VECTOR('',#3368,1.);
#3368 = DIRECTION('',(-0.433848024115,0.707106781187,-0.558368956848));
#3369 = PCURVE('',#1080,#3370);
#3370 = DEFINITIONAL_REPRESENTATION('',(#3371),#3375);
#3371 = LINE('',#3372,#3373);
#3372 = CARTESIAN_POINT('',(-0.184823055074,1.484923295436E-15));
#3373 = VECTOR('',#3374,1.);
#3374 = DIRECTION('',(-1.110223024625E-16,1.));
#3375 = ( GEOMETRIC_REPRESENTATION_CONTEXT(2) 
PARAMETRIC_REPRESENTATION_CONTEXT() REPRESENTATION_CONTEXT('2D SPACE',''
  ) );
#3376 = PCURVE('',#1154,#3377);
#3377 = DEFINITIONAL_REPRESENTATION('',(#3378),#3381);
#3378 = B_SPLINE_CURVE_WITH_KNOTS('',1,(#3379,#3380),.UNSPECIFIED.,.F.,
  .F.,(2,2),(-0.353553390593,0.353553390593),.PIECEWISE_BEZIER_KNOTS.);
#3379 = CARTESIAN_POINT('',(0.,57.17154591777));
#3380 = CARTESIAN_POINT('',(11.365220397715,57.17154591777));
#3381 = ( GEOMETRIC_REPRESENTATION_CONTEXT(2) 
PARAMETRIC_REPRESENTATION_CONTEXT() REPRESENTATION_CONTEXT('2D SPACE',''
  ) );
#3382 = ORIENTED_EDGE('',*,*,#1062,.T.);
#3383 = ORIENTED_EDGE('',*,*,#3384,.T.);
#3384 = EDGE_CURVE('',#1065,#3385,#3387,.T.);
#3385 = VERTEX_POINT('',#3386);
#3386 = CARTESIAN_POINT('',(11.611228710286,-38.5,46.424649049302));
#3387 = SURFACE_CURVE('',#3388,(#3392,#3399),.PCURVE_S1.);
#3388 = LINE('',#3389,#3390);
#3389 = CARTESIAN_POINT('',(11.764617150214,-38.75,46.622062287198));
#3390 = VECTOR('',#3391,1.);
#3391 = DIRECTION('',(-0.433848024115,0.707106781187,-0.558368956848));
#3392 = PCURVE('',#1080,#3393);
#3393 = DEFINITIONAL_REPRESENTATION('',(#3394),#3398);
#3394 = LINE('',#3395,#3396);
#3395 = CARTESIAN_POINT('',(-12.18482305507,-1.7763568394E-15));
#3396 = VECTOR('',#3397,1.);
#3397 = DIRECTION('',(-1.110223024625E-16,1.));
#3398 = ( GEOMETRIC_REPRESENTATION_CONTEXT(2) 
PARAMETRIC_REPRESENTATION_CONTEXT() REPRESENTATION_CONTEXT('2D SPACE',''
  ) );
#3399 = PCURVE('',#1274,#3400);
#3400 = DEFINITIONAL_REPRESENTATION('',(#3401),#3404);
#3401 = B_SPLINE_CURVE_WITH_KNOTS('',1,(#3402,#3403),.UNSPECIFIED.,.F.,
  .F.,(2,2),(-0.353553390593,0.353553390593),.PIECEWISE_BEZIER_KNOTS.);
#3402 = CARTESIAN_POINT('',(1.492139745096E-13,23.180483348218));
#3403 = CARTESIAN_POINT('',(10.625756166257,23.180483348218));
#3404 = ( GEOMETRIC_REPRESENTATION_CONTEXT(2) 
PARAMETRIC_REPRESENTATION_CONTEXT() REPRESENTATION_CONTEXT('2D SPACE',''
  ) );
#3405 = ORIENTED_EDGE('',*,*,#3406,.F.);
#3406 = EDGE_CURVE('',#3362,#3385,#3407,.T.);
#3407 = SURFACE_CURVE('',#3408,(#3412,#3419),.PCURVE_S1.);
#3408 = LINE('',#3409,#3410);
#3409 = CARTESIAN_POINT('',(1.989447220333,-38.5,53.900693046167));
#3410 = VECTOR('',#3411,1.);
#3411 = DIRECTION('',(0.789652951583,-5.921189464667E-16,-0.613553759712
    ));
#3412 = PCURVE('',#1080,#3413);
#3413 = DEFINITIONAL_REPRESENTATION('',(#3414),#3418);
#3414 = LINE('',#3415,#3416);
#3415 = CARTESIAN_POINT('',(8.326672684689E-16,0.353553390593));
#3416 = VECTOR('',#3417,1.);
#3417 = DIRECTION('',(-1.,0.));
#3418 = ( GEOMETRIC_REPRESENTATION_CONTEXT(2) 
PARAMETRIC_REPRESENTATION_CONTEXT() REPRESENTATION_CONTEXT('2D SPACE',''
  ) );
#3419 = PCURVE('',#3420,#3425);
#3420 = PLANE('',#3421);
#3421 = AXIS2_PLACEMENT_3D('',#3422,#3423,#3424);
#3422 = CARTESIAN_POINT('',(2.296224100189,-38.5,54.295519521958));
#3423 = DIRECTION('',(-6.018597248589E-16,-1.,1.904619382465E-16));
#3424 = DIRECTION('',(0.789652951583,-5.921189464667E-16,-0.613553759712
    ));
#3425 = DEFINITIONAL_REPRESENTATION('',(#3426),#3430);
#3426 = LINE('',#3427,#3428);
#3427 = CARTESIAN_POINT('',(4.662936703426E-15,-0.5));
#3428 = VECTOR('',#3429,1.);
#3429 = DIRECTION('',(1.,0.));
#3430 = ( GEOMETRIC_REPRESENTATION_CONTEXT(2) 
PARAMETRIC_REPRESENTATION_CONTEXT() REPRESENTATION_CONTEXT('2D SPACE',''
  ) );
#3431 = ADVANCED_FACE('',(#3432),#1154,.F.);
#3432 = FACE_BOUND('',#3433,.F.);
#3433 = EDGE_LOOP('',(#3434,#3456,#3567,#3568));
#3434 = ORIENTED_EDGE('',*,*,#3435,.T.);
#3435 = EDGE_CURVE('',#1093,#3436,#3438,.T.);
#3436 = VERTEX_POINT('',#3437);
#3437 = CARTESIAN_POINT('',(2.135393291293,-31.5,53.787294165845));
#3438 = SURFACE_CURVE('',#3439,(#3443,#3449),.PCURVE_S1.);
#3439 = LINE('',#3440,#3441);
#3440 = CARTESIAN_POINT('',(2.288781731221,-31.25,53.984707403741));
#3441 = VECTOR('',#3442,1.);
#3442 = DIRECTION('',(-0.433848024115,-0.707106781187,-0.558368956848));
#3443 = PCURVE('',#1154,#3444);
#3444 = DEFINITIONAL_REPRESENTATION('',(#3445),#3448);
#3445 = B_SPLINE_CURVE_WITH_KNOTS('',1,(#3446,#3447),.UNSPECIFIED.,.F.,
  .F.,(2,2),(-0.353553390593,0.353553390593),.PIECEWISE_BEZIER_KNOTS.);
#3446 = CARTESIAN_POINT('',(0.,45.806325520055));
#3447 = CARTESIAN_POINT('',(11.365220397715,45.806325520055));
#3448 = ( GEOMETRIC_REPRESENTATION_CONTEXT(2) 
PARAMETRIC_REPRESENTATION_CONTEXT() REPRESENTATION_CONTEXT('2D SPACE',''
  ) );
#3449 = PCURVE('',#1230,#3450);
#3450 = DEFINITIONAL_REPRESENTATION('',(#3451),#3455);
#3451 = LINE('',#3452,#3453);
#3452 = CARTESIAN_POINT('',(11.815176944926,-1.7763568394E-15));
#3453 = VECTOR('',#3454,1.);
#3454 = DIRECTION('',(-5.551115123126E-17,1.));
#3455 = ( GEOMETRIC_REPRESENTATION_CONTEXT(2) 
PARAMETRIC_REPRESENTATION_CONTEXT() REPRESENTATION_CONTEXT('2D SPACE',''
  ) );
#3456 = ORIENTED_EDGE('',*,*,#3457,.T.);
#3457 = EDGE_CURVE('',#3436,#3362,#3458,.T.);
#3458 = SURFACE_CURVE('',#3459,(#3486,#3493),.PCURVE_S1.);
#3459 = B_SPLINE_CURVE_WITH_KNOTS('',9,(#3460,#3461,#3462,#3463,#3464,
    #3465,#3466,#3467,#3468,#3469,#3470,#3471,#3472,#3473,#3474,#3475,
    #3476,#3477,#3478,#3479,#3480,#3481,#3482,#3483,#3484,#3485),
  .UNSPECIFIED.,.F.,.F.,(10,8,8,10),(45.806325520055,45.991198345337,
    56.986673092488,57.17154591777),.UNSPECIFIED.);
#3460 = CARTESIAN_POINT('',(2.135393291293,-31.5,53.787294165845));
#3461 = CARTESIAN_POINT('',(2.119177061186,-31.5,53.799894041438));
#3462 = CARTESIAN_POINT('',(2.102960170553,-31.50013563158,
    53.812494505682));
#3463 = CARTESIAN_POINT('',(2.086745967983,-31.50040650937,
    53.825092585696));
#3464 = CARTESIAN_POINT('',(2.070528159988,-31.50081336683,
    53.837694081455));
#3465 = CARTESIAN_POINT('',(2.054311010513,-31.50135587115,
    53.850295814358));
#3466 = CARTESIAN_POINT('',(2.038099308503,-31.50203356033,
    53.862894260664));
#3467 = CARTESIAN_POINT('',(2.021885294683,-31.50284722943,
    53.875497031469));
#3468 = CARTESIAN_POINT('',(2.005659738655,-31.50379809153,
    53.888113658206));
#3469 = CARTESIAN_POINT('',(1.026834501107,-31.56935085364,
    54.649413536728));
#3470 = CARTESIAN_POINT('',(0.104281537608,-32.11091765066,
    55.377094745322));
#3471 = CARTESIAN_POINT('',(-0.586706130364,-33.08814769163,
    55.942170823953));
#3472 = CARTESIAN_POINT('',(-0.98421500168,-34.30121451233,
    56.261083108859));
#3473 = CARTESIAN_POINT('',(-0.984215001675,-35.69878548766,
    56.261083108846));
#3474 = CARTESIAN_POINT('',(-0.586706130368,-36.91185230836,
    55.942170823963));
#3475 = CARTESIAN_POINT('',(0.10428153761,-37.88908234933,
    55.377094745316));
#3476 = CARTESIAN_POINT('',(1.026834501106,-38.43064914635,
    54.649413536731));
#3477 = CARTESIAN_POINT('',(2.005659738655,-38.49620190846,
    53.888113658206));
#3478 = CARTESIAN_POINT('',(2.021885294683,-38.49715277057,
    53.87549703147));
#3479 = CARTESIAN_POINT('',(2.038099308503,-38.49796643965,
    53.862894260662));
#3480 = CARTESIAN_POINT('',(2.054311010513,-38.49864412886,
    53.850295814359));
#3481 = CARTESIAN_POINT('',(2.070528159988,-38.49918663314,
    53.837694081455));
#3482 = CARTESIAN_POINT('',(2.086745967984,-38.49959349063,
    53.825092585695));
#3483 = CARTESIAN_POINT('',(2.102960170554,-38.49986436841,
    53.812494505683));
#3484 = CARTESIAN_POINT('',(2.119177061186,-38.5,53.799894041438));
#3485 = CARTESIAN_POINT('',(2.135393291293,-38.5,53.787294165845));
#3486 = PCURVE('',#1154,#3487);
#3487 = DEFINITIONAL_REPRESENTATION('',(#3488),#3492);
#3488 = LINE('',#3489,#3490);
#3489 = CARTESIAN_POINT('',(11.365220397715,0.));
#3490 = VECTOR('',#3491,1.);
#3491 = DIRECTION('',(0.,1.));
#3492 = ( GEOMETRIC_REPRESENTATION_CONTEXT(2) 
PARAMETRIC_REPRESENTATION_CONTEXT() REPRESENTATION_CONTEXT('2D SPACE',''
  ) );
#3493 = PCURVE('',#3494,#3502);
#3494 = SURFACE_OF_LINEAR_EXTRUSION('',#3495,#3500);
#3495 = CIRCLE('',#3496,3.5);
#3496 = AXIS2_PLACEMENT_3D('',#3497,#3498,#3499);
#3497 = CARTESIAN_POINT('',(2.296224100189,-35.,54.295519521958));
#3498 = DIRECTION('',(0.613553759712,-0.,0.789652951583));
#3499 = DIRECTION('',(0.789652951583,0.,-0.613553759712));
#3500 = VECTOR('',#3501,1.);
#3501 = DIRECTION('',(0.301708891434,0.,0.953400096932));
#3502 = DEFINITIONAL_REPRESENTATION('',(#3503),#3566);
#3503 = B_SPLINE_CURVE_WITH_KNOTS('',11,(#3504,#3505,#3506,#3507,#3508,
    #3509,#3510,#3511,#3512,#3513,#3514,#3515,#3516,#3517,#3518,#3519,
    #3520,#3521,#3522,#3523,#3524,#3525,#3526,#3527,#3528,#3529,#3530,
    #3531,#3532,#3533,#3534,#3535,#3536,#3537,#3538,#3539,#3540,#3541,
    #3542,#3543,#3544,#3545,#3546,#3547,#3548,#3549,#3550,#3551,#3552,
    #3553,#3554,#3555,#3556,#3557,#3558,#3559,#3560,#3561,#3562,#3563,
    #3564,#3565),.UNSPECIFIED.,.F.,.F.,(12,10,10,10,10,10,12),(
    45.806325520055,47.22697806977,48.647630619484,51.488935718913,
    54.330240818341,55.750893368056,57.17154591777),.UNSPECIFIED.);
#3504 = CARTESIAN_POINT('',(1.570796326795,-0.533066188842));
#3505 = CARTESIAN_POINT('',(1.607686459038,-0.533066188842));
#3506 = CARTESIAN_POINT('',(1.644548869093,-0.533095693449));
#3507 = CARTESIAN_POINT('',(1.681919269124,-0.532975446845));
#3508 = CARTESIAN_POINT('',(1.71732487146,-0.532559988184));
#3509 = CARTESIAN_POINT('',(1.756013103435,-0.532604185936));
#3510 = CARTESIAN_POINT('',(1.790566985949,-0.531736052077));
#3511 = CARTESIAN_POINT('',(1.828497363108,-0.531531625803));
#3512 = CARTESIAN_POINT('',(1.864228079849,-0.530735143233));
#3513 = CARTESIAN_POINT('',(1.900763740944,-0.5300680283));
#3514 = CARTESIAN_POINT('',(1.936981156529,-0.529258987325));
#3515 = CARTESIAN_POINT('',(2.00931538481,-0.527508451407));
#3516 = CARTESIAN_POINT('',(2.045401238676,-0.526558184151));
#3517 = CARTESIAN_POINT('',(2.081409274929,-0.525542189667));
#3518 = CARTESIAN_POINT('',(2.11734293622,-0.524469740022));
#3519 = CARTESIAN_POINT('',(2.153205665217,-0.523350107287));
#3520 = CARTESIAN_POINT('',(2.189000904568,-0.522192563526));
#3521 = CARTESIAN_POINT('',(2.224732096938,-0.521006380812));
#3522 = CARTESIAN_POINT('',(2.260402684981,-0.51980083121));
#3523 = CARTESIAN_POINT('',(2.296016111358,-0.518585186789));
#3524 = CARTESIAN_POINT('',(2.331575818724,-0.517368719619));
#3525 = CARTESIAN_POINT('',(2.438104111769,-0.51374466606));
#3526 = CARTESIAN_POINT('',(2.508923180945,-0.511359920354));
#3527 = CARTESIAN_POINT('',(2.579572358952,-0.50907690276));
#3528 = CARTESIAN_POINT('',(2.650079592187,-0.506957163233));
#3529 = CARTESIAN_POINT('',(2.720470871716,-0.505053363559));
#3530 = CARTESIAN_POINT('',(2.790770233335,-0.503409277371));
#3531 = CARTESIAN_POINT('',(2.860999757501,-0.502059790131));
#3532 = CARTESIAN_POINT('',(2.931179569399,-0.501030899149));
#3533 = CARTESIAN_POINT('',(3.001327838886,-0.500339713566));
#3534 = CARTESIAN_POINT('',(3.071460780531,-0.499994454364));
#3535 = CARTESIAN_POINT('',(3.211724526649,-0.499994454364));
#3536 = CARTESIAN_POINT('',(3.281857468295,-0.500339713566));
#3537 = CARTESIAN_POINT('',(3.352005737778,-0.501030899149));
#3538 = CARTESIAN_POINT('',(3.422185549684,-0.502059790133));
#3539 = CARTESIAN_POINT('',(3.492415073838,-0.503409277369));
#3540 = CARTESIAN_POINT('',(3.56271443547,-0.505053363561));
#3541 = CARTESIAN_POINT('',(3.633105714989,-0.506957163232));
#3542 = CARTESIAN_POINT('',(3.703612948229,-0.509076902761));
#3543 = CARTESIAN_POINT('',(3.774262126234,-0.511359920353));
#3544 = CARTESIAN_POINT('',(3.845081195411,-0.51374466606));
#3545 = CARTESIAN_POINT('',(3.951609488455,-0.517368719618));
#3546 = CARTESIAN_POINT('',(3.987169195824,-0.518585186789));
#3547 = CARTESIAN_POINT('',(4.022782622195,-0.519800831209));
#3548 = CARTESIAN_POINT('',(4.058453210248,-0.521006380812));
#3549 = CARTESIAN_POINT('',(4.094184402604,-0.522192563525));
#3550 = CARTESIAN_POINT('',(4.129979641971,-0.523350107287));
#3551 = CARTESIAN_POINT('',(4.165842370953,-0.524469740021));
#3552 = CARTESIAN_POINT('',(4.201776032255,-0.525542189667));
#3553 = CARTESIAN_POINT('',(4.237784068502,-0.52655818415));
#3554 = CARTESIAN_POINT('',(4.27386992237,-0.527508451407));
#3555 = CARTESIAN_POINT('',(4.34620415065,-0.529258987325));
#3556 = CARTESIAN_POINT('',(4.382421566236,-0.5300680283));
#3557 = CARTESIAN_POINT('',(4.418957227327,-0.530735143234));
#3558 = CARTESIAN_POINT('',(4.45468794408,-0.531531625801));
#3559 = CARTESIAN_POINT('',(4.492618321215,-0.53173605208));
#3560 = CARTESIAN_POINT('',(4.527172203765,-0.532604185931));
#3561 = CARTESIAN_POINT('',(4.565860435701,-0.532559988187));
#3562 = CARTESIAN_POINT('',(4.601266038068,-0.532975446843));
#3563 = CARTESIAN_POINT('',(4.638636438081,-0.53309569345));
#3564 = CARTESIAN_POINT('',(4.675498848143,-0.533066188842));
#3565 = CARTESIAN_POINT('',(4.712388980385,-0.533066188842));
#3566 = ( GEOMETRIC_REPRESENTATION_CONTEXT(2) 
PARAMETRIC_REPRESENTATION_CONTEXT() REPRESENTATION_CONTEXT('2D SPACE',''
  ) );
#3567 = ORIENTED_EDGE('',*,*,#3361,.F.);
#3568 = ORIENTED_EDGE('',*,*,#1092,.F.);
#3569 = ADVANCED_FACE('',(#3570),#1274,.F.);
#3570 = FACE_BOUND('',#3571,.F.);
#3571 = EDGE_LOOP('',(#3572,#3573,#3622,#3641));
#3572 = ORIENTED_EDGE('',*,*,#3384,.T.);
#3573 = ORIENTED_EDGE('',*,*,#3574,.T.);
#3574 = EDGE_CURVE('',#3385,#3575,#3577,.T.);
#3575 = VERTEX_POINT('',#3576);
#3576 = CARTESIAN_POINT('',(11.611228710286,-31.5,46.424649049302));
#3577 = SURFACE_CURVE('',#3578,(#3591,#3598),.PCURVE_S1.);
#3578 = B_SPLINE_CURVE_WITH_KNOTS('',11,(#3579,#3580,#3581,#3582,#3583,
    #3584,#3585,#3586,#3587,#3588,#3589,#3590),.UNSPECIFIED.,.F.,.F.,(12
    ,12),(23.180483348218,33.806239514475),.PIECEWISE_BEZIER_KNOTS.);
#3579 = CARTESIAN_POINT('',(11.611228710286,-38.5,46.424649049302));
#3580 = CARTESIAN_POINT('',(12.372791613207,-38.49999999999,
    45.832921023198));
#3581 = CARTESIAN_POINT('',(13.126424993783,-38.20889639961,
    45.247312316411));
#3582 = CARTESIAN_POINT('',(13.80115206243,-37.6258158833,
    44.725370107995));
#3583 = CARTESIAN_POINT('',(14.416036211949,-36.83015761445,
    44.250191371246));
#3584 = CARTESIAN_POINT('',(14.775147317791,-35.55703916228,
    44.049100805206));
#3585 = CARTESIAN_POINT('',(14.775147317828,-34.44296083771,
    44.049100805276));
#3586 = CARTESIAN_POINT('',(14.41603621192,-33.16984238555,
    44.250191371191));
#3587 = CARTESIAN_POINT('',(13.801152062447,-32.37418411668,
    44.725370108027));
#3588 = CARTESIAN_POINT('',(13.126424993776,-31.79110360038,
    45.247312316398));
#3589 = CARTESIAN_POINT('',(12.372791613209,-31.5,45.832921023201));
#3590 = CARTESIAN_POINT('',(11.611228710286,-31.5,46.424649049302));
#3591 = PCURVE('',#1274,#3592);
#3592 = DEFINITIONAL_REPRESENTATION('',(#3593),#3597);
#3593 = LINE('',#3594,#3595);
#3594 = CARTESIAN_POINT('',(10.625756166257,0.));
#3595 = VECTOR('',#3596,1.);
#3596 = DIRECTION('',(0.,1.));
#3597 = ( GEOMETRIC_REPRESENTATION_CONTEXT(2) 
PARAMETRIC_REPRESENTATION_CONTEXT() REPRESENTATION_CONTEXT('2D SPACE',''
  ) );
#3598 = PCURVE('',#3599,#3607);
#3599 = SURFACE_OF_LINEAR_EXTRUSION('',#3600,#3605);
#3600 = CIRCLE('',#3601,3.5);
#3601 = AXIS2_PLACEMENT_3D('',#3602,#3603,#3604);
#3602 = CARTESIAN_POINT('',(11.772059519182,-35.,46.932874405415));
#3603 = DIRECTION('',(0.613553759712,-0.,0.789652951583));
#3604 = DIRECTION('',(0.789652951583,0.,-0.613553759712));
#3605 = VECTOR('',#3606,1.);
#3606 = DIRECTION('',(0.301708891434,0.,0.953400096932));
#3607 = DEFINITIONAL_REPRESENTATION('',(#3608),#3621);
#3608 = B_SPLINE_CURVE_WITH_KNOTS('',11,(#3609,#3610,#3611,#3612,#3613,
    #3614,#3615,#3616,#3617,#3618,#3619,#3620),.UNSPECIFIED.,.F.,.F.,(12
    ,12),(23.180483348218,33.806239514475),.PIECEWISE_BEZIER_KNOTS.);
#3609 = CARTESIAN_POINT('',(4.712388980385,-0.533066188842));
#3610 = CARTESIAN_POINT('',(4.987939651598,-0.533066188842));
#3611 = CARTESIAN_POINT('',(5.260283637223,-0.533102149415));
#3612 = CARTESIAN_POINT('',(5.535046443339,-0.531151179074));
#3613 = CARTESIAN_POINT('',(5.82894830597,-0.528979012469));
#3614 = CARTESIAN_POINT('',(6.138334405408,-0.463368216303));
#3615 = CARTESIAN_POINT('',(6.428036208952,-0.463368216303));
#3616 = CARTESIAN_POINT('',(6.737422308389,-0.528979012469));
#3617 = CARTESIAN_POINT('',(7.03132417102,-0.531151179074));
#3618 = CARTESIAN_POINT('',(7.306086977137,-0.533102149415));
#3619 = CARTESIAN_POINT('',(7.578430962761,-0.533066188842));
#3620 = CARTESIAN_POINT('',(7.853981633974,-0.533066188842));
#3621 = ( GEOMETRIC_REPRESENTATION_CONTEXT(2) 
PARAMETRIC_REPRESENTATION_CONTEXT() REPRESENTATION_CONTEXT('2D SPACE',''
  ) );
#3622 = ORIENTED_EDGE('',*,*,#3623,.F.);
#3623 = EDGE_CURVE('',#1215,#3575,#3624,.T.);
#3624 = SURFACE_CURVE('',#3625,(#3628,#3635),.PCURVE_S1.);
#3625 = B_SPLINE_CURVE_WITH_KNOTS('',1,(#3626,#3627),.UNSPECIFIED.,.F.,
  .F.,(2,2),(0.,10.625756166257),.PIECEWISE_BEZIER_KNOTS.);
#3626 = CARTESIAN_POINT('',(11.919658114746,-31.0000043795,
    46.818191527254));
#3627 = CARTESIAN_POINT('',(11.611228710286,-31.5,46.424649049302));
#3628 = PCURVE('',#1274,#3629);
#3629 = DEFINITIONAL_REPRESENTATION('',(#3630),#3634);
#3630 = LINE('',#3631,#3632);
#3631 = CARTESIAN_POINT('',(0.,33.806239514475));
#3632 = VECTOR('',#3633,1.);
#3633 = DIRECTION('',(1.,0.));
#3634 = ( GEOMETRIC_REPRESENTATION_CONTEXT(2) 
PARAMETRIC_REPRESENTATION_CONTEXT() REPRESENTATION_CONTEXT('2D SPACE',''
  ) );
#3635 = PCURVE('',#1230,#3636);
#3636 = DEFINITIONAL_REPRESENTATION('',(#3637),#3640);
#3637 = B_SPLINE_CURVE_WITH_KNOTS('',1,(#3638,#3639),.UNSPECIFIED.,.F.,
  .F.,(2,2),(0.,10.625756166257),.PIECEWISE_BEZIER_KNOTS.);
#3638 = CARTESIAN_POINT('',(-0.186915777707,-0.353550293814));
#3639 = CARTESIAN_POINT('',(-0.184823055074,0.353553390593));
#3640 = ( GEOMETRIC_REPRESENTATION_CONTEXT(2) 
PARAMETRIC_REPRESENTATION_CONTEXT() REPRESENTATION_CONTEXT('2D SPACE',''
  ) );
#3641 = ORIENTED_EDGE('',*,*,#1242,.F.);
#3642 = ADVANCED_FACE('',(#3643),#1230,.T.);
#3643 = FACE_BOUND('',#3644,.T.);
#3644 = EDGE_LOOP('',(#3645,#3646,#3647,#3648));
#3645 = ORIENTED_EDGE('',*,*,#3623,.F.);
#3646 = ORIENTED_EDGE('',*,*,#1214,.T.);
#3647 = ORIENTED_EDGE('',*,*,#3435,.T.);
#3648 = ORIENTED_EDGE('',*,*,#3649,.F.);
#3649 = EDGE_CURVE('',#3575,#3436,#3650,.T.);
#3650 = SURFACE_CURVE('',#3651,(#3655,#3662),.PCURVE_S1.);
#3651 = LINE('',#3652,#3653);
#3652 = CARTESIAN_POINT('',(11.465282639326,-31.5,46.538047929624));
#3653 = VECTOR('',#3654,1.);
#3654 = DIRECTION('',(-0.789652951583,5.921189464667E-16,0.613553759712)
  );
#3655 = PCURVE('',#1230,#3656);
#3656 = DEFINITIONAL_REPRESENTATION('',(#3657),#3661);
#3657 = LINE('',#3658,#3659);
#3658 = CARTESIAN_POINT('',(5.551115123126E-16,0.353553390593));
#3659 = VECTOR('',#3660,1.);
#3660 = DIRECTION('',(1.,-5.551115123126E-17));
#3661 = ( GEOMETRIC_REPRESENTATION_CONTEXT(2) 
PARAMETRIC_REPRESENTATION_CONTEXT() REPRESENTATION_CONTEXT('2D SPACE',''
  ) );
#3662 = PCURVE('',#3663,#3668);
#3663 = PLANE('',#3664);
#3664 = AXIS2_PLACEMENT_3D('',#3665,#3666,#3667);
#3665 = CARTESIAN_POINT('',(2.296224100189,-31.5,54.295519521958));
#3666 = DIRECTION('',(-6.018597248589E-16,-1.,1.904619382465E-16));
#3667 = DIRECTION('',(0.789652951583,-5.921189464667E-16,-0.613553759712
    ));
#3668 = DEFINITIONAL_REPRESENTATION('',(#3669),#3673);
#3669 = LINE('',#3670,#3671);
#3670 = CARTESIAN_POINT('',(12.,-0.5));
#3671 = VECTOR('',#3672,1.);
#3672 = DIRECTION('',(-1.,0.));
#3673 = ( GEOMETRIC_REPRESENTATION_CONTEXT(2) 
PARAMETRIC_REPRESENTATION_CONTEXT() REPRESENTATION_CONTEXT('2D SPACE',''
  ) );
#3674 = ADVANCED_FACE('',(#3675),#1358,.F.);
#3675 = FACE_BOUND('',#3676,.F.);
#3676 = EDGE_LOOP('',(#3677,#3699,#3764,#3765));
#3677 = ORIENTED_EDGE('',*,*,#3678,.T.);
#3678 = EDGE_CURVE('',#1309,#3679,#3681,.T.);
#3679 = VERTEX_POINT('',#3680);
#3680 = CARTESIAN_POINT('',(28.993570008286,-35.,32.957991643287));
#3681 = SEAM_CURVE('',#3682,(#3685,#3692),.PCURVE_S1.);
#3682 = B_SPLINE_CURVE_WITH_KNOTS('',1,(#3683,#3684),.UNSPECIFIED.,.F.,
  .F.,(2,2),(0.,34.557519189488),.PIECEWISE_BEZIER_KNOTS.);
#3683 = CARTESIAN_POINT('',(29.539250929794,-35.,33.127914811897));
#3684 = CARTESIAN_POINT('',(28.993570008286,-35.,32.957991643287));
#3685 = PCURVE('',#1358,#3686);
#3686 = DEFINITIONAL_REPRESENTATION('',(#3687),#3691);
#3687 = LINE('',#3688,#3689);
#3688 = CARTESIAN_POINT('',(0.,8.114657959175E-16));
#3689 = VECTOR('',#3690,1.);
#3690 = DIRECTION('',(1.,0.));
#3691 = ( GEOMETRIC_REPRESENTATION_CONTEXT(2) 
PARAMETRIC_REPRESENTATION_CONTEXT() REPRESENTATION_CONTEXT('2D SPACE',''
  ) );
#3692 = PCURVE('',#1358,#3693);
#3693 = DEFINITIONAL_REPRESENTATION('',(#3694),#3698);
#3694 = LINE('',#3695,#3696);
#3695 = CARTESIAN_POINT('',(0.,34.557519189488));
#3696 = VECTOR('',#3697,1.);
#3697 = DIRECTION('',(1.,0.));
#3698 = ( GEOMETRIC_REPRESENTATION_CONTEXT(2) 
PARAMETRIC_REPRESENTATION_CONTEXT() REPRESENTATION_CONTEXT('2D SPACE',''
  ) );
#3699 = ORIENTED_EDGE('',*,*,#3700,.T.);
#3700 = EDGE_CURVE('',#3679,#3679,#3701,.T.);
#3701 = SURFACE_CURVE('',#3702,(#3723,#3730),.PCURVE_S1.);
#3702 = B_SPLINE_CURVE_WITH_KNOTS('',10,(#3703,#3704,#3705,#3706,#3707,
    #3708,#3709,#3710,#3711,#3712,#3713,#3714,#3715,#3716,#3717,#3718,
    #3719,#3720,#3721,#3722),.UNSPECIFIED.,.T.,.F.,(11,9,11),(
    8.114657959175E-16,17.278759594744,34.557519189488),.UNSPECIFIED.);
#3703 = CARTESIAN_POINT('',(28.993570008286,-35.,32.957991643287));
#3704 = CARTESIAN_POINT('',(28.993570008287,-33.24344465255,
    32.957991643289));
#3705 = CARTESIAN_POINT('',(28.499545327453,-31.45908987965,
    33.334080344077));
#3706 = CARTESIAN_POINT('',(27.48381919111,-29.9265720821,34.10635183812
    ));
#3707 = CARTESIAN_POINT('',(26.056097677055,-28.90073902261,
    35.199739893788));
#3708 = CARTESIAN_POINT('',(24.389781784039,-28.68940591837,
    36.465439678412));
#3709 = CARTESIAN_POINT('',(22.926046958546,-29.15649984839,
    37.636559604699));
#3710 = CARTESIAN_POINT('',(21.636916723372,-30.18596188128,
    38.649498205961));
#3711 = CARTESIAN_POINT('',(20.752935692348,-31.65398487544,
    39.353593594618));
#3712 = CARTESIAN_POINT('',(20.307387540876,-33.3265862034,
    39.707083000119));
#3713 = CARTESIAN_POINT('',(20.307387540875,-36.67341379659,
    39.707083000117));
#3714 = CARTESIAN_POINT('',(20.752935692355,-38.34601512454,
    39.353593594628));
#3715 = CARTESIAN_POINT('',(21.636916723356,-39.81403811871,
    38.649498205939));
#3716 = CARTESIAN_POINT('',(22.92604695857,-40.84350015159,
    37.636559604733));
#3717 = CARTESIAN_POINT('',(24.389781784011,-41.31059408164,
    36.465439678372));
#3718 = CARTESIAN_POINT('',(26.056097677079,-41.09926097737,
    35.19973989382));
#3719 = CARTESIAN_POINT('',(27.483819191095,-40.07342791791,
    34.1063518381));
#3720 = CARTESIAN_POINT('',(28.499545327459,-38.54091012033,
    33.334080344085));
#3721 = CARTESIAN_POINT('',(28.993570008286,-36.75655534744,
    32.957991643287));
#3722 = CARTESIAN_POINT('',(28.993570008286,-35.,32.957991643287));
#3723 = PCURVE('',#1358,#3724);
#3724 = DEFINITIONAL_REPRESENTATION('',(#3725),#3729);
#3725 = LINE('',#3726,#3727);
#3726 = CARTESIAN_POINT('',(34.557519189488,0.));
#3727 = VECTOR('',#3728,1.);
#3728 = DIRECTION('',(0.,1.));
#3729 = ( GEOMETRIC_REPRESENTATION_CONTEXT(2) 
PARAMETRIC_REPRESENTATION_CONTEXT() REPRESENTATION_CONTEXT('2D SPACE',''
  ) );
#3730 = PCURVE('',#3731,#3739);
#3731 = SURFACE_OF_LINEAR_EXTRUSION('',#3732,#3737);
#3732 = CIRCLE('',#3733,5.5);
#3733 = AXIS2_PLACEMENT_3D('',#3734,#3735,#3736);
#3734 = CARTESIAN_POINT('',(24.801333220298,-35.,36.809237370169));
#3735 = DIRECTION('',(0.613553759712,-0.,0.789652951583));
#3736 = DIRECTION('',(0.789652951583,0.,-0.613553759712));
#3737 = VECTOR('',#3738,1.);
#3738 = DIRECTION('',(0.301708891434,0.,0.953400096932));
#3739 = DEFINITIONAL_REPRESENTATION('',(#3740),#3763);
#3740 = B_SPLINE_CURVE_WITH_KNOTS('',11,(#3741,#3742,#3743,#3744,#3745,
    #3746,#3747,#3748,#3749,#3750,#3751,#3752,#3753,#3754,#3755,#3756,
    #3757,#3758,#3759,#3760,#3761,#3762),.UNSPECIFIED.,.F.,.F.,(12,10,12
    ),(8.114657959175E-16,17.278759594744,34.557519189488),
  .UNSPECIFIED.);
#3741 = CARTESIAN_POINT('',(1.554312234475E-15,-0.5));
#3742 = CARTESIAN_POINT('',(0.290339726851,-0.5));
#3743 = CARTESIAN_POINT('',(0.58473722843,-0.50535061447));
#3744 = CARTESIAN_POINT('',(0.879786628081,-0.516895111));
#3745 = CARTESIAN_POINT('',(1.175116706852,-0.529368214371));
#3746 = CARTESIAN_POINT('',(1.465671570921,-0.547493718948));
#3747 = CARTESIAN_POINT('',(1.753186351958,-0.545749332574));
#3748 = CARTESIAN_POINT('',(2.031915735936,-0.526691068376));
#3749 = CARTESIAN_POINT('',(2.311374310896,-0.516721080811));
#3750 = CARTESIAN_POINT('',(2.588350359446,-0.505027422234));
#3751 = CARTESIAN_POINT('',(2.865008422383,-0.5));
#3752 = CARTESIAN_POINT('',(3.418176884796,-0.5));
#3753 = CARTESIAN_POINT('',(3.694834947734,-0.505027422234));
#3754 = CARTESIAN_POINT('',(3.971810996283,-0.51672108081));
#3755 = CARTESIAN_POINT('',(4.251269571246,-0.526691068377));
#3756 = CARTESIAN_POINT('',(4.529998955218,-0.545749332574));
#3757 = CARTESIAN_POINT('',(4.817513736262,-0.547493718949));
#3758 = CARTESIAN_POINT('',(5.108068600326,-0.529368214372));
#3759 = CARTESIAN_POINT('',(5.403398679099,-0.516895110999));
#3760 = CARTESIAN_POINT('',(5.69844807875,-0.50535061447));
#3761 = CARTESIAN_POINT('',(5.992845580329,-0.5));
#3762 = CARTESIAN_POINT('',(6.28318530718,-0.5));
#3763 = ( GEOMETRIC_REPRESENTATION_CONTEXT(2) 
PARAMETRIC_REPRESENTATION_CONTEXT() REPRESENTATION_CONTEXT('2D SPACE',''
  ) );
#3764 = ORIENTED_EDGE('',*,*,#3678,.F.);
#3765 = ORIENTED_EDGE('',*,*,#1308,.F.);
#3766 = ADVANCED_FACE('',(#3767),#1458,.F.);
#3767 = FACE_BOUND('',#3768,.F.);
#3768 = EDGE_LOOP('',(#3769,#3791,#3856,#3857));
#3769 = ORIENTED_EDGE('',*,*,#3770,.T.);
#3770 = EDGE_CURVE('',#1409,#3771,#3773,.T.);
#3771 = VERTEX_POINT('',#3772);
#3772 = CARTESIAN_POINT('',(10.436725646091,-17.5,47.376504996517));
#3773 = SEAM_CURVE('',#3774,(#3777,#3784),.PCURVE_S1.);
#3774 = B_SPLINE_CURVE_WITH_KNOTS('',1,(#3775,#3776),.UNSPECIFIED.,.F.,
  .F.,(2,2),(0.,28.274333882308),.PIECEWISE_BEZIER_KNOTS.);
#3775 = CARTESIAN_POINT('',(10.9824065676,-17.5,47.546428165127));
#3776 = CARTESIAN_POINT('',(10.436725646091,-17.5,47.376504996517));
#3777 = PCURVE('',#1458,#3778);
#3778 = DEFINITIONAL_REPRESENTATION('',(#3779),#3783);
#3779 = LINE('',#3780,#3781);
#3780 = CARTESIAN_POINT('',(0.,1.314452579246E-15));
#3781 = VECTOR('',#3782,1.);
#3782 = DIRECTION('',(1.,0.));
#3783 = ( GEOMETRIC_REPRESENTATION_CONTEXT(2) 
PARAMETRIC_REPRESENTATION_CONTEXT() REPRESENTATION_CONTEXT('2D SPACE',''
  ) );
#3784 = PCURVE('',#1458,#3785);
#3785 = DEFINITIONAL_REPRESENTATION('',(#3786),#3790);
#3786 = LINE('',#3787,#3788);
#3787 = CARTESIAN_POINT('',(0.,28.274333882308));
#3788 = VECTOR('',#3789,1.);
#3789 = DIRECTION('',(1.,0.));
#3790 = ( GEOMETRIC_REPRESENTATION_CONTEXT(2) 
PARAMETRIC_REPRESENTATION_CONTEXT() REPRESENTATION_CONTEXT('2D SPACE',''
  ) );
#3791 = ORIENTED_EDGE('',*,*,#3792,.T.);
#3792 = EDGE_CURVE('',#3771,#3771,#3793,.T.);
#3793 = SURFACE_CURVE('',#3794,(#3815,#3822),.PCURVE_S1.);
#3794 = B_SPLINE_CURVE_WITH_KNOTS('',10,(#3795,#3796,#3797,#3798,#3799,
    #3800,#3801,#3802,#3803,#3804,#3805,#3806,#3807,#3808,#3809,#3810,
    #3811,#3812,#3813,#3814),.UNSPECIFIED.,.T.,.F.,(11,9,11),(
    1.314452579246E-15,14.137166941154,28.274333882308),.UNSPECIFIED.);
#3795 = CARTESIAN_POINT('',(10.436725646091,-17.5,47.376504996517));
#3796 = CARTESIAN_POINT('',(10.436725646091,-16.05305938311,
    47.376504996514));
#3797 = CARTESIAN_POINT('',(10.026658540805,-14.58298943006,
    47.687284078916));
#3798 = CARTESIAN_POINT('',(9.183423071722,-13.32571808863,
    48.325561139987));
#3799 = CARTESIAN_POINT('',(8.0018678681,-12.486733668,49.227184128965)
  );
#3800 = CARTESIAN_POINT('',(6.622907824686,-12.34209009157,
    50.270238911471));
#3801 = CARTESIAN_POINT('',(5.445080307675,-12.74088841222,
    51.219574682857));
#3802 = CARTESIAN_POINT('',(4.399793166444,-13.58567577579,
    52.042675448826));
#3803 = CARTESIAN_POINT('',(3.688953214995,-14.7822793253,
    52.612238325017));
#3804 = CARTESIAN_POINT('',(3.329849081846,-16.14074546876,
    52.898488833923));
#3805 = CARTESIAN_POINT('',(3.329849081846,-18.85925453123,
    52.898488833926));
#3806 = CARTESIAN_POINT('',(3.688953214994,-20.21772067469,
    52.612238325003));
#3807 = CARTESIAN_POINT('',(4.399793166448,-21.4143242242,
    52.042675448859));
#3808 = CARTESIAN_POINT('',(5.445080307668,-22.25911158778,
    51.219574682799));
#3809 = CARTESIAN_POINT('',(6.622907824694,-22.65790990841,
    50.270238911545));
#3810 = CARTESIAN_POINT('',(8.001867868091,-22.513266332,49.227184128895
    ));
#3811 = CARTESIAN_POINT('',(9.183423071728,-21.67428191136,
    48.325561140034));
#3812 = CARTESIAN_POINT('',(10.026658540802,-20.41701056994,
    47.687284078895));
#3813 = CARTESIAN_POINT('',(10.436725646091,-18.94694061689,
    47.376504996519));
#3814 = CARTESIAN_POINT('',(10.436725646091,-17.5,47.376504996517));
#3815 = PCURVE('',#1458,#3816);
#3816 = DEFINITIONAL_REPRESENTATION('',(#3817),#3821);
#3817 = LINE('',#3818,#3819);
#3818 = CARTESIAN_POINT('',(28.274333882308,0.));
#3819 = VECTOR('',#3820,1.);
#3820 = DIRECTION('',(0.,1.));
#3821 = ( GEOMETRIC_REPRESENTATION_CONTEXT(2) 
PARAMETRIC_REPRESENTATION_CONTEXT() REPRESENTATION_CONTEXT('2D SPACE',''
  ) );
#3822 = PCURVE('',#3823,#3831);
#3823 = SURFACE_OF_LINEAR_EXTRUSION('',#3824,#3829);
#3824 = CIRCLE('',#3825,4.5);
#3825 = AXIS2_PLACEMENT_3D('',#3826,#3827,#3828);
#3826 = CARTESIAN_POINT('',(7.034141809686,-17.5,50.614196963687));
#3827 = DIRECTION('',(0.613553759712,-0.,0.789652951583));
#3828 = DIRECTION('',(0.789652951583,0.,-0.613553759712));
#3829 = VECTOR('',#3830,1.);
#3830 = DIRECTION('',(0.301708891434,0.,0.953400096932));
#3831 = DEFINITIONAL_REPRESENTATION('',(#3832),#3855);
#3832 = B_SPLINE_CURVE_WITH_KNOTS('',11,(#3833,#3834,#3835,#3836,#3837,
    #3838,#3839,#3840,#3841,#3842,#3843,#3844,#3845,#3846,#3847,#3848,
    #3849,#3850,#3851,#3852,#3853,#3854),.UNSPECIFIED.,.F.,.F.,(12,10,12
    ),(1.314452579246E-15,14.137166941154,28.274333882308),
  .UNSPECIFIED.);
#3833 = CARTESIAN_POINT('',(1.33226762955E-15,-0.5));
#3834 = CARTESIAN_POINT('',(0.292311235735,-0.5));
#3835 = CARTESIAN_POINT('',(0.588733357188,-0.505403021765));
#3836 = CARTESIAN_POINT('',(0.885529932519,-0.516937586061));
#3837 = CARTESIAN_POINT('',(1.182776686623,-0.529679610077));
#3838 = CARTESIAN_POINT('',(1.474091109066,-0.54765111348));
#3839 = CARTESIAN_POINT('',(1.762060004147,-0.545547567826));
#3840 = CARTESIAN_POINT('',(2.039115333688,-0.526420359449));
#3841 = CARTESIAN_POINT('',(2.317304365805,-0.516660579122));
#3842 = CARTESIAN_POINT('',(2.592336081025,-0.504976873932));
#3843 = CARTESIAN_POINT('',(2.8670115904,-0.5));
#3844 = CARTESIAN_POINT('',(3.41617371678,-0.5));
#3845 = CARTESIAN_POINT('',(3.690849226154,-0.504976873933));
#3846 = CARTESIAN_POINT('',(3.965880941375,-0.516660579121));
#3847 = CARTESIAN_POINT('',(4.244069973492,-0.526420359452));
#3848 = CARTESIAN_POINT('',(4.521125303031,-0.545547567823));
#3849 = CARTESIAN_POINT('',(4.809094198115,-0.54765111348));
#3850 = CARTESIAN_POINT('',(5.100408620555,-0.529679610078));
#3851 = CARTESIAN_POINT('',(5.397655374662,-0.516937586059));
#3852 = CARTESIAN_POINT('',(5.694451949991,-0.505403021766));
#3853 = CARTESIAN_POINT('',(5.990874071444,-0.5));
#3854 = CARTESIAN_POINT('',(6.28318530718,-0.5));
#3855 = ( GEOMETRIC_REPRESENTATION_CONTEXT(2) 
PARAMETRIC_REPRESENTATION_CONTEXT() REPRESENTATION_CONTEXT('2D SPACE',''
  ) );
#3856 = ORIENTED_EDGE('',*,*,#3770,.F.);
#3857 = ORIENTED_EDGE('',*,*,#1408,.F.);
#3858 = ADVANCED_FACE('',(#3859),#1558,.F.);
#3859 = FACE_BOUND('',#3860,.F.);
#3860 = EDGE_LOOP('',(#3861,#3883,#3948,#3949));
#3861 = ORIENTED_EDGE('',*,*,#3862,.T.);
#3862 = EDGE_CURVE('',#1509,#3863,#3865,.T.);
#3863 = VERTEX_POINT('',#3864);
#3864 = CARTESIAN_POINT('',(28.993570008286,-17.5,32.957991643287));
#3865 = SEAM_CURVE('',#3866,(#3869,#3876),.PCURVE_S1.);
#3866 = B_SPLINE_CURVE_WITH_KNOTS('',1,(#3867,#3868),.UNSPECIFIED.,.F.,
  .F.,(2,2),(0.,34.557519189488),.PIECEWISE_BEZIER_KNOTS.);
#3867 = CARTESIAN_POINT('',(29.539250929794,-17.5,33.127914811897));
#3868 = CARTESIAN_POINT('',(28.993570008286,-17.5,32.957991643287));
#3869 = PCURVE('',#1558,#3870);
#3870 = DEFINITIONAL_REPRESENTATION('',(#3871),#3875);
#3871 = LINE('',#3872,#3873);
#3872 = CARTESIAN_POINT('',(0.,2.481409991687E-15));
#3873 = VECTOR('',#3874,1.);
#3874 = DIRECTION('',(1.,0.));
#3875 = ( GEOMETRIC_REPRESENTATION_CONTEXT(2) 
PARAMETRIC_REPRESENTATION_CONTEXT() REPRESENTATION_CONTEXT('2D SPACE',''
  ) );
#3876 = PCURVE('',#1558,#3877);
#3877 = DEFINITIONAL_REPRESENTATION('',(#3878),#3882);
#3878 = LINE('',#3879,#3880);
#3879 = CARTESIAN_POINT('',(0.,34.557519189488));
#3880 = VECTOR('',#3881,1.);
#3881 = DIRECTION('',(1.,0.));
#3882 = ( GEOMETRIC_REPRESENTATION_CONTEXT(2) 
PARAMETRIC_REPRESENTATION_CONTEXT() REPRESENTATION_CONTEXT('2D SPACE',''
  ) );
#3883 = ORIENTED_EDGE('',*,*,#3884,.T.);
#3884 = EDGE_CURVE('',#3863,#3863,#3885,.T.);
#3885 = SURFACE_CURVE('',#3886,(#3907,#3914),.PCURVE_S1.);
#3886 = B_SPLINE_CURVE_WITH_KNOTS('',10,(#3887,#3888,#3889,#3890,#3891,
    #3892,#3893,#3894,#3895,#3896,#3897,#3898,#3899,#3900,#3901,#3902,
    #3903,#3904,#3905,#3906),.UNSPECIFIED.,.T.,.F.,(11,9,11),(
    2.481409991687E-15,17.278759594744,34.557519189488),.UNSPECIFIED.);
#3887 = CARTESIAN_POINT('',(28.993570008286,-17.5,32.957991643287));
#3888 = CARTESIAN_POINT('',(28.993570008286,-15.74344465255,
    32.957991643288));
#3889 = CARTESIAN_POINT('',(28.499545327456,-13.95908987966,
    33.334080344081));
#3890 = CARTESIAN_POINT('',(27.483819191102,-12.42657208209,
    34.10635183811));
#3891 = CARTESIAN_POINT('',(26.056097677069,-11.40073902262,
    35.199739893805));
#3892 = CARTESIAN_POINT('',(24.389781784023,-11.18940591835,
    36.465439678392));
#3893 = CARTESIAN_POINT('',(22.926046958559,-11.65649984841,
    37.636559604715));
#3894 = CARTESIAN_POINT('',(21.636916723364,-12.68596188128,
    38.649498205952));
#3895 = CARTESIAN_POINT('',(20.752935692352,-14.15398487545,
    39.353593594622));
#3896 = CARTESIAN_POINT('',(20.307387540876,-15.8265862034,
    39.707083000119));
#3897 = CARTESIAN_POINT('',(20.307387540875,-19.17341379659,
    39.707083000118));
#3898 = CARTESIAN_POINT('',(20.752935692354,-20.84601512454,
    39.353593594625));
#3899 = CARTESIAN_POINT('',(21.636916723359,-22.31403811871,
    38.649498205945));
#3900 = CARTESIAN_POINT('',(22.926046958567,-23.34350015159,
    37.636559604724));
#3901 = CARTESIAN_POINT('',(24.389781784013,-23.81059408164,
    36.465439678383));
#3902 = CARTESIAN_POINT('',(26.056097677078,-23.59926097737,
    35.199739893811));
#3903 = CARTESIAN_POINT('',(27.483819191096,-22.5734279179,
    34.106351838105));
#3904 = CARTESIAN_POINT('',(28.499545327459,-21.04091012033,
    33.334080344083));
#3905 = CARTESIAN_POINT('',(28.993570008286,-19.25655534744,
    32.957991643287));
#3906 = CARTESIAN_POINT('',(28.993570008286,-17.5,32.957991643287));
#3907 = PCURVE('',#1558,#3908);
#3908 = DEFINITIONAL_REPRESENTATION('',(#3909),#3913);
#3909 = LINE('',#3910,#3911);
#3910 = CARTESIAN_POINT('',(34.557519189488,0.));
#3911 = VECTOR('',#3912,1.);
#3912 = DIRECTION('',(0.,1.));
#3913 = ( GEOMETRIC_REPRESENTATION_CONTEXT(2) 
PARAMETRIC_REPRESENTATION_CONTEXT() REPRESENTATION_CONTEXT('2D SPACE',''
  ) );
#3914 = PCURVE('',#3915,#3923);
#3915 = SURFACE_OF_LINEAR_EXTRUSION('',#3916,#3921);
#3916 = CIRCLE('',#3917,5.5);
#3917 = AXIS2_PLACEMENT_3D('',#3918,#3919,#3920);
#3918 = CARTESIAN_POINT('',(24.801333220298,-17.5,36.809237370169));
#3919 = DIRECTION('',(0.613553759712,-0.,0.789652951583));
#3920 = DIRECTION('',(0.789652951583,0.,-0.613553759712));
#3921 = VECTOR('',#3922,1.);
#3922 = DIRECTION('',(0.301708891434,0.,0.953400096932));
#3923 = DEFINITIONAL_REPRESENTATION('',(#3924),#3947);
#3924 = B_SPLINE_CURVE_WITH_KNOTS('',11,(#3925,#3926,#3927,#3928,#3929,
    #3930,#3931,#3932,#3933,#3934,#3935,#3936,#3937,#3938,#3939,#3940,
    #3941,#3942,#3943,#3944,#3945,#3946),.UNSPECIFIED.,.F.,.F.,(12,10,12
    ),(2.481409991687E-15,17.278759594744,34.557519189488),
  .UNSPECIFIED.);
#3925 = CARTESIAN_POINT('',(0.,-0.5));
#3926 = CARTESIAN_POINT('',(0.290339726851,-0.5));
#3927 = CARTESIAN_POINT('',(0.58473722843,-0.50535061447));
#3928 = CARTESIAN_POINT('',(0.879786628081,-0.516895110999));
#3929 = CARTESIAN_POINT('',(1.175116706853,-0.529368214372));
#3930 = CARTESIAN_POINT('',(1.46567157092,-0.547493718948));
#3931 = CARTESIAN_POINT('',(1.753186351961,-0.545749332575));
#3932 = CARTESIAN_POINT('',(2.031915735934,-0.526691068376));
#3933 = CARTESIAN_POINT('',(2.311374310897,-0.516721080811));
#3934 = CARTESIAN_POINT('',(2.588350359446,-0.505027422234));
#3935 = CARTESIAN_POINT('',(2.865008422383,-0.5));
#3936 = CARTESIAN_POINT('',(3.418176884796,-0.5));
#3937 = CARTESIAN_POINT('',(3.694834947734,-0.505027422234));
#3938 = CARTESIAN_POINT('',(3.971810996282,-0.51672108081));
#3939 = CARTESIAN_POINT('',(4.251269571247,-0.526691068377));
#3940 = CARTESIAN_POINT('',(4.529998955217,-0.545749332573));
#3941 = CARTESIAN_POINT('',(4.817513736262,-0.54749371895));
#3942 = CARTESIAN_POINT('',(5.108068600325,-0.529368214371));
#3943 = CARTESIAN_POINT('',(5.4033986791,-0.516895110999));
#3944 = CARTESIAN_POINT('',(5.69844807875,-0.50535061447));
#3945 = CARTESIAN_POINT('',(5.992845580329,-0.5));
#3946 = CARTESIAN_POINT('',(6.28318530718,-0.5));
#3947 = ( GEOMETRIC_REPRESENTATION_CONTEXT(2) 
PARAMETRIC_REPRESENTATION_CONTEXT() REPRESENTATION_CONTEXT('2D SPACE',''
  ) );
#3948 = ORIENTED_EDGE('',*,*,#3862,.F.);
#3949 = ORIENTED_EDGE('',*,*,#1508,.F.);
#3950 = ADVANCED_FACE('',(#3951),#1707,.F.);
#3951 = FACE_BOUND('',#3952,.F.);
#3952 = EDGE_LOOP('',(#3953,#3975,#4040,#4041));
#3953 = ORIENTED_EDGE('',*,*,#3954,.T.);
#3954 = EDGE_CURVE('',#1658,#3955,#3957,.T.);
#3955 = VERTEX_POINT('',#3956);
#3956 = CARTESIAN_POINT('',(-5.751159861355,17.5,59.954357070612));
#3957 = SEAM_CURVE('',#3958,(#3961,#3968),.PCURVE_S1.);
#3958 = B_SPLINE_CURVE_WITH_KNOTS('',1,(#3959,#3960),.UNSPECIFIED.,.F.,
  .F.,(2,2),(0.,40.840704496667),.PIECEWISE_BEZIER_KNOTS.);
#3959 = CARTESIAN_POINT('',(-5.205478939847,17.5,60.124280239222));
#3960 = CARTESIAN_POINT('',(-5.751159861355,17.5,59.954357070612));
#3961 = PCURVE('',#1707,#3962);
#3962 = DEFINITIONAL_REPRESENTATION('',(#3963),#3967);
#3963 = LINE('',#3964,#3965);
#3964 = CARTESIAN_POINT('',(0.,-1.889727079252E-14));
#3965 = VECTOR('',#3966,1.);
#3966 = DIRECTION('',(1.,0.));
#3967 = ( GEOMETRIC_REPRESENTATION_CONTEXT(2) 
PARAMETRIC_REPRESENTATION_CONTEXT() REPRESENTATION_CONTEXT('2D SPACE',''
  ) );
#3968 = PCURVE('',#1707,#3969);
#3969 = DEFINITIONAL_REPRESENTATION('',(#3970),#3974);
#3970 = LINE('',#3971,#3972);
#3971 = CARTESIAN_POINT('',(0.,40.840704496667));
#3972 = VECTOR('',#3973,1.);
#3973 = DIRECTION('',(1.,0.));
#3974 = ( GEOMETRIC_REPRESENTATION_CONTEXT(2) 
PARAMETRIC_REPRESENTATION_CONTEXT() REPRESENTATION_CONTEXT('2D SPACE',''
  ) );
#3975 = ORIENTED_EDGE('',*,*,#3976,.T.);
#3976 = EDGE_CURVE('',#3955,#3955,#3977,.T.);
#3977 = SURFACE_CURVE('',#3978,(#3999,#4006),.PCURVE_S1.);
#3978 = B_SPLINE_CURVE_WITH_KNOTS('',10,(#3979,#3980,#3981,#3982,#3983,
    #3984,#3985,#3986,#3987,#3988,#3989,#3990,#3991,#3992,#3993,#3994,
    #3995,#3996,#3997,#3998),.UNSPECIFIED.,.T.,.F.,(11,9,11),(
    -1.889727079252E-14,20.420352248334,40.840704496667),.UNSPECIFIED.);
#3979 = CARTESIAN_POINT('',(-5.751159861355,17.5,59.954357070612));
#3980 = CARTESIAN_POINT('',(-5.751159861356,19.566170078007,
    59.954357070612));
#3981 = CARTESIAN_POINT('',(-6.329192462911,21.664816712997,
    60.395771116745));
#3982 = CARTESIAN_POINT('',(-7.517389494459,23.472480205764,
    61.302032451589));
#3983 = CARTESIAN_POINT('',(-9.191609230629,24.68528948917,
    62.58728458043));
#3984 = CARTESIAN_POINT('',(-11.14487215326,24.962428393437,
    64.075519105219));
#3985 = CARTESIAN_POINT('',(-12.89425945795,24.427952844739,
    65.468323133184));
#3986 = CARTESIAN_POINT('',(-14.42748369412,23.213638850616,
    66.671185508052));
#3987 = CARTESIAN_POINT('',(-15.48460747482,21.474320364369,
    67.509812016961));
#3988 = CARTESIAN_POINT('',(-16.01664823193,19.487573061955,
    67.930555946867));
#3989 = CARTESIAN_POINT('',(-16.01664823193,15.512426938045,
    67.930555946867));
#3990 = CARTESIAN_POINT('',(-15.48460747482,13.52567963563,
    67.509812016957));
#3991 = CARTESIAN_POINT('',(-14.42748369412,11.786361149388,
    66.67118550806));
#3992 = CARTESIAN_POINT('',(-12.89425945795,10.572047155255,
    65.468323133175));
#3993 = CARTESIAN_POINT('',(-11.14487215327,10.03757160657,
    64.075519105229));
#3994 = CARTESIAN_POINT('',(-9.191609230623,10.314710510824,
    62.587284580422));
#3995 = CARTESIAN_POINT('',(-7.517389494462,11.527519794239,
    61.302032451595));
#3996 = CARTESIAN_POINT('',(-6.329192462909,13.335183287002,
    60.395771116742));
#3997 = CARTESIAN_POINT('',(-5.751159861356,15.433829921993,
    59.954357070614));
#3998 = CARTESIAN_POINT('',(-5.751159861355,17.5,59.954357070612));
#3999 = PCURVE('',#1707,#4000);
#4000 = DEFINITIONAL_REPRESENTATION('',(#4001),#4005);
#4001 = LINE('',#4002,#4003);
#4002 = CARTESIAN_POINT('',(40.840704496667,0.));
#4003 = VECTOR('',#4004,1.);
#4004 = DIRECTION('',(0.,1.));
#4005 = ( GEOMETRIC_REPRESENTATION_CONTEXT(2) 
PARAMETRIC_REPRESENTATION_CONTEXT() REPRESENTATION_CONTEXT('2D SPACE',''
  ) );
#4006 = PCURVE('',#4007,#4015);
#4007 = SURFACE_OF_LINEAR_EXTRUSION('',#4008,#4013);
#4008 = CIRCLE('',#4009,6.5);
#4009 = AXIS2_PLACEMENT_3D('',#4010,#4011,#4012);
#4010 = CARTESIAN_POINT('',(-10.73304960092,17.5,64.419156557205));
#4011 = DIRECTION('',(0.613553759712,-0.,0.789652951583));
#4012 = DIRECTION('',(0.789652951583,0.,-0.613553759712));
#4013 = VECTOR('',#4014,1.);
#4014 = DIRECTION('',(0.301708891434,0.,0.953400096932));
#4015 = DEFINITIONAL_REPRESENTATION('',(#4016),#4039);
#4016 = B_SPLINE_CURVE_WITH_KNOTS('',11,(#4017,#4018,#4019,#4020,#4021,
    #4022,#4023,#4024,#4025,#4026,#4027,#4028,#4029,#4030,#4031,#4032,
    #4033,#4034,#4035,#4036,#4037,#4038),.UNSPECIFIED.,.F.,.F.,(12,10,12
    ),(-1.889727079252E-14,20.420352248334,40.840704496667),
  .UNSPECIFIED.);
#4017 = CARTESIAN_POINT('',(2.886579864025E-15,-0.5));
#4018 = CARTESIAN_POINT('',(0.288974836085,-0.5));
#4019 = CARTESIAN_POINT('',(0.581971986362,-0.505314485549));
#4020 = CARTESIAN_POINT('',(0.87580427034,-0.516864846759));
#4021 = CARTESIAN_POINT('',(1.169833730987,-0.529154714984));
#4022 = CARTESIAN_POINT('',(1.459827467958,-0.547382376045));
#4023 = CARTESIAN_POINT('',(1.747061779847,-0.545886367142));
#4024 = CARTESIAN_POINT('',(2.026912492946,-0.526880567204));
#4025 = CARTESIAN_POINT('',(2.307275426176,-0.516762096335));
#4026 = CARTESIAN_POINT('',(2.585589828767,-0.505062573749));
#4027 = CARTESIAN_POINT('',(2.863621533527,-0.5));
#4028 = CARTESIAN_POINT('',(3.419563773653,-0.5));
#4029 = CARTESIAN_POINT('',(3.697595478413,-0.505062573749));
#4030 = CARTESIAN_POINT('',(3.975909881003,-0.516762096337));
#4031 = CARTESIAN_POINT('',(4.256272814236,-0.5268805672));
#4032 = CARTESIAN_POINT('',(4.536123527329,-0.545886367144));
#4033 = CARTESIAN_POINT('',(4.823357839226,-0.547382376048));
#4034 = CARTESIAN_POINT('',(5.113351576189,-0.529154714976));
#4035 = CARTESIAN_POINT('',(5.407381036842,-0.516864846765));
#4036 = CARTESIAN_POINT('',(5.701213320817,-0.505314485546));
#4037 = CARTESIAN_POINT('',(5.994210471095,-0.5));
#4038 = CARTESIAN_POINT('',(6.28318530718,-0.5));
#4039 = ( GEOMETRIC_REPRESENTATION_CONTEXT(2) 
PARAMETRIC_REPRESENTATION_CONTEXT() REPRESENTATION_CONTEXT('2D SPACE',''
  ) );
#4040 = ORIENTED_EDGE('',*,*,#3954,.F.);
#4041 = ORIENTED_EDGE('',*,*,#1657,.F.);
#4042 = ADVANCED_FACE('',(#4043),#1807,.F.);
#4043 = FACE_BOUND('',#4044,.F.);
#4044 = EDGE_LOOP('',(#4045,#4067,#4132,#4133));
#4045 = ORIENTED_EDGE('',*,*,#4046,.T.);
#4046 = EDGE_CURVE('',#1758,#4047,#4049,.T.);
#4047 = VERTEX_POINT('',#4048);
#4048 = CARTESIAN_POINT('',(-3.777027482398,35.,58.420472671332));
#4049 = SEAM_CURVE('',#4050,(#4053,#4060),.PCURVE_S1.);
#4050 = B_SPLINE_CURVE_WITH_KNOTS('',1,(#4051,#4052),.UNSPECIFIED.,.F.,
  .F.,(2,2),(0.,56.548667764616),.PIECEWISE_BEZIER_KNOTS.);
#4051 = CARTESIAN_POINT('',(-3.23134656089,35.,58.590395839942));
#4052 = CARTESIAN_POINT('',(-3.777027482398,35.,58.420472671332));
#4053 = PCURVE('',#1807,#4054);
#4054 = DEFINITIONAL_REPRESENTATION('',(#4055),#4059);
#4055 = LINE('',#4056,#4057);
#4056 = CARTESIAN_POINT('',(0.,7.59273189455E-14));
#4057 = VECTOR('',#4058,1.);
#4058 = DIRECTION('',(1.,0.));
#4059 = ( GEOMETRIC_REPRESENTATION_CONTEXT(2) 
PARAMETRIC_REPRESENTATION_CONTEXT() REPRESENTATION_CONTEXT('2D SPACE',''
  ) );
#4060 = PCURVE('',#1807,#4061);
#4061 = DEFINITIONAL_REPRESENTATION('',(#4062),#4066);
#4062 = LINE('',#4063,#4064);
#4063 = CARTESIAN_POINT('',(0.,56.548667764616));
#4064 = VECTOR('',#4065,1.);
#4065 = DIRECTION('',(1.,0.));
#4066 = ( GEOMETRIC_REPRESENTATION_CONTEXT(2) 
PARAMETRIC_REPRESENTATION_CONTEXT() REPRESENTATION_CONTEXT('2D SPACE',''
  ) );
#4067 = ORIENTED_EDGE('',*,*,#4068,.T.);
#4068 = EDGE_CURVE('',#4047,#4047,#4069,.T.);
#4069 = SURFACE_CURVE('',#4070,(#4091,#4098),.PCURVE_S1.);
#4070 = B_SPLINE_CURVE_WITH_KNOTS('',10,(#4071,#4072,#4073,#4074,#4075,
    #4076,#4077,#4078,#4079,#4080,#4081,#4082,#4083,#4084,#4085,#4086,
    #4087,#4088,#4089,#4090),.UNSPECIFIED.,.T.,.F.,(11,9,11),(
    7.59273189455E-14,28.274333882308,56.548667764616),.UNSPECIFIED.);
#4071 = CARTESIAN_POINT('',(-3.777027482398,35.,58.420472671332));
#4072 = CARTESIAN_POINT('',(-3.777027482399,37.840206904405,
    58.420472671334));
#4073 = CARTESIAN_POINT('',(-4.565189412115,40.724599290838,
    59.025234375362));
#4074 = CARTESIAN_POINT('',(-6.184524904533,43.219902773476,
    60.266460990815));
#4075 = CARTESIAN_POINT('',(-8.475700048699,44.900440115584,
    62.031587315186));
#4076 = CARTESIAN_POINT('',(-11.1454668224,45.340157447082,
    64.075918844174));
#4077 = CARTESIAN_POINT('',(-13.60839883013,44.639217777819,
    66.022713622843));
#4078 = CARTESIAN_POINT('',(-15.75242103495,42.962396744095,
    67.700574932367));
#4079 = CARTESIAN_POINT('',(-17.24240156004,40.545106315109,
    68.875525880364));
#4080 = CARTESIAN_POINT('',(-17.99078061088,37.772971225353,
    69.464440346147));
#4081 = CARTESIAN_POINT('',(-17.99078061088,32.227028774648,
    69.464440346147));
#4082 = CARTESIAN_POINT('',(-17.24240156004,29.454893684887,
    68.875525880364));
#4083 = CARTESIAN_POINT('',(-15.75242103495,27.037603255913,
    67.700574932364));
#4084 = CARTESIAN_POINT('',(-13.60839883013,25.360782222166,
    66.022713622853));
#4085 = CARTESIAN_POINT('',(-11.1454668224,24.659842552938,
    64.075918844155));
#4086 = CARTESIAN_POINT('',(-8.475700048703,25.099559884398,
    62.031587315208));
#4087 = CARTESIAN_POINT('',(-6.184524904531,26.780097226537,
    60.266460990798));
#4088 = CARTESIAN_POINT('',(-4.565189412116,29.275400709156,
    59.025234375369));
#4089 = CARTESIAN_POINT('',(-3.777027482398,32.159793095596,
    58.420472671333));
#4090 = CARTESIAN_POINT('',(-3.777027482398,35.,58.420472671332));
#4091 = PCURVE('',#1807,#4092);
#4092 = DEFINITIONAL_REPRESENTATION('',(#4093),#4097);
#4093 = LINE('',#4094,#4095);
#4094 = CARTESIAN_POINT('',(56.548667764616,0.));
#4095 = VECTOR('',#4096,1.);
#4096 = DIRECTION('',(0.,1.));
#4097 = ( GEOMETRIC_REPRESENTATION_CONTEXT(2) 
PARAMETRIC_REPRESENTATION_CONTEXT() REPRESENTATION_CONTEXT('2D SPACE',''
  ) );
#4098 = PCURVE('',#4099,#4107);
#4099 = SURFACE_OF_LINEAR_EXTRUSION('',#4100,#4105);
#4100 = CIRCLE('',#4101,9.);
#4101 = AXIS2_PLACEMENT_3D('',#4102,#4103,#4104);
#4102 = CARTESIAN_POINT('',(-10.73304960092,35.,64.419156557205));
#4103 = DIRECTION('',(0.613553759712,-0.,0.789652951583));
#4104 = DIRECTION('',(0.789652951583,0.,-0.613553759712));
#4105 = VECTOR('',#4106,1.);
#4106 = DIRECTION('',(0.301708891434,0.,0.953400096932));
#4107 = DEFINITIONAL_REPRESENTATION('',(#4108),#4131);
#4108 = B_SPLINE_CURVE_WITH_KNOTS('',11,(#4109,#4110,#4111,#4112,#4113,
    #4114,#4115,#4116,#4117,#4118,#4119,#4120,#4121,#4122,#4123,#4124,
    #4125,#4126,#4127,#4128,#4129,#4130),.UNSPECIFIED.,.F.,.F.,(12,10,12
    ),(7.59273189455E-14,28.274333882308,56.548667764616),
  .UNSPECIFIED.);
#4109 = CARTESIAN_POINT('',(9.547918011776E-15,-0.5));
#4110 = CARTESIAN_POINT('',(0.286889586304,-0.5));
#4111 = CARTESIAN_POINT('',(0.577749404772,-0.505259530104));
#4112 = CARTESIAN_POINT('',(0.86971014221,-0.516817255887));
#4113 = CARTESIAN_POINT('',(1.161794164262,-0.528831816627));
#4114 = CARTESIAN_POINT('',(1.450874332272,-0.547208480894));
#4115 = CARTESIAN_POINT('',(1.737733842631,-0.546091586209));
#4116 = CARTESIAN_POINT('',(2.019238660172,-0.527173366024));
#4117 = CARTESIAN_POINT('',(2.301023453612,-0.516823388605));
#4118 = CARTESIAN_POINT('',(2.581370487487,-0.505116523768));
#4119 = CARTESIAN_POINT('',(2.861502554595,-0.5));
#4120 = CARTESIAN_POINT('',(3.421682752585,-0.5));
#4121 = CARTESIAN_POINT('',(3.70181481969,-0.505116523768));
#4122 = CARTESIAN_POINT('',(3.982161853575,-0.516823388606));
#4123 = CARTESIAN_POINT('',(4.263946646995,-0.52717336602));
#4124 = CARTESIAN_POINT('',(4.545451464562,-0.546091586214));
#4125 = CARTESIAN_POINT('',(4.832310974897,-0.547208480891));
#4126 = CARTESIAN_POINT('',(5.121391142924,-0.528831816626));
#4127 = CARTESIAN_POINT('',(5.413475164967,-0.516817255889));
#4128 = CARTESIAN_POINT('',(5.705435902408,-0.505259530103));
#4129 = CARTESIAN_POINT('',(5.996295720876,-0.5));
#4130 = CARTESIAN_POINT('',(6.28318530718,-0.5));
#4131 = ( GEOMETRIC_REPRESENTATION_CONTEXT(2) 
PARAMETRIC_REPRESENTATION_CONTEXT() REPRESENTATION_CONTEXT('2D SPACE',''
  ) );
#4132 = ORIENTED_EDGE('',*,*,#4046,.F.);
#4133 = ORIENTED_EDGE('',*,*,#1757,.F.);
#4134 = ADVANCED_FACE('',(#4135),#1907,.F.);
#4135 = FACE_BOUND('',#4136,.F.);
#4136 = EDGE_LOOP('',(#4137,#4159,#4224,#4225));
#4137 = ORIENTED_EDGE('',*,*,#4138,.T.);
#4138 = EDGE_CURVE('',#1858,#4139,#4141,.T.);
#4139 = VERTEX_POINT('',#4140);
#4140 = CARTESIAN_POINT('',(10.436725646091,7.971025352048E-15,
    47.376504996517));
#4141 = SEAM_CURVE('',#4142,(#4145,#4152),.PCURVE_S1.);
#4142 = B_SPLINE_CURVE_WITH_KNOTS('',1,(#4143,#4144),.UNSPECIFIED.,.F.,
  .F.,(2,2),(0.,28.274333882308),.PIECEWISE_BEZIER_KNOTS.);
#4143 = CARTESIAN_POINT('',(10.9824065676,1.42108547152E-14,
    47.546428165127));
#4144 = CARTESIAN_POINT('',(10.436725646091,7.971025352048E-15,
    47.376504996517));
#4145 = PCURVE('',#1907,#4146);
#4146 = DEFINITIONAL_REPRESENTATION('',(#4147),#4151);
#4147 = LINE('',#4148,#4149);
#4148 = CARTESIAN_POINT('',(0.,5.591799916061E-16));
#4149 = VECTOR('',#4150,1.);
#4150 = DIRECTION('',(1.,0.));
#4151 = ( GEOMETRIC_REPRESENTATION_CONTEXT(2) 
PARAMETRIC_REPRESENTATION_CONTEXT() REPRESENTATION_CONTEXT('2D SPACE',''
  ) );
#4152 = PCURVE('',#1907,#4153);
#4153 = DEFINITIONAL_REPRESENTATION('',(#4154),#4158);
#4154 = LINE('',#4155,#4156);
#4155 = CARTESIAN_POINT('',(0.,28.274333882308));
#4156 = VECTOR('',#4157,1.);
#4157 = DIRECTION('',(1.,0.));
#4158 = ( GEOMETRIC_REPRESENTATION_CONTEXT(2) 
PARAMETRIC_REPRESENTATION_CONTEXT() REPRESENTATION_CONTEXT('2D SPACE',''
  ) );
#4159 = ORIENTED_EDGE('',*,*,#4160,.T.);
#4160 = EDGE_CURVE('',#4139,#4139,#4161,.T.);
#4161 = SURFACE_CURVE('',#4162,(#4183,#4190),.PCURVE_S1.);
#4162 = B_SPLINE_CURVE_WITH_KNOTS('',10,(#4163,#4164,#4165,#4166,#4167,
    #4168,#4169,#4170,#4171,#4172,#4173,#4174,#4175,#4176,#4177,#4178,
    #4179,#4180,#4181,#4182),.UNSPECIFIED.,.T.,.F.,(11,9,11),(
    5.591799916061E-16,14.137166941154,28.274333882308),.UNSPECIFIED.);
#4163 = CARTESIAN_POINT('',(10.436725646091,7.971025352048E-15,
    47.376504996517));
#4164 = CARTESIAN_POINT('',(10.436725646091,1.44694061689,
    47.376504996519));
#4165 = CARTESIAN_POINT('',(10.026658540802,2.917010569942,
    47.687284078896));
#4166 = CARTESIAN_POINT('',(9.183423071728,4.174281911359,
    48.325561140029));
#4167 = CARTESIAN_POINT('',(8.001867868092,5.013266332006,
    49.227184128905));
#4168 = CARTESIAN_POINT('',(6.622907824694,5.157909908414,
    50.270238911532));
#4169 = CARTESIAN_POINT('',(5.445080307669,4.759111587785,51.21957468281
    ));
#4170 = CARTESIAN_POINT('',(4.399793166448,3.914324224203,
    52.042675448852));
#4171 = CARTESIAN_POINT('',(3.688953214994,2.717720674696,
    52.612238325007));
#4172 = CARTESIAN_POINT('',(3.329849081846,1.359254531237,
    52.898488833925));
#4173 = CARTESIAN_POINT('',(3.329849081846,-1.359254531237,
    52.898488833925));
#4174 = CARTESIAN_POINT('',(3.688953214993,-2.717720674696,
    52.612238325006));
#4175 = CARTESIAN_POINT('',(4.399793166448,-3.914324224203,
    52.042675448854));
#4176 = CARTESIAN_POINT('',(5.445080307667,-4.759111587784,
    51.219574682808));
#4177 = CARTESIAN_POINT('',(6.622907824696,-5.157909908414,
    50.270238911535));
#4178 = CARTESIAN_POINT('',(8.001867868091,-5.013266332006,
    49.227184128905));
#4179 = CARTESIAN_POINT('',(9.183423071729,-4.174281911359,
    48.325561140027));
#4180 = CARTESIAN_POINT('',(10.026658540802,-2.917010569942,
    47.687284078898));
#4181 = CARTESIAN_POINT('',(10.436725646091,-1.44694061689,
    47.376504996518));
#4182 = CARTESIAN_POINT('',(10.436725646091,6.868843232816E-15,
    47.376504996517));
#4183 = PCURVE('',#1907,#4184);
#4184 = DEFINITIONAL_REPRESENTATION('',(#4185),#4189);
#4185 = LINE('',#4186,#4187);
#4186 = CARTESIAN_POINT('',(28.274333882308,0.));
#4187 = VECTOR('',#4188,1.);
#4188 = DIRECTION('',(0.,1.));
#4189 = ( GEOMETRIC_REPRESENTATION_CONTEXT(2) 
PARAMETRIC_REPRESENTATION_CONTEXT() REPRESENTATION_CONTEXT('2D SPACE',''
  ) );
#4190 = PCURVE('',#4191,#4199);
#4191 = SURFACE_OF_LINEAR_EXTRUSION('',#4192,#4197);
#4192 = CIRCLE('',#4193,4.5);
#4193 = AXIS2_PLACEMENT_3D('',#4194,#4195,#4196);
#4194 = CARTESIAN_POINT('',(7.034141809686,7.971025352048E-15,
    50.614196963687));
#4195 = DIRECTION('',(0.613553759712,-0.,0.789652951583));
#4196 = DIRECTION('',(0.789652951583,0.,-0.613553759712));
#4197 = VECTOR('',#4198,1.);
#4198 = DIRECTION('',(0.301708891434,0.,0.953400096932));
#4199 = DEFINITIONAL_REPRESENTATION('',(#4200),#4223);
#4200 = B_SPLINE_CURVE_WITH_KNOTS('',11,(#4201,#4202,#4203,#4204,#4205,
    #4206,#4207,#4208,#4209,#4210,#4211,#4212,#4213,#4214,#4215,#4216,
    #4217,#4218,#4219,#4220,#4221,#4222),.UNSPECIFIED.,.F.,.F.,(12,10,12
    ),(5.591799916061E-16,14.137166941154,28.274333882308),
  .UNSPECIFIED.);
#4201 = CARTESIAN_POINT('',(0.,-0.5));
#4202 = CARTESIAN_POINT('',(0.292311235735,-0.5));
#4203 = CARTESIAN_POINT('',(0.588733357188,-0.505403021765));
#4204 = CARTESIAN_POINT('',(0.885529932518,-0.516937586061));
#4205 = CARTESIAN_POINT('',(1.182776686625,-0.529679610077));
#4206 = CARTESIAN_POINT('',(1.474091109063,-0.547651113479));
#4207 = CARTESIAN_POINT('',(1.76206000415,-0.545547567827));
#4208 = CARTESIAN_POINT('',(2.039115333686,-0.526420359449));
#4209 = CARTESIAN_POINT('',(2.317304365805,-0.516660579122));
#4210 = CARTESIAN_POINT('',(2.592336081025,-0.504976873932));
#4211 = CARTESIAN_POINT('',(2.8670115904,-0.5));
#4212 = CARTESIAN_POINT('',(3.41617371678,-0.5));
#4213 = CARTESIAN_POINT('',(3.690849226154,-0.504976873932));
#4214 = CARTESIAN_POINT('',(3.965880941376,-0.516660579121));
#4215 = CARTESIAN_POINT('',(4.24406997349,-0.526420359451));
#4216 = CARTESIAN_POINT('',(4.521125303034,-0.545547567825));
#4217 = CARTESIAN_POINT('',(4.809094198113,-0.547651113479));
#4218 = CARTESIAN_POINT('',(5.100408620557,-0.529679610079));
#4219 = CARTESIAN_POINT('',(5.397655374661,-0.516937586058));
#4220 = CARTESIAN_POINT('',(5.694451949991,-0.505403021766));
#4221 = CARTESIAN_POINT('',(5.990874071444,-0.5));
#4222 = CARTESIAN_POINT('',(6.28318530718,-0.5));
#4223 = ( GEOMETRIC_REPRESENTATION_CONTEXT(2) 
PARAMETRIC_REPRESENTATION_CONTEXT() REPRESENTATION_CONTEXT('2D SPACE',''
  ) );
#4224 = ORIENTED_EDGE('',*,*,#4138,.F.);
#4225 = ORIENTED_EDGE('',*,*,#1857,.F.);
#4226 = ADVANCED_FACE('',(#4227),#2007,.F.);
#4227 = FACE_BOUND('',#4228,.F.);
#4228 = EDGE_LOOP('',(#4229,#4251,#4316,#4317));
#4229 = ORIENTED_EDGE('',*,*,#4230,.T.);
#4230 = EDGE_CURVE('',#1958,#4231,#4233,.T.);
#4231 = VERTEX_POINT('',#4232);
#4232 = CARTESIAN_POINT('',(10.436725646091,17.5,47.376504996517));
#4233 = SEAM_CURVE('',#4234,(#4237,#4244),.PCURVE_S1.);
#4234 = B_SPLINE_CURVE_WITH_KNOTS('',1,(#4235,#4236),.UNSPECIFIED.,.F.,
  .F.,(2,2),(0.,28.274333882308),.PIECEWISE_BEZIER_KNOTS.);
#4235 = CARTESIAN_POINT('',(10.9824065676,17.5,47.546428165127));
#4236 = CARTESIAN_POINT('',(10.436725646091,17.5,47.376504996517));
#4237 = PCURVE('',#2007,#4238);
#4238 = DEFINITIONAL_REPRESENTATION('',(#4239),#4243);
#4239 = LINE('',#4240,#4241);
#4240 = CARTESIAN_POINT('',(0.,6.002613979502E-16));
#4241 = VECTOR('',#4242,1.);
#4242 = DIRECTION('',(1.,0.));
#4243 = ( GEOMETRIC_REPRESENTATION_CONTEXT(2) 
PARAMETRIC_REPRESENTATION_CONTEXT() REPRESENTATION_CONTEXT('2D SPACE',''
  ) );
#4244 = PCURVE('',#2007,#4245);
#4245 = DEFINITIONAL_REPRESENTATION('',(#4246),#4250);
#4246 = LINE('',#4247,#4248);
#4247 = CARTESIAN_POINT('',(0.,28.274333882308));
#4248 = VECTOR('',#4249,1.);
#4249 = DIRECTION('',(1.,0.));
#4250 = ( GEOMETRIC_REPRESENTATION_CONTEXT(2) 
PARAMETRIC_REPRESENTATION_CONTEXT() REPRESENTATION_CONTEXT('2D SPACE',''
  ) );
#4251 = ORIENTED_EDGE('',*,*,#4252,.T.);
#4252 = EDGE_CURVE('',#4231,#4231,#4253,.T.);
#4253 = SURFACE_CURVE('',#4254,(#4275,#4282),.PCURVE_S1.);
#4254 = B_SPLINE_CURVE_WITH_KNOTS('',10,(#4255,#4256,#4257,#4258,#4259,
    #4260,#4261,#4262,#4263,#4264,#4265,#4266,#4267,#4268,#4269,#4270,
    #4271,#4272,#4273,#4274),.UNSPECIFIED.,.T.,.F.,(11,9,11),(
    6.002613979502E-16,14.137166941154,28.274333882308),.UNSPECIFIED.);
#4255 = CARTESIAN_POINT('',(10.436725646091,17.5,47.376504996517));
#4256 = CARTESIAN_POINT('',(10.436725646091,18.94694061689,
    47.376504996519));
#4257 = CARTESIAN_POINT('',(10.026658540803,20.417010569939,
    47.687284078897));
#4258 = CARTESIAN_POINT('',(9.183423071727,21.674281911364,
    48.325561140027));
#4259 = CARTESIAN_POINT('',(8.001867868094,22.513266331999,
    49.227184128908));
#4260 = CARTESIAN_POINT('',(6.622907824692,22.657909908422,
    50.27023891153));
#4261 = CARTESIAN_POINT('',(5.44508030767,22.259111587779,
    51.219574682812));
#4262 = CARTESIAN_POINT('',(4.399793166447,21.414324224206,
    52.042675448851));
#4263 = CARTESIAN_POINT('',(3.688953214994,20.217720674695,
    52.612238325007));
#4264 = CARTESIAN_POINT('',(3.329849081846,18.859254531237,
    52.898488833924));
#4265 = CARTESIAN_POINT('',(3.329849081846,16.140745468763,
    52.898488833925));
#4266 = CARTESIAN_POINT('',(3.688953214994,14.782279325303,
    52.612238325004));
#4267 = CARTESIAN_POINT('',(4.399793166448,13.585675775799,
    52.042675448859));
#4268 = CARTESIAN_POINT('',(5.445080307668,12.740888412213,
    51.219574682799));
#4269 = CARTESIAN_POINT('',(6.622907824694,12.34209009159,
    50.270238911545));
#4270 = CARTESIAN_POINT('',(8.001867868092,12.48673366799,
    49.227184128896));
#4271 = CARTESIAN_POINT('',(9.183423071728,13.325718088644,
    48.325561140033));
#4272 = CARTESIAN_POINT('',(10.026658540802,14.582989430057,
    47.687284078895));
#4273 = CARTESIAN_POINT('',(10.436725646091,16.053059383111,
    47.376504996519));
#4274 = CARTESIAN_POINT('',(10.436725646091,17.5,47.376504996517));
#4275 = PCURVE('',#2007,#4276);
#4276 = DEFINITIONAL_REPRESENTATION('',(#4277),#4281);
#4277 = LINE('',#4278,#4279);
#4278 = CARTESIAN_POINT('',(28.274333882308,0.));
#4279 = VECTOR('',#4280,1.);
#4280 = DIRECTION('',(0.,1.));
#4281 = ( GEOMETRIC_REPRESENTATION_CONTEXT(2) 
PARAMETRIC_REPRESENTATION_CONTEXT() REPRESENTATION_CONTEXT('2D SPACE',''
  ) );
#4282 = PCURVE('',#4283,#4291);
#4283 = SURFACE_OF_LINEAR_EXTRUSION('',#4284,#4289);
#4284 = CIRCLE('',#4285,4.5);
#4285 = AXIS2_PLACEMENT_3D('',#4286,#4287,#4288);
#4286 = CARTESIAN_POINT('',(7.034141809686,17.5,50.614196963687));
#4287 = DIRECTION('',(0.613553759712,-0.,0.789652951583));
#4288 = DIRECTION('',(0.789652951583,0.,-0.613553759712));
#4289 = VECTOR('',#4290,1.);
#4290 = DIRECTION('',(0.301708891434,0.,0.953400096932));
#4291 = DEFINITIONAL_REPRESENTATION('',(#4292),#4315);
#4292 = B_SPLINE_CURVE_WITH_KNOTS('',11,(#4293,#4294,#4295,#4296,#4297,
    #4298,#4299,#4300,#4301,#4302,#4303,#4304,#4305,#4306,#4307,#4308,
    #4309,#4310,#4311,#4312,#4313,#4314),.UNSPECIFIED.,.F.,.F.,(12,10,12
    ),(6.002613979502E-16,14.137166941154,28.274333882308),
  .UNSPECIFIED.);
#4293 = CARTESIAN_POINT('',(-1.33226762955E-15,-0.5));
#4294 = CARTESIAN_POINT('',(0.292311235735,-0.5));
#4295 = CARTESIAN_POINT('',(0.588733357188,-0.505403021765));
#4296 = CARTESIAN_POINT('',(0.885529932518,-0.516937586061));
#4297 = CARTESIAN_POINT('',(1.182776686625,-0.529679610077));
#4298 = CARTESIAN_POINT('',(1.474091109063,-0.54765111348));
#4299 = CARTESIAN_POINT('',(1.762060004151,-0.545547567826));
#4300 = CARTESIAN_POINT('',(2.039115333685,-0.526420359449));
#4301 = CARTESIAN_POINT('',(2.317304365806,-0.516660579122));
#4302 = CARTESIAN_POINT('',(2.592336081025,-0.504976873932));
#4303 = CARTESIAN_POINT('',(2.8670115904,-0.5));
#4304 = CARTESIAN_POINT('',(3.41617371678,-0.5));
#4305 = CARTESIAN_POINT('',(3.690849226154,-0.504976873932));
#4306 = CARTESIAN_POINT('',(3.965880941376,-0.516660579122));
#4307 = CARTESIAN_POINT('',(4.24406997349,-0.526420359451));
#4308 = CARTESIAN_POINT('',(4.521125303033,-0.545547567826));
#4309 = CARTESIAN_POINT('',(4.809094198114,-0.547651113478));
#4310 = CARTESIAN_POINT('',(5.100408620555,-0.52967961008));
#4311 = CARTESIAN_POINT('',(5.397655374662,-0.516937586058));
#4312 = CARTESIAN_POINT('',(5.694451949991,-0.505403021766));
#4313 = CARTESIAN_POINT('',(5.990874071444,-0.5));
#4314 = CARTESIAN_POINT('',(6.28318530718,-0.5));
#4315 = ( GEOMETRIC_REPRESENTATION_CONTEXT(2) 
PARAMETRIC_REPRESENTATION_CONTEXT() REPRESENTATION_CONTEXT('2D SPACE',''
  ) );
#4316 = ORIENTED_EDGE('',*,*,#4230,.F.);
#4317 = ORIENTED_EDGE('',*,*,#1957,.F.);
#4318 = ADVANCED_FACE('',(#4319),#2107,.F.);
#4319 = FACE_BOUND('',#4320,.F.);
#4320 = EDGE_LOOP('',(#4321,#4343,#4408,#4409));
#4321 = ORIENTED_EDGE('',*,*,#4322,.T.);
#4322 = EDGE_CURVE('',#2058,#4323,#4325,.T.);
#4323 = VERTEX_POINT('',#4324);
#4324 = CARTESIAN_POINT('',(28.006503818807,1.099976398969E-14,
    33.724933842927));
#4325 = SEAM_CURVE('',#4326,(#4329,#4336),.PCURVE_S1.);
#4326 = B_SPLINE_CURVE_WITH_KNOTS('',1,(#4327,#4328),.UNSPECIFIED.,.F.,
  .F.,(2,2),(0.,26.703537555513),.PIECEWISE_BEZIER_KNOTS.);
#4327 = CARTESIAN_POINT('',(28.552184740316,1.42108547152E-14,
    33.894857011537));
#4328 = CARTESIAN_POINT('',(28.006503818807,1.099976398969E-14,
    33.724933842927));
#4329 = PCURVE('',#2107,#4330);
#4330 = DEFINITIONAL_REPRESENTATION('',(#4331),#4335);
#4331 = LINE('',#4332,#4333);
#4332 = CARTESIAN_POINT('',(0.,5.281144365169E-16));
#4333 = VECTOR('',#4334,1.);
#4334 = DIRECTION('',(1.,0.));
#4335 = ( GEOMETRIC_REPRESENTATION_CONTEXT(2) 
PARAMETRIC_REPRESENTATION_CONTEXT() REPRESENTATION_CONTEXT('2D SPACE',''
  ) );
#4336 = PCURVE('',#2107,#4337);
#4337 = DEFINITIONAL_REPRESENTATION('',(#4338),#4342);
#4338 = LINE('',#4339,#4340);
#4339 = CARTESIAN_POINT('',(0.,26.703537555513));
#4340 = VECTOR('',#4341,1.);
#4341 = DIRECTION('',(1.,0.));
#4342 = ( GEOMETRIC_REPRESENTATION_CONTEXT(2) 
PARAMETRIC_REPRESENTATION_CONTEXT() REPRESENTATION_CONTEXT('2D SPACE',''
  ) );
#4343 = ORIENTED_EDGE('',*,*,#4344,.T.);
#4344 = EDGE_CURVE('',#4323,#4323,#4345,.T.);
#4345 = SURFACE_CURVE('',#4346,(#4367,#4374),.PCURVE_S1.);
#4346 = B_SPLINE_CURVE_WITH_KNOTS('',10,(#4347,#4348,#4349,#4350,#4351,
    #4352,#4353,#4354,#4355,#4356,#4357,#4358,#4359,#4360,#4361,#4362,
    #4363,#4364,#4365,#4366),.UNSPECIFIED.,.T.,.F.,(11,9,11),(
    5.281144365169E-16,13.351768777757,26.703537555513),.UNSPECIFIED.);
#4347 = CARTESIAN_POINT('',(28.006503818807,1.099976398969E-14,
    33.724933842927));
#4348 = CARTESIAN_POINT('',(28.006503818809,1.36953693425,
    33.724933842929));
#4349 = CARTESIAN_POINT('',(27.617414027096,2.761037310149,
    34.019389288127));
#4350 = CARTESIAN_POINT('',(26.817306314147,3.949473262738,
    34.624166582788));
#4351 = CARTESIAN_POINT('',(25.697212054584,4.74177535409,35.47787217746
    ));
#4352 = CARTESIAN_POINT('',(24.390191135145,4.869535551096,
    36.465239247435));
#4353 = CARTESIAN_POINT('',(23.283899019623,4.488030353375,
    37.359105115222));
#4354 = CARTESIAN_POINT('',(22.299513810657,3.68936841499,
    38.134766845997));
#4355 = CARTESIAN_POINT('',(21.631958430842,2.560649701565,
    38.67069628375));
#4356 = CARTESIAN_POINT('',(21.294453730355,1.280714714897,
    38.94014080048));
#4357 = CARTESIAN_POINT('',(21.294453730353,-1.280714714897,
    38.940140800477));
#4358 = CARTESIAN_POINT('',(21.631958430851,-2.560649701566,
    38.670696283759));
#4359 = CARTESIAN_POINT('',(22.299513810638,-3.689368414987,
    38.134766845977));
#4360 = CARTESIAN_POINT('',(23.283899019653,-4.48803035338,
    37.359105115254));
#4361 = CARTESIAN_POINT('',(24.390191135109,-4.869535551089,
    36.465239247397));
#4362 = CARTESIAN_POINT('',(25.697212054615,-4.741775354095,
    35.477872177493));
#4363 = CARTESIAN_POINT('',(26.817306314128,-3.949473262734,
    34.624166582768));
#4364 = CARTESIAN_POINT('',(27.617414027104,-2.76103731015,
    34.019389288136));
#4365 = CARTESIAN_POINT('',(28.006503818807,-1.36953693425,
    33.724933842927));
#4366 = CARTESIAN_POINT('',(28.006503818807,9.958814210416E-15,
    33.724933842927));
#4367 = PCURVE('',#2107,#4368);
#4368 = DEFINITIONAL_REPRESENTATION('',(#4369),#4373);
#4369 = LINE('',#4370,#4371);
#4370 = CARTESIAN_POINT('',(26.703537555513,0.));
#4371 = VECTOR('',#4372,1.);
#4372 = DIRECTION('',(0.,1.));
#4373 = ( GEOMETRIC_REPRESENTATION_CONTEXT(2) 
PARAMETRIC_REPRESENTATION_CONTEXT() REPRESENTATION_CONTEXT('2D SPACE',''
  ) );
#4374 = PCURVE('',#4375,#4383);
#4375 = SURFACE_OF_LINEAR_EXTRUSION('',#4376,#4381);
#4376 = CIRCLE('',#4377,4.25);
#4377 = AXIS2_PLACEMENT_3D('',#4378,#4379,#4380);
#4378 = CARTESIAN_POINT('',(24.801333220298,1.099976398969E-14,
    36.809237370169));
#4379 = DIRECTION('',(0.613553759712,-0.,0.789652951583));
#4380 = DIRECTION('',(0.789652951583,0.,-0.613553759712));
#4381 = VECTOR('',#4382,1.);
#4382 = DIRECTION('',(0.301708891434,0.,0.953400096932));
#4383 = DEFINITIONAL_REPRESENTATION('',(#4384),#4407);
#4384 = B_SPLINE_CURVE_WITH_KNOTS('',11,(#4385,#4386,#4387,#4388,#4389,
    #4390,#4391,#4392,#4393,#4394,#4395,#4396,#4397,#4398,#4399,#4400,
    #4401,#4402,#4403,#4404,#4405,#4406),.UNSPECIFIED.,.F.,.F.,(12,10,12
    ),(5.281144365169E-16,13.351768777757,26.703537555513),
  .UNSPECIFIED.);
#4385 = CARTESIAN_POINT('',(8.881784197001E-16,-0.5));
#4386 = CARTESIAN_POINT('',(0.292949076845,-0.5));
#4387 = CARTESIAN_POINT('',(0.590026696348,-0.50542003307));
#4388 = CARTESIAN_POINT('',(0.88738580812,-0.516951013752));
#4389 = CARTESIAN_POINT('',(1.185262273829,-0.529781118435));
#4390 = CARTESIAN_POINT('',(1.476809632389,-0.547701171533));
#4391 = CARTESIAN_POINT('',(1.764937828631,-0.545481315018));
#4392 = CARTESIAN_POINT('',(2.0414377235,-0.526333540637));
#4393 = CARTESIAN_POINT('',(2.319225323323,-0.516640686104));
#4394 = CARTESIAN_POINT('',(2.593625144491,-0.504960577469));
#4395 = CARTESIAN_POINT('',(2.867659643863,-0.5));
#4396 = CARTESIAN_POINT('',(3.415525663316,-0.5));
#4397 = CARTESIAN_POINT('',(3.689560162689,-0.50496057747));
#4398 = CARTESIAN_POINT('',(3.963959983857,-0.516640686103));
#4399 = CARTESIAN_POINT('',(4.24174758368,-0.526333540638));
#4400 = CARTESIAN_POINT('',(4.518247478549,-0.545481315019));
#4401 = CARTESIAN_POINT('',(4.806375674791,-0.547701171531));
#4402 = CARTESIAN_POINT('',(5.097923033349,-0.529781118437));
#4403 = CARTESIAN_POINT('',(5.39579949906,-0.51695101375));
#4404 = CARTESIAN_POINT('',(5.693158610831,-0.50542003307));
#4405 = CARTESIAN_POINT('',(5.990236230335,-0.5));
#4406 = CARTESIAN_POINT('',(6.28318530718,-0.5));
#4407 = ( GEOMETRIC_REPRESENTATION_CONTEXT(2) 
PARAMETRIC_REPRESENTATION_CONTEXT() REPRESENTATION_CONTEXT('2D SPACE',''
  ) );
#4408 = ORIENTED_EDGE('',*,*,#4322,.F.);
#4409 = ORIENTED_EDGE('',*,*,#2057,.F.);
#4410 = ADVANCED_FACE('',(#4411),#2175,.F.);
#4411 = FACE_BOUND('',#4412,.T.);
#4412 = EDGE_LOOP('',(#4413,#4435,#4436,#4458));
#4413 = ORIENTED_EDGE('',*,*,#4414,.F.);
#4414 = EDGE_CURVE('',#2158,#4415,#4417,.T.);
#4415 = VERTEX_POINT('',#4416);
#4416 = CARTESIAN_POINT('',(2.135393291293,31.5,53.787294165845));
#4417 = SURFACE_CURVE('',#4418,(#4422,#4429),.PCURVE_S1.);
#4418 = LINE('',#4419,#4420);
#4419 = CARTESIAN_POINT('',(2.288781731221,31.25,53.984707403741));
#4420 = VECTOR('',#4421,1.);
#4421 = DIRECTION('',(-0.433848024115,0.707106781187,-0.558368956848));
#4422 = PCURVE('',#2175,#4423);
#4423 = DEFINITIONAL_REPRESENTATION('',(#4424),#4428);
#4424 = LINE('',#4425,#4426);
#4425 = CARTESIAN_POINT('',(-0.184823055074,1.137978600241E-15));
#4426 = VECTOR('',#4427,1.);
#4427 = DIRECTION('',(-0.,1.));
#4428 = ( GEOMETRIC_REPRESENTATION_CONTEXT(2) 
PARAMETRIC_REPRESENTATION_CONTEXT() REPRESENTATION_CONTEXT('2D SPACE',''
  ) );
#4429 = PCURVE('',#2249,#4430);
#4430 = DEFINITIONAL_REPRESENTATION('',(#4431),#4434);
#4431 = B_SPLINE_CURVE_WITH_KNOTS('',1,(#4432,#4433),.UNSPECIFIED.,.F.,
  .F.,(2,2),(-0.353553390593,0.353553390593),.PIECEWISE_BEZIER_KNOTS.);
#4432 = CARTESIAN_POINT('',(0.,57.171545917773));
#4433 = CARTESIAN_POINT('',(11.365220397718,57.171545917773));
#4434 = ( GEOMETRIC_REPRESENTATION_CONTEXT(2) 
PARAMETRIC_REPRESENTATION_CONTEXT() REPRESENTATION_CONTEXT('2D SPACE',''
  ) );
#4435 = ORIENTED_EDGE('',*,*,#2157,.T.);
#4436 = ORIENTED_EDGE('',*,*,#4437,.T.);
#4437 = EDGE_CURVE('',#2160,#4438,#4440,.T.);
#4438 = VERTEX_POINT('',#4439);
#4439 = CARTESIAN_POINT('',(11.611228710286,31.5,46.424649049302));
#4440 = SURFACE_CURVE('',#4441,(#4445,#4452),.PCURVE_S1.);
#4441 = LINE('',#4442,#4443);
#4442 = CARTESIAN_POINT('',(11.764617150214,31.25,46.622062287198));
#4443 = VECTOR('',#4444,1.);
#4444 = DIRECTION('',(-0.433848024115,0.707106781187,-0.558368956848));
#4445 = PCURVE('',#2175,#4446);
#4446 = DEFINITIONAL_REPRESENTATION('',(#4447),#4451);
#4447 = LINE('',#4448,#4449);
#4448 = CARTESIAN_POINT('',(-12.18482305507,2.6645352591E-15));
#4449 = VECTOR('',#4450,1.);
#4450 = DIRECTION('',(-0.,1.));
#4451 = ( GEOMETRIC_REPRESENTATION_CONTEXT(2) 
PARAMETRIC_REPRESENTATION_CONTEXT() REPRESENTATION_CONTEXT('2D SPACE',''
  ) );
#4452 = PCURVE('',#2369,#4453);
#4453 = DEFINITIONAL_REPRESENTATION('',(#4454),#4457);
#4454 = B_SPLINE_CURVE_WITH_KNOTS('',1,(#4455,#4456),.UNSPECIFIED.,.F.,
  .F.,(2,2),(-0.353553390593,0.353553390593),.PIECEWISE_BEZIER_KNOTS.);
#4455 = CARTESIAN_POINT('',(3.765876499529E-13,23.180483348218));
#4456 = CARTESIAN_POINT('',(10.625756166257,23.180483348218));
#4457 = ( GEOMETRIC_REPRESENTATION_CONTEXT(2) 
PARAMETRIC_REPRESENTATION_CONTEXT() REPRESENTATION_CONTEXT('2D SPACE',''
  ) );
#4458 = ORIENTED_EDGE('',*,*,#4459,.F.);
#4459 = EDGE_CURVE('',#4415,#4438,#4460,.T.);
#4460 = SURFACE_CURVE('',#4461,(#4465,#4472),.PCURVE_S1.);
#4461 = LINE('',#4462,#4463);
#4462 = CARTESIAN_POINT('',(1.989447220333,31.5,53.900693046167));
#4463 = VECTOR('',#4464,1.);
#4464 = DIRECTION('',(0.789652951583,5.921189464667E-16,-0.613553759712)
  );
#4465 = PCURVE('',#2175,#4466);
#4466 = DEFINITIONAL_REPRESENTATION('',(#4467),#4471);
#4467 = LINE('',#4468,#4469);
#4468 = CARTESIAN_POINT('',(5.689893001204E-16,0.353553390593));
#4469 = VECTOR('',#4470,1.);
#4470 = DIRECTION('',(-1.,5.551115123126E-17));
#4471 = ( GEOMETRIC_REPRESENTATION_CONTEXT(2) 
PARAMETRIC_REPRESENTATION_CONTEXT() REPRESENTATION_CONTEXT('2D SPACE',''
  ) );
#4472 = PCURVE('',#4473,#4478);
#4473 = PLANE('',#4474);
#4474 = AXIS2_PLACEMENT_3D('',#4475,#4476,#4477);
#4475 = CARTESIAN_POINT('',(2.296224100189,31.5,54.295519521958));
#4476 = DIRECTION('',(6.018597248589E-16,-1.,-1.904619382465E-16));
#4477 = DIRECTION('',(0.789652951583,5.921189464667E-16,-0.613553759712)
  );
#4478 = DEFINITIONAL_REPRESENTATION('',(#4479),#4483);
#4479 = LINE('',#4480,#4481);
#4480 = CARTESIAN_POINT('',(4.496403249732E-15,-0.5));
#4481 = VECTOR('',#4482,1.);
#4482 = DIRECTION('',(1.,0.));
#4483 = ( GEOMETRIC_REPRESENTATION_CONTEXT(2) 
PARAMETRIC_REPRESENTATION_CONTEXT() REPRESENTATION_CONTEXT('2D SPACE',''
  ) );
#4484 = ADVANCED_FACE('',(#4485),#2249,.F.);
#4485 = FACE_BOUND('',#4486,.F.);
#4486 = EDGE_LOOP('',(#4487,#4509,#4620,#4621));
#4487 = ORIENTED_EDGE('',*,*,#4488,.T.);
#4488 = EDGE_CURVE('',#2188,#4489,#4491,.T.);
#4489 = VERTEX_POINT('',#4490);
#4490 = CARTESIAN_POINT('',(2.135393291293,38.5,53.787294165845));
#4491 = SURFACE_CURVE('',#4492,(#4496,#4502),.PCURVE_S1.);
#4492 = LINE('',#4493,#4494);
#4493 = CARTESIAN_POINT('',(2.288781731221,38.75,53.984707403741));
#4494 = VECTOR('',#4495,1.);
#4495 = DIRECTION('',(-0.433848024115,-0.707106781187,-0.558368956848));
#4496 = PCURVE('',#2249,#4497);
#4497 = DEFINITIONAL_REPRESENTATION('',(#4498),#4501);
#4498 = B_SPLINE_CURVE_WITH_KNOTS('',1,(#4499,#4500),.UNSPECIFIED.,.F.,
  .F.,(2,2),(-0.353553390593,0.353553390593),.PIECEWISE_BEZIER_KNOTS.);
#4499 = CARTESIAN_POINT('',(0.,45.806325520055));
#4500 = CARTESIAN_POINT('',(11.365220397718,45.806325520055));
#4501 = ( GEOMETRIC_REPRESENTATION_CONTEXT(2) 
PARAMETRIC_REPRESENTATION_CONTEXT() REPRESENTATION_CONTEXT('2D SPACE',''
  ) );
#4502 = PCURVE('',#2325,#4503);
#4503 = DEFINITIONAL_REPRESENTATION('',(#4504),#4508);
#4504 = LINE('',#4505,#4506);
#4505 = CARTESIAN_POINT('',(11.815176944926,0.));
#4506 = VECTOR('',#4507,1.);
#4507 = DIRECTION('',(-5.551115123126E-17,1.));
#4508 = ( GEOMETRIC_REPRESENTATION_CONTEXT(2) 
PARAMETRIC_REPRESENTATION_CONTEXT() REPRESENTATION_CONTEXT('2D SPACE',''
  ) );
#4509 = ORIENTED_EDGE('',*,*,#4510,.T.);
#4510 = EDGE_CURVE('',#4489,#4415,#4511,.T.);
#4511 = SURFACE_CURVE('',#4512,(#4539,#4546),.PCURVE_S1.);
#4512 = B_SPLINE_CURVE_WITH_KNOTS('',9,(#4513,#4514,#4515,#4516,#4517,
    #4518,#4519,#4520,#4521,#4522,#4523,#4524,#4525,#4526,#4527,#4528,
    #4529,#4530,#4531,#4532,#4533,#4534,#4535,#4536,#4537,#4538),
  .UNSPECIFIED.,.F.,.F.,(10,8,8,10),(45.806325520055,45.991198345337,
    56.98667309249,57.171545917773),.UNSPECIFIED.);
#4513 = CARTESIAN_POINT('',(2.135393291293,38.5,53.787294165845));
#4514 = CARTESIAN_POINT('',(2.119177061186,38.499999999999,
    53.799894041435));
#4515 = CARTESIAN_POINT('',(2.102960170553,38.499864368419,
    53.812494505693));
#4516 = CARTESIAN_POINT('',(2.086745967983,38.499593490623,
    53.825092585675));
#4517 = CARTESIAN_POINT('',(2.070528159989,38.499186633166,
    53.837694081482));
#4518 = CARTESIAN_POINT('',(2.054311010512,38.498644128846,
    53.850295814333));
#4519 = CARTESIAN_POINT('',(2.038099308504,38.497966439669,
    53.862894260678));
#4520 = CARTESIAN_POINT('',(2.021885294683,38.497152770569,
    53.875497031463));
#4521 = CARTESIAN_POINT('',(2.005659738655,38.496201908467,
    53.888113658207));
#4522 = CARTESIAN_POINT('',(1.026834501107,38.430649146357,
    54.649413536728));
#4523 = CARTESIAN_POINT('',(0.104281537607,37.889082349343,
    55.377094745321));
#4524 = CARTESIAN_POINT('',(-0.586706130362,36.911852308355,
    55.942170823956));
#4525 = CARTESIAN_POINT('',(-0.984215001682,35.698785487676,
    56.261083108854));
#4526 = CARTESIAN_POINT('',(-0.984215001672,34.301214512324,
    56.261083108852));
#4527 = CARTESIAN_POINT('',(-0.58670613037,33.088147691643,
    55.942170823958));
#4528 = CARTESIAN_POINT('',(0.104281537612,32.110917650658,
    55.377094745319));
#4529 = CARTESIAN_POINT('',(1.026834501105,31.569350853642,
    54.64941353673));
#4530 = CARTESIAN_POINT('',(2.005659738655,31.503798091533,
    53.888113658207));
#4531 = CARTESIAN_POINT('',(2.021885294683,31.502847229429,
    53.875497031465));
#4532 = CARTESIAN_POINT('',(2.038099308504,31.502033560337,
    53.862894260673));
#4533 = CARTESIAN_POINT('',(2.054311010513,31.501355871145,
    53.850295814342));
#4534 = CARTESIAN_POINT('',(2.070528159988,31.500813366844,
    53.837694081471));
#4535 = CARTESIAN_POINT('',(2.086745967983,31.500406509369,
    53.825092585683));
#4536 = CARTESIAN_POINT('',(2.102960170554,31.500135631585,
    53.812494505688));
#4537 = CARTESIAN_POINT('',(2.119177061186,31.5,53.799894041436));
#4538 = CARTESIAN_POINT('',(2.135393291293,31.5,53.787294165845));
#4539 = PCURVE('',#2249,#4540);
#4540 = DEFINITIONAL_REPRESENTATION('',(#4541),#4545);
#4541 = LINE('',#4542,#4543);
#4542 = CARTESIAN_POINT('',(11.365220397718,0.));
#4543 = VECTOR('',#4544,1.);
#4544 = DIRECTION('',(0.,1.));
#4545 = ( GEOMETRIC_REPRESENTATION_CONTEXT(2) 
PARAMETRIC_REPRESENTATION_CONTEXT() REPRESENTATION_CONTEXT('2D SPACE',''
  ) );
#4546 = PCURVE('',#4547,#4555);
#4547 = SURFACE_OF_LINEAR_EXTRUSION('',#4548,#4553);
#4548 = CIRCLE('',#4549,3.5);
#4549 = AXIS2_PLACEMENT_3D('',#4550,#4551,#4552);
#4550 = CARTESIAN_POINT('',(2.296224100189,35.,54.295519521958));
#4551 = DIRECTION('',(0.613553759712,-0.,0.789652951583));
#4552 = DIRECTION('',(0.789652951583,0.,-0.613553759712));
#4553 = VECTOR('',#4554,1.);
#4554 = DIRECTION('',(0.301708891434,0.,0.953400096932));
#4555 = DEFINITIONAL_REPRESENTATION('',(#4556),#4619);
#4556 = B_SPLINE_CURVE_WITH_KNOTS('',11,(#4557,#4558,#4559,#4560,#4561,
    #4562,#4563,#4564,#4565,#4566,#4567,#4568,#4569,#4570,#4571,#4572,
    #4573,#4574,#4575,#4576,#4577,#4578,#4579,#4580,#4581,#4582,#4583,
    #4584,#4585,#4586,#4587,#4588,#4589,#4590,#4591,#4592,#4593,#4594,
    #4595,#4596,#4597,#4598,#4599,#4600,#4601,#4602,#4603,#4604,#4605,
    #4606,#4607,#4608,#4609,#4610,#4611,#4612,#4613,#4614,#4615,#4616,
    #4617,#4618),.UNSPECIFIED.,.F.,.F.,(12,10,10,10,10,10,12),(
    45.806325520055,47.22697806977,48.647630619484,51.488935718914,
    54.330240818343,55.750893368058,57.171545917773),.UNSPECIFIED.);
#4557 = CARTESIAN_POINT('',(1.570796326795,-0.533066188842));
#4558 = CARTESIAN_POINT('',(1.607686459034,-0.533066188842));
#4559 = CARTESIAN_POINT('',(1.644548869099,-0.533095693451));
#4560 = CARTESIAN_POINT('',(1.681919269118,-0.532975446842));
#4561 = CARTESIAN_POINT('',(1.717324871473,-0.532559988188));
#4562 = CARTESIAN_POINT('',(1.75601310341,-0.53260418593));
#4563 = CARTESIAN_POINT('',(1.790566985975,-0.531736052081));
#4564 = CARTESIAN_POINT('',(1.828497363092,-0.5315316258));
#4565 = CARTESIAN_POINT('',(1.864228079855,-0.530735143234));
#4566 = CARTESIAN_POINT('',(1.900763740943,-0.5300680283));
#4567 = CARTESIAN_POINT('',(1.936981156529,-0.529258987325));
#4568 = CARTESIAN_POINT('',(2.00931538481,-0.527508451407));
#4569 = CARTESIAN_POINT('',(2.045401238677,-0.526558184151));
#4570 = CARTESIAN_POINT('',(2.081409274927,-0.525542189667));
#4571 = CARTESIAN_POINT('',(2.117342936222,-0.524469740022));
#4572 = CARTESIAN_POINT('',(2.153205665215,-0.523350107287));
#4573 = CARTESIAN_POINT('',(2.18900090457,-0.522192563526));
#4574 = CARTESIAN_POINT('',(2.224732096937,-0.521006380812));
#4575 = CARTESIAN_POINT('',(2.260402684982,-0.51980083121));
#4576 = CARTESIAN_POINT('',(2.296016111357,-0.51858518679));
#4577 = CARTESIAN_POINT('',(2.331575818724,-0.517368719619));
#4578 = CARTESIAN_POINT('',(2.438104111769,-0.51374466606));
#4579 = CARTESIAN_POINT('',(2.508923180944,-0.511359920354));
#4580 = CARTESIAN_POINT('',(2.579572358954,-0.50907690276));
#4581 = CARTESIAN_POINT('',(2.650079592184,-0.506957163233));
#4582 = CARTESIAN_POINT('',(2.72047087172,-0.50505336356));
#4583 = CARTESIAN_POINT('',(2.790770233331,-0.503409277371));
#4584 = CARTESIAN_POINT('',(2.860999757504,-0.502059790132));
#4585 = CARTESIAN_POINT('',(2.931179569397,-0.501030899149));
#4586 = CARTESIAN_POINT('',(3.001327838887,-0.500339713566));
#4587 = CARTESIAN_POINT('',(3.071460780531,-0.499994454364));
#4588 = CARTESIAN_POINT('',(3.211724526649,-0.499994454364));
#4589 = CARTESIAN_POINT('',(3.281857468293,-0.500339713566));
#4590 = CARTESIAN_POINT('',(3.352005737782,-0.501030899149));
#4591 = CARTESIAN_POINT('',(3.422185549675,-0.502059790132));
#4592 = CARTESIAN_POINT('',(3.49241507385,-0.503409277371));
#4593 = CARTESIAN_POINT('',(3.562714435459,-0.50505336356));
#4594 = CARTESIAN_POINT('',(3.633105714997,-0.506957163233));
#4595 = CARTESIAN_POINT('',(3.703612948225,-0.50907690276));
#4596 = CARTESIAN_POINT('',(3.774262126236,-0.511359920353));
#4597 = CARTESIAN_POINT('',(3.845081195411,-0.513744666059));
#4598 = CARTESIAN_POINT('',(3.951609488456,-0.517368719618));
#4599 = CARTESIAN_POINT('',(3.987169195823,-0.518585186789));
#4600 = CARTESIAN_POINT('',(4.022782622196,-0.519800831209));
#4601 = CARTESIAN_POINT('',(4.058453210246,-0.521006380811));
#4602 = CARTESIAN_POINT('',(4.094184402606,-0.522192563526));
#4603 = CARTESIAN_POINT('',(4.129979641969,-0.523350107286));
#4604 = CARTESIAN_POINT('',(4.165842370955,-0.524469740022));
#4605 = CARTESIAN_POINT('',(4.201776032254,-0.525542189666));
#4606 = CARTESIAN_POINT('',(4.237784068502,-0.52655818415));
#4607 = CARTESIAN_POINT('',(4.27386992237,-0.527508451406));
#4608 = CARTESIAN_POINT('',(4.34620415065,-0.529258987325));
#4609 = CARTESIAN_POINT('',(4.382421566237,-0.5300680283));
#4610 = CARTESIAN_POINT('',(4.418957227325,-0.530735143234));
#4611 = CARTESIAN_POINT('',(4.454687944085,-0.5315316258));
#4612 = CARTESIAN_POINT('',(4.492618321211,-0.531736052081));
#4613 = CARTESIAN_POINT('',(4.527172203763,-0.53260418593));
#4614 = CARTESIAN_POINT('',(4.56586043571,-0.532559988189));
#4615 = CARTESIAN_POINT('',(4.60126603806,-0.532975446842));
#4616 = CARTESIAN_POINT('',(4.638636438082,-0.533095693451));
#4617 = CARTESIAN_POINT('',(4.675498848145,-0.533066188842));
#4618 = CARTESIAN_POINT('',(4.712388980385,-0.533066188842));
#4619 = ( GEOMETRIC_REPRESENTATION_CONTEXT(2) 
PARAMETRIC_REPRESENTATION_CONTEXT() REPRESENTATION_CONTEXT('2D SPACE',''
  ) );
#4620 = ORIENTED_EDGE('',*,*,#4414,.F.);
#4621 = ORIENTED_EDGE('',*,*,#2187,.F.);
#4622 = ADVANCED_FACE('',(#4623),#2369,.F.);
#4623 = FACE_BOUND('',#4624,.F.);
#4624 = EDGE_LOOP('',(#4625,#4626,#4675,#4694));
#4625 = ORIENTED_EDGE('',*,*,#4437,.T.);
#4626 = ORIENTED_EDGE('',*,*,#4627,.T.);
#4627 = EDGE_CURVE('',#4438,#4628,#4630,.T.);
#4628 = VERTEX_POINT('',#4629);
#4629 = CARTESIAN_POINT('',(11.611228710286,38.5,46.424649049302));
#4630 = SURFACE_CURVE('',#4631,(#4644,#4651),.PCURVE_S1.);
#4631 = B_SPLINE_CURVE_WITH_KNOTS('',11,(#4632,#4633,#4634,#4635,#4636,
    #4637,#4638,#4639,#4640,#4641,#4642,#4643),.UNSPECIFIED.,.F.,.F.,(12
    ,12),(23.180483348218,33.806239514475),.PIECEWISE_BEZIER_KNOTS.);
#4632 = CARTESIAN_POINT('',(11.611228710286,31.5,46.424649049302));
#4633 = CARTESIAN_POINT('',(12.372791613209,31.500000000002,
    45.832921023204));
#4634 = CARTESIAN_POINT('',(13.126424993776,31.791103600388,
    45.247312316386));
#4635 = CARTESIAN_POINT('',(13.801152062447,32.374184116686,
    44.725370108054));
#4636 = CARTESIAN_POINT('',(14.416036211921,33.169842385566,
    44.250191371148));
#4637 = CARTESIAN_POINT('',(14.775147317825,34.442960837696,
    44.049100805323));
#4638 = CARTESIAN_POINT('',(14.775147317797,35.557039162309,
    44.049100805171));
#4639 = CARTESIAN_POINT('',(14.416036211941,36.830157614425,
    44.250191371264));
#4640 = CARTESIAN_POINT('',(13.801152062437,37.625815883322,
    44.725370107989));
#4641 = CARTESIAN_POINT('',(13.12642499378,38.208896399608,
    45.247312316412));
#4642 = CARTESIAN_POINT('',(12.372791613208,38.499999999999,
    45.832921023198));
#4643 = CARTESIAN_POINT('',(11.611228710286,38.5,46.424649049302));
#4644 = PCURVE('',#2369,#4645);
#4645 = DEFINITIONAL_REPRESENTATION('',(#4646),#4650);
#4646 = LINE('',#4647,#4648);
#4647 = CARTESIAN_POINT('',(10.625756166257,0.));
#4648 = VECTOR('',#4649,1.);
#4649 = DIRECTION('',(0.,1.));
#4650 = ( GEOMETRIC_REPRESENTATION_CONTEXT(2) 
PARAMETRIC_REPRESENTATION_CONTEXT() REPRESENTATION_CONTEXT('2D SPACE',''
  ) );
#4651 = PCURVE('',#4652,#4660);
#4652 = SURFACE_OF_LINEAR_EXTRUSION('',#4653,#4658);
#4653 = CIRCLE('',#4654,3.5);
#4654 = AXIS2_PLACEMENT_3D('',#4655,#4656,#4657);
#4655 = CARTESIAN_POINT('',(11.772059519182,35.,46.932874405415));
#4656 = DIRECTION('',(0.613553759712,-0.,0.789652951583));
#4657 = DIRECTION('',(0.789652951583,0.,-0.613553759712));
#4658 = VECTOR('',#4659,1.);
#4659 = DIRECTION('',(0.301708891434,0.,0.953400096932));
#4660 = DEFINITIONAL_REPRESENTATION('',(#4661),#4674);
#4661 = B_SPLINE_CURVE_WITH_KNOTS('',11,(#4662,#4663,#4664,#4665,#4666,
    #4667,#4668,#4669,#4670,#4671,#4672,#4673),.UNSPECIFIED.,.F.,.F.,(12
    ,12),(23.180483348218,33.806239514475),.PIECEWISE_BEZIER_KNOTS.);
#4662 = CARTESIAN_POINT('',(4.712388980385,-0.533066188842));
#4663 = CARTESIAN_POINT('',(4.987939651599,-0.533066188842));
#4664 = CARTESIAN_POINT('',(5.260283637222,-0.533102149415));
#4665 = CARTESIAN_POINT('',(5.535046443341,-0.531151179075));
#4666 = CARTESIAN_POINT('',(5.828948305964,-0.528979012469));
#4667 = CARTESIAN_POINT('',(6.138334405417,-0.463368216304));
#4668 = CARTESIAN_POINT('',(6.42803620894,-0.463368216303));
#4669 = CARTESIAN_POINT('',(6.737422308399,-0.528979012469));
#4670 = CARTESIAN_POINT('',(7.031324171014,-0.531151179074));
#4671 = CARTESIAN_POINT('',(7.30608697714,-0.533102149415));
#4672 = CARTESIAN_POINT('',(7.57843096276,-0.533066188842));
#4673 = CARTESIAN_POINT('',(7.853981633974,-0.533066188842));
#4674 = ( GEOMETRIC_REPRESENTATION_CONTEXT(2) 
PARAMETRIC_REPRESENTATION_CONTEXT() REPRESENTATION_CONTEXT('2D SPACE',''
  ) );
#4675 = ORIENTED_EDGE('',*,*,#4676,.F.);
#4676 = EDGE_CURVE('',#2310,#4628,#4677,.T.);
#4677 = SURFACE_CURVE('',#4678,(#4681,#4688),.PCURVE_S1.);
#4678 = B_SPLINE_CURVE_WITH_KNOTS('',1,(#4679,#4680),.UNSPECIFIED.,.F.,
  .F.,(2,2),(0.,10.625756166257),.PIECEWISE_BEZIER_KNOTS.);
#4679 = CARTESIAN_POINT('',(11.919658114746,38.999995620493,
    46.818191527254));
#4680 = CARTESIAN_POINT('',(11.611228710286,38.5,46.424649049302));
#4681 = PCURVE('',#2369,#4682);
#4682 = DEFINITIONAL_REPRESENTATION('',(#4683),#4687);
#4683 = LINE('',#4684,#4685);
#4684 = CARTESIAN_POINT('',(0.,33.806239514475));
#4685 = VECTOR('',#4686,1.);
#4686 = DIRECTION('',(1.,0.));
#4687 = ( GEOMETRIC_REPRESENTATION_CONTEXT(2) 
PARAMETRIC_REPRESENTATION_CONTEXT() REPRESENTATION_CONTEXT('2D SPACE',''
  ) );
#4688 = PCURVE('',#2325,#4689);
#4689 = DEFINITIONAL_REPRESENTATION('',(#4690),#4693);
#4690 = B_SPLINE_CURVE_WITH_KNOTS('',1,(#4691,#4692),.UNSPECIFIED.,.F.,
  .F.,(2,2),(0.,10.625756166257),.PIECEWISE_BEZIER_KNOTS.);
#4691 = CARTESIAN_POINT('',(-0.186915777707,-0.353550293814));
#4692 = CARTESIAN_POINT('',(-0.184823055074,0.353553390593));
#4693 = ( GEOMETRIC_REPRESENTATION_CONTEXT(2) 
PARAMETRIC_REPRESENTATION_CONTEXT() REPRESENTATION_CONTEXT('2D SPACE',''
  ) );
#4694 = ORIENTED_EDGE('',*,*,#2337,.F.);
#4695 = ADVANCED_FACE('',(#4696),#2325,.T.);
#4696 = FACE_BOUND('',#4697,.T.);
#4697 = EDGE_LOOP('',(#4698,#4699,#4700,#4701));
#4698 = ORIENTED_EDGE('',*,*,#4676,.F.);
#4699 = ORIENTED_EDGE('',*,*,#2309,.T.);
#4700 = ORIENTED_EDGE('',*,*,#4488,.T.);
#4701 = ORIENTED_EDGE('',*,*,#4702,.F.);
#4702 = EDGE_CURVE('',#4628,#4489,#4703,.T.);
#4703 = SURFACE_CURVE('',#4704,(#4708,#4715),.PCURVE_S1.);
#4704 = LINE('',#4705,#4706);
#4705 = CARTESIAN_POINT('',(11.465282639326,38.5,46.538047929624));
#4706 = VECTOR('',#4707,1.);
#4707 = DIRECTION('',(-0.789652951583,-5.921189464667E-16,0.613553759712
    ));
#4708 = PCURVE('',#2325,#4709);
#4709 = DEFINITIONAL_REPRESENTATION('',(#4710),#4714);
#4710 = LINE('',#4711,#4712);
#4711 = CARTESIAN_POINT('',(8.187894806611E-16,0.353553390593));
#4712 = VECTOR('',#4713,1.);
#4713 = DIRECTION('',(1.,0.));
#4714 = ( GEOMETRIC_REPRESENTATION_CONTEXT(2) 
PARAMETRIC_REPRESENTATION_CONTEXT() REPRESENTATION_CONTEXT('2D SPACE',''
  ) );
#4715 = PCURVE('',#4716,#4721);
#4716 = PLANE('',#4717);
#4717 = AXIS2_PLACEMENT_3D('',#4718,#4719,#4720);
#4718 = CARTESIAN_POINT('',(2.296224100189,38.5,54.295519521958));
#4719 = DIRECTION('',(6.018597248589E-16,-1.,-1.904619382465E-16));
#4720 = DIRECTION('',(0.789652951583,5.921189464667E-16,-0.613553759712)
  );
#4721 = DEFINITIONAL_REPRESENTATION('',(#4722),#4726);
#4722 = LINE('',#4723,#4724);
#4723 = CARTESIAN_POINT('',(12.,-0.5));
#4724 = VECTOR('',#4725,1.);
#4725 = DIRECTION('',(-1.,0.));
#4726 = ( GEOMETRIC_REPRESENTATION_CONTEXT(2) 
PARAMETRIC_REPRESENTATION_CONTEXT() REPRESENTATION_CONTEXT('2D SPACE',''
  ) );
#4727 = ADVANCED_FACE('',(#4728),#2421,.F.);
#4728 = FACE_BOUND('',#4729,.T.);
#4729 = EDGE_LOOP('',(#4730,#4752,#4753,#4775));
#4730 = ORIENTED_EDGE('',*,*,#4731,.F.);
#4731 = EDGE_CURVE('',#2404,#4732,#4734,.T.);
#4732 = VERTEX_POINT('',#4733);
#4733 = CARTESIAN_POINT('',(29.388396484077,17.5,32.651214763431));
#4734 = SURFACE_CURVE('',#4735,(#4739,#4746),.PCURVE_S1.);
#4735 = LINE('',#4736,#4737);
#4736 = CARTESIAN_POINT('',(29.661236944832,17.5,32.736176347736));
#4737 = VECTOR('',#4738,1.);
#4738 = DIRECTION('',(-0.954779432807,0.,-0.297315042823));
#4739 = PCURVE('',#2421,#4740);
#4740 = DEFINITIONAL_REPRESENTATION('',(#4741),#4745);
#4741 = LINE('',#4742,#4743);
#4742 = CARTESIAN_POINT('',(-0.,0.));
#4743 = VECTOR('',#4744,1.);
#4744 = DIRECTION('',(-0.,1.));
#4745 = ( GEOMETRIC_REPRESENTATION_CONTEXT(2) 
PARAMETRIC_REPRESENTATION_CONTEXT() REPRESENTATION_CONTEXT('2D SPACE',''
  ) );
#4746 = PCURVE('',#2465,#4747);
#4747 = DEFINITIONAL_REPRESENTATION('',(#4748),#4751);
#4748 = B_SPLINE_CURVE_WITH_KNOTS('',1,(#4749,#4750),.UNSPECIFIED.,.F.,
  .F.,(2,2),(-0.285762817442,0.285762817442),.PIECEWISE_BEZIER_KNOTS.);
#4749 = CARTESIAN_POINT('',(0.,91.548667764616));
#4750 = CARTESIAN_POINT('',(18.849555921539,91.548667764616));
#4751 = ( GEOMETRIC_REPRESENTATION_CONTEXT(2) 
PARAMETRIC_REPRESENTATION_CONTEXT() REPRESENTATION_CONTEXT('2D SPACE',''
  ) );
#4752 = ORIENTED_EDGE('',*,*,#2403,.T.);
#4753 = ORIENTED_EDGE('',*,*,#4754,.T.);
#4754 = EDGE_CURVE('',#2406,#4755,#4757,.T.);
#4755 = VERTEX_POINT('',#4756);
#4756 = CARTESIAN_POINT('',(29.388396484077,35.,32.651214763431));
#4757 = SURFACE_CURVE('',#4758,(#4762,#4769),.PCURVE_S1.);
#4758 = LINE('',#4759,#4760);
#4759 = CARTESIAN_POINT('',(29.661236944832,35.,32.736176347736));
#4760 = VECTOR('',#4761,1.);
#4761 = DIRECTION('',(-0.954779432807,0.,-0.297315042823));
#4762 = PCURVE('',#2421,#4763);
#4763 = DEFINITIONAL_REPRESENTATION('',(#4764),#4768);
#4764 = LINE('',#4765,#4766);
#4765 = CARTESIAN_POINT('',(-17.5,0.));
#4766 = VECTOR('',#4767,1.);
#4767 = DIRECTION('',(-0.,1.));
#4768 = ( GEOMETRIC_REPRESENTATION_CONTEXT(2) 
PARAMETRIC_REPRESENTATION_CONTEXT() REPRESENTATION_CONTEXT('2D SPACE',''
  ) );
#4769 = PCURVE('',#2553,#4770);
#4770 = DEFINITIONAL_REPRESENTATION('',(#4771),#4774);
#4771 = B_SPLINE_CURVE_WITH_KNOTS('',1,(#4772,#4773),.UNSPECIFIED.,.F.,
  .F.,(2,2),(-0.285762817442,0.285762817442),.PIECEWISE_BEZIER_KNOTS.);
#4772 = CARTESIAN_POINT('',(0.,36.349555921539));
#4773 = CARTESIAN_POINT('',(18.849555921539,36.349555921539));
#4774 = ( GEOMETRIC_REPRESENTATION_CONTEXT(2) 
PARAMETRIC_REPRESENTATION_CONTEXT() REPRESENTATION_CONTEXT('2D SPACE',''
  ) );
#4775 = ORIENTED_EDGE('',*,*,#4776,.F.);
#4776 = EDGE_CURVE('',#4732,#4755,#4777,.T.);
#4777 = SURFACE_CURVE('',#4778,(#4782,#4789),.PCURVE_S1.);
#4778 = LINE('',#4779,#4780);
#4779 = CARTESIAN_POINT('',(29.388396484077,17.5,32.651214763431));
#4780 = VECTOR('',#4781,1.);
#4781 = DIRECTION('',(0.,1.,0.));
#4782 = PCURVE('',#2421,#4783);
#4783 = DEFINITIONAL_REPRESENTATION('',(#4784),#4788);
#4784 = LINE('',#4785,#4786);
#4785 = CARTESIAN_POINT('',(-0.,0.285762817442));
#4786 = VECTOR('',#4787,1.);
#4787 = DIRECTION('',(-1.,0.));
#4788 = ( GEOMETRIC_REPRESENTATION_CONTEXT(2) 
PARAMETRIC_REPRESENTATION_CONTEXT() REPRESENTATION_CONTEXT('2D SPACE',''
  ) );
#4789 = PCURVE('',#4790,#4795);
#4790 = PLANE('',#4791);
#4791 = AXIS2_PLACEMENT_3D('',#4792,#4793,#4794);
#4792 = CARTESIAN_POINT('',(29.539250929794,17.5,33.127914811897));
#4793 = DIRECTION('',(0.953400096932,0.,-0.301708891434));
#4794 = DIRECTION('',(0.,1.,0.));
#4795 = DEFINITIONAL_REPRESENTATION('',(#4796),#4800);
#4796 = LINE('',#4797,#4798);
#4797 = CARTESIAN_POINT('',(0.,-0.5));
#4798 = VECTOR('',#4799,1.);
#4799 = DIRECTION('',(1.,0.));
#4800 = ( GEOMETRIC_REPRESENTATION_CONTEXT(2) 
PARAMETRIC_REPRESENTATION_CONTEXT() REPRESENTATION_CONTEXT('2D SPACE',''
  ) );
#4801 = ADVANCED_FACE('',(#4802),#2465,.F.);
#4802 = FACE_BOUND('',#4803,.F.);
#4803 = EDGE_LOOP('',(#4804,#4826,#4871,#4872));
#4804 = ORIENTED_EDGE('',*,*,#4805,.T.);
#4805 = EDGE_CURVE('',#2434,#4806,#4808,.T.);
#4806 = VERTEX_POINT('',#4807);
#4807 = CARTESIAN_POINT('',(19.912561065084,17.5,40.013859879974));
#4808 = SURFACE_CURVE('',#4809,(#4813,#4819),.PCURVE_S1.);
#4809 = LINE('',#4810,#4811);
#4810 = CARTESIAN_POINT('',(19.790575050047,17.5,40.405598344135));
#4811 = VECTOR('',#4812,1.);
#4812 = DIRECTION('',(0.297315042823,0.,-0.954779432807));
#4813 = PCURVE('',#2465,#4814);
#4814 = DEFINITIONAL_REPRESENTATION('',(#4815),#4818);
#4815 = B_SPLINE_CURVE_WITH_KNOTS('',1,(#4816,#4817),.UNSPECIFIED.,.F.,
  .F.,(2,2),(-0.410292105905,0.410292105905),.PIECEWISE_BEZIER_KNOTS.);
#4816 = CARTESIAN_POINT('',(0.,72.699111843078));
#4817 = CARTESIAN_POINT('',(18.849555921539,72.699111843078));
#4818 = ( GEOMETRIC_REPRESENTATION_CONTEXT(2) 
PARAMETRIC_REPRESENTATION_CONTEXT() REPRESENTATION_CONTEXT('2D SPACE',''
  ) );
#4819 = PCURVE('',#2511,#4820);
#4820 = DEFINITIONAL_REPRESENTATION('',(#4821),#4825);
#4821 = LINE('',#4822,#4823);
#4822 = CARTESIAN_POINT('',(17.5,0.));
#4823 = VECTOR('',#4824,1.);
#4824 = DIRECTION('',(0.,1.));
#4825 = ( GEOMETRIC_REPRESENTATION_CONTEXT(2) 
PARAMETRIC_REPRESENTATION_CONTEXT() REPRESENTATION_CONTEXT('2D SPACE',''
  ) );
#4826 = ORIENTED_EDGE('',*,*,#4827,.T.);
#4827 = EDGE_CURVE('',#4806,#4732,#4828,.T.);
#4828 = SURFACE_CURVE('',#4829,(#4841,#4848),.PCURVE_S1.);
#4829 = B_SPLINE_CURVE_WITH_KNOTS('',10,(#4830,#4831,#4832,#4833,#4834,
    #4835,#4836,#4837,#4838,#4839,#4840),.UNSPECIFIED.,.F.,.F.,(11,11),(
    72.699111843078,91.548667764616),.PIECEWISE_BEZIER_KNOTS.);
#4830 = CARTESIAN_POINT('',(19.912561065084,17.5,40.013859879974));
#4831 = CARTESIAN_POINT('',(19.912561065083,15.670015930326,
    40.013859879972));
#4832 = CARTESIAN_POINT('',(20.400979632551,13.839763841354,
    39.627028077356));
#4833 = CARTESIAN_POINT('',(21.372708916869,12.23508861934,
    38.854798445115));
#4834 = CARTESIAN_POINT('',(22.781797622091,11.117277217848,
    37.748376715056));
#4835 = CARTESIAN_POINT('',(24.390865941068,10.608486910352,
    36.464616565623));
#4836 = CARTESIAN_POINT('',(26.19774503183,10.870870949738,
    35.090159692721));
#4837 = CARTESIAN_POINT('',(27.729109521295,11.973836073948,
    33.915407331891));
#4838 = CARTESIAN_POINT('',(28.836970351317,13.619822220267,
    33.071719091141));
#4839 = CARTESIAN_POINT('',(29.388396484076,15.561121914239,
    32.65121476343));
#4840 = CARTESIAN_POINT('',(29.388396484077,17.5,32.651214763431));
#4841 = PCURVE('',#2465,#4842);
#4842 = DEFINITIONAL_REPRESENTATION('',(#4843),#4847);
#4843 = LINE('',#4844,#4845);
#4844 = CARTESIAN_POINT('',(18.849555921539,0.));
#4845 = VECTOR('',#4846,1.);
#4846 = DIRECTION('',(0.,1.));
#4847 = ( GEOMETRIC_REPRESENTATION_CONTEXT(2) 
PARAMETRIC_REPRESENTATION_CONTEXT() REPRESENTATION_CONTEXT('2D SPACE',''
  ) );
#4848 = PCURVE('',#4849,#4857);
#4849 = SURFACE_OF_LINEAR_EXTRUSION('',#4850,#4855);
#4850 = CIRCLE('',#4851,6.);
#4851 = AXIS2_PLACEMENT_3D('',#4852,#4853,#4854);
#4852 = CARTESIAN_POINT('',(24.801333220298,17.5,36.809237370169));
#4853 = DIRECTION('',(0.613553759712,-0.,0.789652951583));
#4854 = DIRECTION('',(0.789652951583,0.,-0.613553759712));
#4855 = VECTOR('',#4856,1.);
#4856 = DIRECTION('',(0.301708891434,0.,0.953400096932));
#4857 = DEFINITIONAL_REPRESENTATION('',(#4858),#4870);
#4858 = B_SPLINE_CURVE_WITH_KNOTS('',10,(#4859,#4860,#4861,#4862,#4863,
    #4864,#4865,#4866,#4867,#4868,#4869),.UNSPECIFIED.,.F.,.F.,(11,11),(
    72.699111843078,91.548667764616),.PIECEWISE_BEZIER_KNOTS.);
#4859 = CARTESIAN_POINT('',(3.14159265359,-0.5));
#4860 = CARTESIAN_POINT('',(3.446589998535,-0.5));
#4861 = CARTESIAN_POINT('',(3.751732764786,-0.506174762062));
#4862 = CARTESIAN_POINT('',(4.057840744443,-0.520659067217));
#4863 = CARTESIAN_POINT('',(4.365074911106,-0.530399854366));
#4864 = CARTESIAN_POINT('',(4.674860489711,-0.558625398542));
#4865 = CARTESIAN_POINT('',(4.993177157029,-0.533815275763));
#4866 = CARTESIAN_POINT('',(5.314469771613,-0.521096113207));
#4867 = CARTESIAN_POINT('',(5.636614954536,-0.506692323348));
#4868 = CARTESIAN_POINT('',(5.960038959553,-0.5));
#4869 = CARTESIAN_POINT('',(6.28318530718,-0.5));
#4870 = ( GEOMETRIC_REPRESENTATION_CONTEXT(2) 
PARAMETRIC_REPRESENTATION_CONTEXT() REPRESENTATION_CONTEXT('2D SPACE',''
  ) );
#4871 = ORIENTED_EDGE('',*,*,#4731,.F.);
#4872 = ORIENTED_EDGE('',*,*,#2433,.F.);
#4873 = ADVANCED_FACE('',(#4874),#2553,.F.);
#4874 = FACE_BOUND('',#4875,.F.);
#4875 = EDGE_LOOP('',(#4876,#4877,#4924,#4943));
#4876 = ORIENTED_EDGE('',*,*,#4754,.T.);
#4877 = ORIENTED_EDGE('',*,*,#4878,.T.);
#4878 = EDGE_CURVE('',#4755,#4879,#4881,.T.);
#4879 = VERTEX_POINT('',#4880);
#4880 = CARTESIAN_POINT('',(19.912561065084,35.,40.013859879974));
#4881 = SURFACE_CURVE('',#4882,(#4894,#4901),.PCURVE_S1.);
#4882 = B_SPLINE_CURVE_WITH_KNOTS('',10,(#4883,#4884,#4885,#4886,#4887,
    #4888,#4889,#4890,#4891,#4892,#4893),.UNSPECIFIED.,.F.,.F.,(11,11),(
    36.349555921539,55.199111843078),.PIECEWISE_BEZIER_KNOTS.);
#4883 = CARTESIAN_POINT('',(29.388396484077,35.,32.651214763431));
#4884 = CARTESIAN_POINT('',(29.388396484077,36.938878085759,
    32.65121476343));
#4885 = CARTESIAN_POINT('',(28.836970351316,38.88017777974,
    33.071719091137));
#4886 = CARTESIAN_POINT('',(27.729109521299,40.526163926038,
    33.915407331902));
#4887 = CARTESIAN_POINT('',(26.197745031821,41.629129050283,
    35.090159692701));
#4888 = CARTESIAN_POINT('',(24.390865941081,41.891513089625,
    36.46461656565));
#4889 = CARTESIAN_POINT('',(22.781797622078,41.382722782173,
    37.748376715029));
#4890 = CARTESIAN_POINT('',(21.372708916879,40.264911380647,
    38.854798445134));
#4891 = CARTESIAN_POINT('',(20.400979632547,38.660236158652,
    39.627028077347));
#4892 = CARTESIAN_POINT('',(19.912561065084,36.829984069673,
    40.013859879974));
#4893 = CARTESIAN_POINT('',(19.912561065084,35.,40.013859879974));
#4894 = PCURVE('',#2553,#4895);
#4895 = DEFINITIONAL_REPRESENTATION('',(#4896),#4900);
#4896 = LINE('',#4897,#4898);
#4897 = CARTESIAN_POINT('',(18.849555921539,0.));
#4898 = VECTOR('',#4899,1.);
#4899 = DIRECTION('',(0.,1.));
#4900 = ( GEOMETRIC_REPRESENTATION_CONTEXT(2) 
PARAMETRIC_REPRESENTATION_CONTEXT() REPRESENTATION_CONTEXT('2D SPACE',''
  ) );
#4901 = PCURVE('',#4902,#4910);
#4902 = SURFACE_OF_LINEAR_EXTRUSION('',#4903,#4908);
#4903 = CIRCLE('',#4904,6.);
#4904 = AXIS2_PLACEMENT_3D('',#4905,#4906,#4907);
#4905 = CARTESIAN_POINT('',(24.801333220298,35.,36.809237370169));
#4906 = DIRECTION('',(0.613553759712,-0.,0.789652951583));
#4907 = DIRECTION('',(0.789652951583,0.,-0.613553759712));
#4908 = VECTOR('',#4909,1.);
#4909 = DIRECTION('',(0.301708891434,0.,0.953400096932));
#4910 = DEFINITIONAL_REPRESENTATION('',(#4911),#4923);
#4911 = B_SPLINE_CURVE_WITH_KNOTS('',10,(#4912,#4913,#4914,#4915,#4916,
    #4917,#4918,#4919,#4920,#4921,#4922),.UNSPECIFIED.,.F.,.F.,(11,11),(
    36.349555921539,55.199111843078),.PIECEWISE_BEZIER_KNOTS.);
#4912 = CARTESIAN_POINT('',(4.440892098501E-16,-0.5));
#4913 = CARTESIAN_POINT('',(0.323146347627,-0.5));
#4914 = CARTESIAN_POINT('',(0.646570352645,-0.506692323347));
#4915 = CARTESIAN_POINT('',(0.968715535563,-0.521096113208));
#4916 = CARTESIAN_POINT('',(1.290008150156,-0.533815275763));
#4917 = CARTESIAN_POINT('',(1.608324817464,-0.558625398542));
#4918 = CARTESIAN_POINT('',(1.918110396077,-0.530399854366));
#4919 = CARTESIAN_POINT('',(2.225344562735,-0.520659067217));
#4920 = CARTESIAN_POINT('',(2.531452542394,-0.506174762062));
#4921 = CARTESIAN_POINT('',(2.836595308644,-0.5));
#4922 = CARTESIAN_POINT('',(3.14159265359,-0.5));
#4923 = ( GEOMETRIC_REPRESENTATION_CONTEXT(2) 
PARAMETRIC_REPRESENTATION_CONTEXT() REPRESENTATION_CONTEXT('2D SPACE',''
  ) );
#4924 = ORIENTED_EDGE('',*,*,#4925,.F.);
#4925 = EDGE_CURVE('',#2496,#4879,#4926,.T.);
#4926 = SURFACE_CURVE('',#4927,(#4930,#4937),.PCURVE_S1.);
#4927 = B_SPLINE_CURVE_WITH_KNOTS('',1,(#4928,#4929),.UNSPECIFIED.,.F.,
  .F.,(2,2),(0.,18.849555921539),.PIECEWISE_BEZIER_KNOTS.);
#4928 = CARTESIAN_POINT('',(19.66858903501,35.,40.797336808296));
#4929 = CARTESIAN_POINT('',(19.912561065084,35.,40.013859879974));
#4930 = PCURVE('',#2553,#4931);
#4931 = DEFINITIONAL_REPRESENTATION('',(#4932),#4936);
#4932 = LINE('',#4933,#4934);
#4933 = CARTESIAN_POINT('',(0.,55.199111843078));
#4934 = VECTOR('',#4935,1.);
#4935 = DIRECTION('',(1.,0.));
#4936 = ( GEOMETRIC_REPRESENTATION_CONTEXT(2) 
PARAMETRIC_REPRESENTATION_CONTEXT() REPRESENTATION_CONTEXT('2D SPACE',''
  ) );
#4937 = PCURVE('',#2511,#4938);
#4938 = DEFINITIONAL_REPRESENTATION('',(#4939),#4942);
#4939 = B_SPLINE_CURVE_WITH_KNOTS('',1,(#4940,#4941),.UNSPECIFIED.,.F.,
  .F.,(2,2),(0.,18.849555921539),.PIECEWISE_BEZIER_KNOTS.);
#4940 = CARTESIAN_POINT('',(-7.105427357601E-15,-0.410292105905));
#4941 = CARTESIAN_POINT('',(0.,0.410292105905));
#4942 = ( GEOMETRIC_REPRESENTATION_CONTEXT(2) 
PARAMETRIC_REPRESENTATION_CONTEXT() REPRESENTATION_CONTEXT('2D SPACE',''
  ) );
#4943 = ORIENTED_EDGE('',*,*,#2523,.F.);
#4944 = ADVANCED_FACE('',(#4945),#2511,.T.);
#4945 = FACE_BOUND('',#4946,.T.);
#4946 = EDGE_LOOP('',(#4947,#4948,#4949,#4950));
#4947 = ORIENTED_EDGE('',*,*,#4925,.F.);
#4948 = ORIENTED_EDGE('',*,*,#2495,.T.);
#4949 = ORIENTED_EDGE('',*,*,#4805,.T.);
#4950 = ORIENTED_EDGE('',*,*,#4951,.F.);
#4951 = EDGE_CURVE('',#4879,#4806,#4952,.T.);
#4952 = SURFACE_CURVE('',#4953,(#4957,#4964),.PCURVE_S1.);
#4953 = LINE('',#4954,#4955);
#4954 = CARTESIAN_POINT('',(19.912561065084,35.,40.013859879974));
#4955 = VECTOR('',#4956,1.);
#4956 = DIRECTION('',(-0.,-1.,-0.));
#4957 = PCURVE('',#2511,#4958);
#4958 = DEFINITIONAL_REPRESENTATION('',(#4959),#4963);
#4959 = LINE('',#4960,#4961);
#4960 = CARTESIAN_POINT('',(-2.214819436045E-33,0.410292105905));
#4961 = VECTOR('',#4962,1.);
#4962 = DIRECTION('',(1.,0.));
#4963 = ( GEOMETRIC_REPRESENTATION_CONTEXT(2) 
PARAMETRIC_REPRESENTATION_CONTEXT() REPRESENTATION_CONTEXT('2D SPACE',''
  ) );
#4964 = PCURVE('',#4965,#4970);
#4965 = PLANE('',#4966);
#4966 = AXIS2_PLACEMENT_3D('',#4967,#4968,#4969);
#4967 = CARTESIAN_POINT('',(20.063415510801,17.5,40.49055992844));
#4968 = DIRECTION('',(0.953400096932,0.,-0.301708891434));
#4969 = DIRECTION('',(0.,1.,0.));
#4970 = DEFINITIONAL_REPRESENTATION('',(#4971),#4975);
#4971 = LINE('',#4972,#4973);
#4972 = CARTESIAN_POINT('',(17.5,-0.5));
#4973 = VECTOR('',#4974,1.);
#4974 = DIRECTION('',(-1.,0.));
#4975 = ( GEOMETRIC_REPRESENTATION_CONTEXT(2) 
PARAMETRIC_REPRESENTATION_CONTEXT() REPRESENTATION_CONTEXT('2D SPACE',''
  ) );
#4976 = ADVANCED_FACE('',(#4977),#2758,.F.);
#4977 = FACE_BOUND('',#4978,.F.);
#4978 = EDGE_LOOP('',(#4979,#5002,#5033,#5034));
#4979 = ORIENTED_EDGE('',*,*,#4980,.T.);
#4980 = EDGE_CURVE('',#2706,#4981,#4983,.T.);
#4981 = VERTEX_POINT('',#4982);
#4982 = CARTESIAN_POINT('',(-13.27602157047,-35.,28.403651353006));
#4983 = SEAM_CURVE('',#4984,(#4988,#4995),.PCURVE_S1.);
#4984 = LINE('',#4985,#4986);
#4985 = CARTESIAN_POINT('',(-3.626173036681,-35.,58.897172719798));
#4986 = VECTOR('',#4987,1.);
#4987 = DIRECTION('',(-0.301708891434,0.,-0.953400096932));
#4988 = PCURVE('',#2758,#4989);
#4989 = DEFINITIONAL_REPRESENTATION('',(#4990),#4994);
#4990 = LINE('',#4991,#4992);
#4991 = CARTESIAN_POINT('',(0.,0.));
#4992 = VECTOR('',#4993,1.);
#4993 = DIRECTION('',(0.,-1.));
#4994 = ( GEOMETRIC_REPRESENTATION_CONTEXT(2) 
PARAMETRIC_REPRESENTATION_CONTEXT() REPRESENTATION_CONTEXT('2D SPACE',''
  ) );
#4995 = PCURVE('',#2758,#4996);
#4996 = DEFINITIONAL_REPRESENTATION('',(#4997),#5001);
#4997 = LINE('',#4998,#4999);
#4998 = CARTESIAN_POINT('',(6.28318530718,0.));
#4999 = VECTOR('',#5000,1.);
#5000 = DIRECTION('',(0.,-1.));
#5001 = ( GEOMETRIC_REPRESENTATION_CONTEXT(2) 
PARAMETRIC_REPRESENTATION_CONTEXT() REPRESENTATION_CONTEXT('2D SPACE',''
  ) );
#5002 = ORIENTED_EDGE('',*,*,#5003,.T.);
#5003 = EDGE_CURVE('',#4981,#4981,#5004,.T.);
#5004 = SURFACE_CURVE('',#5005,(#5010,#5017),.PCURVE_S1.);
#5005 = CIRCLE('',#5006,9.);
#5006 = AXIS2_PLACEMENT_3D('',#5007,#5008,#5009);
#5007 = CARTESIAN_POINT('',(-20.38289813472,-35.,33.925635190413));
#5008 = DIRECTION('',(0.613553759712,-0.,0.789652951583));
#5009 = DIRECTION('',(0.789652951583,0.,-0.613553759712));
#5010 = PCURVE('',#2758,#5011);
#5011 = DEFINITIONAL_REPRESENTATION('',(#5012),#5016);
#5012 = LINE('',#5013,#5014);
#5013 = CARTESIAN_POINT('',(0.,-31.98397133053));
#5014 = VECTOR('',#5015,1.);
#5015 = DIRECTION('',(1.,0.));
#5016 = ( GEOMETRIC_REPRESENTATION_CONTEXT(2) 
PARAMETRIC_REPRESENTATION_CONTEXT() REPRESENTATION_CONTEXT('2D SPACE',''
  ) );
#5017 = PCURVE('',#5018,#5023);
#5018 = PLANE('',#5019);
#5019 = AXIS2_PLACEMENT_3D('',#5020,#5021,#5022);
#5020 = CARTESIAN_POINT('',(-4.43068256603,0.708251724725,
    21.530896693852));
#5021 = DIRECTION('',(-0.613553759712,0.,-0.789652951583));
#5022 = DIRECTION('',(-0.789652951583,0.,0.613553759712));
#5023 = DEFINITIONAL_REPRESENTATION('',(#5024),#5032);
#5024 = ( BOUNDED_CURVE() B_SPLINE_CURVE(2,(#5025,#5026,#5027,#5028,
#5029,#5030,#5031),.UNSPECIFIED.,.T.,.F.) B_SPLINE_CURVE_WITH_KNOTS((1,2
    ,2,2,2,1),(-2.094395102393,0.,2.094395102393,4.188790204786,
6.28318530718,8.377580409573),.UNSPECIFIED.) CURVE() 
GEOMETRIC_REPRESENTATION_ITEM() RATIONAL_B_SPLINE_CURVE((1.,0.5,1.,0.5,
1.,0.5,1.)) REPRESENTATION_ITEM('') );
#5025 = CARTESIAN_POINT('',(11.201552513312,-35.70825172472));
#5026 = CARTESIAN_POINT('',(11.201552513312,-20.1197944566));
#5027 = CARTESIAN_POINT('',(24.701552513312,-27.91402309066));
#5028 = CARTESIAN_POINT('',(38.201552513312,-35.70825172472));
#5029 = CARTESIAN_POINT('',(24.701552513312,-43.50248035878));
#5030 = CARTESIAN_POINT('',(11.201552513312,-51.29670899284));
#5031 = CARTESIAN_POINT('',(11.201552513312,-35.70825172472));
#5032 = ( GEOMETRIC_REPRESENTATION_CONTEXT(2) 
PARAMETRIC_REPRESENTATION_CONTEXT() REPRESENTATION_CONTEXT('2D SPACE',''
  ) );
#5033 = ORIENTED_EDGE('',*,*,#4980,.F.);
#5034 = ORIENTED_EDGE('',*,*,#2727,.F.);
#5035 = ADVANCED_FACE('',(#5036),#2882,.T.);
#5036 = FACE_BOUND('',#5037,.T.);
#5037 = EDGE_LOOP('',(#5038,#5067,#5068,#5069));
#5038 = ORIENTED_EDGE('',*,*,#5039,.F.);
#5039 = EDGE_CURVE('',#2840,#5040,#5042,.T.);
#5040 = VERTEX_POINT('',#5041);
#5041 = CARTESIAN_POINT('',(-32.5,50.,75.999999999983));
#5042 = SURFACE_CURVE('',#5043,(#5048,#5055),.PCURVE_S1.);
#5043 = CIRCLE('',#5044,4.);
#5044 = AXIS2_PLACEMENT_3D('',#5045,#5046,#5047);
#5045 = CARTESIAN_POINT('',(-32.5,46.,75.999999999983));
#5046 = DIRECTION('',(-1.,0.,0.));
#5047 = DIRECTION('',(0.,2.2E-16,1.));
#5048 = PCURVE('',#2882,#5049);
#5049 = DEFINITIONAL_REPRESENTATION('',(#5050),#5054);
#5050 = LINE('',#5051,#5052);
#5051 = CARTESIAN_POINT('',(-4.4E-16,0.));
#5052 = VECTOR('',#5053,1.);
#5053 = DIRECTION('',(0.,1.));
#5054 = ( GEOMETRIC_REPRESENTATION_CONTEXT(2) 
PARAMETRIC_REPRESENTATION_CONTEXT() REPRESENTATION_CONTEXT('2D SPACE',''
  ) );
#5055 = PCURVE('',#5056,#5061);
#5056 = CYLINDRICAL_SURFACE('',#5057,4.);
#5057 = AXIS2_PLACEMENT_3D('',#5058,#5059,#5060);
#5058 = CARTESIAN_POINT('',(-35.,46.,75.999999999983));
#5059 = DIRECTION('',(1.,0.,0.));
#5060 = DIRECTION('',(0.,2.2E-16,1.));
#5061 = DEFINITIONAL_REPRESENTATION('',(#5062),#5066);
#5062 = LINE('',#5063,#5064);
#5063 = CARTESIAN_POINT('',(-0.,2.5));
#5064 = VECTOR('',#5065,1.);
#5065 = DIRECTION('',(-1.,0.));
#5066 = ( GEOMETRIC_REPRESENTATION_CONTEXT(2) 
PARAMETRIC_REPRESENTATION_CONTEXT() REPRESENTATION_CONTEXT('2D SPACE',''
  ) );
#5067 = ORIENTED_EDGE('',*,*,#2867,.T.);
#5068 = ORIENTED_EDGE('',*,*,#2909,.T.);
#5069 = ORIENTED_EDGE('',*,*,#5070,.F.);
#5070 = EDGE_CURVE('',#5040,#2910,#5071,.T.);
#5071 = SURFACE_CURVE('',#5072,(#5077,#5084),.PCURVE_S1.);
#5072 = CIRCLE('',#5073,1.);
#5073 = AXIS2_PLACEMENT_3D('',#5074,#5075,#5076);
#5074 = CARTESIAN_POINT('',(-32.50000000001,50.,74.999999999983));
#5075 = DIRECTION('',(-0.,1.,0.));
#5076 = DIRECTION('',(1.60014E-12,0.,1.));
#5077 = PCURVE('',#2882,#5078);
#5078 = DEFINITIONAL_REPRESENTATION('',(#5079),#5083);
#5079 = LINE('',#5080,#5081);
#5080 = CARTESIAN_POINT('',(0.,1.570796326795));
#5081 = VECTOR('',#5082,1.);
#5082 = DIRECTION('',(1.,0.));
#5083 = ( GEOMETRIC_REPRESENTATION_CONTEXT(2) 
PARAMETRIC_REPRESENTATION_CONTEXT() REPRESENTATION_CONTEXT('2D SPACE',''
  ) );
#5084 = PCURVE('',#2949,#5085);
#5085 = DEFINITIONAL_REPRESENTATION('',(#5086),#5090);
#5086 = CIRCLE('',#5087,1.);
#5087 = AXIS2_PLACEMENT_2D('',#5088,#5089);
#5088 = CARTESIAN_POINT('',(43.859348812098,-25.26922250275));
#5089 = DIRECTION('',(1.,1.60014E-12));
#5090 = ( GEOMETRIC_REPRESENTATION_CONTEXT(2) 
PARAMETRIC_REPRESENTATION_CONTEXT() REPRESENTATION_CONTEXT('2D SPACE',''
  ) );
#5091 = ADVANCED_FACE('',(#5092),#2815,.T.);
#5092 = FACE_BOUND('',#5093,.F.);
#5093 = EDGE_LOOP('',(#5094,#5123,#5124,#5125));
#5094 = ORIENTED_EDGE('',*,*,#5095,.F.);
#5095 = EDGE_CURVE('',#2799,#5096,#5098,.T.);
#5096 = VERTEX_POINT('',#5097);
#5097 = CARTESIAN_POINT('',(-32.5,-50.,75.999999999983));
#5098 = SURFACE_CURVE('',#5099,(#5104,#5111),.PCURVE_S1.);
#5099 = CIRCLE('',#5100,4.);
#5100 = AXIS2_PLACEMENT_3D('',#5101,#5102,#5103);
#5101 = CARTESIAN_POINT('',(-32.5,-46.,75.999999999983));
#5102 = DIRECTION('',(1.,0.,-0.));
#5103 = DIRECTION('',(0.,2.2E-16,1.));
#5104 = PCURVE('',#2815,#5105);
#5105 = DEFINITIONAL_REPRESENTATION('',(#5106),#5110);
#5106 = LINE('',#5107,#5108);
#5107 = CARTESIAN_POINT('',(4.4E-16,-0.));
#5108 = VECTOR('',#5109,1.);
#5109 = DIRECTION('',(-0.,1.));
#5110 = ( GEOMETRIC_REPRESENTATION_CONTEXT(2) 
PARAMETRIC_REPRESENTATION_CONTEXT() REPRESENTATION_CONTEXT('2D SPACE',''
  ) );
#5111 = PCURVE('',#5112,#5117);
#5112 = CYLINDRICAL_SURFACE('',#5113,4.);
#5113 = AXIS2_PLACEMENT_3D('',#5114,#5115,#5116);
#5114 = CARTESIAN_POINT('',(-35.,-46.,75.999999999983));
#5115 = DIRECTION('',(1.,0.,0.));
#5116 = DIRECTION('',(0.,2.2E-16,1.));
#5117 = DEFINITIONAL_REPRESENTATION('',(#5118),#5122);
#5118 = LINE('',#5119,#5120);
#5119 = CARTESIAN_POINT('',(0.,2.5));
#5120 = VECTOR('',#5121,1.);
#5121 = DIRECTION('',(1.,0.));
#5122 = ( GEOMETRIC_REPRESENTATION_CONTEXT(2) 
PARAMETRIC_REPRESENTATION_CONTEXT() REPRESENTATION_CONTEXT('2D SPACE',''
  ) );
#5123 = ORIENTED_EDGE('',*,*,#2798,.T.);
#5124 = ORIENTED_EDGE('',*,*,#3004,.T.);
#5125 = ORIENTED_EDGE('',*,*,#5126,.F.);
#5126 = EDGE_CURVE('',#5096,#3005,#5127,.T.);
#5127 = SURFACE_CURVE('',#5128,(#5133,#5140),.PCURVE_S1.);
#5128 = CIRCLE('',#5129,1.);
#5129 = AXIS2_PLACEMENT_3D('',#5130,#5131,#5132);
#5130 = CARTESIAN_POINT('',(-32.50000000001,-50.,74.999999999983));
#5131 = DIRECTION('',(-0.,1.,0.));
#5132 = DIRECTION('',(1.60014E-12,0.,1.));
#5133 = PCURVE('',#2815,#5134);
#5134 = DEFINITIONAL_REPRESENTATION('',(#5135),#5139);
#5135 = LINE('',#5136,#5137);
#5136 = CARTESIAN_POINT('',(-0.,1.570796326795));
#5137 = VECTOR('',#5138,1.);
#5138 = DIRECTION('',(-1.,0.));
#5139 = ( GEOMETRIC_REPRESENTATION_CONTEXT(2) 
PARAMETRIC_REPRESENTATION_CONTEXT() REPRESENTATION_CONTEXT('2D SPACE',''
  ) );
#5140 = PCURVE('',#3044,#5141);
#5141 = DEFINITIONAL_REPRESENTATION('',(#5142),#5146);
#5142 = CIRCLE('',#5143,1.);
#5143 = AXIS2_PLACEMENT_2D('',#5144,#5145);
#5144 = CARTESIAN_POINT('',(43.859348812098,-25.26922250275));
#5145 = DIRECTION('',(1.,1.60014E-12));
#5146 = ( GEOMETRIC_REPRESENTATION_CONTEXT(2) 
PARAMETRIC_REPRESENTATION_CONTEXT() REPRESENTATION_CONTEXT('2D SPACE',''
  ) );
#5147 = ADVANCED_FACE('',(#5148),#2855,.T.);
#5148 = FACE_BOUND('',#5149,.T.);
#5149 = EDGE_LOOP('',(#5150,#5180,#5201,#5202));
#5150 = ORIENTED_EDGE('',*,*,#5151,.T.);
#5151 = EDGE_CURVE('',#5152,#5154,#5156,.T.);
#5152 = VERTEX_POINT('',#5153);
#5153 = CARTESIAN_POINT('',(-35.,46.,79.999999999983));
#5154 = VERTEX_POINT('',#5155);
#5155 = CARTESIAN_POINT('',(-35.,-46.,79.999999999983));
#5156 = SURFACE_CURVE('',#5157,(#5161,#5168),.PCURVE_S1.);
#5157 = LINE('',#5158,#5159);
#5158 = CARTESIAN_POINT('',(-35.,50.,79.999999999983));
#5159 = VECTOR('',#5160,1.);
#5160 = DIRECTION('',(0.,-1.,2.2E-16));
#5161 = PCURVE('',#2855,#5162);
#5162 = DEFINITIONAL_REPRESENTATION('',(#5163),#5167);
#5163 = LINE('',#5164,#5165);
#5164 = CARTESIAN_POINT('',(0.,0.));
#5165 = VECTOR('',#5166,1.);
#5166 = DIRECTION('',(0.,-1.));
#5167 = ( GEOMETRIC_REPRESENTATION_CONTEXT(2) 
PARAMETRIC_REPRESENTATION_CONTEXT() REPRESENTATION_CONTEXT('2D SPACE',''
  ) );
#5168 = PCURVE('',#5169,#5174);
#5169 = CYLINDRICAL_SURFACE('',#5170,5.);
#5170 = AXIS2_PLACEMENT_3D('',#5171,#5172,#5173);
#5171 = CARTESIAN_POINT('',(-35.,50.,74.999999999983));
#5172 = DIRECTION('',(0.,1.,-2.2E-16));
#5173 = DIRECTION('',(1.,0.,0.));
#5174 = DEFINITIONAL_REPRESENTATION('',(#5175),#5179);
#5175 = LINE('',#5176,#5177);
#5176 = CARTESIAN_POINT('',(-1.570796326796,0.));
#5177 = VECTOR('',#5178,1.);
#5178 = DIRECTION('',(-0.,-1.));
#5179 = ( GEOMETRIC_REPRESENTATION_CONTEXT(2) 
PARAMETRIC_REPRESENTATION_CONTEXT() REPRESENTATION_CONTEXT('2D SPACE',''
  ) );
#5180 = ORIENTED_EDGE('',*,*,#5181,.T.);
#5181 = EDGE_CURVE('',#5154,#2799,#5182,.T.);
#5182 = SURFACE_CURVE('',#5183,(#5187,#5194),.PCURVE_S1.);
#5183 = LINE('',#5184,#5185);
#5184 = CARTESIAN_POINT('',(-35.,-46.,79.999999999983));
#5185 = VECTOR('',#5186,1.);
#5186 = DIRECTION('',(1.,0.,0.));
#5187 = PCURVE('',#2855,#5188);
#5188 = DEFINITIONAL_REPRESENTATION('',(#5189),#5193);
#5189 = LINE('',#5190,#5191);
#5190 = CARTESIAN_POINT('',(0.,-96.));
#5191 = VECTOR('',#5192,1.);
#5192 = DIRECTION('',(1.,0.));
#5193 = ( GEOMETRIC_REPRESENTATION_CONTEXT(2) 
PARAMETRIC_REPRESENTATION_CONTEXT() REPRESENTATION_CONTEXT('2D SPACE',''
  ) );
#5194 = PCURVE('',#5112,#5195);
#5195 = DEFINITIONAL_REPRESENTATION('',(#5196),#5200);
#5196 = LINE('',#5197,#5198);
#5197 = CARTESIAN_POINT('',(0.,0.));
#5198 = VECTOR('',#5199,1.);
#5199 = DIRECTION('',(0.,1.));
#5200 = ( GEOMETRIC_REPRESENTATION_CONTEXT(2) 
PARAMETRIC_REPRESENTATION_CONTEXT() REPRESENTATION_CONTEXT('2D SPACE',''
  ) );
#5201 = ORIENTED_EDGE('',*,*,#2839,.F.);
#5202 = ORIENTED_EDGE('',*,*,#5203,.F.);
#5203 = EDGE_CURVE('',#5152,#2840,#5204,.T.);
#5204 = SURFACE_CURVE('',#5205,(#5209,#5216),.PCURVE_S1.);
#5205 = LINE('',#5206,#5207);
#5206 = CARTESIAN_POINT('',(-35.,46.,79.999999999983));
#5207 = VECTOR('',#5208,1.);
#5208 = DIRECTION('',(1.,0.,0.));
#5209 = PCURVE('',#2855,#5210);
#5210 = DEFINITIONAL_REPRESENTATION('',(#5211),#5215);
#5211 = LINE('',#5212,#5213);
#5212 = CARTESIAN_POINT('',(0.,-4.));
#5213 = VECTOR('',#5214,1.);
#5214 = DIRECTION('',(1.,0.));
#5215 = ( GEOMETRIC_REPRESENTATION_CONTEXT(2) 
PARAMETRIC_REPRESENTATION_CONTEXT() REPRESENTATION_CONTEXT('2D SPACE',''
  ) );
#5216 = PCURVE('',#5056,#5217);
#5217 = DEFINITIONAL_REPRESENTATION('',(#5218),#5222);
#5218 = LINE('',#5219,#5220);
#5219 = CARTESIAN_POINT('',(-0.,0.));
#5220 = VECTOR('',#5221,1.);
#5221 = DIRECTION('',(-0.,1.));
#5222 = ( GEOMETRIC_REPRESENTATION_CONTEXT(2) 
PARAMETRIC_REPRESENTATION_CONTEXT() REPRESENTATION_CONTEXT('2D SPACE',''
  ) );
#5223 = ADVANCED_FACE('',(#5224),#2949,.T.);
#5224 = FACE_BOUND('',#5225,.T.);
#5225 = EDGE_LOOP('',(#5226,#5256,#5284,#5325,#5346,#5347,#5348,#5372));
#5226 = ORIENTED_EDGE('',*,*,#5227,.T.);
#5227 = EDGE_CURVE('',#5228,#5230,#5232,.T.);
#5228 = VERTEX_POINT('',#5229);
#5229 = CARTESIAN_POINT('',(36.,50.,-1.1E-14));
#5230 = VERTEX_POINT('',#5231);
#5231 = CARTESIAN_POINT('',(-36.,50.,-1.2E-14));
#5232 = SURFACE_CURVE('',#5233,(#5237,#5244),.PCURVE_S1.);
#5233 = LINE('',#5234,#5235);
#5234 = CARTESIAN_POINT('',(40.,50.,-1.1E-14));
#5235 = VECTOR('',#5236,1.);
#5236 = DIRECTION('',(-1.,0.,0.));
#5237 = PCURVE('',#2949,#5238);
#5238 = DEFINITIONAL_REPRESENTATION('',(#5239),#5243);
#5239 = LINE('',#5240,#5241);
#5240 = CARTESIAN_POINT('',(-31.14065118788,47.230777497262));
#5241 = VECTOR('',#5242,1.);
#5242 = DIRECTION('',(0.,-1.));
#5243 = ( GEOMETRIC_REPRESENTATION_CONTEXT(2) 
PARAMETRIC_REPRESENTATION_CONTEXT() REPRESENTATION_CONTEXT('2D SPACE',''
  ) );
#5244 = PCURVE('',#5245,#5250);
#5245 = PLANE('',#5246);
#5246 = AXIS2_PLACEMENT_3D('',#5247,#5248,#5249);
#5247 = CARTESIAN_POINT('',(40.,50.,-1.11E-14));
#5248 = DIRECTION('',(-0.,-2.2E-16,-1.));
#5249 = DIRECTION('',(-1.,0.,0.));
#5250 = DEFINITIONAL_REPRESENTATION('',(#5251),#5255);
#5251 = LINE('',#5252,#5253);
#5252 = CARTESIAN_POINT('',(0.,0.));
#5253 = VECTOR('',#5254,1.);
#5254 = DIRECTION('',(1.,0.));
#5255 = ( GEOMETRIC_REPRESENTATION_CONTEXT(2) 
PARAMETRIC_REPRESENTATION_CONTEXT() REPRESENTATION_CONTEXT('2D SPACE',''
  ) );
#5256 = ORIENTED_EDGE('',*,*,#5257,.T.);
#5257 = EDGE_CURVE('',#5230,#5258,#5260,.T.);
#5258 = VERTEX_POINT('',#5259);
#5259 = CARTESIAN_POINT('',(-36.,50.,74.999999999983));
#5260 = SURFACE_CURVE('',#5261,(#5265,#5272),.PCURVE_S1.);
#5261 = LINE('',#5262,#5263);
#5262 = CARTESIAN_POINT('',(-36.,50.,-1.155E-14));
#5263 = VECTOR('',#5264,1.);
#5264 = DIRECTION('',(0.,2.2E-16,1.));
#5265 = PCURVE('',#2949,#5266);
#5266 = DEFINITIONAL_REPRESENTATION('',(#5267),#5271);
#5267 = LINE('',#5268,#5269);
#5268 = CARTESIAN_POINT('',(-31.14065118788,-28.76922250273));
#5269 = VECTOR('',#5270,1.);
#5270 = DIRECTION('',(1.,0.));
#5271 = ( GEOMETRIC_REPRESENTATION_CONTEXT(2) 
PARAMETRIC_REPRESENTATION_CONTEXT() REPRESENTATION_CONTEXT('2D SPACE',''
  ) );
#5272 = PCURVE('',#5273,#5278);
#5273 = CYLINDRICAL_SURFACE('',#5274,4.);
#5274 = AXIS2_PLACEMENT_3D('',#5275,#5276,#5277);
#5275 = CARTESIAN_POINT('',(-36.,46.,-1.066E-14));
#5276 = DIRECTION('',(0.,2.2E-16,1.));
#5277 = DIRECTION('',(-1.,0.,0.));
#5278 = DEFINITIONAL_REPRESENTATION('',(#5279),#5283);
#5279 = LINE('',#5280,#5281);
#5280 = CARTESIAN_POINT('',(-1.570796326795,0.));
#5281 = VECTOR('',#5282,1.);
#5282 = DIRECTION('',(-0.,1.));
#5283 = ( GEOMETRIC_REPRESENTATION_CONTEXT(2) 
PARAMETRIC_REPRESENTATION_CONTEXT() REPRESENTATION_CONTEXT('2D SPACE',''
  ) );
#5284 = ORIENTED_EDGE('',*,*,#5285,.T.);
#5285 = EDGE_CURVE('',#5258,#5286,#5288,.T.);
#5286 = VERTEX_POINT('',#5287);
#5287 = CARTESIAN_POINT('',(-35.,50.,75.999999999983));
#5288 = SURFACE_CURVE('',#5289,(#5294,#5301),.PCURVE_S1.);
#5289 = CIRCLE('',#5290,1.);
#5290 = AXIS2_PLACEMENT_3D('',#5291,#5292,#5293);
#5291 = CARTESIAN_POINT('',(-35.,50.,74.999999999983));
#5292 = DIRECTION('',(0.,1.,-0.));
#5293 = DIRECTION('',(-1.,0.,0.));
#5294 = PCURVE('',#2949,#5295);
#5295 = DEFINITIONAL_REPRESENTATION('',(#5296),#5300);
#5296 = CIRCLE('',#5297,1.);
#5297 = AXIS2_PLACEMENT_2D('',#5298,#5299);
#5298 = CARTESIAN_POINT('',(43.859348812098,-27.76922250273));
#5299 = DIRECTION('',(0.,-1.));
#5300 = ( GEOMETRIC_REPRESENTATION_CONTEXT(2) 
PARAMETRIC_REPRESENTATION_CONTEXT() REPRESENTATION_CONTEXT('2D SPACE',''
  ) );
#5301 = PCURVE('',#5302,#5319);
#5302 = SURFACE_OF_REVOLUTION('',#5303,#5316);
#5303 = B_SPLINE_CURVE_WITH_KNOTS('',6,(#5304,#5305,#5306,#5307,#5308,
    #5309,#5310,#5311,#5312,#5313,#5314,#5315),.UNSPECIFIED.,.F.,.F.,(7,
    5,7),(0.,0.785398163397,1.570796326795),.UNSPECIFIED.);
#5304 = CARTESIAN_POINT('',(-40.,46.,74.999999999983));
#5305 = CARTESIAN_POINT('',(-40.,46.523598775598,74.999999999983));
#5306 = CARTESIAN_POINT('',(-39.91775361927,47.047196676643,
    74.999999999983));
#5307 = CARTESIAN_POINT('',(-39.75325871516,47.554650662914,
    74.999999999983));
#5308 = CARTESIAN_POINT('',(-39.51075002249,48.029790279917,
    74.999999999983));
#5309 = CARTESIAN_POINT('',(-39.19866736959,48.4581868799,
    74.999999999983));
#5310 = CARTESIAN_POINT('',(-38.4581868799,49.198667369593,
    74.999999999983));
#5311 = CARTESIAN_POINT('',(-38.02979027991,49.510750022497,
    74.999999999983));
#5312 = CARTESIAN_POINT('',(-37.55465066291,49.75325871516,
    74.999999999983));
#5313 = CARTESIAN_POINT('',(-37.04719667664,49.917753619274,
    74.999999999983));
#5314 = CARTESIAN_POINT('',(-36.52359877559,50.,74.999999999983));
#5315 = CARTESIAN_POINT('',(-36.,50.,74.999999999983));
#5316 = AXIS1_PLACEMENT('',#5317,#5318);
#5317 = CARTESIAN_POINT('',(-35.,46.,74.999999999983));
#5318 = DIRECTION('',(0.,1.,0.));
#5319 = DEFINITIONAL_REPRESENTATION('',(#5320),#5324);
#5320 = LINE('',#5321,#5322);
#5321 = CARTESIAN_POINT('',(0.,1.570796326795));
#5322 = VECTOR('',#5323,1.);
#5323 = DIRECTION('',(1.,0.));
#5324 = ( GEOMETRIC_REPRESENTATION_CONTEXT(2) 
PARAMETRIC_REPRESENTATION_CONTEXT() REPRESENTATION_CONTEXT('2D SPACE',''
  ) );
#5325 = ORIENTED_EDGE('',*,*,#5326,.T.);
#5326 = EDGE_CURVE('',#5286,#5040,#5327,.T.);
#5327 = SURFACE_CURVE('',#5328,(#5332,#5339),.PCURVE_S1.);
#5328 = LINE('',#5329,#5330);
#5329 = CARTESIAN_POINT('',(-35.,50.,75.999999999983));
#5330 = VECTOR('',#5331,1.);
#5331 = DIRECTION('',(1.,0.,0.));
#5332 = PCURVE('',#2949,#5333);
#5333 = DEFINITIONAL_REPRESENTATION('',(#5334),#5338);
#5334 = LINE('',#5335,#5336);
#5335 = CARTESIAN_POINT('',(44.859348812098,-27.76922250274));
#5336 = VECTOR('',#5337,1.);
#5337 = DIRECTION('',(0.,1.));
#5338 = ( GEOMETRIC_REPRESENTATION_CONTEXT(2) 
PARAMETRIC_REPRESENTATION_CONTEXT() REPRESENTATION_CONTEXT('2D SPACE',''
  ) );
#5339 = PCURVE('',#5056,#5340);
#5340 = DEFINITIONAL_REPRESENTATION('',(#5341),#5345);
#5341 = LINE('',#5342,#5343);
#5342 = CARTESIAN_POINT('',(-1.570796326795,0.));
#5343 = VECTOR('',#5344,1.);
#5344 = DIRECTION('',(-0.,1.));
#5345 = ( GEOMETRIC_REPRESENTATION_CONTEXT(2) 
PARAMETRIC_REPRESENTATION_CONTEXT() REPRESENTATION_CONTEXT('2D SPACE',''
  ) );
#5346 = ORIENTED_EDGE('',*,*,#5070,.T.);
#5347 = ORIENTED_EDGE('',*,*,#2933,.T.);
#5348 = ORIENTED_EDGE('',*,*,#5349,.T.);
#5349 = EDGE_CURVE('',#2934,#5350,#5352,.T.);
#5350 = VERTEX_POINT('',#5351);
#5351 = CARTESIAN_POINT('',(36.,50.,22.553062775783));
#5352 = SURFACE_CURVE('',#5353,(#5358,#5365),.PCURVE_S1.);
#5353 = CIRCLE('',#5354,1.);
#5354 = AXIS2_PLACEMENT_3D('',#5355,#5356,#5357);
#5355 = CARTESIAN_POINT('',(35.,50.,22.553062775783));
#5356 = DIRECTION('',(-0.,1.,0.));
#5357 = DIRECTION('',(0.613553759712,0.,0.789652951583));
#5358 = PCURVE('',#2949,#5359);
#5359 = DEFINITIONAL_REPRESENTATION('',(#5360),#5364);
#5360 = CIRCLE('',#5361,1.);
#5361 = AXIS2_PLACEMENT_2D('',#5362,#5363);
#5362 = CARTESIAN_POINT('',(-8.587588412101,42.230777497262));
#5363 = DIRECTION('',(0.789652951583,0.613553759712));
#5364 = ( GEOMETRIC_REPRESENTATION_CONTEXT(2) 
PARAMETRIC_REPRESENTATION_CONTEXT() REPRESENTATION_CONTEXT('2D SPACE',''
  ) );
#5365 = PCURVE('',#2976,#5366);
#5366 = DEFINITIONAL_REPRESENTATION('',(#5367),#5371);
#5367 = LINE('',#5368,#5369);
#5368 = CARTESIAN_POINT('',(0.,1.570796326795));
#5369 = VECTOR('',#5370,1.);
#5370 = DIRECTION('',(1.,0.));
#5371 = ( GEOMETRIC_REPRESENTATION_CONTEXT(2) 
PARAMETRIC_REPRESENTATION_CONTEXT() REPRESENTATION_CONTEXT('2D SPACE',''
  ) );
#5372 = ORIENTED_EDGE('',*,*,#5373,.T.);
#5373 = EDGE_CURVE('',#5350,#5228,#5374,.T.);
#5374 = SURFACE_CURVE('',#5375,(#5379,#5386),.PCURVE_S1.);
#5375 = LINE('',#5376,#5377);
#5376 = CARTESIAN_POINT('',(36.,50.,22.553062775783));
#5377 = VECTOR('',#5378,1.);
#5378 = DIRECTION('',(0.,-2.2E-16,-1.));
#5379 = PCURVE('',#2949,#5380);
#5380 = DEFINITIONAL_REPRESENTATION('',(#5381),#5385);
#5381 = LINE('',#5382,#5383);
#5382 = CARTESIAN_POINT('',(-8.587588412101,43.230777497262));
#5383 = VECTOR('',#5384,1.);
#5384 = DIRECTION('',(-1.,0.));
#5385 = ( GEOMETRIC_REPRESENTATION_CONTEXT(2) 
PARAMETRIC_REPRESENTATION_CONTEXT() REPRESENTATION_CONTEXT('2D SPACE',''
  ) );
#5386 = PCURVE('',#5387,#5392);
#5387 = CYLINDRICAL_SURFACE('',#5388,4.);
#5388 = AXIS2_PLACEMENT_3D('',#5389,#5390,#5391);
#5389 = CARTESIAN_POINT('',(36.,46.,22.553062775783));
#5390 = DIRECTION('',(0.,-2.2E-16,-1.));
#5391 = DIRECTION('',(1.,0.,0.));
#5392 = DEFINITIONAL_REPRESENTATION('',(#5393),#5397);
#5393 = LINE('',#5394,#5395);
#5394 = CARTESIAN_POINT('',(-1.570796326795,0.));
#5395 = VECTOR('',#5396,1.);
#5396 = DIRECTION('',(-0.,1.));
#5397 = ( GEOMETRIC_REPRESENTATION_CONTEXT(2) 
PARAMETRIC_REPRESENTATION_CONTEXT() REPRESENTATION_CONTEXT('2D SPACE',''
  ) );
#5398 = ADVANCED_FACE('',(#5399),#2976,.T.);
#5399 = FACE_BOUND('',#5400,.T.);
#5400 = EDGE_LOOP('',(#5401,#5402,#5403,#5425));
#5401 = ORIENTED_EDGE('',*,*,#2961,.F.);
#5402 = ORIENTED_EDGE('',*,*,#3152,.T.);
#5403 = ORIENTED_EDGE('',*,*,#5404,.T.);
#5404 = EDGE_CURVE('',#3100,#5350,#5405,.T.);
#5405 = SURFACE_CURVE('',#5406,(#5411,#5418),.PCURVE_S1.);
#5406 = CIRCLE('',#5407,4.);
#5407 = AXIS2_PLACEMENT_3D('',#5408,#5409,#5410);
#5408 = CARTESIAN_POINT('',(36.,46.,22.553062775783));
#5409 = DIRECTION('',(8.9E-16,-0.,1.));
#5410 = DIRECTION('',(1.,0.,-8.9E-16));
#5411 = PCURVE('',#2976,#5412);
#5412 = DEFINITIONAL_REPRESENTATION('',(#5413),#5417);
#5413 = LINE('',#5414,#5415);
#5414 = CARTESIAN_POINT('',(0.910243154814,0.));
#5415 = VECTOR('',#5416,1.);
#5416 = DIRECTION('',(0.,1.));
#5417 = ( GEOMETRIC_REPRESENTATION_CONTEXT(2) 
PARAMETRIC_REPRESENTATION_CONTEXT() REPRESENTATION_CONTEXT('2D SPACE',''
  ) );
#5418 = PCURVE('',#5387,#5419);
#5419 = DEFINITIONAL_REPRESENTATION('',(#5420),#5424);
#5420 = LINE('',#5421,#5422);
#5421 = CARTESIAN_POINT('',(-0.,0.));
#5422 = VECTOR('',#5423,1.);
#5423 = DIRECTION('',(-1.,0.));
#5424 = ( GEOMETRIC_REPRESENTATION_CONTEXT(2) 
PARAMETRIC_REPRESENTATION_CONTEXT() REPRESENTATION_CONTEXT('2D SPACE',''
  ) );
#5425 = ORIENTED_EDGE('',*,*,#5349,.F.);
#5426 = ADVANCED_FACE('',(#5427),#3044,.F.);
#5427 = FACE_BOUND('',#5428,.F.);
#5428 = EDGE_LOOP('',(#5429,#5454,#5482,#5523,#5544,#5545,#5546,#5570));
#5429 = ORIENTED_EDGE('',*,*,#5430,.T.);
#5430 = EDGE_CURVE('',#5431,#5433,#5435,.T.);
#5431 = VERTEX_POINT('',#5432);
#5432 = CARTESIAN_POINT('',(36.,-50.,1.1E-14));
#5433 = VERTEX_POINT('',#5434);
#5434 = CARTESIAN_POINT('',(-36.,-50.,1.2E-14));
#5435 = SURFACE_CURVE('',#5436,(#5440,#5447),.PCURVE_S1.);
#5436 = LINE('',#5437,#5438);
#5437 = CARTESIAN_POINT('',(40.,-50.,1.1E-14));
#5438 = VECTOR('',#5439,1.);
#5439 = DIRECTION('',(-1.,0.,0.));
#5440 = PCURVE('',#3044,#5441);
#5441 = DEFINITIONAL_REPRESENTATION('',(#5442),#5446);
#5442 = LINE('',#5443,#5444);
#5443 = CARTESIAN_POINT('',(-31.14065118788,47.230777497262));
#5444 = VECTOR('',#5445,1.);
#5445 = DIRECTION('',(0.,-1.));
#5446 = ( GEOMETRIC_REPRESENTATION_CONTEXT(2) 
PARAMETRIC_REPRESENTATION_CONTEXT() REPRESENTATION_CONTEXT('2D SPACE',''
  ) );
#5447 = PCURVE('',#5245,#5448);
#5448 = DEFINITIONAL_REPRESENTATION('',(#5449),#5453);
#5449 = LINE('',#5450,#5451);
#5450 = CARTESIAN_POINT('',(0.,-100.));
#5451 = VECTOR('',#5452,1.);
#5452 = DIRECTION('',(1.,0.));
#5453 = ( GEOMETRIC_REPRESENTATION_CONTEXT(2) 
PARAMETRIC_REPRESENTATION_CONTEXT() REPRESENTATION_CONTEXT('2D SPACE',''
  ) );
#5454 = ORIENTED_EDGE('',*,*,#5455,.T.);
#5455 = EDGE_CURVE('',#5433,#5456,#5458,.T.);
#5456 = VERTEX_POINT('',#5457);
#5457 = CARTESIAN_POINT('',(-36.,-50.,74.999999999983));
#5458 = SURFACE_CURVE('',#5459,(#5463,#5470),.PCURVE_S1.);
#5459 = LINE('',#5460,#5461);
#5460 = CARTESIAN_POINT('',(-36.,-50.,1.155E-14));
#5461 = VECTOR('',#5462,1.);
#5462 = DIRECTION('',(0.,2.2E-16,1.));
#5463 = PCURVE('',#3044,#5464);
#5464 = DEFINITIONAL_REPRESENTATION('',(#5465),#5469);
#5465 = LINE('',#5466,#5467);
#5466 = CARTESIAN_POINT('',(-31.14065118788,-28.76922250273));
#5467 = VECTOR('',#5468,1.);
#5468 = DIRECTION('',(1.,0.));
#5469 = ( GEOMETRIC_REPRESENTATION_CONTEXT(2) 
PARAMETRIC_REPRESENTATION_CONTEXT() REPRESENTATION_CONTEXT('2D SPACE',''
  ) );
#5470 = PCURVE('',#5471,#5476);
#5471 = CYLINDRICAL_SURFACE('',#5472,4.);
#5472 = AXIS2_PLACEMENT_3D('',#5473,#5474,#5475);
#5473 = CARTESIAN_POINT('',(-36.,-46.,1.066E-14));
#5474 = DIRECTION('',(0.,2.2E-16,1.));
#5475 = DIRECTION('',(-1.,0.,0.));
#5476 = DEFINITIONAL_REPRESENTATION('',(#5477),#5481);
#5477 = LINE('',#5478,#5479);
#5478 = CARTESIAN_POINT('',(1.570796326795,0.));
#5479 = VECTOR('',#5480,1.);
#5480 = DIRECTION('',(0.,1.));
#5481 = ( GEOMETRIC_REPRESENTATION_CONTEXT(2) 
PARAMETRIC_REPRESENTATION_CONTEXT() REPRESENTATION_CONTEXT('2D SPACE',''
  ) );
#5482 = ORIENTED_EDGE('',*,*,#5483,.T.);
#5483 = EDGE_CURVE('',#5456,#5484,#5486,.T.);
#5484 = VERTEX_POINT('',#5485);
#5485 = CARTESIAN_POINT('',(-35.,-50.,75.999999999983));
#5486 = SURFACE_CURVE('',#5487,(#5492,#5499),.PCURVE_S1.);
#5487 = CIRCLE('',#5488,1.);
#5488 = AXIS2_PLACEMENT_3D('',#5489,#5490,#5491);
#5489 = CARTESIAN_POINT('',(-35.,-50.,74.999999999983));
#5490 = DIRECTION('',(0.,1.,-0.));
#5491 = DIRECTION('',(-1.,0.,5.68E-15));
#5492 = PCURVE('',#3044,#5493);
#5493 = DEFINITIONAL_REPRESENTATION('',(#5494),#5498);
#5494 = CIRCLE('',#5495,1.);
#5495 = AXIS2_PLACEMENT_2D('',#5496,#5497);
#5496 = CARTESIAN_POINT('',(43.859348812098,-27.76922250273));
#5497 = DIRECTION('',(5.68E-15,-1.));
#5498 = ( GEOMETRIC_REPRESENTATION_CONTEXT(2) 
PARAMETRIC_REPRESENTATION_CONTEXT() REPRESENTATION_CONTEXT('2D SPACE',''
  ) );
#5499 = PCURVE('',#5500,#5517);
#5500 = SURFACE_OF_REVOLUTION('',#5501,#5514);
#5501 = B_SPLINE_CURVE_WITH_KNOTS('',6,(#5502,#5503,#5504,#5505,#5506,
    #5507,#5508,#5509,#5510,#5511,#5512,#5513),.UNSPECIFIED.,.F.,.F.,(7,
    5,7),(0.,0.785398163397,1.570796326795),.UNSPECIFIED.);
#5502 = CARTESIAN_POINT('',(-40.,-46.,74.999999999983));
#5503 = CARTESIAN_POINT('',(-40.,-46.52359877559,74.999999999983));
#5504 = CARTESIAN_POINT('',(-39.91775361927,-47.04719667664,
    74.999999999983));
#5505 = CARTESIAN_POINT('',(-39.75325871516,-47.55465066291,
    74.999999999983));
#5506 = CARTESIAN_POINT('',(-39.51075002249,-48.02979027991,
    74.999999999983));
#5507 = CARTESIAN_POINT('',(-39.19866736959,-48.4581868799,
    74.999999999983));
#5508 = CARTESIAN_POINT('',(-38.4581868799,-49.19866736959,
    74.999999999983));
#5509 = CARTESIAN_POINT('',(-38.02979027991,-49.51075002249,
    74.999999999983));
#5510 = CARTESIAN_POINT('',(-37.55465066291,-49.75325871516,
    74.999999999983));
#5511 = CARTESIAN_POINT('',(-37.04719667664,-49.91775361927,
    74.999999999983));
#5512 = CARTESIAN_POINT('',(-36.52359877559,-50.,74.999999999983));
#5513 = CARTESIAN_POINT('',(-36.,-50.,74.999999999983));
#5514 = AXIS1_PLACEMENT('',#5515,#5516);
#5515 = CARTESIAN_POINT('',(-35.,-46.,74.999999999983));
#5516 = DIRECTION('',(-0.,-1.,-0.));
#5517 = DEFINITIONAL_REPRESENTATION('',(#5518),#5522);
#5518 = LINE('',#5519,#5520);
#5519 = CARTESIAN_POINT('',(-0.,1.570796326795));
#5520 = VECTOR('',#5521,1.);
#5521 = DIRECTION('',(-1.,0.));
#5522 = ( GEOMETRIC_REPRESENTATION_CONTEXT(2) 
PARAMETRIC_REPRESENTATION_CONTEXT() REPRESENTATION_CONTEXT('2D SPACE',''
  ) );
#5523 = ORIENTED_EDGE('',*,*,#5524,.T.);
#5524 = EDGE_CURVE('',#5484,#5096,#5525,.T.);
#5525 = SURFACE_CURVE('',#5526,(#5530,#5537),.PCURVE_S1.);
#5526 = LINE('',#5527,#5528);
#5527 = CARTESIAN_POINT('',(-35.,-50.,75.999999999983));
#5528 = VECTOR('',#5529,1.);
#5529 = DIRECTION('',(1.,0.,0.));
#5530 = PCURVE('',#3044,#5531);
#5531 = DEFINITIONAL_REPRESENTATION('',(#5532),#5536);
#5532 = LINE('',#5533,#5534);
#5533 = CARTESIAN_POINT('',(44.859348812098,-27.76922250274));
#5534 = VECTOR('',#5535,1.);
#5535 = DIRECTION('',(0.,1.));
#5536 = ( GEOMETRIC_REPRESENTATION_CONTEXT(2) 
PARAMETRIC_REPRESENTATION_CONTEXT() REPRESENTATION_CONTEXT('2D SPACE',''
  ) );
#5537 = PCURVE('',#5112,#5538);
#5538 = DEFINITIONAL_REPRESENTATION('',(#5539),#5543);
#5539 = LINE('',#5540,#5541);
#5540 = CARTESIAN_POINT('',(1.570796326795,0.));
#5541 = VECTOR('',#5542,1.);
#5542 = DIRECTION('',(0.,1.));
#5543 = ( GEOMETRIC_REPRESENTATION_CONTEXT(2) 
PARAMETRIC_REPRESENTATION_CONTEXT() REPRESENTATION_CONTEXT('2D SPACE',''
  ) );
#5544 = ORIENTED_EDGE('',*,*,#5126,.T.);
#5545 = ORIENTED_EDGE('',*,*,#3028,.T.);
#5546 = ORIENTED_EDGE('',*,*,#5547,.T.);
#5547 = EDGE_CURVE('',#3029,#5548,#5550,.T.);
#5548 = VERTEX_POINT('',#5549);
#5549 = CARTESIAN_POINT('',(36.,-50.,22.553062775783));
#5550 = SURFACE_CURVE('',#5551,(#5556,#5563),.PCURVE_S1.);
#5551 = CIRCLE('',#5552,1.);
#5552 = AXIS2_PLACEMENT_3D('',#5553,#5554,#5555);
#5553 = CARTESIAN_POINT('',(35.,-50.,22.553062775783));
#5554 = DIRECTION('',(-0.,1.,0.));
#5555 = DIRECTION('',(0.613553759712,0.,0.789652951583));
#5556 = PCURVE('',#3044,#5557);
#5557 = DEFINITIONAL_REPRESENTATION('',(#5558),#5562);
#5558 = CIRCLE('',#5559,1.);
#5559 = AXIS2_PLACEMENT_2D('',#5560,#5561);
#5560 = CARTESIAN_POINT('',(-8.587588412101,42.230777497262));
#5561 = DIRECTION('',(0.789652951583,0.613553759712));
#5562 = ( GEOMETRIC_REPRESENTATION_CONTEXT(2) 
PARAMETRIC_REPRESENTATION_CONTEXT() REPRESENTATION_CONTEXT('2D SPACE',''
  ) );
#5563 = PCURVE('',#3071,#5564);
#5564 = DEFINITIONAL_REPRESENTATION('',(#5565),#5569);
#5565 = LINE('',#5566,#5567);
#5566 = CARTESIAN_POINT('',(-0.,1.570796326795));
#5567 = VECTOR('',#5568,1.);
#5568 = DIRECTION('',(-1.,0.));
#5569 = ( GEOMETRIC_REPRESENTATION_CONTEXT(2) 
PARAMETRIC_REPRESENTATION_CONTEXT() REPRESENTATION_CONTEXT('2D SPACE',''
  ) );
#5570 = ORIENTED_EDGE('',*,*,#5571,.T.);
#5571 = EDGE_CURVE('',#5548,#5431,#5572,.T.);
#5572 = SURFACE_CURVE('',#5573,(#5577,#5584),.PCURVE_S1.);
#5573 = LINE('',#5574,#5575);
#5574 = CARTESIAN_POINT('',(36.,-50.,22.553062775783));
#5575 = VECTOR('',#5576,1.);
#5576 = DIRECTION('',(0.,-2.2E-16,-1.));
#5577 = PCURVE('',#3044,#5578);
#5578 = DEFINITIONAL_REPRESENTATION('',(#5579),#5583);
#5579 = LINE('',#5580,#5581);
#5580 = CARTESIAN_POINT('',(-8.587588412101,43.230777497262));
#5581 = VECTOR('',#5582,1.);
#5582 = DIRECTION('',(-1.,0.));
#5583 = ( GEOMETRIC_REPRESENTATION_CONTEXT(2) 
PARAMETRIC_REPRESENTATION_CONTEXT() REPRESENTATION_CONTEXT('2D SPACE',''
  ) );
#5584 = PCURVE('',#5585,#5590);
#5585 = CYLINDRICAL_SURFACE('',#5586,4.);
#5586 = AXIS2_PLACEMENT_3D('',#5587,#5588,#5589);
#5587 = CARTESIAN_POINT('',(36.,-46.,22.553062775783));
#5588 = DIRECTION('',(0.,-2.2E-16,-1.));
#5589 = DIRECTION('',(1.,0.,0.));
#5590 = DEFINITIONAL_REPRESENTATION('',(#5591),#5595);
#5591 = LINE('',#5592,#5593);
#5592 = CARTESIAN_POINT('',(1.570796326795,0.));
#5593 = VECTOR('',#5594,1.);
#5594 = DIRECTION('',(0.,1.));
#5595 = ( GEOMETRIC_REPRESENTATION_CONTEXT(2) 
PARAMETRIC_REPRESENTATION_CONTEXT() REPRESENTATION_CONTEXT('2D SPACE',''
  ) );
#5596 = ADVANCED_FACE('',(#5597),#3071,.T.);
#5597 = FACE_BOUND('',#5598,.F.);
#5598 = EDGE_LOOP('',(#5599,#5600,#5601,#5623));
#5599 = ORIENTED_EDGE('',*,*,#3056,.F.);
#5600 = ORIENTED_EDGE('',*,*,#3129,.T.);
#5601 = ORIENTED_EDGE('',*,*,#5602,.T.);
#5602 = EDGE_CURVE('',#3102,#5548,#5603,.T.);
#5603 = SURFACE_CURVE('',#5604,(#5609,#5616),.PCURVE_S1.);
#5604 = CIRCLE('',#5605,4.);
#5605 = AXIS2_PLACEMENT_3D('',#5606,#5607,#5608);
#5606 = CARTESIAN_POINT('',(36.,-46.,22.553062775783));
#5607 = DIRECTION('',(1.5E-15,0.,-1.));
#5608 = DIRECTION('',(1.,0.,1.5E-15));
#5609 = PCURVE('',#3071,#5610);
#5610 = DEFINITIONAL_REPRESENTATION('',(#5611),#5615);
#5611 = LINE('',#5612,#5613);
#5612 = CARTESIAN_POINT('',(-0.910243154814,0.));
#5613 = VECTOR('',#5614,1.);
#5614 = DIRECTION('',(-0.,1.));
#5615 = ( GEOMETRIC_REPRESENTATION_CONTEXT(2) 
PARAMETRIC_REPRESENTATION_CONTEXT() REPRESENTATION_CONTEXT('2D SPACE',''
  ) );
#5616 = PCURVE('',#5585,#5617);
#5617 = DEFINITIONAL_REPRESENTATION('',(#5618),#5622);
#5618 = LINE('',#5619,#5620);
#5619 = CARTESIAN_POINT('',(0.,0.));
#5620 = VECTOR('',#5621,1.);
#5621 = DIRECTION('',(1.,0.));
#5622 = ( GEOMETRIC_REPRESENTATION_CONTEXT(2) 
PARAMETRIC_REPRESENTATION_CONTEXT() REPRESENTATION_CONTEXT('2D SPACE',''
  ) );
#5623 = ORIENTED_EDGE('',*,*,#5547,.F.);
#5624 = ADVANCED_FACE('',(#5625),#3117,.T.);
#5625 = FACE_BOUND('',#5626,.T.);
#5626 = EDGE_LOOP('',(#5627,#5628,#5651,#5674));
#5627 = ORIENTED_EDGE('',*,*,#3099,.T.);
#5628 = ORIENTED_EDGE('',*,*,#5629,.T.);
#5629 = EDGE_CURVE('',#3102,#5630,#5632,.T.);
#5630 = VERTEX_POINT('',#5631);
#5631 = CARTESIAN_POINT('',(40.,-46.,1.1E-14));
#5632 = SURFACE_CURVE('',#5633,(#5637,#5644),.PCURVE_S1.);
#5633 = LINE('',#5634,#5635);
#5634 = CARTESIAN_POINT('',(40.,-46.,22.553062775783));
#5635 = VECTOR('',#5636,1.);
#5636 = DIRECTION('',(0.,-2.2E-16,-1.));
#5637 = PCURVE('',#3117,#5638);
#5638 = DEFINITIONAL_REPRESENTATION('',(#5639),#5643);
#5639 = LINE('',#5640,#5641);
#5640 = CARTESIAN_POINT('',(-1.96282072803E-16,-96.));
#5641 = VECTOR('',#5642,1.);
#5642 = DIRECTION('',(1.,0.));
#5643 = ( GEOMETRIC_REPRESENTATION_CONTEXT(2) 
PARAMETRIC_REPRESENTATION_CONTEXT() REPRESENTATION_CONTEXT('2D SPACE',''
  ) );
#5644 = PCURVE('',#5585,#5645);
#5645 = DEFINITIONAL_REPRESENTATION('',(#5646),#5650);
#5646 = LINE('',#5647,#5648);
#5647 = CARTESIAN_POINT('',(0.,0.));
#5648 = VECTOR('',#5649,1.);
#5649 = DIRECTION('',(0.,1.));
#5650 = ( GEOMETRIC_REPRESENTATION_CONTEXT(2) 
PARAMETRIC_REPRESENTATION_CONTEXT() REPRESENTATION_CONTEXT('2D SPACE',''
  ) );
#5651 = ORIENTED_EDGE('',*,*,#5652,.F.);
#5652 = EDGE_CURVE('',#5653,#5630,#5655,.T.);
#5653 = VERTEX_POINT('',#5654);
#5654 = CARTESIAN_POINT('',(40.,46.,-1.1E-14));
#5655 = SURFACE_CURVE('',#5656,(#5660,#5667),.PCURVE_S1.);
#5656 = LINE('',#5657,#5658);
#5657 = CARTESIAN_POINT('',(40.,50.,-1.11E-14));
#5658 = VECTOR('',#5659,1.);
#5659 = DIRECTION('',(0.,-1.,2.2E-16));
#5660 = PCURVE('',#3117,#5661);
#5661 = DEFINITIONAL_REPRESENTATION('',(#5662),#5666);
#5662 = LINE('',#5663,#5664);
#5663 = CARTESIAN_POINT('',(22.553062775783,-2.143753546929E-15));
#5664 = VECTOR('',#5665,1.);
#5665 = DIRECTION('',(0.,-1.));
#5666 = ( GEOMETRIC_REPRESENTATION_CONTEXT(2) 
PARAMETRIC_REPRESENTATION_CONTEXT() REPRESENTATION_CONTEXT('2D SPACE',''
  ) );
#5667 = PCURVE('',#5245,#5668);
#5668 = DEFINITIONAL_REPRESENTATION('',(#5669),#5673);
#5669 = LINE('',#5670,#5671);
#5670 = CARTESIAN_POINT('',(0.,0.));
#5671 = VECTOR('',#5672,1.);
#5672 = DIRECTION('',(0.,-1.));
#5673 = ( GEOMETRIC_REPRESENTATION_CONTEXT(2) 
PARAMETRIC_REPRESENTATION_CONTEXT() REPRESENTATION_CONTEXT('2D SPACE',''
  ) );
#5674 = ORIENTED_EDGE('',*,*,#5675,.F.);
#5675 = EDGE_CURVE('',#3100,#5653,#5676,.T.);
#5676 = SURFACE_CURVE('',#5677,(#5681,#5688),.PCURVE_S1.);
#5677 = LINE('',#5678,#5679);
#5678 = CARTESIAN_POINT('',(40.,46.,22.553062775783));
#5679 = VECTOR('',#5680,1.);
#5680 = DIRECTION('',(0.,-2.2E-16,-1.));
#5681 = PCURVE('',#3117,#5682);
#5682 = DEFINITIONAL_REPRESENTATION('',(#5683),#5687);
#5683 = LINE('',#5684,#5685);
#5684 = CARTESIAN_POINT('',(8.8E-16,-4.));
#5685 = VECTOR('',#5686,1.);
#5686 = DIRECTION('',(1.,0.));
#5687 = ( GEOMETRIC_REPRESENTATION_CONTEXT(2) 
PARAMETRIC_REPRESENTATION_CONTEXT() REPRESENTATION_CONTEXT('2D SPACE',''
  ) );
#5688 = PCURVE('',#5387,#5689);
#5689 = DEFINITIONAL_REPRESENTATION('',(#5690),#5694);
#5690 = LINE('',#5691,#5692);
#5691 = CARTESIAN_POINT('',(-0.,0.));
#5692 = VECTOR('',#5693,1.);
#5693 = DIRECTION('',(-0.,1.));
#5694 = ( GEOMETRIC_REPRESENTATION_CONTEXT(2) 
PARAMETRIC_REPRESENTATION_CONTEXT() REPRESENTATION_CONTEXT('2D SPACE',''
  ) );
#5695 = ADVANCED_FACE('',(#5696),#3230,.F.);
#5696 = FACE_BOUND('',#5697,.F.);
#5697 = EDGE_LOOP('',(#5698,#5721,#5752,#5753));
#5698 = ORIENTED_EDGE('',*,*,#5699,.T.);
#5699 = EDGE_CURVE('',#3178,#5700,#5702,.T.);
#5700 = VERTEX_POINT('',#5701);
#5701 = CARTESIAN_POINT('',(-15.25015394943,-17.5,29.937535752285));
#5702 = SEAM_CURVE('',#5703,(#5707,#5714),.PCURVE_S1.);
#5703 = LINE('',#5704,#5705);
#5704 = CARTESIAN_POINT('',(-5.600305415638,-17.5,60.431057119078));
#5705 = VECTOR('',#5706,1.);
#5706 = DIRECTION('',(-0.301708891434,0.,-0.953400096932));
#5707 = PCURVE('',#3230,#5708);
#5708 = DEFINITIONAL_REPRESENTATION('',(#5709),#5713);
#5709 = LINE('',#5710,#5711);
#5710 = CARTESIAN_POINT('',(0.,0.));
#5711 = VECTOR('',#5712,1.);
#5712 = DIRECTION('',(0.,-1.));
#5713 = ( GEOMETRIC_REPRESENTATION_CONTEXT(2) 
PARAMETRIC_REPRESENTATION_CONTEXT() REPRESENTATION_CONTEXT('2D SPACE',''
  ) );
#5714 = PCURVE('',#3230,#5715);
#5715 = DEFINITIONAL_REPRESENTATION('',(#5716),#5720);
#5716 = LINE('',#5717,#5718);
#5717 = CARTESIAN_POINT('',(6.28318530718,0.));
#5718 = VECTOR('',#5719,1.);
#5719 = DIRECTION('',(0.,-1.));
#5720 = ( GEOMETRIC_REPRESENTATION_CONTEXT(2) 
PARAMETRIC_REPRESENTATION_CONTEXT() REPRESENTATION_CONTEXT('2D SPACE',''
  ) );
#5721 = ORIENTED_EDGE('',*,*,#5722,.T.);
#5722 = EDGE_CURVE('',#5700,#5700,#5723,.T.);
#5723 = SURFACE_CURVE('',#5724,(#5729,#5736),.PCURVE_S1.);
#5724 = CIRCLE('',#5725,6.5);
#5725 = AXIS2_PLACEMENT_3D('',#5726,#5727,#5728);
#5726 = CARTESIAN_POINT('',(-20.38289813472,-17.5,33.925635190413));
#5727 = DIRECTION('',(0.613553759712,-0.,0.789652951583));
#5728 = DIRECTION('',(0.789652951583,0.,-0.613553759712));
#5729 = PCURVE('',#3230,#5730);
#5730 = DEFINITIONAL_REPRESENTATION('',(#5731),#5735);
#5731 = LINE('',#5732,#5733);
#5732 = CARTESIAN_POINT('',(0.,-31.98397133053));
#5733 = VECTOR('',#5734,1.);
#5734 = DIRECTION('',(1.,0.));
#5735 = ( GEOMETRIC_REPRESENTATION_CONTEXT(2) 
PARAMETRIC_REPRESENTATION_CONTEXT() REPRESENTATION_CONTEXT('2D SPACE',''
  ) );
#5736 = PCURVE('',#5737,#5742);
#5737 = PLANE('',#5738);
#5738 = AXIS2_PLACEMENT_3D('',#5739,#5740,#5741);
#5739 = CARTESIAN_POINT('',(-4.43068256603,0.708251724725,
    21.530896693852));
#5740 = DIRECTION('',(-0.613553759712,0.,-0.789652951583));
#5741 = DIRECTION('',(-0.789652951583,0.,0.613553759712));
#5742 = DEFINITIONAL_REPRESENTATION('',(#5743),#5751);
#5743 = ( BOUNDED_CURVE() B_SPLINE_CURVE(2,(#5744,#5745,#5746,#5747,
#5748,#5749,#5750),.UNSPECIFIED.,.T.,.F.) B_SPLINE_CURVE_WITH_KNOTS((1,2
    ,2,2,2,1),(-2.094395102393,0.,2.094395102393,4.188790204786,
6.28318530718,8.377580409573),.UNSPECIFIED.) CURVE() 
GEOMETRIC_REPRESENTATION_ITEM() RATIONAL_B_SPLINE_CURVE((1.,0.5,1.,0.5,
1.,0.5,1.)) REPRESENTATION_ITEM('') );
#5744 = CARTESIAN_POINT('',(13.701552513312,-18.20825172472));
#5745 = CARTESIAN_POINT('',(13.701552513312,-6.949921475527));
#5746 = CARTESIAN_POINT('',(23.451552513312,-12.57908660012));
#5747 = CARTESIAN_POINT('',(33.201552513312,-18.20825172472));
#5748 = CARTESIAN_POINT('',(23.451552513312,-23.83741684932));
#5749 = CARTESIAN_POINT('',(13.701552513312,-29.46658197392));
#5750 = CARTESIAN_POINT('',(13.701552513312,-18.20825172472));
#5751 = ( GEOMETRIC_REPRESENTATION_CONTEXT(2) 
PARAMETRIC_REPRESENTATION_CONTEXT() REPRESENTATION_CONTEXT('2D SPACE',''
  ) );
#5752 = ORIENTED_EDGE('',*,*,#5699,.F.);
#5753 = ORIENTED_EDGE('',*,*,#3199,.F.);
#5754 = ADVANCED_FACE('',(#5755),#3322,.F.);
#5755 = FACE_BOUND('',#5756,.F.);
#5756 = EDGE_LOOP('',(#5757,#5780,#5811,#5812));
#5757 = ORIENTED_EDGE('',*,*,#5758,.T.);
#5758 = EDGE_CURVE('',#3270,#5759,#5761,.T.);
#5759 = VERTEX_POINT('',#5760);
#5760 = CARTESIAN_POINT('',(-14.06567452205,7.971025352048E-15,
    29.017205112717));
#5761 = SEAM_CURVE('',#5762,(#5766,#5773),.PCURVE_S1.);
#5762 = LINE('',#5763,#5764);
#5763 = CARTESIAN_POINT('',(-4.415825988264,7.971025352048E-15,
    59.51072647951));
#5764 = VECTOR('',#5765,1.);
#5765 = DIRECTION('',(-0.301708891434,0.,-0.953400096932));
#5766 = PCURVE('',#3322,#5767);
#5767 = DEFINITIONAL_REPRESENTATION('',(#5768),#5772);
#5768 = LINE('',#5769,#5770);
#5769 = CARTESIAN_POINT('',(0.,0.));
#5770 = VECTOR('',#5771,1.);
#5771 = DIRECTION('',(0.,-1.));
#5772 = ( GEOMETRIC_REPRESENTATION_CONTEXT(2) 
PARAMETRIC_REPRESENTATION_CONTEXT() REPRESENTATION_CONTEXT('2D SPACE',''
  ) );
#5773 = PCURVE('',#3322,#5774);
#5774 = DEFINITIONAL_REPRESENTATION('',(#5775),#5779);
#5775 = LINE('',#5776,#5777);
#5776 = CARTESIAN_POINT('',(6.28318530718,0.));
#5777 = VECTOR('',#5778,1.);
#5778 = DIRECTION('',(0.,-1.));
#5779 = ( GEOMETRIC_REPRESENTATION_CONTEXT(2) 
PARAMETRIC_REPRESENTATION_CONTEXT() REPRESENTATION_CONTEXT('2D SPACE',''
  ) );
#5780 = ORIENTED_EDGE('',*,*,#5781,.T.);
#5781 = EDGE_CURVE('',#5759,#5759,#5782,.T.);
#5782 = SURFACE_CURVE('',#5783,(#5788,#5795),.PCURVE_S1.);
#5783 = CIRCLE('',#5784,8.);
#5784 = AXIS2_PLACEMENT_3D('',#5785,#5786,#5787);
#5785 = CARTESIAN_POINT('',(-20.38289813472,7.971025352048E-15,
    33.925635190413));
#5786 = DIRECTION('',(0.613553759712,-0.,0.789652951583));
#5787 = DIRECTION('',(0.789652951583,0.,-0.613553759712));
#5788 = PCURVE('',#3322,#5789);
#5789 = DEFINITIONAL_REPRESENTATION('',(#5790),#5794);
#5790 = LINE('',#5791,#5792);
#5791 = CARTESIAN_POINT('',(0.,-31.98397133053));
#5792 = VECTOR('',#5793,1.);
#5793 = DIRECTION('',(1.,0.));
#5794 = ( GEOMETRIC_REPRESENTATION_CONTEXT(2) 
PARAMETRIC_REPRESENTATION_CONTEXT() REPRESENTATION_CONTEXT('2D SPACE',''
  ) );
#5795 = PCURVE('',#5796,#5801);
#5796 = PLANE('',#5797);
#5797 = AXIS2_PLACEMENT_3D('',#5798,#5799,#5800);
#5798 = CARTESIAN_POINT('',(-4.43068256603,0.708251724725,
    21.530896693852));
#5799 = DIRECTION('',(-0.613553759712,0.,-0.789652951583));
#5800 = DIRECTION('',(-0.789652951583,0.,0.613553759712));
#5801 = DEFINITIONAL_REPRESENTATION('',(#5802),#5810);
#5802 = ( BOUNDED_CURVE() B_SPLINE_CURVE(2,(#5803,#5804,#5805,#5806,
#5807,#5808,#5809),.UNSPECIFIED.,.T.,.F.) B_SPLINE_CURVE_WITH_KNOTS((1,2
    ,2,2,2,1),(-2.094395102393,0.,2.094395102393,4.188790204786,
6.28318530718,8.377580409573),.UNSPECIFIED.) CURVE() 
GEOMETRIC_REPRESENTATION_ITEM() RATIONAL_B_SPLINE_CURVE((1.,0.5,1.,0.5,
1.,0.5,1.)) REPRESENTATION_ITEM('') );
#5803 = CARTESIAN_POINT('',(12.201552513312,-0.708251724725));
#5804 = CARTESIAN_POINT('',(12.201552513312,13.148154735826));
#5805 = CARTESIAN_POINT('',(24.201552513312,6.21995150555));
#5806 = CARTESIAN_POINT('',(36.201552513312,-0.708251724725));
#5807 = CARTESIAN_POINT('',(24.201552513312,-7.636454955001));
#5808 = CARTESIAN_POINT('',(12.201552513312,-14.56465818527));
#5809 = CARTESIAN_POINT('',(12.201552513312,-0.708251724725));
#5810 = ( GEOMETRIC_REPRESENTATION_CONTEXT(2) 
PARAMETRIC_REPRESENTATION_CONTEXT() REPRESENTATION_CONTEXT('2D SPACE',''
  ) );
#5811 = ORIENTED_EDGE('',*,*,#5758,.F.);
#5812 = ORIENTED_EDGE('',*,*,#3291,.F.);
#5813 = ADVANCED_FACE('',(#5814),#3420,.F.);
#5814 = FACE_BOUND('',#5815,.F.);
#5815 = EDGE_LOOP('',(#5816,#5839,#5867,#5888));
#5816 = ORIENTED_EDGE('',*,*,#5817,.T.);
#5817 = EDGE_CURVE('',#3362,#5818,#5820,.T.);
#5818 = VERTEX_POINT('',#5819);
#5819 = CARTESIAN_POINT('',(-7.353624433606,-38.5,23.801998155166));
#5820 = SURFACE_CURVE('',#5821,(#5825,#5832),.PCURVE_S1.);
#5821 = LINE('',#5822,#5823);
#5822 = CARTESIAN_POINT('',(2.296224100189,-38.5,54.295519521958));
#5823 = VECTOR('',#5824,1.);
#5824 = DIRECTION('',(-0.301708891434,0.,-0.953400096932));
#5825 = PCURVE('',#3420,#5826);
#5826 = DEFINITIONAL_REPRESENTATION('',(#5827),#5831);
#5827 = LINE('',#5828,#5829);
#5828 = CARTESIAN_POINT('',(0.,0.));
#5829 = VECTOR('',#5830,1.);
#5830 = DIRECTION('',(0.346716897343,-0.937969825259));
#5831 = ( GEOMETRIC_REPRESENTATION_CONTEXT(2) 
PARAMETRIC_REPRESENTATION_CONTEXT() REPRESENTATION_CONTEXT('2D SPACE',''
  ) );
#5832 = PCURVE('',#3494,#5833);
#5833 = DEFINITIONAL_REPRESENTATION('',(#5834),#5838);
#5834 = LINE('',#5835,#5836);
#5835 = CARTESIAN_POINT('',(4.712388980385,0.));
#5836 = VECTOR('',#5837,1.);
#5837 = DIRECTION('',(0.,-1.));
#5838 = ( GEOMETRIC_REPRESENTATION_CONTEXT(2) 
PARAMETRIC_REPRESENTATION_CONTEXT() REPRESENTATION_CONTEXT('2D SPACE',''
  ) );
#5839 = ORIENTED_EDGE('',*,*,#5840,.T.);
#5840 = EDGE_CURVE('',#5818,#5841,#5843,.T.);
#5841 = VERTEX_POINT('',#5842);
#5842 = CARTESIAN_POINT('',(2.122210985387,-38.5,16.439353038623));
#5843 = SURFACE_CURVE('',#5844,(#5848,#5855),.PCURVE_S1.);
#5844 = LINE('',#5845,#5846);
#5845 = CARTESIAN_POINT('',(-7.353624433606,-38.5,23.801998155166));
#5846 = VECTOR('',#5847,1.);
#5847 = DIRECTION('',(0.789652951583,-5.921189464667E-16,-0.613553759712
    ));
#5848 = PCURVE('',#3420,#5849);
#5849 = DEFINITIONAL_REPRESENTATION('',(#5850),#5854);
#5850 = LINE('',#5851,#5852);
#5851 = CARTESIAN_POINT('',(11.089383304414,-30.));
#5852 = VECTOR('',#5853,1.);
#5853 = DIRECTION('',(1.,0.));
#5854 = ( GEOMETRIC_REPRESENTATION_CONTEXT(2) 
PARAMETRIC_REPRESENTATION_CONTEXT() REPRESENTATION_CONTEXT('2D SPACE',''
  ) );
#5855 = PCURVE('',#5856,#5861);
#5856 = PLANE('',#5857);
#5857 = AXIS2_PLACEMENT_3D('',#5858,#5859,#5860);
#5858 = CARTESIAN_POINT('',(-4.43068256603,0.708251724725,
    21.530896693852));
#5859 = DIRECTION('',(-0.613553759712,0.,-0.789652951583));
#5860 = DIRECTION('',(-0.789652951583,0.,0.613553759712));
#5861 = DEFINITIONAL_REPRESENTATION('',(#5862),#5866);
#5862 = LINE('',#5863,#5864);
#5863 = CARTESIAN_POINT('',(3.701552513312,-39.20825172472));
#5864 = VECTOR('',#5865,1.);
#5865 = DIRECTION('',(-1.,-5.921189464667E-16));
#5866 = ( GEOMETRIC_REPRESENTATION_CONTEXT(2) 
PARAMETRIC_REPRESENTATION_CONTEXT() REPRESENTATION_CONTEXT('2D SPACE',''
  ) );
#5867 = ORIENTED_EDGE('',*,*,#5868,.F.);
#5868 = EDGE_CURVE('',#3385,#5841,#5869,.T.);
#5869 = SURFACE_CURVE('',#5870,(#5874,#5881),.PCURVE_S1.);
#5870 = LINE('',#5871,#5872);
#5871 = CARTESIAN_POINT('',(11.772059519182,-38.5,46.932874405415));
#5872 = VECTOR('',#5873,1.);
#5873 = DIRECTION('',(-0.301708891434,0.,-0.953400096932));
#5874 = PCURVE('',#3420,#5875);
#5875 = DEFINITIONAL_REPRESENTATION('',(#5876),#5880);
#5876 = LINE('',#5877,#5878);
#5877 = CARTESIAN_POINT('',(12.,2.6645352591E-15));
#5878 = VECTOR('',#5879,1.);
#5879 = DIRECTION('',(0.346716897343,-0.937969825259));
#5880 = ( GEOMETRIC_REPRESENTATION_CONTEXT(2) 
PARAMETRIC_REPRESENTATION_CONTEXT() REPRESENTATION_CONTEXT('2D SPACE',''
  ) );
#5881 = PCURVE('',#3599,#5882);
#5882 = DEFINITIONAL_REPRESENTATION('',(#5883),#5887);
#5883 = LINE('',#5884,#5885);
#5884 = CARTESIAN_POINT('',(4.712388980385,0.));
#5885 = VECTOR('',#5886,1.);
#5886 = DIRECTION('',(0.,-1.));
#5887 = ( GEOMETRIC_REPRESENTATION_CONTEXT(2) 
PARAMETRIC_REPRESENTATION_CONTEXT() REPRESENTATION_CONTEXT('2D SPACE',''
  ) );
#5888 = ORIENTED_EDGE('',*,*,#3406,.F.);
#5889 = ADVANCED_FACE('',(#5890),#3494,.F.);
#5890 = FACE_BOUND('',#5891,.F.);
#5891 = EDGE_LOOP('',(#5892,#5915,#5941,#5942));
#5892 = ORIENTED_EDGE('',*,*,#5893,.T.);
#5893 = EDGE_CURVE('',#3436,#5894,#5896,.T.);
#5894 = VERTEX_POINT('',#5895);
#5895 = CARTESIAN_POINT('',(-7.353624433606,-31.5,23.801998155166));
#5896 = SURFACE_CURVE('',#5897,(#5901,#5908),.PCURVE_S1.);
#5897 = LINE('',#5898,#5899);
#5898 = CARTESIAN_POINT('',(2.296224100189,-31.5,54.295519521958));
#5899 = VECTOR('',#5900,1.);
#5900 = DIRECTION('',(-0.301708891434,0.,-0.953400096932));
#5901 = PCURVE('',#3494,#5902);
#5902 = DEFINITIONAL_REPRESENTATION('',(#5903),#5907);
#5903 = LINE('',#5904,#5905);
#5904 = CARTESIAN_POINT('',(1.570796326795,0.));
#5905 = VECTOR('',#5906,1.);
#5906 = DIRECTION('',(0.,-1.));
#5907 = ( GEOMETRIC_REPRESENTATION_CONTEXT(2) 
PARAMETRIC_REPRESENTATION_CONTEXT() REPRESENTATION_CONTEXT('2D SPACE',''
  ) );
#5908 = PCURVE('',#3663,#5909);
#5909 = DEFINITIONAL_REPRESENTATION('',(#5910),#5914);
#5910 = LINE('',#5911,#5912);
#5911 = CARTESIAN_POINT('',(0.,0.));
#5912 = VECTOR('',#5913,1.);
#5913 = DIRECTION('',(0.346716897343,-0.937969825259));
#5914 = ( GEOMETRIC_REPRESENTATION_CONTEXT(2) 
PARAMETRIC_REPRESENTATION_CONTEXT() REPRESENTATION_CONTEXT('2D SPACE',''
  ) );
#5915 = ORIENTED_EDGE('',*,*,#5916,.T.);
#5916 = EDGE_CURVE('',#5894,#5818,#5917,.T.);
#5917 = SURFACE_CURVE('',#5918,(#5923,#5930),.PCURVE_S1.);
#5918 = CIRCLE('',#5919,3.5);
#5919 = AXIS2_PLACEMENT_3D('',#5920,#5921,#5922);
#5920 = CARTESIAN_POINT('',(-7.353624433606,-35.,23.801998155166));
#5921 = DIRECTION('',(0.613553759712,-0.,0.789652951583));
#5922 = DIRECTION('',(0.789652951583,0.,-0.613553759712));
#5923 = PCURVE('',#3494,#5924);
#5924 = DEFINITIONAL_REPRESENTATION('',(#5925),#5929);
#5925 = LINE('',#5926,#5927);
#5926 = CARTESIAN_POINT('',(0.,-31.98397133053));
#5927 = VECTOR('',#5928,1.);
#5928 = DIRECTION('',(1.,0.));
#5929 = ( GEOMETRIC_REPRESENTATION_CONTEXT(2) 
PARAMETRIC_REPRESENTATION_CONTEXT() REPRESENTATION_CONTEXT('2D SPACE',''
  ) );
#5930 = PCURVE('',#5856,#5931);
#5931 = DEFINITIONAL_REPRESENTATION('',(#5932),#5940);
#5932 = ( BOUNDED_CURVE() B_SPLINE_CURVE(2,(#5933,#5934,#5935,#5936,
#5937,#5938,#5939),.UNSPECIFIED.,.T.,.F.) B_SPLINE_CURVE_WITH_KNOTS((1,2
    ,2,2,2,1),(-2.094395102393,0.,2.094395102393,4.188790204786,
6.28318530718,8.377580409573),.UNSPECIFIED.) CURVE() 
GEOMETRIC_REPRESENTATION_ITEM() RATIONAL_B_SPLINE_CURVE((1.,0.5,1.,0.5,
1.,0.5,1.)) REPRESENTATION_ITEM('') );
#5933 = CARTESIAN_POINT('',(0.201552513312,-35.70825172472));
#5934 = CARTESIAN_POINT('',(0.201552513312,-29.64607389823));
#5935 = CARTESIAN_POINT('',(5.451552513312,-32.67716281148));
#5936 = CARTESIAN_POINT('',(10.701552513312,-35.70825172472));
#5937 = CARTESIAN_POINT('',(5.451552513312,-38.73934063797));
#5938 = CARTESIAN_POINT('',(0.201552513312,-41.77042955121));
#5939 = CARTESIAN_POINT('',(0.201552513312,-35.70825172472));
#5940 = ( GEOMETRIC_REPRESENTATION_CONTEXT(2) 
PARAMETRIC_REPRESENTATION_CONTEXT() REPRESENTATION_CONTEXT('2D SPACE',''
  ) );
#5941 = ORIENTED_EDGE('',*,*,#5817,.F.);
#5942 = ORIENTED_EDGE('',*,*,#3457,.F.);
#5943 = ADVANCED_FACE('',(#5944),#3599,.F.);
#5944 = FACE_BOUND('',#5945,.F.);
#5945 = EDGE_LOOP('',(#5946,#5947,#5975,#5996));
#5946 = ORIENTED_EDGE('',*,*,#5868,.T.);
#5947 = ORIENTED_EDGE('',*,*,#5948,.T.);
#5948 = EDGE_CURVE('',#5841,#5949,#5951,.T.);
#5949 = VERTEX_POINT('',#5950);
#5950 = CARTESIAN_POINT('',(2.122210985387,-31.5,16.439353038623));
#5951 = SURFACE_CURVE('',#5952,(#5957,#5964),.PCURVE_S1.);
#5952 = CIRCLE('',#5953,3.5);
#5953 = AXIS2_PLACEMENT_3D('',#5954,#5955,#5956);
#5954 = CARTESIAN_POINT('',(2.122210985387,-35.,16.439353038623));
#5955 = DIRECTION('',(0.613553759712,-0.,0.789652951583));
#5956 = DIRECTION('',(0.789652951583,0.,-0.613553759712));
#5957 = PCURVE('',#3599,#5958);
#5958 = DEFINITIONAL_REPRESENTATION('',(#5959),#5963);
#5959 = LINE('',#5960,#5961);
#5960 = CARTESIAN_POINT('',(0.,-31.98397133053));
#5961 = VECTOR('',#5962,1.);
#5962 = DIRECTION('',(1.,0.));
#5963 = ( GEOMETRIC_REPRESENTATION_CONTEXT(2) 
PARAMETRIC_REPRESENTATION_CONTEXT() REPRESENTATION_CONTEXT('2D SPACE',''
  ) );
#5964 = PCURVE('',#5856,#5965);
#5965 = DEFINITIONAL_REPRESENTATION('',(#5966),#5974);
#5966 = ( BOUNDED_CURVE() B_SPLINE_CURVE(2,(#5967,#5968,#5969,#5970,
#5971,#5972,#5973),.UNSPECIFIED.,.T.,.F.) B_SPLINE_CURVE_WITH_KNOTS((1,2
    ,2,2,2,1),(-2.094395102393,0.,2.094395102393,4.188790204786,
6.28318530718,8.377580409573),.UNSPECIFIED.) CURVE() 
GEOMETRIC_REPRESENTATION_ITEM() RATIONAL_B_SPLINE_CURVE((1.,0.5,1.,0.5,
1.,0.5,1.)) REPRESENTATION_ITEM('') );
#5967 = CARTESIAN_POINT('',(-11.79844748668,-35.70825172472));
#5968 = CARTESIAN_POINT('',(-11.79844748668,-29.64607389823));
#5969 = CARTESIAN_POINT('',(-6.548447486688,-32.67716281148));
#5970 = CARTESIAN_POINT('',(-1.298447486688,-35.70825172472));
#5971 = CARTESIAN_POINT('',(-6.548447486688,-38.73934063797));
#5972 = CARTESIAN_POINT('',(-11.79844748668,-41.77042955121));
#5973 = CARTESIAN_POINT('',(-11.79844748668,-35.70825172472));
#5974 = ( GEOMETRIC_REPRESENTATION_CONTEXT(2) 
PARAMETRIC_REPRESENTATION_CONTEXT() REPRESENTATION_CONTEXT('2D SPACE',''
  ) );
#5975 = ORIENTED_EDGE('',*,*,#5976,.F.);
#5976 = EDGE_CURVE('',#3575,#5949,#5977,.T.);
#5977 = SURFACE_CURVE('',#5978,(#5982,#5989),.PCURVE_S1.);
#5978 = LINE('',#5979,#5980);
#5979 = CARTESIAN_POINT('',(11.772059519182,-31.5,46.932874405415));
#5980 = VECTOR('',#5981,1.);
#5981 = DIRECTION('',(-0.301708891434,0.,-0.953400096932));
#5982 = PCURVE('',#3599,#5983);
#5983 = DEFINITIONAL_REPRESENTATION('',(#5984),#5988);
#5984 = LINE('',#5985,#5986);
#5985 = CARTESIAN_POINT('',(7.853981633974,0.));
#5986 = VECTOR('',#5987,1.);
#5987 = DIRECTION('',(0.,-1.));
#5988 = ( GEOMETRIC_REPRESENTATION_CONTEXT(2) 
PARAMETRIC_REPRESENTATION_CONTEXT() REPRESENTATION_CONTEXT('2D SPACE',''
  ) );
#5989 = PCURVE('',#3663,#5990);
#5990 = DEFINITIONAL_REPRESENTATION('',(#5991),#5995);
#5991 = LINE('',#5992,#5993);
#5992 = CARTESIAN_POINT('',(12.,-2.6645352591E-15));
#5993 = VECTOR('',#5994,1.);
#5994 = DIRECTION('',(0.346716897343,-0.937969825259));
#5995 = ( GEOMETRIC_REPRESENTATION_CONTEXT(2) 
PARAMETRIC_REPRESENTATION_CONTEXT() REPRESENTATION_CONTEXT('2D SPACE',''
  ) );
#5996 = ORIENTED_EDGE('',*,*,#3574,.F.);
#5997 = ADVANCED_FACE('',(#5998),#3663,.T.);
#5998 = FACE_BOUND('',#5999,.T.);
#5999 = EDGE_LOOP('',(#6000,#6001,#6022,#6023));
#6000 = ORIENTED_EDGE('',*,*,#5893,.T.);
#6001 = ORIENTED_EDGE('',*,*,#6002,.T.);
#6002 = EDGE_CURVE('',#5894,#5949,#6003,.T.);
#6003 = SURFACE_CURVE('',#6004,(#6008,#6015),.PCURVE_S1.);
#6004 = LINE('',#6005,#6006);
#6005 = CARTESIAN_POINT('',(-7.353624433606,-31.5,23.801998155166));
#6006 = VECTOR('',#6007,1.);
#6007 = DIRECTION('',(0.789652951583,-5.921189464667E-16,-0.613553759712
    ));
#6008 = PCURVE('',#3663,#6009);
#6009 = DEFINITIONAL_REPRESENTATION('',(#6010),#6014);
#6010 = LINE('',#6011,#6012);
#6011 = CARTESIAN_POINT('',(11.089383304414,-30.));
#6012 = VECTOR('',#6013,1.);
#6013 = DIRECTION('',(1.,0.));
#6014 = ( GEOMETRIC_REPRESENTATION_CONTEXT(2) 
PARAMETRIC_REPRESENTATION_CONTEXT() REPRESENTATION_CONTEXT('2D SPACE',''
  ) );
#6015 = PCURVE('',#5856,#6016);
#6016 = DEFINITIONAL_REPRESENTATION('',(#6017),#6021);
#6017 = LINE('',#6018,#6019);
#6018 = CARTESIAN_POINT('',(3.701552513312,-32.20825172472));
#6019 = VECTOR('',#6020,1.);
#6020 = DIRECTION('',(-1.,-5.921189464667E-16));
#6021 = ( GEOMETRIC_REPRESENTATION_CONTEXT(2) 
PARAMETRIC_REPRESENTATION_CONTEXT() REPRESENTATION_CONTEXT('2D SPACE',''
  ) );
#6022 = ORIENTED_EDGE('',*,*,#5976,.F.);
#6023 = ORIENTED_EDGE('',*,*,#3649,.T.);
#6024 = ADVANCED_FACE('',(#6025),#3731,.F.);
#6025 = FACE_BOUND('',#6026,.F.);
#6026 = EDGE_LOOP('',(#6027,#6050,#6081,#6082));
#6027 = ORIENTED_EDGE('',*,*,#6028,.T.);
#6028 = EDGE_CURVE('',#3679,#6029,#6031,.T.);
#6029 = VERTEX_POINT('',#6030);
#6030 = CARTESIAN_POINT('',(19.494575920208,-35.,2.941170324961));
#6031 = SEAM_CURVE('',#6032,(#6036,#6043),.PCURVE_S1.);
#6032 = LINE('',#6033,#6034);
#6033 = CARTESIAN_POINT('',(29.144424454003,-35.,33.434691691753));
#6034 = VECTOR('',#6035,1.);
#6035 = DIRECTION('',(-0.301708891434,0.,-0.953400096932));
#6036 = PCURVE('',#3731,#6037);
#6037 = DEFINITIONAL_REPRESENTATION('',(#6038),#6042);
#6038 = LINE('',#6039,#6040);
#6039 = CARTESIAN_POINT('',(0.,0.));
#6040 = VECTOR('',#6041,1.);
#6041 = DIRECTION('',(0.,-1.));
#6042 = ( GEOMETRIC_REPRESENTATION_CONTEXT(2) 
PARAMETRIC_REPRESENTATION_CONTEXT() REPRESENTATION_CONTEXT('2D SPACE',''
  ) );
#6043 = PCURVE('',#3731,#6044);
#6044 = DEFINITIONAL_REPRESENTATION('',(#6045),#6049);
#6045 = LINE('',#6046,#6047);
#6046 = CARTESIAN_POINT('',(6.28318530718,0.));
#6047 = VECTOR('',#6048,1.);
#6048 = DIRECTION('',(0.,-1.));
#6049 = ( GEOMETRIC_REPRESENTATION_CONTEXT(2) 
PARAMETRIC_REPRESENTATION_CONTEXT() REPRESENTATION_CONTEXT('2D SPACE',''
  ) );
#6050 = ORIENTED_EDGE('',*,*,#6051,.T.);
#6051 = EDGE_CURVE('',#6029,#6029,#6052,.T.);
#6052 = SURFACE_CURVE('',#6053,(#6058,#6065),.PCURVE_S1.);
#6053 = CIRCLE('',#6054,5.5);
#6054 = AXIS2_PLACEMENT_3D('',#6055,#6056,#6057);
#6055 = CARTESIAN_POINT('',(15.151484686503,-35.,6.315716003376));
#6056 = DIRECTION('',(0.613553759712,-0.,0.789652951583));
#6057 = DIRECTION('',(0.789652951583,0.,-0.613553759712));
#6058 = PCURVE('',#3731,#6059);
#6059 = DEFINITIONAL_REPRESENTATION('',(#6060),#6064);
#6060 = LINE('',#6061,#6062);
#6061 = CARTESIAN_POINT('',(0.,-31.98397133053));
#6062 = VECTOR('',#6063,1.);
#6063 = DIRECTION('',(1.,0.));
#6064 = ( GEOMETRIC_REPRESENTATION_CONTEXT(2) 
PARAMETRIC_REPRESENTATION_CONTEXT() REPRESENTATION_CONTEXT('2D SPACE',''
  ) );
#6065 = PCURVE('',#6066,#6071);
#6066 = PLANE('',#6067);
#6067 = AXIS2_PLACEMENT_3D('',#6068,#6069,#6070);
#6068 = CARTESIAN_POINT('',(-4.43068256603,0.708251724725,
    21.530896693852));
#6069 = DIRECTION('',(-0.613553759712,0.,-0.789652951583));
#6070 = DIRECTION('',(-0.789652951583,0.,0.613553759712));
#6071 = DEFINITIONAL_REPRESENTATION('',(#6072),#6080);
#6072 = ( BOUNDED_CURVE() B_SPLINE_CURVE(2,(#6073,#6074,#6075,#6076,
#6077,#6078,#6079),.UNSPECIFIED.,.T.,.F.) B_SPLINE_CURVE_WITH_KNOTS((1,2
    ,2,2,2,1),(-2.094395102393,0.,2.094395102393,4.188790204786,
6.28318530718,8.377580409573),.UNSPECIFIED.) CURVE() 
GEOMETRIC_REPRESENTATION_ITEM() RATIONAL_B_SPLINE_CURVE((1.,0.5,1.,0.5,
1.,0.5,1.)) REPRESENTATION_ITEM('') );
#6073 = CARTESIAN_POINT('',(-30.29844748668,-35.70825172472));
#6074 = CARTESIAN_POINT('',(-30.29844748668,-26.18197228309));
#6075 = CARTESIAN_POINT('',(-22.04844748668,-30.94511200391));
#6076 = CARTESIAN_POINT('',(-13.79844748668,-35.70825172472));
#6077 = CARTESIAN_POINT('',(-22.04844748668,-40.47139144554));
#6078 = CARTESIAN_POINT('',(-30.29844748668,-45.23453116635));
#6079 = CARTESIAN_POINT('',(-30.29844748668,-35.70825172472));
#6080 = ( GEOMETRIC_REPRESENTATION_CONTEXT(2) 
PARAMETRIC_REPRESENTATION_CONTEXT() REPRESENTATION_CONTEXT('2D SPACE',''
  ) );
#6081 = ORIENTED_EDGE('',*,*,#6028,.F.);
#6082 = ORIENTED_EDGE('',*,*,#3700,.F.);
#6083 = ADVANCED_FACE('',(#6084),#3823,.F.);
#6084 = FACE_BOUND('',#6085,.F.);
#6085 = EDGE_LOOP('',(#6086,#6109,#6140,#6141));
#6086 = ORIENTED_EDGE('',*,*,#6087,.T.);
#6087 = EDGE_CURVE('',#3771,#6088,#6090,.T.);
#6088 = VERTEX_POINT('',#6089);
#6089 = CARTESIAN_POINT('',(0.937731558013,-17.5,17.359683678191));
#6090 = SEAM_CURVE('',#6091,(#6095,#6102),.PCURVE_S1.);
#6091 = LINE('',#6092,#6093);
#6092 = CARTESIAN_POINT('',(10.587580091808,-17.5,47.853205044983));
#6093 = VECTOR('',#6094,1.);
#6094 = DIRECTION('',(-0.301708891434,0.,-0.953400096932));
#6095 = PCURVE('',#3823,#6096);
#6096 = DEFINITIONAL_REPRESENTATION('',(#6097),#6101);
#6097 = LINE('',#6098,#6099);
#6098 = CARTESIAN_POINT('',(0.,0.));
#6099 = VECTOR('',#6100,1.);
#6100 = DIRECTION('',(0.,-1.));
#6101 = ( GEOMETRIC_REPRESENTATION_CONTEXT(2) 
PARAMETRIC_REPRESENTATION_CONTEXT() REPRESENTATION_CONTEXT('2D SPACE',''
  ) );
#6102 = PCURVE('',#3823,#6103);
#6103 = DEFINITIONAL_REPRESENTATION('',(#6104),#6108);
#6104 = LINE('',#6105,#6106);
#6105 = CARTESIAN_POINT('',(6.28318530718,0.));
#6106 = VECTOR('',#6107,1.);
#6107 = DIRECTION('',(0.,-1.));
#6108 = ( GEOMETRIC_REPRESENTATION_CONTEXT(2) 
PARAMETRIC_REPRESENTATION_CONTEXT() REPRESENTATION_CONTEXT('2D SPACE',''
  ) );
#6109 = ORIENTED_EDGE('',*,*,#6110,.T.);
#6110 = EDGE_CURVE('',#6088,#6088,#6111,.T.);
#6111 = SURFACE_CURVE('',#6112,(#6117,#6124),.PCURVE_S1.);
#6112 = CIRCLE('',#6113,4.5);
#6113 = AXIS2_PLACEMENT_3D('',#6114,#6115,#6116);
#6114 = CARTESIAN_POINT('',(-2.615706724109,-17.5,20.120675596895));
#6115 = DIRECTION('',(0.613553759712,-0.,0.789652951583));
#6116 = DIRECTION('',(0.789652951583,0.,-0.613553759712));
#6117 = PCURVE('',#3823,#6118);
#6118 = DEFINITIONAL_REPRESENTATION('',(#6119),#6123);
#6119 = LINE('',#6120,#6121);
#6120 = CARTESIAN_POINT('',(0.,-31.98397133053));
#6121 = VECTOR('',#6122,1.);
#6122 = DIRECTION('',(1.,0.));
#6123 = ( GEOMETRIC_REPRESENTATION_CONTEXT(2) 
PARAMETRIC_REPRESENTATION_CONTEXT() REPRESENTATION_CONTEXT('2D SPACE',''
  ) );
#6124 = PCURVE('',#6125,#6130);
#6125 = PLANE('',#6126);
#6126 = AXIS2_PLACEMENT_3D('',#6127,#6128,#6129);
#6127 = CARTESIAN_POINT('',(-4.43068256603,0.708251724725,
    21.530896693852));
#6128 = DIRECTION('',(-0.613553759712,0.,-0.789652951583));
#6129 = DIRECTION('',(-0.789652951583,0.,0.613553759712));
#6130 = DEFINITIONAL_REPRESENTATION('',(#6131),#6139);
#6131 = ( BOUNDED_CURVE() B_SPLINE_CURVE(2,(#6132,#6133,#6134,#6135,
#6136,#6137,#6138),.UNSPECIFIED.,.T.,.F.) B_SPLINE_CURVE_WITH_KNOTS((1,2
    ,2,2,2,1),(-2.094395102393,0.,2.094395102393,4.188790204786,
6.28318530718,8.377580409573),.UNSPECIFIED.) CURVE() 
GEOMETRIC_REPRESENTATION_ITEM() RATIONAL_B_SPLINE_CURVE((1.,0.5,1.,0.5,
1.,0.5,1.)) REPRESENTATION_ITEM('') );
#6132 = CARTESIAN_POINT('',(-6.798447486688,-18.20825172472));
#6133 = CARTESIAN_POINT('',(-6.798447486688,-10.41402309066));
#6134 = CARTESIAN_POINT('',(-4.844748668757E-02,-14.31113740769));
#6135 = CARTESIAN_POINT('',(6.701552513312,-18.20825172472));
#6136 = CARTESIAN_POINT('',(-4.844748668757E-02,-22.10536604175));
#6137 = CARTESIAN_POINT('',(-6.798447486688,-26.00248035878));
#6138 = CARTESIAN_POINT('',(-6.798447486688,-18.20825172472));
#6139 = ( GEOMETRIC_REPRESENTATION_CONTEXT(2) 
PARAMETRIC_REPRESENTATION_CONTEXT() REPRESENTATION_CONTEXT('2D SPACE',''
  ) );
#6140 = ORIENTED_EDGE('',*,*,#6087,.F.);
#6141 = ORIENTED_EDGE('',*,*,#3792,.F.);
#6142 = ADVANCED_FACE('',(#6143),#3915,.F.);
#6143 = FACE_BOUND('',#6144,.F.);
#6144 = EDGE_LOOP('',(#6145,#6168,#6199,#6200));
#6145 = ORIENTED_EDGE('',*,*,#6146,.T.);
#6146 = EDGE_CURVE('',#3863,#6147,#6149,.T.);
#6147 = VERTEX_POINT('',#6148);
#6148 = CARTESIAN_POINT('',(19.494575920208,-17.5,2.941170324961));
#6149 = SEAM_CURVE('',#6150,(#6154,#6161),.PCURVE_S1.);
#6150 = LINE('',#6151,#6152);
#6151 = CARTESIAN_POINT('',(29.144424454003,-17.5,33.434691691753));
#6152 = VECTOR('',#6153,1.);
#6153 = DIRECTION('',(-0.301708891434,0.,-0.953400096932));
#6154 = PCURVE('',#3915,#6155);
#6155 = DEFINITIONAL_REPRESENTATION('',(#6156),#6160);
#6156 = LINE('',#6157,#6158);
#6157 = CARTESIAN_POINT('',(0.,0.));
#6158 = VECTOR('',#6159,1.);
#6159 = DIRECTION('',(0.,-1.));
#6160 = ( GEOMETRIC_REPRESENTATION_CONTEXT(2) 
PARAMETRIC_REPRESENTATION_CONTEXT() REPRESENTATION_CONTEXT('2D SPACE',''
  ) );
#6161 = PCURVE('',#3915,#6162);
#6162 = DEFINITIONAL_REPRESENTATION('',(#6163),#6167);
#6163 = LINE('',#6164,#6165);
#6164 = CARTESIAN_POINT('',(6.28318530718,0.));
#6165 = VECTOR('',#6166,1.);
#6166 = DIRECTION('',(0.,-1.));
#6167 = ( GEOMETRIC_REPRESENTATION_CONTEXT(2) 
PARAMETRIC_REPRESENTATION_CONTEXT() REPRESENTATION_CONTEXT('2D SPACE',''
  ) );
#6168 = ORIENTED_EDGE('',*,*,#6169,.T.);
#6169 = EDGE_CURVE('',#6147,#6147,#6170,.T.);
#6170 = SURFACE_CURVE('',#6171,(#6176,#6183),.PCURVE_S1.);
#6171 = CIRCLE('',#6172,5.5);
#6172 = AXIS2_PLACEMENT_3D('',#6173,#6174,#6175);
#6173 = CARTESIAN_POINT('',(15.151484686503,-17.5,6.315716003376));
#6174 = DIRECTION('',(0.613553759712,-0.,0.789652951583));
#6175 = DIRECTION('',(0.789652951583,0.,-0.613553759712));
#6176 = PCURVE('',#3915,#6177);
#6177 = DEFINITIONAL_REPRESENTATION('',(#6178),#6182);
#6178 = LINE('',#6179,#6180);
#6179 = CARTESIAN_POINT('',(0.,-31.98397133053));
#6180 = VECTOR('',#6181,1.);
#6181 = DIRECTION('',(1.,0.));
#6182 = ( GEOMETRIC_REPRESENTATION_CONTEXT(2) 
PARAMETRIC_REPRESENTATION_CONTEXT() REPRESENTATION_CONTEXT('2D SPACE',''
  ) );
#6183 = PCURVE('',#6184,#6189);
#6184 = PLANE('',#6185);
#6185 = AXIS2_PLACEMENT_3D('',#6186,#6187,#6188);
#6186 = CARTESIAN_POINT('',(-4.43068256603,0.708251724725,
    21.530896693852));
#6187 = DIRECTION('',(-0.613553759712,0.,-0.789652951583));
#6188 = DIRECTION('',(-0.789652951583,0.,0.613553759712));
#6189 = DEFINITIONAL_REPRESENTATION('',(#6190),#6198);
#6190 = ( BOUNDED_CURVE() B_SPLINE_CURVE(2,(#6191,#6192,#6193,#6194,
#6195,#6196,#6197),.UNSPECIFIED.,.T.,.F.) B_SPLINE_CURVE_WITH_KNOTS((1,2
    ,2,2,2,1),(-2.094395102393,0.,2.094395102393,4.188790204786,
6.28318530718,8.377580409573),.UNSPECIFIED.) CURVE() 
GEOMETRIC_REPRESENTATION_ITEM() RATIONAL_B_SPLINE_CURVE((1.,0.5,1.,0.5,
1.,0.5,1.)) REPRESENTATION_ITEM('') );
#6191 = CARTESIAN_POINT('',(-30.29844748668,-18.20825172472));
#6192 = CARTESIAN_POINT('',(-30.29844748668,-8.681972283096));
#6193 = CARTESIAN_POINT('',(-22.04844748668,-13.44511200391));
#6194 = CARTESIAN_POINT('',(-13.79844748668,-18.20825172472));
#6195 = CARTESIAN_POINT('',(-22.04844748668,-22.97139144554));
#6196 = CARTESIAN_POINT('',(-30.29844748668,-27.73453116635));
#6197 = CARTESIAN_POINT('',(-30.29844748668,-18.20825172472));
#6198 = ( GEOMETRIC_REPRESENTATION_CONTEXT(2) 
PARAMETRIC_REPRESENTATION_CONTEXT() REPRESENTATION_CONTEXT('2D SPACE',''
  ) );
#6199 = ORIENTED_EDGE('',*,*,#6146,.F.);
#6200 = ORIENTED_EDGE('',*,*,#3884,.F.);
#6201 = ADVANCED_FACE('',(#6202),#4007,.F.);
#6202 = FACE_BOUND('',#6203,.F.);
#6203 = EDGE_LOOP('',(#6204,#6227,#6258,#6259));
#6204 = ORIENTED_EDGE('',*,*,#6205,.T.);
#6205 = EDGE_CURVE('',#3955,#6206,#6208,.T.);
#6206 = VERTEX_POINT('',#6207);
#6207 = CARTESIAN_POINT('',(-15.25015394943,17.5,29.937535752285));
#6208 = SEAM_CURVE('',#6209,(#6213,#6220),.PCURVE_S1.);
#6209 = LINE('',#6210,#6211);
#6210 = CARTESIAN_POINT('',(-5.600305415638,17.5,60.431057119078));
#6211 = VECTOR('',#6212,1.);
#6212 = DIRECTION('',(-0.301708891434,0.,-0.953400096932));
#6213 = PCURVE('',#4007,#6214);
#6214 = DEFINITIONAL_REPRESENTATION('',(#6215),#6219);
#6215 = LINE('',#6216,#6217);
#6216 = CARTESIAN_POINT('',(0.,0.));
#6217 = VECTOR('',#6218,1.);
#6218 = DIRECTION('',(0.,-1.));
#6219 = ( GEOMETRIC_REPRESENTATION_CONTEXT(2) 
PARAMETRIC_REPRESENTATION_CONTEXT() REPRESENTATION_CONTEXT('2D SPACE',''
  ) );
#6220 = PCURVE('',#4007,#6221);
#6221 = DEFINITIONAL_REPRESENTATION('',(#6222),#6226);
#6222 = LINE('',#6223,#6224);
#6223 = CARTESIAN_POINT('',(6.28318530718,0.));
#6224 = VECTOR('',#6225,1.);
#6225 = DIRECTION('',(0.,-1.));
#6226 = ( GEOMETRIC_REPRESENTATION_CONTEXT(2) 
PARAMETRIC_REPRESENTATION_CONTEXT() REPRESENTATION_CONTEXT('2D SPACE',''
  ) );
#6227 = ORIENTED_EDGE('',*,*,#6228,.T.);
#6228 = EDGE_CURVE('',#6206,#6206,#6229,.T.);
#6229 = SURFACE_CURVE('',#6230,(#6235,#6242),.PCURVE_S1.);
#6230 = CIRCLE('',#6231,6.5);
#6231 = AXIS2_PLACEMENT_3D('',#6232,#6233,#6234);
#6232 = CARTESIAN_POINT('',(-20.38289813472,17.5,33.925635190413));
#6233 = DIRECTION('',(0.613553759712,-0.,0.789652951583));
#6234 = DIRECTION('',(0.789652951583,0.,-0.613553759712));
#6235 = PCURVE('',#4007,#6236);
#6236 = DEFINITIONAL_REPRESENTATION('',(#6237),#6241);
#6237 = LINE('',#6238,#6239);
#6238 = CARTESIAN_POINT('',(0.,-31.98397133053));
#6239 = VECTOR('',#6240,1.);
#6240 = DIRECTION('',(1.,0.));
#6241 = ( GEOMETRIC_REPRESENTATION_CONTEXT(2) 
PARAMETRIC_REPRESENTATION_CONTEXT() REPRESENTATION_CONTEXT('2D SPACE',''
  ) );
#6242 = PCURVE('',#6243,#6248);
#6243 = PLANE('',#6244);
#6244 = AXIS2_PLACEMENT_3D('',#6245,#6246,#6247);
#6245 = CARTESIAN_POINT('',(-4.43068256603,0.708251724725,
    21.530896693852));
#6246 = DIRECTION('',(-0.613553759712,0.,-0.789652951583));
#6247 = DIRECTION('',(-0.789652951583,0.,0.613553759712));
#6248 = DEFINITIONAL_REPRESENTATION('',(#6249),#6257);
#6249 = ( BOUNDED_CURVE() B_SPLINE_CURVE(2,(#6250,#6251,#6252,#6253,
#6254,#6255,#6256),.UNSPECIFIED.,.T.,.F.) B_SPLINE_CURVE_WITH_KNOTS((1,2
    ,2,2,2,1),(-2.094395102393,0.,2.094395102393,4.188790204786,
6.28318530718,8.377580409573),.UNSPECIFIED.) CURVE() 
GEOMETRIC_REPRESENTATION_ITEM() RATIONAL_B_SPLINE_CURVE((1.,0.5,1.,0.5,
1.,0.5,1.)) REPRESENTATION_ITEM('') );
#6250 = CARTESIAN_POINT('',(13.701552513312,16.791748275275));
#6251 = CARTESIAN_POINT('',(13.701552513312,28.050078524473));
#6252 = CARTESIAN_POINT('',(23.451552513312,22.420913399874));
#6253 = CARTESIAN_POINT('',(33.201552513312,16.791748275275));
#6254 = CARTESIAN_POINT('',(23.451552513312,11.162583150676));
#6255 = CARTESIAN_POINT('',(13.701552513312,5.533418026077));
#6256 = CARTESIAN_POINT('',(13.701552513312,16.791748275275));
#6257 = ( GEOMETRIC_REPRESENTATION_CONTEXT(2) 
PARAMETRIC_REPRESENTATION_CONTEXT() REPRESENTATION_CONTEXT('2D SPACE',''
  ) );
#6258 = ORIENTED_EDGE('',*,*,#6205,.F.);
#6259 = ORIENTED_EDGE('',*,*,#3976,.F.);
#6260 = ADVANCED_FACE('',(#6261),#4099,.F.);
#6261 = FACE_BOUND('',#6262,.F.);
#6262 = EDGE_LOOP('',(#6263,#6286,#6317,#6318));
#6263 = ORIENTED_EDGE('',*,*,#6264,.T.);
#6264 = EDGE_CURVE('',#4047,#6265,#6267,.T.);
#6265 = VERTEX_POINT('',#6266);
#6266 = CARTESIAN_POINT('',(-13.27602157047,35.,28.403651353006));
#6267 = SEAM_CURVE('',#6268,(#6272,#6279),.PCURVE_S1.);
#6268 = LINE('',#6269,#6270);
#6269 = CARTESIAN_POINT('',(-3.626173036681,35.,58.897172719798));
#6270 = VECTOR('',#6271,1.);
#6271 = DIRECTION('',(-0.301708891434,0.,-0.953400096932));
#6272 = PCURVE('',#4099,#6273);
#6273 = DEFINITIONAL_REPRESENTATION('',(#6274),#6278);
#6274 = LINE('',#6275,#6276);
#6275 = CARTESIAN_POINT('',(0.,0.));
#6276 = VECTOR('',#6277,1.);
#6277 = DIRECTION('',(0.,-1.));
#6278 = ( GEOMETRIC_REPRESENTATION_CONTEXT(2) 
PARAMETRIC_REPRESENTATION_CONTEXT() REPRESENTATION_CONTEXT('2D SPACE',''
  ) );
#6279 = PCURVE('',#4099,#6280);
#6280 = DEFINITIONAL_REPRESENTATION('',(#6281),#6285);
#6281 = LINE('',#6282,#6283);
#6282 = CARTESIAN_POINT('',(6.28318530718,0.));
#6283 = VECTOR('',#6284,1.);
#6284 = DIRECTION('',(0.,-1.));
#6285 = ( GEOMETRIC_REPRESENTATION_CONTEXT(2) 
PARAMETRIC_REPRESENTATION_CONTEXT() REPRESENTATION_CONTEXT('2D SPACE',''
  ) );
#6286 = ORIENTED_EDGE('',*,*,#6287,.T.);
#6287 = EDGE_CURVE('',#6265,#6265,#6288,.T.);
#6288 = SURFACE_CURVE('',#6289,(#6294,#6301),.PCURVE_S1.);
#6289 = CIRCLE('',#6290,9.);
#6290 = AXIS2_PLACEMENT_3D('',#6291,#6292,#6293);
#6291 = CARTESIAN_POINT('',(-20.38289813472,35.,33.925635190413));
#6292 = DIRECTION('',(0.613553759712,-0.,0.789652951583));
#6293 = DIRECTION('',(0.789652951583,0.,-0.613553759712));
#6294 = PCURVE('',#4099,#6295);
#6295 = DEFINITIONAL_REPRESENTATION('',(#6296),#6300);
#6296 = LINE('',#6297,#6298);
#6297 = CARTESIAN_POINT('',(0.,-31.98397133053));
#6298 = VECTOR('',#6299,1.);
#6299 = DIRECTION('',(1.,0.));
#6300 = ( GEOMETRIC_REPRESENTATION_CONTEXT(2) 
PARAMETRIC_REPRESENTATION_CONTEXT() REPRESENTATION_CONTEXT('2D SPACE',''
  ) );
#6301 = PCURVE('',#6302,#6307);
#6302 = PLANE('',#6303);
#6303 = AXIS2_PLACEMENT_3D('',#6304,#6305,#6306);
#6304 = CARTESIAN_POINT('',(-4.43068256603,0.708251724725,
    21.530896693852));
#6305 = DIRECTION('',(-0.613553759712,0.,-0.789652951583));
#6306 = DIRECTION('',(-0.789652951583,0.,0.613553759712));
#6307 = DEFINITIONAL_REPRESENTATION('',(#6308),#6316);
#6308 = ( BOUNDED_CURVE() B_SPLINE_CURVE(2,(#6309,#6310,#6311,#6312,
#6313,#6314,#6315),.UNSPECIFIED.,.T.,.F.) B_SPLINE_CURVE_WITH_KNOTS((1,2
    ,2,2,2,1),(-2.094395102393,0.,2.094395102393,4.188790204786,
6.28318530718,8.377580409573),.UNSPECIFIED.) CURVE() 
GEOMETRIC_REPRESENTATION_ITEM() RATIONAL_B_SPLINE_CURVE((1.,0.5,1.,0.5,
1.,0.5,1.)) REPRESENTATION_ITEM('') );
#6309 = CARTESIAN_POINT('',(11.201552513312,34.291748275275));
#6310 = CARTESIAN_POINT('',(11.201552513312,49.880205543395));
#6311 = CARTESIAN_POINT('',(24.701552513312,42.085976909335));
#6312 = CARTESIAN_POINT('',(38.201552513312,34.291748275275));
#6313 = CARTESIAN_POINT('',(24.701552513312,26.497519641215));
#6314 = CARTESIAN_POINT('',(11.201552513312,18.703291007155));
#6315 = CARTESIAN_POINT('',(11.201552513312,34.291748275275));
#6316 = ( GEOMETRIC_REPRESENTATION_CONTEXT(2) 
PARAMETRIC_REPRESENTATION_CONTEXT() REPRESENTATION_CONTEXT('2D SPACE',''
  ) );
#6317 = ORIENTED_EDGE('',*,*,#6264,.F.);
#6318 = ORIENTED_EDGE('',*,*,#4068,.F.);
#6319 = ADVANCED_FACE('',(#6320),#4191,.F.);
#6320 = FACE_BOUND('',#6321,.F.);
#6321 = EDGE_LOOP('',(#6322,#6345,#6376,#6377));
#6322 = ORIENTED_EDGE('',*,*,#6323,.T.);
#6323 = EDGE_CURVE('',#4139,#6324,#6326,.T.);
#6324 = VERTEX_POINT('',#6325);
#6325 = CARTESIAN_POINT('',(0.937731558013,7.971025352048E-15,
    17.359683678191));
#6326 = SEAM_CURVE('',#6327,(#6331,#6338),.PCURVE_S1.);
#6327 = LINE('',#6328,#6329);
#6328 = CARTESIAN_POINT('',(10.587580091808,7.971025352048E-15,
    47.853205044983));
#6329 = VECTOR('',#6330,1.);
#6330 = DIRECTION('',(-0.301708891434,0.,-0.953400096932));
#6331 = PCURVE('',#4191,#6332);
#6332 = DEFINITIONAL_REPRESENTATION('',(#6333),#6337);
#6333 = LINE('',#6334,#6335);
#6334 = CARTESIAN_POINT('',(0.,0.));
#6335 = VECTOR('',#6336,1.);
#6336 = DIRECTION('',(0.,-1.));
#6337 = ( GEOMETRIC_REPRESENTATION_CONTEXT(2) 
PARAMETRIC_REPRESENTATION_CONTEXT() REPRESENTATION_CONTEXT('2D SPACE',''
  ) );
#6338 = PCURVE('',#4191,#6339);
#6339 = DEFINITIONAL_REPRESENTATION('',(#6340),#6344);
#6340 = LINE('',#6341,#6342);
#6341 = CARTESIAN_POINT('',(6.28318530718,0.));
#6342 = VECTOR('',#6343,1.);
#6343 = DIRECTION('',(0.,-1.));
#6344 = ( GEOMETRIC_REPRESENTATION_CONTEXT(2) 
PARAMETRIC_REPRESENTATION_CONTEXT() REPRESENTATION_CONTEXT('2D SPACE',''
  ) );
#6345 = ORIENTED_EDGE('',*,*,#6346,.T.);
#6346 = EDGE_CURVE('',#6324,#6324,#6347,.T.);
#6347 = SURFACE_CURVE('',#6348,(#6353,#6360),.PCURVE_S1.);
#6348 = CIRCLE('',#6349,4.5);
#6349 = AXIS2_PLACEMENT_3D('',#6350,#6351,#6352);
#6350 = CARTESIAN_POINT('',(-2.615706724109,7.971025352048E-15,
    20.120675596895));
#6351 = DIRECTION('',(0.613553759712,-0.,0.789652951583));
#6352 = DIRECTION('',(0.789652951583,0.,-0.613553759712));
#6353 = PCURVE('',#4191,#6354);
#6354 = DEFINITIONAL_REPRESENTATION('',(#6355),#6359);
#6355 = LINE('',#6356,#6357);
#6356 = CARTESIAN_POINT('',(0.,-31.98397133053));
#6357 = VECTOR('',#6358,1.);
#6358 = DIRECTION('',(1.,0.));
#6359 = ( GEOMETRIC_REPRESENTATION_CONTEXT(2) 
PARAMETRIC_REPRESENTATION_CONTEXT() REPRESENTATION_CONTEXT('2D SPACE',''
  ) );
#6360 = PCURVE('',#6361,#6366);
#6361 = PLANE('',#6362);
#6362 = AXIS2_PLACEMENT_3D('',#6363,#6364,#6365);
#6363 = CARTESIAN_POINT('',(-4.43068256603,0.708251724725,
    21.530896693852));
#6364 = DIRECTION('',(-0.613553759712,0.,-0.789652951583));
#6365 = DIRECTION('',(-0.789652951583,0.,0.613553759712));
#6366 = DEFINITIONAL_REPRESENTATION('',(#6367),#6375);
#6367 = ( BOUNDED_CURVE() B_SPLINE_CURVE(2,(#6368,#6369,#6370,#6371,
#6372,#6373,#6374),.UNSPECIFIED.,.T.,.F.) B_SPLINE_CURVE_WITH_KNOTS((1,2
    ,2,2,2,1),(-2.094395102393,0.,2.094395102393,4.188790204786,
6.28318530718,8.377580409573),.UNSPECIFIED.) CURVE() 
GEOMETRIC_REPRESENTATION_ITEM() RATIONAL_B_SPLINE_CURVE((1.,0.5,1.,0.5,
1.,0.5,1.)) REPRESENTATION_ITEM('') );
#6368 = CARTESIAN_POINT('',(-6.798447486688,-0.708251724725));
#6369 = CARTESIAN_POINT('',(-6.798447486688,7.085976909335));
#6370 = CARTESIAN_POINT('',(-4.844748668757E-02,3.188862592305));
#6371 = CARTESIAN_POINT('',(6.701552513312,-0.708251724725));
#6372 = CARTESIAN_POINT('',(-4.844748668757E-02,-4.605366041755));
#6373 = CARTESIAN_POINT('',(-6.798447486688,-8.502480358785));
#6374 = CARTESIAN_POINT('',(-6.798447486688,-0.708251724725));
#6375 = ( GEOMETRIC_REPRESENTATION_CONTEXT(2) 
PARAMETRIC_REPRESENTATION_CONTEXT() REPRESENTATION_CONTEXT('2D SPACE',''
  ) );
#6376 = ORIENTED_EDGE('',*,*,#6323,.F.);
#6377 = ORIENTED_EDGE('',*,*,#4160,.F.);
#6378 = ADVANCED_FACE('',(#6379),#4283,.F.);
#6379 = FACE_BOUND('',#6380,.F.);
#6380 = EDGE_LOOP('',(#6381,#6404,#6435,#6436));
#6381 = ORIENTED_EDGE('',*,*,#6382,.T.);
#6382 = EDGE_CURVE('',#4231,#6383,#6385,.T.);
#6383 = VERTEX_POINT('',#6384);
#6384 = CARTESIAN_POINT('',(0.937731558013,17.5,17.359683678191));
#6385 = SEAM_CURVE('',#6386,(#6390,#6397),.PCURVE_S1.);
#6386 = LINE('',#6387,#6388);
#6387 = CARTESIAN_POINT('',(10.587580091808,17.5,47.853205044983));
#6388 = VECTOR('',#6389,1.);
#6389 = DIRECTION('',(-0.301708891434,0.,-0.953400096932));
#6390 = PCURVE('',#4283,#6391);
#6391 = DEFINITIONAL_REPRESENTATION('',(#6392),#6396);
#6392 = LINE('',#6393,#6394);
#6393 = CARTESIAN_POINT('',(0.,0.));
#6394 = VECTOR('',#6395,1.);
#6395 = DIRECTION('',(0.,-1.));
#6396 = ( GEOMETRIC_REPRESENTATION_CONTEXT(2) 
PARAMETRIC_REPRESENTATION_CONTEXT() REPRESENTATION_CONTEXT('2D SPACE',''
  ) );
#6397 = PCURVE('',#4283,#6398);
#6398 = DEFINITIONAL_REPRESENTATION('',(#6399),#6403);
#6399 = LINE('',#6400,#6401);
#6400 = CARTESIAN_POINT('',(6.28318530718,0.));
#6401 = VECTOR('',#6402,1.);
#6402 = DIRECTION('',(0.,-1.));
#6403 = ( GEOMETRIC_REPRESENTATION_CONTEXT(2) 
PARAMETRIC_REPRESENTATION_CONTEXT() REPRESENTATION_CONTEXT('2D SPACE',''
  ) );
#6404 = ORIENTED_EDGE('',*,*,#6405,.T.);
#6405 = EDGE_CURVE('',#6383,#6383,#6406,.T.);
#6406 = SURFACE_CURVE('',#6407,(#6412,#6419),.PCURVE_S1.);
#6407 = CIRCLE('',#6408,4.5);
#6408 = AXIS2_PLACEMENT_3D('',#6409,#6410,#6411);
#6409 = CARTESIAN_POINT('',(-2.615706724109,17.5,20.120675596895));
#6410 = DIRECTION('',(0.613553759712,-0.,0.789652951583));
#6411 = DIRECTION('',(0.789652951583,0.,-0.613553759712));
#6412 = PCURVE('',#4283,#6413);
#6413 = DEFINITIONAL_REPRESENTATION('',(#6414),#6418);
#6414 = LINE('',#6415,#6416);
#6415 = CARTESIAN_POINT('',(0.,-31.98397133053));
#6416 = VECTOR('',#6417,1.);
#6417 = DIRECTION('',(1.,0.));
#6418 = ( GEOMETRIC_REPRESENTATION_CONTEXT(2) 
PARAMETRIC_REPRESENTATION_CONTEXT() REPRESENTATION_CONTEXT('2D SPACE',''
  ) );
#6419 = PCURVE('',#6420,#6425);
#6420 = PLANE('',#6421);
#6421 = AXIS2_PLACEMENT_3D('',#6422,#6423,#6424);
#6422 = CARTESIAN_POINT('',(-4.43068256603,0.708251724725,
    21.530896693852));
#6423 = DIRECTION('',(-0.613553759712,0.,-0.789652951583));
#6424 = DIRECTION('',(-0.789652951583,0.,0.613553759712));
#6425 = DEFINITIONAL_REPRESENTATION('',(#6426),#6434);
#6426 = ( BOUNDED_CURVE() B_SPLINE_CURVE(2,(#6427,#6428,#6429,#6430,
#6431,#6432,#6433),.UNSPECIFIED.,.T.,.F.) B_SPLINE_CURVE_WITH_KNOTS((1,2
    ,2,2,2,1),(-2.094395102393,0.,2.094395102393,4.188790204786,
6.28318530718,8.377580409573),.UNSPECIFIED.) CURVE() 
GEOMETRIC_REPRESENTATION_ITEM() RATIONAL_B_SPLINE_CURVE((1.,0.5,1.,0.5,
1.,0.5,1.)) REPRESENTATION_ITEM('') );
#6427 = CARTESIAN_POINT('',(-6.798447486688,16.791748275275));
#6428 = CARTESIAN_POINT('',(-6.798447486688,24.585976909335));
#6429 = CARTESIAN_POINT('',(-4.844748668757E-02,20.688862592305));
#6430 = CARTESIAN_POINT('',(6.701552513312,16.791748275275));
#6431 = CARTESIAN_POINT('',(-4.844748668757E-02,12.894633958245));
#6432 = CARTESIAN_POINT('',(-6.798447486688,8.997519641215));
#6433 = CARTESIAN_POINT('',(-6.798447486688,16.791748275275));
#6434 = ( GEOMETRIC_REPRESENTATION_CONTEXT(2) 
PARAMETRIC_REPRESENTATION_CONTEXT() REPRESENTATION_CONTEXT('2D SPACE',''
  ) );
#6435 = ORIENTED_EDGE('',*,*,#6382,.F.);
#6436 = ORIENTED_EDGE('',*,*,#4252,.F.);
#6437 = ADVANCED_FACE('',(#6438),#4375,.F.);
#6438 = FACE_BOUND('',#6439,.F.);
#6439 = EDGE_LOOP('',(#6440,#6463,#6494,#6495));
#6440 = ORIENTED_EDGE('',*,*,#6441,.T.);
#6441 = EDGE_CURVE('',#4323,#6442,#6444,.T.);
#6442 = VERTEX_POINT('',#6443);
#6443 = CARTESIAN_POINT('',(18.507509730729,1.099976398969E-14,
    3.708112524601));
#6444 = SEAM_CURVE('',#6445,(#6449,#6456),.PCURVE_S1.);
#6445 = LINE('',#6446,#6447);
#6446 = CARTESIAN_POINT('',(28.157358264525,1.099976398969E-14,
    34.201633891393));
#6447 = VECTOR('',#6448,1.);
#6448 = DIRECTION('',(-0.301708891434,0.,-0.953400096932));
#6449 = PCURVE('',#4375,#6450);
#6450 = DEFINITIONAL_REPRESENTATION('',(#6451),#6455);
#6451 = LINE('',#6452,#6453);
#6452 = CARTESIAN_POINT('',(0.,0.));
#6453 = VECTOR('',#6454,1.);
#6454 = DIRECTION('',(0.,-1.));
#6455 = ( GEOMETRIC_REPRESENTATION_CONTEXT(2) 
PARAMETRIC_REPRESENTATION_CONTEXT() REPRESENTATION_CONTEXT('2D SPACE',''
  ) );
#6456 = PCURVE('',#4375,#6457);
#6457 = DEFINITIONAL_REPRESENTATION('',(#6458),#6462);
#6458 = LINE('',#6459,#6460);
#6459 = CARTESIAN_POINT('',(6.28318530718,0.));
#6460 = VECTOR('',#6461,1.);
#6461 = DIRECTION('',(0.,-1.));
#6462 = ( GEOMETRIC_REPRESENTATION_CONTEXT(2) 
PARAMETRIC_REPRESENTATION_CONTEXT() REPRESENTATION_CONTEXT('2D SPACE',''
  ) );
#6463 = ORIENTED_EDGE('',*,*,#6464,.T.);
#6464 = EDGE_CURVE('',#6442,#6442,#6465,.T.);
#6465 = SURFACE_CURVE('',#6466,(#6471,#6478),.PCURVE_S1.);
#6466 = CIRCLE('',#6467,4.25);
#6467 = AXIS2_PLACEMENT_3D('',#6468,#6469,#6470);
#6468 = CARTESIAN_POINT('',(15.151484686503,1.099976398969E-14,
    6.315716003376));
#6469 = DIRECTION('',(0.613553759712,-0.,0.789652951583));
#6470 = DIRECTION('',(0.789652951583,0.,-0.613553759712));
#6471 = PCURVE('',#4375,#6472);
#6472 = DEFINITIONAL_REPRESENTATION('',(#6473),#6477);
#6473 = LINE('',#6474,#6475);
#6474 = CARTESIAN_POINT('',(0.,-31.98397133053));
#6475 = VECTOR('',#6476,1.);
#6476 = DIRECTION('',(1.,0.));
#6477 = ( GEOMETRIC_REPRESENTATION_CONTEXT(2) 
PARAMETRIC_REPRESENTATION_CONTEXT() REPRESENTATION_CONTEXT('2D SPACE',''
  ) );
#6478 = PCURVE('',#6479,#6484);
#6479 = PLANE('',#6480);
#6480 = AXIS2_PLACEMENT_3D('',#6481,#6482,#6483);
#6481 = CARTESIAN_POINT('',(-4.43068256603,0.708251724725,
    21.530896693852));
#6482 = DIRECTION('',(-0.613553759712,0.,-0.789652951583));
#6483 = DIRECTION('',(-0.789652951583,0.,0.613553759712));
#6484 = DEFINITIONAL_REPRESENTATION('',(#6485),#6493);
#6485 = ( BOUNDED_CURVE() B_SPLINE_CURVE(2,(#6486,#6487,#6488,#6489,
#6490,#6491,#6492),.UNSPECIFIED.,.T.,.F.) B_SPLINE_CURVE_WITH_KNOTS((1,2
    ,2,2,2,1),(-2.094395102393,0.,2.094395102393,4.188790204786,
6.28318530718,8.377580409573),.UNSPECIFIED.) CURVE() 
GEOMETRIC_REPRESENTATION_ITEM() RATIONAL_B_SPLINE_CURVE((1.,0.5,1.,0.5,
1.,0.5,1.)) REPRESENTATION_ITEM('') );
#6486 = CARTESIAN_POINT('',(-29.04844748668,-0.708251724725));
#6487 = CARTESIAN_POINT('',(-29.04844748668,6.652964207443));
#6488 = CARTESIAN_POINT('',(-22.67344748668,2.972356241359));
#6489 = CARTESIAN_POINT('',(-16.29844748668,-0.708251724725));
#6490 = CARTESIAN_POINT('',(-22.67344748668,-4.388859690809));
#6491 = CARTESIAN_POINT('',(-29.04844748668,-8.069467656893));
#6492 = CARTESIAN_POINT('',(-29.04844748668,-0.708251724725));
#6493 = ( GEOMETRIC_REPRESENTATION_CONTEXT(2) 
PARAMETRIC_REPRESENTATION_CONTEXT() REPRESENTATION_CONTEXT('2D SPACE',''
  ) );
#6494 = ORIENTED_EDGE('',*,*,#6441,.F.);
#6495 = ORIENTED_EDGE('',*,*,#4344,.F.);
#6496 = ADVANCED_FACE('',(#6497),#4473,.F.);
#6497 = FACE_BOUND('',#6498,.F.);
#6498 = EDGE_LOOP('',(#6499,#6522,#6550,#6571));
#6499 = ORIENTED_EDGE('',*,*,#6500,.T.);
#6500 = EDGE_CURVE('',#4415,#6501,#6503,.T.);
#6501 = VERTEX_POINT('',#6502);
#6502 = CARTESIAN_POINT('',(-7.353624433606,31.5,23.801998155166));
#6503 = SURFACE_CURVE('',#6504,(#6508,#6515),.PCURVE_S1.);
#6504 = LINE('',#6505,#6506);
#6505 = CARTESIAN_POINT('',(2.296224100189,31.5,54.295519521958));
#6506 = VECTOR('',#6507,1.);
#6507 = DIRECTION('',(-0.301708891434,0.,-0.953400096932));
#6508 = PCURVE('',#4473,#6509);
#6509 = DEFINITIONAL_REPRESENTATION('',(#6510),#6514);
#6510 = LINE('',#6511,#6512);
#6511 = CARTESIAN_POINT('',(0.,0.));
#6512 = VECTOR('',#6513,1.);
#6513 = DIRECTION('',(0.346716897343,-0.937969825259));
#6514 = ( GEOMETRIC_REPRESENTATION_CONTEXT(2) 
PARAMETRIC_REPRESENTATION_CONTEXT() REPRESENTATION_CONTEXT('2D SPACE',''
  ) );
#6515 = PCURVE('',#4547,#6516);
#6516 = DEFINITIONAL_REPRESENTATION('',(#6517),#6521);
#6517 = LINE('',#6518,#6519);
#6518 = CARTESIAN_POINT('',(4.712388980385,0.));
#6519 = VECTOR('',#6520,1.);
#6520 = DIRECTION('',(0.,-1.));
#6521 = ( GEOMETRIC_REPRESENTATION_CONTEXT(2) 
PARAMETRIC_REPRESENTATION_CONTEXT() REPRESENTATION_CONTEXT('2D SPACE',''
  ) );
#6522 = ORIENTED_EDGE('',*,*,#6523,.T.);
#6523 = EDGE_CURVE('',#6501,#6524,#6526,.T.);
#6524 = VERTEX_POINT('',#6525);
#6525 = CARTESIAN_POINT('',(2.122210985387,31.5,16.439353038623));
#6526 = SURFACE_CURVE('',#6527,(#6531,#6538),.PCURVE_S1.);
#6527 = LINE('',#6528,#6529);
#6528 = CARTESIAN_POINT('',(-7.353624433606,31.5,23.801998155166));
#6529 = VECTOR('',#6530,1.);
#6530 = DIRECTION('',(0.789652951583,5.921189464667E-16,-0.613553759712)
  );
#6531 = PCURVE('',#4473,#6532);
#6532 = DEFINITIONAL_REPRESENTATION('',(#6533),#6537);
#6533 = LINE('',#6534,#6535);
#6534 = CARTESIAN_POINT('',(11.089383304414,-30.));
#6535 = VECTOR('',#6536,1.);
#6536 = DIRECTION('',(1.,0.));
#6537 = ( GEOMETRIC_REPRESENTATION_CONTEXT(2) 
PARAMETRIC_REPRESENTATION_CONTEXT() REPRESENTATION_CONTEXT('2D SPACE',''
  ) );
#6538 = PCURVE('',#6539,#6544);
#6539 = PLANE('',#6540);
#6540 = AXIS2_PLACEMENT_3D('',#6541,#6542,#6543);
#6541 = CARTESIAN_POINT('',(-4.43068256603,0.708251724725,
    21.530896693852));
#6542 = DIRECTION('',(-0.613553759712,0.,-0.789652951583));
#6543 = DIRECTION('',(-0.789652951583,0.,0.613553759712));
#6544 = DEFINITIONAL_REPRESENTATION('',(#6545),#6549);
#6545 = LINE('',#6546,#6547);
#6546 = CARTESIAN_POINT('',(3.701552513312,30.791748275275));
#6547 = VECTOR('',#6548,1.);
#6548 = DIRECTION('',(-1.,5.921189464667E-16));
#6549 = ( GEOMETRIC_REPRESENTATION_CONTEXT(2) 
PARAMETRIC_REPRESENTATION_CONTEXT() REPRESENTATION_CONTEXT('2D SPACE',''
  ) );
#6550 = ORIENTED_EDGE('',*,*,#6551,.F.);
#6551 = EDGE_CURVE('',#4438,#6524,#6552,.T.);
#6552 = SURFACE_CURVE('',#6553,(#6557,#6564),.PCURVE_S1.);
#6553 = LINE('',#6554,#6555);
#6554 = CARTESIAN_POINT('',(11.772059519182,31.5,46.932874405415));
#6555 = VECTOR('',#6556,1.);
#6556 = DIRECTION('',(-0.301708891434,0.,-0.953400096932));
#6557 = PCURVE('',#4473,#6558);
#6558 = DEFINITIONAL_REPRESENTATION('',(#6559),#6563);
#6559 = LINE('',#6560,#6561);
#6560 = CARTESIAN_POINT('',(12.,6.217248937901E-15));
#6561 = VECTOR('',#6562,1.);
#6562 = DIRECTION('',(0.346716897343,-0.937969825259));
#6563 = ( GEOMETRIC_REPRESENTATION_CONTEXT(2) 
PARAMETRIC_REPRESENTATION_CONTEXT() REPRESENTATION_CONTEXT('2D SPACE',''
  ) );
#6564 = PCURVE('',#4652,#6565);
#6565 = DEFINITIONAL_REPRESENTATION('',(#6566),#6570);
#6566 = LINE('',#6567,#6568);
#6567 = CARTESIAN_POINT('',(4.712388980385,0.));
#6568 = VECTOR('',#6569,1.);
#6569 = DIRECTION('',(0.,-1.));
#6570 = ( GEOMETRIC_REPRESENTATION_CONTEXT(2) 
PARAMETRIC_REPRESENTATION_CONTEXT() REPRESENTATION_CONTEXT('2D SPACE',''
  ) );
#6571 = ORIENTED_EDGE('',*,*,#4459,.F.);
#6572 = ADVANCED_FACE('',(#6573),#4547,.F.);
#6573 = FACE_BOUND('',#6574,.F.);
#6574 = EDGE_LOOP('',(#6575,#6598,#6624,#6625));
#6575 = ORIENTED_EDGE('',*,*,#6576,.T.);
#6576 = EDGE_CURVE('',#4489,#6577,#6579,.T.);
#6577 = VERTEX_POINT('',#6578);
#6578 = CARTESIAN_POINT('',(-7.353624433606,38.5,23.801998155166));
#6579 = SURFACE_CURVE('',#6580,(#6584,#6591),.PCURVE_S1.);
#6580 = LINE('',#6581,#6582);
#6581 = CARTESIAN_POINT('',(2.296224100189,38.5,54.295519521958));
#6582 = VECTOR('',#6583,1.);
#6583 = DIRECTION('',(-0.301708891434,0.,-0.953400096932));
#6584 = PCURVE('',#4547,#6585);
#6585 = DEFINITIONAL_REPRESENTATION('',(#6586),#6590);
#6586 = LINE('',#6587,#6588);
#6587 = CARTESIAN_POINT('',(1.570796326795,0.));
#6588 = VECTOR('',#6589,1.);
#6589 = DIRECTION('',(0.,-1.));
#6590 = ( GEOMETRIC_REPRESENTATION_CONTEXT(2) 
PARAMETRIC_REPRESENTATION_CONTEXT() REPRESENTATION_CONTEXT('2D SPACE',''
  ) );
#6591 = PCURVE('',#4716,#6592);
#6592 = DEFINITIONAL_REPRESENTATION('',(#6593),#6597);
#6593 = LINE('',#6594,#6595);
#6594 = CARTESIAN_POINT('',(0.,0.));
#6595 = VECTOR('',#6596,1.);
#6596 = DIRECTION('',(0.346716897343,-0.937969825259));
#6597 = ( GEOMETRIC_REPRESENTATION_CONTEXT(2) 
PARAMETRIC_REPRESENTATION_CONTEXT() REPRESENTATION_CONTEXT('2D SPACE',''
  ) );
#6598 = ORIENTED_EDGE('',*,*,#6599,.T.);
#6599 = EDGE_CURVE('',#6577,#6501,#6600,.T.);
#6600 = SURFACE_CURVE('',#6601,(#6606,#6613),.PCURVE_S1.);
#6601 = CIRCLE('',#6602,3.5);
#6602 = AXIS2_PLACEMENT_3D('',#6603,#6604,#6605);
#6603 = CARTESIAN_POINT('',(-7.353624433606,35.,23.801998155166));
#6604 = DIRECTION('',(0.613553759712,-0.,0.789652951583));
#6605 = DIRECTION('',(0.789652951583,0.,-0.613553759712));
#6606 = PCURVE('',#4547,#6607);
#6607 = DEFINITIONAL_REPRESENTATION('',(#6608),#6612);
#6608 = LINE('',#6609,#6610);
#6609 = CARTESIAN_POINT('',(0.,-31.98397133053));
#6610 = VECTOR('',#6611,1.);
#6611 = DIRECTION('',(1.,0.));
#6612 = ( GEOMETRIC_REPRESENTATION_CONTEXT(2) 
PARAMETRIC_REPRESENTATION_CONTEXT() REPRESENTATION_CONTEXT('2D SPACE',''
  ) );
#6613 = PCURVE('',#6539,#6614);
#6614 = DEFINITIONAL_REPRESENTATION('',(#6615),#6623);
#6615 = ( BOUNDED_CURVE() B_SPLINE_CURVE(2,(#6616,#6617,#6618,#6619,
#6620,#6621,#6622),.UNSPECIFIED.,.T.,.F.) B_SPLINE_CURVE_WITH_KNOTS((1,2
    ,2,2,2,1),(-2.094395102393,0.,2.094395102393,4.188790204786,
6.28318530718,8.377580409573),.UNSPECIFIED.) CURVE() 
GEOMETRIC_REPRESENTATION_ITEM() RATIONAL_B_SPLINE_CURVE((1.,0.5,1.,0.5,
1.,0.5,1.)) REPRESENTATION_ITEM('') );
#6616 = CARTESIAN_POINT('',(0.201552513312,34.291748275275));
#6617 = CARTESIAN_POINT('',(0.201552513312,40.353926101766));
#6618 = CARTESIAN_POINT('',(5.451552513312,37.32283718852));
#6619 = CARTESIAN_POINT('',(10.701552513312,34.291748275275));
#6620 = CARTESIAN_POINT('',(5.451552513312,31.260659362029));
#6621 = CARTESIAN_POINT('',(0.201552513312,28.229570448784));
#6622 = CARTESIAN_POINT('',(0.201552513312,34.291748275275));
#6623 = ( GEOMETRIC_REPRESENTATION_CONTEXT(2) 
PARAMETRIC_REPRESENTATION_CONTEXT() REPRESENTATION_CONTEXT('2D SPACE',''
  ) );
#6624 = ORIENTED_EDGE('',*,*,#6500,.F.);
#6625 = ORIENTED_EDGE('',*,*,#4510,.F.);
#6626 = ADVANCED_FACE('',(#6627),#4652,.F.);
#6627 = FACE_BOUND('',#6628,.F.);
#6628 = EDGE_LOOP('',(#6629,#6630,#6658,#6679));
#6629 = ORIENTED_EDGE('',*,*,#6551,.T.);
#6630 = ORIENTED_EDGE('',*,*,#6631,.T.);
#6631 = EDGE_CURVE('',#6524,#6632,#6634,.T.);
#6632 = VERTEX_POINT('',#6633);
#6633 = CARTESIAN_POINT('',(2.122210985387,38.5,16.439353038623));
#6634 = SURFACE_CURVE('',#6635,(#6640,#6647),.PCURVE_S1.);
#6635 = CIRCLE('',#6636,3.5);
#6636 = AXIS2_PLACEMENT_3D('',#6637,#6638,#6639);
#6637 = CARTESIAN_POINT('',(2.122210985387,35.,16.439353038623));
#6638 = DIRECTION('',(0.613553759712,-0.,0.789652951583));
#6639 = DIRECTION('',(0.789652951583,0.,-0.613553759712));
#6640 = PCURVE('',#4652,#6641);
#6641 = DEFINITIONAL_REPRESENTATION('',(#6642),#6646);
#6642 = LINE('',#6643,#6644);
#6643 = CARTESIAN_POINT('',(0.,-31.98397133053));
#6644 = VECTOR('',#6645,1.);
#6645 = DIRECTION('',(1.,0.));
#6646 = ( GEOMETRIC_REPRESENTATION_CONTEXT(2) 
PARAMETRIC_REPRESENTATION_CONTEXT() REPRESENTATION_CONTEXT('2D SPACE',''
  ) );
#6647 = PCURVE('',#6539,#6648);
#6648 = DEFINITIONAL_REPRESENTATION('',(#6649),#6657);
#6649 = ( BOUNDED_CURVE() B_SPLINE_CURVE(2,(#6650,#6651,#6652,#6653,
#6654,#6655,#6656),.UNSPECIFIED.,.T.,.F.) B_SPLINE_CURVE_WITH_KNOTS((1,2
    ,2,2,2,1),(-2.094395102393,0.,2.094395102393,4.188790204786,
6.28318530718,8.377580409573),.UNSPECIFIED.) CURVE() 
GEOMETRIC_REPRESENTATION_ITEM() RATIONAL_B_SPLINE_CURVE((1.,0.5,1.,0.5,
1.,0.5,1.)) REPRESENTATION_ITEM('') );
#6650 = CARTESIAN_POINT('',(-11.79844748668,34.291748275275));
#6651 = CARTESIAN_POINT('',(-11.79844748668,40.353926101766));
#6652 = CARTESIAN_POINT('',(-6.548447486688,37.32283718852));
#6653 = CARTESIAN_POINT('',(-1.298447486688,34.291748275275));
#6654 = CARTESIAN_POINT('',(-6.548447486688,31.260659362029));
#6655 = CARTESIAN_POINT('',(-11.79844748668,28.229570448784));
#6656 = CARTESIAN_POINT('',(-11.79844748668,34.291748275275));
#6657 = ( GEOMETRIC_REPRESENTATION_CONTEXT(2) 
PARAMETRIC_REPRESENTATION_CONTEXT() REPRESENTATION_CONTEXT('2D SPACE',''
  ) );
#6658 = ORIENTED_EDGE('',*,*,#6659,.F.);
#6659 = EDGE_CURVE('',#4628,#6632,#6660,.T.);
#6660 = SURFACE_CURVE('',#6661,(#6665,#6672),.PCURVE_S1.);
#6661 = LINE('',#6662,#6663);
#6662 = CARTESIAN_POINT('',(11.772059519182,38.5,46.932874405415));
#6663 = VECTOR('',#6664,1.);
#6664 = DIRECTION('',(-0.301708891434,0.,-0.953400096932));
#6665 = PCURVE('',#4652,#6666);
#6666 = DEFINITIONAL_REPRESENTATION('',(#6667),#6671);
#6667 = LINE('',#6668,#6669);
#6668 = CARTESIAN_POINT('',(7.853981633974,0.));
#6669 = VECTOR('',#6670,1.);
#6670 = DIRECTION('',(0.,-1.));
#6671 = ( GEOMETRIC_REPRESENTATION_CONTEXT(2) 
PARAMETRIC_REPRESENTATION_CONTEXT() REPRESENTATION_CONTEXT('2D SPACE',''
  ) );
#6672 = PCURVE('',#4716,#6673);
#6673 = DEFINITIONAL_REPRESENTATION('',(#6674),#6678);
#6674 = LINE('',#6675,#6676);
#6675 = CARTESIAN_POINT('',(12.,-8.881784197001E-16));
#6676 = VECTOR('',#6677,1.);
#6677 = DIRECTION('',(0.346716897343,-0.937969825259));
#6678 = ( GEOMETRIC_REPRESENTATION_CONTEXT(2) 
PARAMETRIC_REPRESENTATION_CONTEXT() REPRESENTATION_CONTEXT('2D SPACE',''
  ) );
#6679 = ORIENTED_EDGE('',*,*,#4627,.F.);
#6680 = ADVANCED_FACE('',(#6681),#4716,.T.);
#6681 = FACE_BOUND('',#6682,.T.);
#6682 = EDGE_LOOP('',(#6683,#6684,#6705,#6706));
#6683 = ORIENTED_EDGE('',*,*,#6576,.T.);
#6684 = ORIENTED_EDGE('',*,*,#6685,.T.);
#6685 = EDGE_CURVE('',#6577,#6632,#6686,.T.);
#6686 = SURFACE_CURVE('',#6687,(#6691,#6698),.PCURVE_S1.);
#6687 = LINE('',#6688,#6689);
#6688 = CARTESIAN_POINT('',(-7.353624433606,38.5,23.801998155166));
#6689 = VECTOR('',#6690,1.);
#6690 = DIRECTION('',(0.789652951583,5.921189464667E-16,-0.613553759712)
  );
#6691 = PCURVE('',#4716,#6692);
#6692 = DEFINITIONAL_REPRESENTATION('',(#6693),#6697);
#6693 = LINE('',#6694,#6695);
#6694 = CARTESIAN_POINT('',(11.089383304414,-30.));
#6695 = VECTOR('',#6696,1.);
#6696 = DIRECTION('',(1.,0.));
#6697 = ( GEOMETRIC_REPRESENTATION_CONTEXT(2) 
PARAMETRIC_REPRESENTATION_CONTEXT() REPRESENTATION_CONTEXT('2D SPACE',''
  ) );
#6698 = PCURVE('',#6539,#6699);
#6699 = DEFINITIONAL_REPRESENTATION('',(#6700),#6704);
#6700 = LINE('',#6701,#6702);
#6701 = CARTESIAN_POINT('',(3.701552513312,37.791748275275));
#6702 = VECTOR('',#6703,1.);
#6703 = DIRECTION('',(-1.,5.921189464667E-16));
#6704 = ( GEOMETRIC_REPRESENTATION_CONTEXT(2) 
PARAMETRIC_REPRESENTATION_CONTEXT() REPRESENTATION_CONTEXT('2D SPACE',''
  ) );
#6705 = ORIENTED_EDGE('',*,*,#6659,.F.);
#6706 = ORIENTED_EDGE('',*,*,#4702,.T.);
#6707 = ADVANCED_FACE('',(#6708),#4790,.F.);
#6708 = FACE_BOUND('',#6709,.F.);
#6709 = EDGE_LOOP('',(#6710,#6733,#6761,#6782));
#6710 = ORIENTED_EDGE('',*,*,#6711,.T.);
#6711 = EDGE_CURVE('',#4732,#6712,#6714,.T.);
#6712 = VERTEX_POINT('',#6713);
#6713 = CARTESIAN_POINT('',(19.889402395999,17.5,2.634393445105));
#6714 = SURFACE_CURVE('',#6715,(#6719,#6726),.PCURVE_S1.);
#6715 = LINE('',#6716,#6717);
#6716 = CARTESIAN_POINT('',(29.539250929794,17.5,33.127914811897));
#6717 = VECTOR('',#6718,1.);
#6718 = DIRECTION('',(-0.301708891434,0.,-0.953400096932));
#6719 = PCURVE('',#4790,#6720);
#6720 = DEFINITIONAL_REPRESENTATION('',(#6721),#6725);
#6721 = LINE('',#6722,#6723);
#6722 = CARTESIAN_POINT('',(0.,0.));
#6723 = VECTOR('',#6724,1.);
#6724 = DIRECTION('',(0.,-1.));
#6725 = ( GEOMETRIC_REPRESENTATION_CONTEXT(2) 
PARAMETRIC_REPRESENTATION_CONTEXT() REPRESENTATION_CONTEXT('2D SPACE',''
  ) );
#6726 = PCURVE('',#4849,#6727);
#6727 = DEFINITIONAL_REPRESENTATION('',(#6728),#6732);
#6728 = LINE('',#6729,#6730);
#6729 = CARTESIAN_POINT('',(6.28318530718,0.));
#6730 = VECTOR('',#6731,1.);
#6731 = DIRECTION('',(0.,-1.));
#6732 = ( GEOMETRIC_REPRESENTATION_CONTEXT(2) 
PARAMETRIC_REPRESENTATION_CONTEXT() REPRESENTATION_CONTEXT('2D SPACE',''
  ) );
#6733 = ORIENTED_EDGE('',*,*,#6734,.T.);
#6734 = EDGE_CURVE('',#6712,#6735,#6737,.T.);
#6735 = VERTEX_POINT('',#6736);
#6736 = CARTESIAN_POINT('',(19.889402395999,35.,2.634393445105));
#6737 = SURFACE_CURVE('',#6738,(#6742,#6749),.PCURVE_S1.);
#6738 = LINE('',#6739,#6740);
#6739 = CARTESIAN_POINT('',(19.889402395999,17.5,2.634393445105));
#6740 = VECTOR('',#6741,1.);
#6741 = DIRECTION('',(0.,1.,0.));
#6742 = PCURVE('',#4790,#6743);
#6743 = DEFINITIONAL_REPRESENTATION('',(#6744),#6748);
#6744 = LINE('',#6745,#6746);
#6745 = CARTESIAN_POINT('',(0.,-31.98397133053));
#6746 = VECTOR('',#6747,1.);
#6747 = DIRECTION('',(1.,0.));
#6748 = ( GEOMETRIC_REPRESENTATION_CONTEXT(2) 
PARAMETRIC_REPRESENTATION_CONTEXT() REPRESENTATION_CONTEXT('2D SPACE',''
  ) );
#6749 = PCURVE('',#6750,#6755);
#6750 = PLANE('',#6751);
#6751 = AXIS2_PLACEMENT_3D('',#6752,#6753,#6754);
#6752 = CARTESIAN_POINT('',(-4.43068256603,0.708251724725,
    21.530896693852));
#6753 = DIRECTION('',(-0.613553759712,0.,-0.789652951583));
#6754 = DIRECTION('',(-0.789652951583,0.,0.613553759712));
#6755 = DEFINITIONAL_REPRESENTATION('',(#6756),#6760);
#6756 = LINE('',#6757,#6758);
#6757 = CARTESIAN_POINT('',(-30.79844748668,16.791748275275));
#6758 = VECTOR('',#6759,1.);
#6759 = DIRECTION('',(0.,1.));
#6760 = ( GEOMETRIC_REPRESENTATION_CONTEXT(2) 
PARAMETRIC_REPRESENTATION_CONTEXT() REPRESENTATION_CONTEXT('2D SPACE',''
  ) );
#6761 = ORIENTED_EDGE('',*,*,#6762,.F.);
#6762 = EDGE_CURVE('',#4755,#6735,#6763,.T.);
#6763 = SURFACE_CURVE('',#6764,(#6768,#6775),.PCURVE_S1.);
#6764 = LINE('',#6765,#6766);
#6765 = CARTESIAN_POINT('',(29.539250929794,35.,33.127914811897));
#6766 = VECTOR('',#6767,1.);
#6767 = DIRECTION('',(-0.301708891434,0.,-0.953400096932));
#6768 = PCURVE('',#4790,#6769);
#6769 = DEFINITIONAL_REPRESENTATION('',(#6770),#6774);
#6770 = LINE('',#6771,#6772);
#6771 = CARTESIAN_POINT('',(17.5,0.));
#6772 = VECTOR('',#6773,1.);
#6773 = DIRECTION('',(0.,-1.));
#6774 = ( GEOMETRIC_REPRESENTATION_CONTEXT(2) 
PARAMETRIC_REPRESENTATION_CONTEXT() REPRESENTATION_CONTEXT('2D SPACE',''
  ) );
#6775 = PCURVE('',#4902,#6776);
#6776 = DEFINITIONAL_REPRESENTATION('',(#6777),#6781);
#6777 = LINE('',#6778,#6779);
#6778 = CARTESIAN_POINT('',(5.046360532393E-16,0.));
#6779 = VECTOR('',#6780,1.);
#6780 = DIRECTION('',(0.,-1.));
#6781 = ( GEOMETRIC_REPRESENTATION_CONTEXT(2) 
PARAMETRIC_REPRESENTATION_CONTEXT() REPRESENTATION_CONTEXT('2D SPACE',''
  ) );
#6782 = ORIENTED_EDGE('',*,*,#4776,.F.);
#6783 = ADVANCED_FACE('',(#6784),#4849,.F.);
#6784 = FACE_BOUND('',#6785,.F.);
#6785 = EDGE_LOOP('',(#6786,#6809,#6835,#6836));
#6786 = ORIENTED_EDGE('',*,*,#6787,.T.);
#6787 = EDGE_CURVE('',#4806,#6788,#6790,.T.);
#6788 = VERTEX_POINT('',#6789);
#6789 = CARTESIAN_POINT('',(10.413566977006,17.5,9.997038561648));
#6790 = SURFACE_CURVE('',#6791,(#6795,#6802),.PCURVE_S1.);
#6791 = LINE('',#6792,#6793);
#6792 = CARTESIAN_POINT('',(20.063415510801,17.5,40.49055992844));
#6793 = VECTOR('',#6794,1.);
#6794 = DIRECTION('',(-0.301708891434,0.,-0.953400096932));
#6795 = PCURVE('',#4849,#6796);
#6796 = DEFINITIONAL_REPRESENTATION('',(#6797),#6801);
#6797 = LINE('',#6798,#6799);
#6798 = CARTESIAN_POINT('',(3.14159265359,0.));
#6799 = VECTOR('',#6800,1.);
#6800 = DIRECTION('',(0.,-1.));
#6801 = ( GEOMETRIC_REPRESENTATION_CONTEXT(2) 
PARAMETRIC_REPRESENTATION_CONTEXT() REPRESENTATION_CONTEXT('2D SPACE',''
  ) );
#6802 = PCURVE('',#4965,#6803);
#6803 = DEFINITIONAL_REPRESENTATION('',(#6804),#6808);
#6804 = LINE('',#6805,#6806);
#6805 = CARTESIAN_POINT('',(0.,0.));
#6806 = VECTOR('',#6807,1.);
#6807 = DIRECTION('',(0.,-1.));
#6808 = ( GEOMETRIC_REPRESENTATION_CONTEXT(2) 
PARAMETRIC_REPRESENTATION_CONTEXT() REPRESENTATION_CONTEXT('2D SPACE',''
  ) );
#6809 = ORIENTED_EDGE('',*,*,#6810,.T.);
#6810 = EDGE_CURVE('',#6788,#6712,#6811,.T.);
#6811 = SURFACE_CURVE('',#6812,(#6817,#6824),.PCURVE_S1.);
#6812 = CIRCLE('',#6813,6.);
#6813 = AXIS2_PLACEMENT_3D('',#6814,#6815,#6816);
#6814 = CARTESIAN_POINT('',(15.151484686503,17.5,6.315716003376));
#6815 = DIRECTION('',(0.613553759712,-0.,0.789652951583));
#6816 = DIRECTION('',(0.789652951583,0.,-0.613553759712));
#6817 = PCURVE('',#4849,#6818);
#6818 = DEFINITIONAL_REPRESENTATION('',(#6819),#6823);
#6819 = LINE('',#6820,#6821);
#6820 = CARTESIAN_POINT('',(0.,-31.98397133053));
#6821 = VECTOR('',#6822,1.);
#6822 = DIRECTION('',(1.,0.));
#6823 = ( GEOMETRIC_REPRESENTATION_CONTEXT(2) 
PARAMETRIC_REPRESENTATION_CONTEXT() REPRESENTATION_CONTEXT('2D SPACE',''
  ) );
#6824 = PCURVE('',#6750,#6825);
#6825 = DEFINITIONAL_REPRESENTATION('',(#6826),#6834);
#6826 = ( BOUNDED_CURVE() B_SPLINE_CURVE(2,(#6827,#6828,#6829,#6830,
#6831,#6832,#6833),.UNSPECIFIED.,.T.,.F.) B_SPLINE_CURVE_WITH_KNOTS((1,2
    ,2,2,2,1),(-2.094395102393,0.,2.094395102393,4.188790204786,
6.28318530718,8.377580409573),.UNSPECIFIED.) CURVE() 
GEOMETRIC_REPRESENTATION_ITEM() RATIONAL_B_SPLINE_CURVE((1.,0.5,1.,0.5,
1.,0.5,1.)) REPRESENTATION_ITEM('') );
#6827 = CARTESIAN_POINT('',(-30.79844748668,16.791748275275));
#6828 = CARTESIAN_POINT('',(-30.79844748668,27.184053120688));
#6829 = CARTESIAN_POINT('',(-21.79844748668,21.987900697981));
#6830 = CARTESIAN_POINT('',(-12.79844748668,16.791748275275));
#6831 = CARTESIAN_POINT('',(-21.79844748668,11.595595852568));
#6832 = CARTESIAN_POINT('',(-30.79844748668,6.399443429862));
#6833 = CARTESIAN_POINT('',(-30.79844748668,16.791748275275));
#6834 = ( GEOMETRIC_REPRESENTATION_CONTEXT(2) 
PARAMETRIC_REPRESENTATION_CONTEXT() REPRESENTATION_CONTEXT('2D SPACE',''
  ) );
#6835 = ORIENTED_EDGE('',*,*,#6711,.F.);
#6836 = ORIENTED_EDGE('',*,*,#4827,.F.);
#6837 = ADVANCED_FACE('',(#6838),#4902,.F.);
#6838 = FACE_BOUND('',#6839,.F.);
#6839 = EDGE_LOOP('',(#6840,#6841,#6869,#6890));
#6840 = ORIENTED_EDGE('',*,*,#6762,.T.);
#6841 = ORIENTED_EDGE('',*,*,#6842,.T.);
#6842 = EDGE_CURVE('',#6735,#6843,#6845,.T.);
#6843 = VERTEX_POINT('',#6844);
#6844 = CARTESIAN_POINT('',(10.413566977006,35.,9.997038561648));
#6845 = SURFACE_CURVE('',#6846,(#6851,#6858),.PCURVE_S1.);
#6846 = CIRCLE('',#6847,6.);
#6847 = AXIS2_PLACEMENT_3D('',#6848,#6849,#6850);
#6848 = CARTESIAN_POINT('',(15.151484686503,35.,6.315716003376));
#6849 = DIRECTION('',(0.613553759712,-0.,0.789652951583));
#6850 = DIRECTION('',(0.789652951583,0.,-0.613553759712));
#6851 = PCURVE('',#4902,#6852);
#6852 = DEFINITIONAL_REPRESENTATION('',(#6853),#6857);
#6853 = LINE('',#6854,#6855);
#6854 = CARTESIAN_POINT('',(0.,-31.98397133053));
#6855 = VECTOR('',#6856,1.);
#6856 = DIRECTION('',(1.,0.));
#6857 = ( GEOMETRIC_REPRESENTATION_CONTEXT(2) 
PARAMETRIC_REPRESENTATION_CONTEXT() REPRESENTATION_CONTEXT('2D SPACE',''
  ) );
#6858 = PCURVE('',#6750,#6859);
#6859 = DEFINITIONAL_REPRESENTATION('',(#6860),#6868);
#6860 = ( BOUNDED_CURVE() B_SPLINE_CURVE(2,(#6861,#6862,#6863,#6864,
#6865,#6866,#6867),.UNSPECIFIED.,.T.,.F.) B_SPLINE_CURVE_WITH_KNOTS((1,2
    ,2,2,2,1),(-2.094395102393,0.,2.094395102393,4.188790204786,
6.28318530718,8.377580409573),.UNSPECIFIED.) CURVE() 
GEOMETRIC_REPRESENTATION_ITEM() RATIONAL_B_SPLINE_CURVE((1.,0.5,1.,0.5,
1.,0.5,1.)) REPRESENTATION_ITEM('') );
#6861 = CARTESIAN_POINT('',(-30.79844748668,34.291748275275));
#6862 = CARTESIAN_POINT('',(-30.79844748668,44.684053120688));
#6863 = CARTESIAN_POINT('',(-21.79844748668,39.487900697981));
#6864 = CARTESIAN_POINT('',(-12.79844748668,34.291748275275));
#6865 = CARTESIAN_POINT('',(-21.79844748668,29.095595852568));
#6866 = CARTESIAN_POINT('',(-30.79844748668,23.899443429862));
#6867 = CARTESIAN_POINT('',(-30.79844748668,34.291748275275));
#6868 = ( GEOMETRIC_REPRESENTATION_CONTEXT(2) 
PARAMETRIC_REPRESENTATION_CONTEXT() REPRESENTATION_CONTEXT('2D SPACE',''
  ) );
#6869 = ORIENTED_EDGE('',*,*,#6870,.F.);
#6870 = EDGE_CURVE('',#4879,#6843,#6871,.T.);
#6871 = SURFACE_CURVE('',#6872,(#6876,#6883),.PCURVE_S1.);
#6872 = LINE('',#6873,#6874);
#6873 = CARTESIAN_POINT('',(20.063415510801,35.,40.49055992844));
#6874 = VECTOR('',#6875,1.);
#6875 = DIRECTION('',(-0.301708891434,0.,-0.953400096932));
#6876 = PCURVE('',#4902,#6877);
#6877 = DEFINITIONAL_REPRESENTATION('',(#6878),#6882);
#6878 = LINE('',#6879,#6880);
#6879 = CARTESIAN_POINT('',(3.14159265359,0.));
#6880 = VECTOR('',#6881,1.);
#6881 = DIRECTION('',(0.,-1.));
#6882 = ( GEOMETRIC_REPRESENTATION_CONTEXT(2) 
PARAMETRIC_REPRESENTATION_CONTEXT() REPRESENTATION_CONTEXT('2D SPACE',''
  ) );
#6883 = PCURVE('',#4965,#6884);
#6884 = DEFINITIONAL_REPRESENTATION('',(#6885),#6889);
#6885 = LINE('',#6886,#6887);
#6886 = CARTESIAN_POINT('',(17.5,0.));
#6887 = VECTOR('',#6888,1.);
#6888 = DIRECTION('',(0.,-1.));
#6889 = ( GEOMETRIC_REPRESENTATION_CONTEXT(2) 
PARAMETRIC_REPRESENTATION_CONTEXT() REPRESENTATION_CONTEXT('2D SPACE',''
  ) );
#6890 = ORIENTED_EDGE('',*,*,#4878,.F.);
#6891 = ADVANCED_FACE('',(#6892),#4965,.T.);
#6892 = FACE_BOUND('',#6893,.T.);
#6893 = EDGE_LOOP('',(#6894,#6895,#6916,#6917));
#6894 = ORIENTED_EDGE('',*,*,#6787,.T.);
#6895 = ORIENTED_EDGE('',*,*,#6896,.T.);
#6896 = EDGE_CURVE('',#6788,#6843,#6897,.T.);
#6897 = SURFACE_CURVE('',#6898,(#6902,#6909),.PCURVE_S1.);
#6898 = LINE('',#6899,#6900);
#6899 = CARTESIAN_POINT('',(10.413566977006,17.5,9.997038561648));
#6900 = VECTOR('',#6901,1.);
#6901 = DIRECTION('',(0.,1.,0.));
#6902 = PCURVE('',#4965,#6903);
#6903 = DEFINITIONAL_REPRESENTATION('',(#6904),#6908);
#6904 = LINE('',#6905,#6906);
#6905 = CARTESIAN_POINT('',(0.,-31.98397133053));
#6906 = VECTOR('',#6907,1.);
#6907 = DIRECTION('',(1.,0.));
#6908 = ( GEOMETRIC_REPRESENTATION_CONTEXT(2) 
PARAMETRIC_REPRESENTATION_CONTEXT() REPRESENTATION_CONTEXT('2D SPACE',''
  ) );
#6909 = PCURVE('',#6750,#6910);
#6910 = DEFINITIONAL_REPRESENTATION('',(#6911),#6915);
#6911 = LINE('',#6912,#6913);
#6912 = CARTESIAN_POINT('',(-18.79844748668,16.791748275275));
#6913 = VECTOR('',#6914,1.);
#6914 = DIRECTION('',(0.,1.));
#6915 = ( GEOMETRIC_REPRESENTATION_CONTEXT(2) 
PARAMETRIC_REPRESENTATION_CONTEXT() REPRESENTATION_CONTEXT('2D SPACE',''
  ) );
#6916 = ORIENTED_EDGE('',*,*,#6870,.F.);
#6917 = ORIENTED_EDGE('',*,*,#4951,.T.);
#6918 = ADVANCED_FACE('',(#6919),#5018,.F.);
#6919 = FACE_BOUND('',#6920,.T.);
#6920 = EDGE_LOOP('',(#6921));
#6921 = ORIENTED_EDGE('',*,*,#5003,.T.);
#6922 = ADVANCED_FACE('',(#6923),#5056,.T.);
#6923 = FACE_BOUND('',#6924,.F.);
#6924 = EDGE_LOOP('',(#6925,#6947,#6948,#6949));
#6925 = ORIENTED_EDGE('',*,*,#6926,.T.);
#6926 = EDGE_CURVE('',#5152,#5286,#6927,.T.);
#6927 = SURFACE_CURVE('',#6928,(#6933,#6940),.PCURVE_S1.);
#6928 = CIRCLE('',#6929,4.);
#6929 = AXIS2_PLACEMENT_3D('',#6930,#6931,#6932);
#6930 = CARTESIAN_POINT('',(-35.,46.,75.999999999983));
#6931 = DIRECTION('',(-1.,0.,-1.59323E-12));
#6932 = DIRECTION('',(-1.59323E-12,0.,1.));
#6933 = PCURVE('',#5056,#6934);
#6934 = DEFINITIONAL_REPRESENTATION('',(#6935),#6939);
#6935 = LINE('',#6936,#6937);
#6936 = CARTESIAN_POINT('',(-0.,0.));
#6937 = VECTOR('',#6938,1.);
#6938 = DIRECTION('',(-1.,0.));
#6939 = ( GEOMETRIC_REPRESENTATION_CONTEXT(2) 
PARAMETRIC_REPRESENTATION_CONTEXT() REPRESENTATION_CONTEXT('2D SPACE',''
  ) );
#6940 = PCURVE('',#5302,#6941);
#6941 = DEFINITIONAL_REPRESENTATION('',(#6942),#6946);
#6942 = LINE('',#6943,#6944);
#6943 = CARTESIAN_POINT('',(1.570796326793,0.));
#6944 = VECTOR('',#6945,1.);
#6945 = DIRECTION('',(0.,1.));
#6946 = ( GEOMETRIC_REPRESENTATION_CONTEXT(2) 
PARAMETRIC_REPRESENTATION_CONTEXT() REPRESENTATION_CONTEXT('2D SPACE',''
  ) );
#6947 = ORIENTED_EDGE('',*,*,#5326,.T.);
#6948 = ORIENTED_EDGE('',*,*,#5039,.F.);
#6949 = ORIENTED_EDGE('',*,*,#5203,.F.);
#6950 = ADVANCED_FACE('',(#6951),#5112,.T.);
#6951 = FACE_BOUND('',#6952,.T.);
#6952 = EDGE_LOOP('',(#6953,#6975,#6976,#6977));
#6953 = ORIENTED_EDGE('',*,*,#6954,.T.);
#6954 = EDGE_CURVE('',#5154,#5484,#6955,.T.);
#6955 = SURFACE_CURVE('',#6956,(#6961,#6968),.PCURVE_S1.);
#6956 = CIRCLE('',#6957,4.);
#6957 = AXIS2_PLACEMENT_3D('',#6958,#6959,#6960);
#6958 = CARTESIAN_POINT('',(-35.,-46.,75.999999999983));
#6959 = DIRECTION('',(1.,0.,1.58755E-12));
#6960 = DIRECTION('',(-1.58755E-12,0.,1.));
#6961 = PCURVE('',#5112,#6962);
#6962 = DEFINITIONAL_REPRESENTATION('',(#6963),#6967);
#6963 = LINE('',#6964,#6965);
#6964 = CARTESIAN_POINT('',(0.,0.));
#6965 = VECTOR('',#6966,1.);
#6966 = DIRECTION('',(1.,0.));
#6967 = ( GEOMETRIC_REPRESENTATION_CONTEXT(2) 
PARAMETRIC_REPRESENTATION_CONTEXT() REPRESENTATION_CONTEXT('2D SPACE',''
  ) );
#6968 = PCURVE('',#5500,#6969);
#6969 = DEFINITIONAL_REPRESENTATION('',(#6970),#6974);
#6970 = LINE('',#6971,#6972);
#6971 = CARTESIAN_POINT('',(-1.570796326793,0.));
#6972 = VECTOR('',#6973,1.);
#6973 = DIRECTION('',(-0.,1.));
#6974 = ( GEOMETRIC_REPRESENTATION_CONTEXT(2) 
PARAMETRIC_REPRESENTATION_CONTEXT() REPRESENTATION_CONTEXT('2D SPACE',''
  ) );
#6975 = ORIENTED_EDGE('',*,*,#5524,.T.);
#6976 = ORIENTED_EDGE('',*,*,#5095,.F.);
#6977 = ORIENTED_EDGE('',*,*,#5181,.F.);
#6978 = ADVANCED_FACE('',(#6979),#5169,.T.);
#6979 = FACE_BOUND('',#6980,.F.);
#6980 = EDGE_LOOP('',(#6981,#6982,#7006,#7034));
#6981 = ORIENTED_EDGE('',*,*,#5151,.T.);
#6982 = ORIENTED_EDGE('',*,*,#6983,.F.);
#6983 = EDGE_CURVE('',#6984,#5154,#6986,.T.);
#6984 = VERTEX_POINT('',#6985);
#6985 = CARTESIAN_POINT('',(-40.,-46.,74.999999999983));
#6986 = SURFACE_CURVE('',#6987,(#6992,#6999),.PCURVE_S1.);
#6987 = CIRCLE('',#6988,5.);
#6988 = AXIS2_PLACEMENT_3D('',#6989,#6990,#6991);
#6989 = CARTESIAN_POINT('',(-35.,-46.,74.999999999983));
#6990 = DIRECTION('',(0.,1.,-0.));
#6991 = DIRECTION('',(-1.,0.,5.68E-15));
#6992 = PCURVE('',#5169,#6993);
#6993 = DEFINITIONAL_REPRESENTATION('',(#6994),#6998);
#6994 = LINE('',#6995,#6996);
#6995 = CARTESIAN_POINT('',(-3.14159265359,-96.));
#6996 = VECTOR('',#6997,1.);
#6997 = DIRECTION('',(1.,-0.));
#6998 = ( GEOMETRIC_REPRESENTATION_CONTEXT(2) 
PARAMETRIC_REPRESENTATION_CONTEXT() REPRESENTATION_CONTEXT('2D SPACE',''
  ) );
#6999 = PCURVE('',#5500,#7000);
#7000 = DEFINITIONAL_REPRESENTATION('',(#7001),#7005);
#7001 = LINE('',#7002,#7003);
#7002 = CARTESIAN_POINT('',(-0.,0.));
#7003 = VECTOR('',#7004,1.);
#7004 = DIRECTION('',(-1.,0.));
#7005 = ( GEOMETRIC_REPRESENTATION_CONTEXT(2) 
PARAMETRIC_REPRESENTATION_CONTEXT() REPRESENTATION_CONTEXT('2D SPACE',''
  ) );
#7006 = ORIENTED_EDGE('',*,*,#7007,.F.);
#7007 = EDGE_CURVE('',#7008,#6984,#7010,.T.);
#7008 = VERTEX_POINT('',#7009);
#7009 = CARTESIAN_POINT('',(-40.,46.,74.999999999983));
#7010 = SURFACE_CURVE('',#7011,(#7015,#7022),.PCURVE_S1.);
#7011 = LINE('',#7012,#7013);
#7012 = CARTESIAN_POINT('',(-40.,50.,74.999999999983));
#7013 = VECTOR('',#7014,1.);
#7014 = DIRECTION('',(0.,-1.,2.2E-16));
#7015 = PCURVE('',#5169,#7016);
#7016 = DEFINITIONAL_REPRESENTATION('',(#7017),#7021);
#7017 = LINE('',#7018,#7019);
#7018 = CARTESIAN_POINT('',(-3.14159265359,0.));
#7019 = VECTOR('',#7020,1.);
#7020 = DIRECTION('',(-0.,-1.));
#7021 = ( GEOMETRIC_REPRESENTATION_CONTEXT(2) 
PARAMETRIC_REPRESENTATION_CONTEXT() REPRESENTATION_CONTEXT('2D SPACE',''
  ) );
#7022 = PCURVE('',#7023,#7028);
#7023 = PLANE('',#7024);
#7024 = AXIS2_PLACEMENT_3D('',#7025,#7026,#7027);
#7025 = CARTESIAN_POINT('',(-40.,50.,-1.11E-14));
#7026 = DIRECTION('',(-1.,0.,0.));
#7027 = DIRECTION('',(0.,2.2E-16,1.));
#7028 = DEFINITIONAL_REPRESENTATION('',(#7029),#7033);
#7029 = LINE('',#7030,#7031);
#7030 = CARTESIAN_POINT('',(74.999999999983,-2.289145284794E-15));
#7031 = VECTOR('',#7032,1.);
#7032 = DIRECTION('',(0.,-1.));
#7033 = ( GEOMETRIC_REPRESENTATION_CONTEXT(2) 
PARAMETRIC_REPRESENTATION_CONTEXT() REPRESENTATION_CONTEXT('2D SPACE',''
  ) );
#7034 = ORIENTED_EDGE('',*,*,#7035,.T.);
#7035 = EDGE_CURVE('',#7008,#5152,#7036,.T.);
#7036 = SURFACE_CURVE('',#7037,(#7042,#7049),.PCURVE_S1.);
#7037 = CIRCLE('',#7038,5.);
#7038 = AXIS2_PLACEMENT_3D('',#7039,#7040,#7041);
#7039 = CARTESIAN_POINT('',(-35.,46.,74.999999999983));
#7040 = DIRECTION('',(0.,1.,-0.));
#7041 = DIRECTION('',(-1.,0.,0.));
#7042 = PCURVE('',#5169,#7043);
#7043 = DEFINITIONAL_REPRESENTATION('',(#7044),#7048);
#7044 = LINE('',#7045,#7046);
#7045 = CARTESIAN_POINT('',(-3.14159265359,-4.));
#7046 = VECTOR('',#7047,1.);
#7047 = DIRECTION('',(1.,-0.));
#7048 = ( GEOMETRIC_REPRESENTATION_CONTEXT(2) 
PARAMETRIC_REPRESENTATION_CONTEXT() REPRESENTATION_CONTEXT('2D SPACE',''
  ) );
#7049 = PCURVE('',#5302,#7050);
#7050 = DEFINITIONAL_REPRESENTATION('',(#7051),#7055);
#7051 = LINE('',#7052,#7053);
#7052 = CARTESIAN_POINT('',(0.,0.));
#7053 = VECTOR('',#7054,1.);
#7054 = DIRECTION('',(1.,0.));
#7055 = ( GEOMETRIC_REPRESENTATION_CONTEXT(2) 
PARAMETRIC_REPRESENTATION_CONTEXT() REPRESENTATION_CONTEXT('2D SPACE',''
  ) );
#7056 = ADVANCED_FACE('',(#7057),#5245,.T.);
#7057 = FACE_BOUND('',#7058,.T.);
#7058 = EDGE_LOOP('',(#7059,#7060,#7082,#7083,#7111,#7134,#7156,#7157));
#7059 = ORIENTED_EDGE('',*,*,#5652,.T.);
#7060 = ORIENTED_EDGE('',*,*,#7061,.T.);
#7061 = EDGE_CURVE('',#5630,#5431,#7062,.T.);
#7062 = SURFACE_CURVE('',#7063,(#7068,#7075),.PCURVE_S1.);
#7063 = CIRCLE('',#7064,4.);
#7064 = AXIS2_PLACEMENT_3D('',#7065,#7066,#7067);
#7065 = CARTESIAN_POINT('',(36.,-46.,1.066E-14));
#7066 = DIRECTION('',(0.,-2.2E-16,-1.));
#7067 = DIRECTION('',(0.,1.,-2.2E-16));
#7068 = PCURVE('',#5245,#7069);
#7069 = DEFINITIONAL_REPRESENTATION('',(#7070),#7074);
#7070 = CIRCLE('',#7071,4.);
#7071 = AXIS2_PLACEMENT_2D('',#7072,#7073);
#7072 = CARTESIAN_POINT('',(4.,-96.));
#7073 = DIRECTION('',(0.,1.));
#7074 = ( GEOMETRIC_REPRESENTATION_CONTEXT(2) 
PARAMETRIC_REPRESENTATION_CONTEXT() REPRESENTATION_CONTEXT('2D SPACE',''
  ) );
#7075 = PCURVE('',#5585,#7076);
#7076 = DEFINITIONAL_REPRESENTATION('',(#7077),#7081);
#7077 = LINE('',#7078,#7079);
#7078 = CARTESIAN_POINT('',(-1.570796326795,22.553062775783));
#7079 = VECTOR('',#7080,1.);
#7080 = DIRECTION('',(1.,0.));
#7081 = ( GEOMETRIC_REPRESENTATION_CONTEXT(2) 
PARAMETRIC_REPRESENTATION_CONTEXT() REPRESENTATION_CONTEXT('2D SPACE',''
  ) );
#7082 = ORIENTED_EDGE('',*,*,#5430,.T.);
#7083 = ORIENTED_EDGE('',*,*,#7084,.F.);
#7084 = EDGE_CURVE('',#7085,#5433,#7087,.T.);
#7085 = VERTEX_POINT('',#7086);
#7086 = CARTESIAN_POINT('',(-40.,-46.,1.E-14));
#7087 = SURFACE_CURVE('',#7088,(#7093,#7104),.PCURVE_S1.);
#7088 = CIRCLE('',#7089,4.);
#7089 = AXIS2_PLACEMENT_3D('',#7090,#7091,#7092);
#7090 = CARTESIAN_POINT('',(-36.,-46.,1.021E-14));
#7091 = DIRECTION('',(-0.,2.2E-16,1.));
#7092 = DIRECTION('',(0.,-1.,2.2E-16));
#7093 = PCURVE('',#5245,#7094);
#7094 = DEFINITIONAL_REPRESENTATION('',(#7095),#7103);
#7095 = ( BOUNDED_CURVE() B_SPLINE_CURVE(2,(#7096,#7097,#7098,#7099,
#7100,#7101,#7102),.UNSPECIFIED.,.T.,.F.) B_SPLINE_CURVE_WITH_KNOTS((1,2
    ,2,2,2,1),(-2.094395102393,0.,2.094395102393,4.188790204786,
6.28318530718,8.377580409573),.UNSPECIFIED.) CURVE() 
GEOMETRIC_REPRESENTATION_ITEM() RATIONAL_B_SPLINE_CURVE((1.,0.5,1.,0.5,
1.,0.5,1.)) REPRESENTATION_ITEM('') );
#7096 = CARTESIAN_POINT('',(76.,-100.));
#7097 = CARTESIAN_POINT('',(69.071796769725,-100.));
#7098 = CARTESIAN_POINT('',(72.535898384862,-94.));
#7099 = CARTESIAN_POINT('',(76.,-88.));
#7100 = CARTESIAN_POINT('',(79.464101615138,-94.));
#7101 = CARTESIAN_POINT('',(82.928203230276,-100.));
#7102 = CARTESIAN_POINT('',(76.,-100.));
#7103 = ( GEOMETRIC_REPRESENTATION_CONTEXT(2) 
PARAMETRIC_REPRESENTATION_CONTEXT() REPRESENTATION_CONTEXT('2D SPACE',''
  ) );
#7104 = PCURVE('',#5471,#7105);
#7105 = DEFINITIONAL_REPRESENTATION('',(#7106),#7110);
#7106 = LINE('',#7107,#7108);
#7107 = CARTESIAN_POINT('',(-4.712388980385,-4.4E-16));
#7108 = VECTOR('',#7109,1.);
#7109 = DIRECTION('',(1.,0.));
#7110 = ( GEOMETRIC_REPRESENTATION_CONTEXT(2) 
PARAMETRIC_REPRESENTATION_CONTEXT() REPRESENTATION_CONTEXT('2D SPACE',''
  ) );
#7111 = ORIENTED_EDGE('',*,*,#7112,.F.);
#7112 = EDGE_CURVE('',#7113,#7085,#7115,.T.);
#7113 = VERTEX_POINT('',#7114);
#7114 = CARTESIAN_POINT('',(-40.,46.,-1.E-14));
#7115 = SURFACE_CURVE('',#7116,(#7120,#7127),.PCURVE_S1.);
#7116 = LINE('',#7117,#7118);
#7117 = CARTESIAN_POINT('',(-40.,50.,-1.11E-14));
#7118 = VECTOR('',#7119,1.);
#7119 = DIRECTION('',(0.,-1.,2.2E-16));
#7120 = PCURVE('',#5245,#7121);
#7121 = DEFINITIONAL_REPRESENTATION('',(#7122),#7126);
#7122 = LINE('',#7123,#7124);
#7123 = CARTESIAN_POINT('',(80.,0.));
#7124 = VECTOR('',#7125,1.);
#7125 = DIRECTION('',(0.,-1.));
#7126 = ( GEOMETRIC_REPRESENTATION_CONTEXT(2) 
PARAMETRIC_REPRESENTATION_CONTEXT() REPRESENTATION_CONTEXT('2D SPACE',''
  ) );
#7127 = PCURVE('',#7023,#7128);
#7128 = DEFINITIONAL_REPRESENTATION('',(#7129),#7133);
#7129 = LINE('',#7130,#7131);
#7130 = CARTESIAN_POINT('',(0.,0.));
#7131 = VECTOR('',#7132,1.);
#7132 = DIRECTION('',(0.,-1.));
#7133 = ( GEOMETRIC_REPRESENTATION_CONTEXT(2) 
PARAMETRIC_REPRESENTATION_CONTEXT() REPRESENTATION_CONTEXT('2D SPACE',''
  ) );
#7134 = ORIENTED_EDGE('',*,*,#7135,.T.);
#7135 = EDGE_CURVE('',#7113,#5230,#7136,.T.);
#7136 = SURFACE_CURVE('',#7137,(#7142,#7149),.PCURVE_S1.);
#7137 = CIRCLE('',#7138,4.);
#7138 = AXIS2_PLACEMENT_3D('',#7139,#7140,#7141);
#7139 = CARTESIAN_POINT('',(-36.,46.,-1.021E-14));
#7140 = DIRECTION('',(-0.,-2.2E-16,-1.));
#7141 = DIRECTION('',(0.,-1.,2.2E-16));
#7142 = PCURVE('',#5245,#7143);
#7143 = DEFINITIONAL_REPRESENTATION('',(#7144),#7148);
#7144 = CIRCLE('',#7145,4.);
#7145 = AXIS2_PLACEMENT_2D('',#7146,#7147);
#7146 = CARTESIAN_POINT('',(76.,-4.));
#7147 = DIRECTION('',(0.,-1.));
#7148 = ( GEOMETRIC_REPRESENTATION_CONTEXT(2) 
PARAMETRIC_REPRESENTATION_CONTEXT() REPRESENTATION_CONTEXT('2D SPACE',''
  ) );
#7149 = PCURVE('',#5273,#7150);
#7150 = DEFINITIONAL_REPRESENTATION('',(#7151),#7155);
#7151 = LINE('',#7152,#7153);
#7152 = CARTESIAN_POINT('',(1.570796326795,4.4E-16));
#7153 = VECTOR('',#7154,1.);
#7154 = DIRECTION('',(-1.,0.));
#7155 = ( GEOMETRIC_REPRESENTATION_CONTEXT(2) 
PARAMETRIC_REPRESENTATION_CONTEXT() REPRESENTATION_CONTEXT('2D SPACE',''
  ) );
#7156 = ORIENTED_EDGE('',*,*,#5227,.F.);
#7157 = ORIENTED_EDGE('',*,*,#7158,.F.);
#7158 = EDGE_CURVE('',#5653,#5228,#7159,.T.);
#7159 = SURFACE_CURVE('',#7160,(#7165,#7176),.PCURVE_S1.);
#7160 = CIRCLE('',#7161,4.);
#7161 = AXIS2_PLACEMENT_3D('',#7162,#7163,#7164);
#7162 = CARTESIAN_POINT('',(36.,46.,-1.066E-14));
#7163 = DIRECTION('',(0.,2.2E-16,1.));
#7164 = DIRECTION('',(0.,1.,-2.2E-16));
#7165 = PCURVE('',#5245,#7166);
#7166 = DEFINITIONAL_REPRESENTATION('',(#7167),#7175);
#7167 = ( BOUNDED_CURVE() B_SPLINE_CURVE(2,(#7168,#7169,#7170,#7171,
#7172,#7173,#7174),.UNSPECIFIED.,.T.,.F.) B_SPLINE_CURVE_WITH_KNOTS((1,2
    ,2,2,2,1),(-2.094395102393,0.,2.094395102393,4.188790204786,
6.28318530718,8.377580409573),.UNSPECIFIED.) CURVE() 
GEOMETRIC_REPRESENTATION_ITEM() RATIONAL_B_SPLINE_CURVE((1.,0.5,1.,0.5,
1.,0.5,1.)) REPRESENTATION_ITEM('') );
#7168 = CARTESIAN_POINT('',(4.,0.));
#7169 = CARTESIAN_POINT('',(10.928203230276,0.));
#7170 = CARTESIAN_POINT('',(7.464101615138,-6.));
#7171 = CARTESIAN_POINT('',(4.,-12.));
#7172 = CARTESIAN_POINT('',(0.535898384862,-6.));
#7173 = CARTESIAN_POINT('',(-2.928203230276,-6.217248937901E-15));
#7174 = CARTESIAN_POINT('',(4.,0.));
#7175 = ( GEOMETRIC_REPRESENTATION_CONTEXT(2) 
PARAMETRIC_REPRESENTATION_CONTEXT() REPRESENTATION_CONTEXT('2D SPACE',''
  ) );
#7176 = PCURVE('',#5387,#7177);
#7177 = DEFINITIONAL_REPRESENTATION('',(#7178),#7182);
#7178 = LINE('',#7179,#7180);
#7179 = CARTESIAN_POINT('',(4.712388980385,22.553062775783));
#7180 = VECTOR('',#7181,1.);
#7181 = DIRECTION('',(-1.,0.));
#7182 = ( GEOMETRIC_REPRESENTATION_CONTEXT(2) 
PARAMETRIC_REPRESENTATION_CONTEXT() REPRESENTATION_CONTEXT('2D SPACE',''
  ) );
#7183 = ADVANCED_FACE('',(#7184),#5387,.T.);
#7184 = FACE_BOUND('',#7185,.F.);
#7185 = EDGE_LOOP('',(#7186,#7187,#7188,#7189));
#7186 = ORIENTED_EDGE('',*,*,#5404,.T.);
#7187 = ORIENTED_EDGE('',*,*,#5373,.T.);
#7188 = ORIENTED_EDGE('',*,*,#7158,.F.);
#7189 = ORIENTED_EDGE('',*,*,#5675,.F.);
#7190 = ADVANCED_FACE('',(#7191),#5273,.T.);
#7191 = FACE_BOUND('',#7192,.F.);
#7192 = EDGE_LOOP('',(#7193,#7194,#7195,#7217));
#7193 = ORIENTED_EDGE('',*,*,#7135,.T.);
#7194 = ORIENTED_EDGE('',*,*,#5257,.T.);
#7195 = ORIENTED_EDGE('',*,*,#7196,.F.);
#7196 = EDGE_CURVE('',#7008,#5258,#7197,.T.);
#7197 = SURFACE_CURVE('',#7198,(#7203,#7210),.PCURVE_S1.);
#7198 = CIRCLE('',#7199,4.);
#7199 = AXIS2_PLACEMENT_3D('',#7200,#7201,#7202);
#7200 = CARTESIAN_POINT('',(-36.,46.,74.999999999983));
#7201 = DIRECTION('',(-0.,-2.2E-16,-1.));
#7202 = DIRECTION('',(-1.,0.,0.));
#7203 = PCURVE('',#5273,#7204);
#7204 = DEFINITIONAL_REPRESENTATION('',(#7205),#7209);
#7205 = LINE('',#7206,#7207);
#7206 = CARTESIAN_POINT('',(-0.,74.999999999983));
#7207 = VECTOR('',#7208,1.);
#7208 = DIRECTION('',(-1.,0.));
#7209 = ( GEOMETRIC_REPRESENTATION_CONTEXT(2) 
PARAMETRIC_REPRESENTATION_CONTEXT() REPRESENTATION_CONTEXT('2D SPACE',''
  ) );
#7210 = PCURVE('',#5302,#7211);
#7211 = DEFINITIONAL_REPRESENTATION('',(#7212),#7216);
#7212 = LINE('',#7213,#7214);
#7213 = CARTESIAN_POINT('',(-8.9E-16,0.));
#7214 = VECTOR('',#7215,1.);
#7215 = DIRECTION('',(0.,1.));
#7216 = ( GEOMETRIC_REPRESENTATION_CONTEXT(2) 
PARAMETRIC_REPRESENTATION_CONTEXT() REPRESENTATION_CONTEXT('2D SPACE',''
  ) );
#7217 = ORIENTED_EDGE('',*,*,#7218,.F.);
#7218 = EDGE_CURVE('',#7113,#7008,#7219,.T.);
#7219 = SURFACE_CURVE('',#7220,(#7224,#7231),.PCURVE_S1.);
#7220 = LINE('',#7221,#7222);
#7221 = CARTESIAN_POINT('',(-40.,46.,-1.066E-14));
#7222 = VECTOR('',#7223,1.);
#7223 = DIRECTION('',(0.,2.2E-16,1.));
#7224 = PCURVE('',#5273,#7225);
#7225 = DEFINITIONAL_REPRESENTATION('',(#7226),#7230);
#7226 = LINE('',#7227,#7228);
#7227 = CARTESIAN_POINT('',(-0.,0.));
#7228 = VECTOR('',#7229,1.);
#7229 = DIRECTION('',(-0.,1.));
#7230 = ( GEOMETRIC_REPRESENTATION_CONTEXT(2) 
PARAMETRIC_REPRESENTATION_CONTEXT() REPRESENTATION_CONTEXT('2D SPACE',''
  ) );
#7231 = PCURVE('',#7023,#7232);
#7232 = DEFINITIONAL_REPRESENTATION('',(#7233),#7237);
#7233 = LINE('',#7234,#7235);
#7234 = CARTESIAN_POINT('',(-4.4E-16,-4.));
#7235 = VECTOR('',#7236,1.);
#7236 = DIRECTION('',(1.,0.));
#7237 = ( GEOMETRIC_REPRESENTATION_CONTEXT(2) 
PARAMETRIC_REPRESENTATION_CONTEXT() REPRESENTATION_CONTEXT('2D SPACE',''
  ) );
#7238 = ADVANCED_FACE('',(#7239),#5302,.T.);
#7239 = FACE_BOUND('',#7240,.T.);
#7240 = EDGE_LOOP('',(#7241,#7242,#7243,#7244));
#7241 = ORIENTED_EDGE('',*,*,#7196,.F.);
#7242 = ORIENTED_EDGE('',*,*,#7035,.T.);
#7243 = ORIENTED_EDGE('',*,*,#6926,.T.);
#7244 = ORIENTED_EDGE('',*,*,#5285,.F.);
#7245 = ADVANCED_FACE('',(#7246),#5585,.T.);
#7246 = FACE_BOUND('',#7247,.T.);
#7247 = EDGE_LOOP('',(#7248,#7249,#7250,#7251));
#7248 = ORIENTED_EDGE('',*,*,#5602,.T.);
#7249 = ORIENTED_EDGE('',*,*,#5571,.T.);
#7250 = ORIENTED_EDGE('',*,*,#7061,.F.);
#7251 = ORIENTED_EDGE('',*,*,#5629,.F.);
#7252 = ADVANCED_FACE('',(#7253),#5471,.T.);
#7253 = FACE_BOUND('',#7254,.T.);
#7254 = EDGE_LOOP('',(#7255,#7256,#7257,#7279));
#7255 = ORIENTED_EDGE('',*,*,#7084,.T.);
#7256 = ORIENTED_EDGE('',*,*,#5455,.T.);
#7257 = ORIENTED_EDGE('',*,*,#7258,.F.);
#7258 = EDGE_CURVE('',#6984,#5456,#7259,.T.);
#7259 = SURFACE_CURVE('',#7260,(#7265,#7272),.PCURVE_S1.);
#7260 = CIRCLE('',#7261,4.);
#7261 = AXIS2_PLACEMENT_3D('',#7262,#7263,#7264);
#7262 = CARTESIAN_POINT('',(-36.,-46.,74.999999999983));
#7263 = DIRECTION('',(0.,2.2E-16,1.));
#7264 = DIRECTION('',(-1.,0.,0.));
#7265 = PCURVE('',#5471,#7266);
#7266 = DEFINITIONAL_REPRESENTATION('',(#7267),#7271);
#7267 = LINE('',#7268,#7269);
#7268 = CARTESIAN_POINT('',(0.,74.999999999983));
#7269 = VECTOR('',#7270,1.);
#7270 = DIRECTION('',(1.,0.));
#7271 = ( GEOMETRIC_REPRESENTATION_CONTEXT(2) 
PARAMETRIC_REPRESENTATION_CONTEXT() REPRESENTATION_CONTEXT('2D SPACE',''
  ) );
#7272 = PCURVE('',#5500,#7273);
#7273 = DEFINITIONAL_REPRESENTATION('',(#7274),#7278);
#7274 = LINE('',#7275,#7276);
#7275 = CARTESIAN_POINT('',(8.9E-16,-0.));
#7276 = VECTOR('',#7277,1.);
#7277 = DIRECTION('',(-0.,1.));
#7278 = ( GEOMETRIC_REPRESENTATION_CONTEXT(2) 
PARAMETRIC_REPRESENTATION_CONTEXT() REPRESENTATION_CONTEXT('2D SPACE',''
  ) );
#7279 = ORIENTED_EDGE('',*,*,#7280,.F.);
#7280 = EDGE_CURVE('',#7085,#6984,#7281,.T.);
#7281 = SURFACE_CURVE('',#7282,(#7286,#7293),.PCURVE_S1.);
#7282 = LINE('',#7283,#7284);
#7283 = CARTESIAN_POINT('',(-40.,-46.,1.066E-14));
#7284 = VECTOR('',#7285,1.);
#7285 = DIRECTION('',(0.,2.2E-16,1.));
#7286 = PCURVE('',#5471,#7287);
#7287 = DEFINITIONAL_REPRESENTATION('',(#7288),#7292);
#7288 = LINE('',#7289,#7290);
#7289 = CARTESIAN_POINT('',(0.,0.));
#7290 = VECTOR('',#7291,1.);
#7291 = DIRECTION('',(0.,1.));
#7292 = ( GEOMETRIC_REPRESENTATION_CONTEXT(2) 
PARAMETRIC_REPRESENTATION_CONTEXT() REPRESENTATION_CONTEXT('2D SPACE',''
  ) );
#7293 = PCURVE('',#7023,#7294);
#7294 = DEFINITIONAL_REPRESENTATION('',(#7295),#7299);
#7295 = LINE('',#7296,#7297);
#7296 = CARTESIAN_POINT('',(6.4E-16,-96.));
#7297 = VECTOR('',#7298,1.);
#7298 = DIRECTION('',(1.,0.));
#7299 = ( GEOMETRIC_REPRESENTATION_CONTEXT(2) 
PARAMETRIC_REPRESENTATION_CONTEXT() REPRESENTATION_CONTEXT('2D SPACE',''
  ) );
#7300 = ADVANCED_FACE('',(#7301),#5500,.T.);
#7301 = FACE_BOUND('',#7302,.F.);
#7302 = EDGE_LOOP('',(#7303,#7304,#7305,#7306));
#7303 = ORIENTED_EDGE('',*,*,#7258,.F.);
#7304 = ORIENTED_EDGE('',*,*,#6983,.T.);
#7305 = ORIENTED_EDGE('',*,*,#6954,.T.);
#7306 = ORIENTED_EDGE('',*,*,#5483,.F.);
#7307 = ADVANCED_FACE('',(#7308),#5737,.F.);
#7308 = FACE_BOUND('',#7309,.T.);
#7309 = EDGE_LOOP('',(#7310));
#7310 = ORIENTED_EDGE('',*,*,#5722,.T.);
#7311 = ADVANCED_FACE('',(#7312),#5796,.F.);
#7312 = FACE_BOUND('',#7313,.T.);
#7313 = EDGE_LOOP('',(#7314));
#7314 = ORIENTED_EDGE('',*,*,#5781,.T.);
#7315 = ADVANCED_FACE('',(#7316),#5856,.F.);
#7316 = FACE_BOUND('',#7317,.T.);
#7317 = EDGE_LOOP('',(#7318,#7319,#7320,#7321));
#7318 = ORIENTED_EDGE('',*,*,#5916,.T.);
#7319 = ORIENTED_EDGE('',*,*,#5840,.T.);
#7320 = ORIENTED_EDGE('',*,*,#5948,.T.);
#7321 = ORIENTED_EDGE('',*,*,#6002,.F.);
#7322 = ADVANCED_FACE('',(#7323),#6066,.F.);
#7323 = FACE_BOUND('',#7324,.T.);
#7324 = EDGE_LOOP('',(#7325));
#7325 = ORIENTED_EDGE('',*,*,#6051,.T.);
#7326 = ADVANCED_FACE('',(#7327),#6125,.F.);
#7327 = FACE_BOUND('',#7328,.T.);
#7328 = EDGE_LOOP('',(#7329));
#7329 = ORIENTED_EDGE('',*,*,#6110,.T.);
#7330 = ADVANCED_FACE('',(#7331),#6184,.F.);
#7331 = FACE_BOUND('',#7332,.T.);
#7332 = EDGE_LOOP('',(#7333));
#7333 = ORIENTED_EDGE('',*,*,#6169,.T.);
#7334 = ADVANCED_FACE('',(#7335),#6243,.F.);
#7335 = FACE_BOUND('',#7336,.T.);
#7336 = EDGE_LOOP('',(#7337));
#7337 = ORIENTED_EDGE('',*,*,#6228,.T.);
#7338 = ADVANCED_FACE('',(#7339),#6302,.F.);
#7339 = FACE_BOUND('',#7340,.T.);
#7340 = EDGE_LOOP('',(#7341));
#7341 = ORIENTED_EDGE('',*,*,#6287,.T.);
#7342 = ADVANCED_FACE('',(#7343),#6361,.F.);
#7343 = FACE_BOUND('',#7344,.T.);
#7344 = EDGE_LOOP('',(#7345));
#7345 = ORIENTED_EDGE('',*,*,#6346,.T.);
#7346 = ADVANCED_FACE('',(#7347),#6420,.F.);
#7347 = FACE_BOUND('',#7348,.T.);
#7348 = EDGE_LOOP('',(#7349));
#7349 = ORIENTED_EDGE('',*,*,#6405,.T.);
#7350 = ADVANCED_FACE('',(#7351),#6479,.F.);
#7351 = FACE_BOUND('',#7352,.T.);
#7352 = EDGE_LOOP('',(#7353));
#7353 = ORIENTED_EDGE('',*,*,#6464,.T.);
#7354 = ADVANCED_FACE('',(#7355),#6539,.F.);
#7355 = FACE_BOUND('',#7356,.T.);
#7356 = EDGE_LOOP('',(#7357,#7358,#7359,#7360));
#7357 = ORIENTED_EDGE('',*,*,#6599,.T.);
#7358 = ORIENTED_EDGE('',*,*,#6523,.T.);
#7359 = ORIENTED_EDGE('',*,*,#6631,.T.);
#7360 = ORIENTED_EDGE('',*,*,#6685,.F.);
#7361 = ADVANCED_FACE('',(#7362),#6750,.F.);
#7362 = FACE_BOUND('',#7363,.T.);
#7363 = EDGE_LOOP('',(#7364,#7365,#7366,#7367));
#7364 = ORIENTED_EDGE('',*,*,#6810,.T.);
#7365 = ORIENTED_EDGE('',*,*,#6734,.T.);
#7366 = ORIENTED_EDGE('',*,*,#6842,.T.);
#7367 = ORIENTED_EDGE('',*,*,#6896,.F.);
#7368 = ADVANCED_FACE('',(#7369),#7023,.T.);
#7369 = FACE_BOUND('',#7370,.T.);
#7370 = EDGE_LOOP('',(#7371,#7372,#7373,#7374));
#7371 = ORIENTED_EDGE('',*,*,#7112,.T.);
#7372 = ORIENTED_EDGE('',*,*,#7280,.T.);
#7373 = ORIENTED_EDGE('',*,*,#7007,.F.);
#7374 = ORIENTED_EDGE('',*,*,#7218,.F.);
#7375 = ( GEOMETRIC_REPRESENTATION_CONTEXT(3) 
GLOBAL_UNCERTAINTY_ASSIGNED_CONTEXT((#7379)) 
GLOBAL_UNIT_ASSIGNED_CONTEXT((#7376,#7377,#7378)) REPRESENTATION_CONTEXT
('Context #1','3D Context with UNIT and UNCERTAINTY') );
#7376 = ( LENGTH_UNIT() NAMED_UNIT(*) SI_UNIT(.MILLI.,.METRE.) );
#7377 = ( NAMED_UNIT(*) PLANE_ANGLE_UNIT() SI_UNIT($,.RADIAN.) );
#7378 = ( NAMED_UNIT(*) SI_UNIT($,.STERADIAN.) SOLID_ANGLE_UNIT() );
#7379 = UNCERTAINTY_MEASURE_WITH_UNIT(LENGTH_MEASURE(1.E-04),#7376,
  'distance_accuracy_value','confusion accuracy');
#7380 = PRODUCT_RELATED_PRODUCT_CATEGORY('part',$,(#7));
#7381 = MECHANICAL_DESIGN_GEOMETRIC_PRESENTATION_REPRESENTATION('',(
    #7382),#7375);
#7382 = STYLED_ITEM('color',(#7383),#15);
#7383 = PRESENTATION_STYLE_ASSIGNMENT((#7384,#7390));
#7384 = SURFACE_STYLE_USAGE(.BOTH.,#7385);
#7385 = SURFACE_SIDE_STYLE('',(#7386));
#7386 = SURFACE_STYLE_FILL_AREA(#7387);
#7387 = FILL_AREA_STYLE('',(#7388));
#7388 = FILL_AREA_STYLE_COLOUR('',#7389);
#7389 = COLOUR_RGB('',0.447058818107,0.474509808674,0.501960817233);
#7390 = CURVE_STYLE('',#7391,POSITIVE_LENGTH_MEASURE(0.1),#7392);
#7391 = DRAUGHTING_PRE_DEFINED_CURVE_FONT('continuous');
#7392 = COLOUR_RGB('',9.803921802644E-02,9.803921802644E-02,
  9.803921802644E-02);
ENDSEC;
END-ISO-10303-21;
