ISO-10303-21;
HEADER;
FILE_DESCRIPTION(('FreeCAD Model'),'2;1');
FILE_NAME('Open CASCADE Shape Model','2026-06-12T20:00:18',(''),(''),
  'Open CASCADE STEP processor 7.8','FreeCAD','Unknown');
FILE_SCHEMA(('AUTOMOTIVE_DESIGN { 1 0 10303 214 1 1 1 1 }'));
ENDSEC;
DATA;
#1 = APPLICATION_PROTOCOL_DEFINITION('international standard',
  'automotive_design',2000,#2);
#2 = APPLICATION_CONTEXT(
  'core data for automotive mechanical design processes');
#3 = SHAPE_DEFINITION_REPRESENTATION(#4,#10);
#4 = PRODUCT_DEFINITION_SHAPE('','',#5);
#5 = PRODUCT_DEFINITION('design','',#6,#9);
#6 = PRODUCT_DEFINITION_FORMATION('','',#7);
#7 = PRODUCT('AR#01','AR#01','',(#8));
#8 = PRODUCT_CONTEXT('',#2,'mechanical');
#9 = PRODUCT_DEFINITION_CONTEXT('part definition',#2,'design');
#10 = ADVANCED_BREP_SHAPE_REPRESENTATION('',(#11,#15),#10551);
#11 = AXIS2_PLACEMENT_3D('',#12,#13,#14);
#12 = CARTESIAN_POINT('',(0.,0.,0.));
#13 = DIRECTION('',(0.,0.,1.));
#14 = DIRECTION('',(1.,0.,-0.));
#15 = MANIFOLD_SOLID_BREP('',#16);
#16 = CLOSED_SHELL('',(#17,#3800,#3855,#3931,#3985,#4036,#4086,#4137,
    #4191,#4241,#4290,#4341,#4392,#4443,#4494,#4543,#4593,#4647,#4698,
    #4748,#4799,#4853,#4902,#4951,#5005,#5056,#5106,#5157,#5211,#5261,
    #5310,#5361,#5412,#5463,#5514,#5563,#5613,#5667,#5718,#5768,#5819,
    #5873,#5922,#5971,#6025,#6076,#6126,#6177,#6231,#6281,#6330,#6381,
    #6432,#6483,#6534,#6583,#6633,#6687,#6738,#6788,#6839,#6893,#6942,
    #6991,#7045,#7096,#7146,#7197,#7251,#7301,#7350,#7401,#7452,#7503,
    #7554,#7603,#7653,#7707,#7758,#7808,#7859,#7913,#7962,#8011,#8065,
    #8116,#8166,#8217,#8271,#8321,#8370,#8421,#8472,#8523,#8574,#8623,
    #8673,#8727,#8778,#8828,#8879,#8933,#8982,#9031,#9085,#9136,#9186,
    #9237,#9291,#9341,#9390,#9441,#9492,#9543,#9594,#9643,#9693,#9747,
    #9798,#9848,#9899,#9953,#9980,#10035,#10193,#10228,#10284,#10339,
    #10394,#10433,#10488,#10543,#10547));
#17 = ADVANCED_FACE('',(#18,#54),#31,.F.);
#18 = FACE_BOUND('',#19,.F.);
#19 = EDGE_LOOP('',(#20));
#20 = ORIENTED_EDGE('',*,*,#21,.F.);
#21 = EDGE_CURVE('',#22,#22,#24,.T.);
#22 = VERTEX_POINT('',#23);
#23 = CARTESIAN_POINT('',(0.,11.,0.));
#24 = SURFACE_CURVE('',#25,(#30,#42),.PCURVE_S1.);
#25 = CIRCLE('',#26,11.);
#26 = AXIS2_PLACEMENT_3D('',#27,#28,#29);
#27 = CARTESIAN_POINT('',(0.,0.,0.));
#28 = DIRECTION('',(1.,0.,0.));
#29 = DIRECTION('',(-0.,1.,0.));
#30 = PCURVE('',#31,#36);
#31 = PLANE('',#32);
#32 = AXIS2_PLACEMENT_3D('',#33,#34,#35);
#33 = CARTESIAN_POINT('',(0.,-2.85E-15,-1.2E-15));
#34 = DIRECTION('',(1.,0.,0.));
#35 = DIRECTION('',(0.,0.,1.));
#36 = DEFINITIONAL_REPRESENTATION('',(#37),#41);
#37 = CIRCLE('',#38,11.);
#38 = AXIS2_PLACEMENT_2D('',#39,#40);
#39 = CARTESIAN_POINT('',(1.2E-15,-2.85E-15));
#40 = DIRECTION('',(0.,-1.));
#41 = ( GEOMETRIC_REPRESENTATION_CONTEXT(2) 
PARAMETRIC_REPRESENTATION_CONTEXT() REPRESENTATION_CONTEXT('2D SPACE',''
  ) );
#42 = PCURVE('',#43,#48);
#43 = CONICAL_SURFACE('',#44,8.,0.785398163397);
#44 = AXIS2_PLACEMENT_3D('',#45,#46,#47);
#45 = CARTESIAN_POINT('',(-3.,0.,0.));
#46 = DIRECTION('',(1.,-0.,-0.));
#47 = DIRECTION('',(0.,1.,0.));
#48 = DEFINITIONAL_REPRESENTATION('',(#49),#53);
#49 = LINE('',#50,#51);
#50 = CARTESIAN_POINT('',(-0.,3.));
#51 = VECTOR('',#52,1.);
#52 = DIRECTION('',(1.,-0.));
#53 = ( GEOMETRIC_REPRESENTATION_CONTEXT(2) 
PARAMETRIC_REPRESENTATION_CONTEXT() REPRESENTATION_CONTEXT('2D SPACE',''
  ) );
#54 = FACE_BOUND('',#55,.F.);
#55 = EDGE_LOOP('',(#56,#86,#119,#152,#181,#214,#247,#275,#308,#337,#370
    ,#398,#431,#464,#493,#526,#559,#587,#620,#649,#682,#710,#743,#776,
    #805,#838,#871,#899,#932,#961,#994,#1022,#1055,#1088,#1117,#1150,
    #1183,#1211,#1244,#1273,#1306,#1334,#1367,#1400,#1429,#1462,#1495,
    #1523,#1556,#1585,#1618,#1646,#1679,#1712,#1741,#1774,#1807,#1835,
    #1868,#1897,#1930,#1958,#1991,#2024,#2053,#2086,#2119,#2147,#2180,
    #2209,#2242,#2270,#2303,#2336,#2365,#2398,#2431,#2459,#2492,#2521,
    #2554,#2582,#2615,#2648,#2677,#2710,#2743,#2771,#2804,#2833,#2866,
    #2894,#2927,#2960,#2989,#3022,#3055,#3083,#3116,#3145,#3178,#3206,
    #3239,#3272,#3301,#3334,#3367,#3395,#3428,#3457,#3490,#3518,#3551,
    #3584,#3613,#3646,#3679,#3707,#3740,#3769));
#56 = ORIENTED_EDGE('',*,*,#57,.T.);
#57 = EDGE_CURVE('',#58,#60,#62,.T.);
#58 = VERTEX_POINT('',#59);
#59 = CARTESIAN_POINT('',(0.,12.738817074141,1.484306084196));
#60 = VERTEX_POINT('',#61);
#61 = CARTESIAN_POINT('',(0.,14.040031454909,1.637979424984));
#62 = SURFACE_CURVE('',#63,(#67,#74),.PCURVE_S1.);
#63 = LINE('',#64,#65);
#64 = CARTESIAN_POINT('',(0.,12.738817074141,1.484306084196));
#65 = VECTOR('',#66,1.);
#66 = DIRECTION('',(0.,0.993098315141,0.117284851808));
#67 = PCURVE('',#31,#68);
#68 = DEFINITIONAL_REPRESENTATION('',(#69),#73);
#69 = LINE('',#70,#71);
#70 = CARTESIAN_POINT('',(1.484306084196,-12.73881707414));
#71 = VECTOR('',#72,1.);
#72 = DIRECTION('',(0.117284851808,-0.993098315141));
#73 = ( GEOMETRIC_REPRESENTATION_CONTEXT(2) 
PARAMETRIC_REPRESENTATION_CONTEXT() REPRESENTATION_CONTEXT('2D SPACE',''
  ) );
#74 = PCURVE('',#75,#80);
#75 = PLANE('',#76);
#76 = AXIS2_PLACEMENT_3D('',#77,#78,#79);
#77 = CARTESIAN_POINT('',(0.,12.738817074141,1.484306084196));
#78 = DIRECTION('',(0.,-0.117284851808,0.993098315141));
#79 = DIRECTION('',(0.,0.993098315141,0.117284851808));
#80 = DEFINITIONAL_REPRESENTATION('',(#81),#85);
#81 = LINE('',#82,#83);
#82 = CARTESIAN_POINT('',(0.,0.));
#83 = VECTOR('',#84,1.);
#84 = DIRECTION('',(1.,0.));
#85 = ( GEOMETRIC_REPRESENTATION_CONTEXT(2) 
PARAMETRIC_REPRESENTATION_CONTEXT() REPRESENTATION_CONTEXT('2D SPACE',''
  ) );
#86 = ORIENTED_EDGE('',*,*,#87,.T.);
#87 = EDGE_CURVE('',#60,#88,#90,.T.);
#88 = VERTEX_POINT('',#89);
#89 = CARTESIAN_POINT('',(0.,14.916673174306,1.981133601028));
#90 = SURFACE_CURVE('',#91,(#96,#104),.PCURVE_S1.);
#91 = B_SPLINE_CURVE_WITH_KNOTS('',3,(#92,#93,#94,#95),.UNSPECIFIED.,.F.
  ,.F.,(4,4),(0.,1.),.PIECEWISE_BEZIER_KNOTS.);
#92 = CARTESIAN_POINT('',(0.,14.040031454909,1.637979424984));
#93 = CARTESIAN_POINT('',(0.,14.141798238642,1.657626700485));
#94 = CARTESIAN_POINT('',(0.,14.443392331625,1.73131935964));
#95 = CARTESIAN_POINT('',(0.,14.916673174306,1.981133601028));
#96 = PCURVE('',#31,#97);
#97 = DEFINITIONAL_REPRESENTATION('',(#98),#103);
#98 = B_SPLINE_CURVE_WITH_KNOTS('',3,(#99,#100,#101,#102),
  .UNSPECIFIED.,.F.,.F.,(4,4),(0.,1.),.PIECEWISE_BEZIER_KNOTS.);
#99 = CARTESIAN_POINT('',(1.637979424984,-14.0400314549));
#100 = CARTESIAN_POINT('',(1.657626700485,-14.14179823864));
#101 = CARTESIAN_POINT('',(1.73131935964,-14.44339233162));
#102 = CARTESIAN_POINT('',(1.981133601028,-14.9166731743));
#103 = ( GEOMETRIC_REPRESENTATION_CONTEXT(2) 
PARAMETRIC_REPRESENTATION_CONTEXT() REPRESENTATION_CONTEXT('2D SPACE',''
  ) );
#104 = PCURVE('',#105,#113);
#105 = SURFACE_OF_LINEAR_EXTRUSION('',#106,#111);
#106 = B_SPLINE_CURVE_WITH_KNOTS('',3,(#107,#108,#109,#110),
  .UNSPECIFIED.,.F.,.F.,(4,4),(0.,1.),.PIECEWISE_BEZIER_KNOTS.);
#107 = CARTESIAN_POINT('',(0.,14.040031454909,1.637979424984));
#108 = CARTESIAN_POINT('',(0.,14.141798238642,1.657626700485));
#109 = CARTESIAN_POINT('',(0.,14.443392331625,1.73131935964));
#110 = CARTESIAN_POINT('',(0.,14.916673174306,1.981133601028));
#111 = VECTOR('',#112,1.);
#112 = DIRECTION('',(-1.,-0.,-0.));
#113 = DEFINITIONAL_REPRESENTATION('',(#114),#118);
#114 = LINE('',#115,#116);
#115 = CARTESIAN_POINT('',(0.,0.));
#116 = VECTOR('',#117,1.);
#117 = DIRECTION('',(1.,0.));
#118 = ( GEOMETRIC_REPRESENTATION_CONTEXT(2) 
PARAMETRIC_REPRESENTATION_CONTEXT() REPRESENTATION_CONTEXT('2D SPACE',''
  ) );
#119 = ORIENTED_EDGE('',*,*,#120,.T.);
#120 = EDGE_CURVE('',#88,#121,#123,.T.);
#121 = VERTEX_POINT('',#122);
#122 = CARTESIAN_POINT('',(0.,17.09088038712,3.777778630267));
#123 = SURFACE_CURVE('',#124,(#129,#137),.PCURVE_S1.);
#124 = B_SPLINE_CURVE_WITH_KNOTS('',3,(#125,#126,#127,#128),
  .UNSPECIFIED.,.F.,.F.,(4,4),(0.,1.),.PIECEWISE_BEZIER_KNOTS.);
#125 = CARTESIAN_POINT('',(0.,14.916673174306,1.981133601028));
#126 = CARTESIAN_POINT('',(0.,15.479091366926,2.282017098656));
#127 = CARTESIAN_POINT('',(0.,16.250024580218,2.822075104157));
#128 = CARTESIAN_POINT('',(0.,17.09088038712,3.777778630267));
#129 = PCURVE('',#31,#130);
#130 = DEFINITIONAL_REPRESENTATION('',(#131),#136);
#131 = B_SPLINE_CURVE_WITH_KNOTS('',3,(#132,#133,#134,#135),
  .UNSPECIFIED.,.F.,.F.,(4,4),(0.,1.),.PIECEWISE_BEZIER_KNOTS.);
#132 = CARTESIAN_POINT('',(1.981133601028,-14.9166731743));
#133 = CARTESIAN_POINT('',(2.282017098656,-15.47909136692));
#134 = CARTESIAN_POINT('',(2.822075104157,-16.25002458021));
#135 = CARTESIAN_POINT('',(3.777778630267,-17.09088038712));
#136 = ( GEOMETRIC_REPRESENTATION_CONTEXT(2) 
PARAMETRIC_REPRESENTATION_CONTEXT() REPRESENTATION_CONTEXT('2D SPACE',''
  ) );
#137 = PCURVE('',#138,#146);
#138 = SURFACE_OF_LINEAR_EXTRUSION('',#139,#144);
#139 = B_SPLINE_CURVE_WITH_KNOTS('',3,(#140,#141,#142,#143),
  .UNSPECIFIED.,.F.,.F.,(4,4),(0.,1.),.PIECEWISE_BEZIER_KNOTS.);
#140 = CARTESIAN_POINT('',(0.,14.916673174306,1.981133601028));
#141 = CARTESIAN_POINT('',(0.,15.479091366926,2.282017098656));
#142 = CARTESIAN_POINT('',(0.,16.250024580218,2.822075104157));
#143 = CARTESIAN_POINT('',(0.,17.09088038712,3.777778630267));
#144 = VECTOR('',#145,1.);
#145 = DIRECTION('',(-1.,-0.,-0.));
#146 = DEFINITIONAL_REPRESENTATION('',(#147),#151);
#147 = LINE('',#148,#149);
#148 = CARTESIAN_POINT('',(0.,0.));
#149 = VECTOR('',#150,1.);
#150 = DIRECTION('',(1.,0.));
#151 = ( GEOMETRIC_REPRESENTATION_CONTEXT(2) 
PARAMETRIC_REPRESENTATION_CONTEXT() REPRESENTATION_CONTEXT('2D SPACE',''
  ) );
#152 = ORIENTED_EDGE('',*,*,#153,.T.);
#153 = EDGE_CURVE('',#121,#154,#156,.T.);
#154 = VERTEX_POINT('',#155);
#155 = CARTESIAN_POINT('',(0.,16.68627109302,5.274311046028));
#156 = SURFACE_CURVE('',#157,(#162,#169),.PCURVE_S1.);
#157 = CIRCLE('',#158,17.5);
#158 = AXIS2_PLACEMENT_3D('',#159,#160,#161);
#159 = CARTESIAN_POINT('',(0.,1.169724025008E-02,-3.686460805682E-02));
#160 = DIRECTION('',(1.,0.,-0.));
#161 = DIRECTION('',(0.,0.975953322678,0.217979613618));
#162 = PCURVE('',#31,#163);
#163 = DEFINITIONAL_REPRESENTATION('',(#164),#168);
#164 = CIRCLE('',#165,17.5);
#165 = AXIS2_PLACEMENT_2D('',#166,#167);
#166 = CARTESIAN_POINT('',(-3.686460805682E-02,-1.169724025008E-02));
#167 = DIRECTION('',(0.217979613618,-0.975953322678));
#168 = ( GEOMETRIC_REPRESENTATION_CONTEXT(2) 
PARAMETRIC_REPRESENTATION_CONTEXT() REPRESENTATION_CONTEXT('2D SPACE',''
  ) );
#169 = PCURVE('',#170,#175);
#170 = CYLINDRICAL_SURFACE('',#171,17.5);
#171 = AXIS2_PLACEMENT_3D('',#172,#173,#174);
#172 = CARTESIAN_POINT('',(0.,1.169724025008E-02,-3.686460805682E-02));
#173 = DIRECTION('',(-1.,0.,0.));
#174 = DIRECTION('',(0.,0.975953322678,0.217979613618));
#175 = DEFINITIONAL_REPRESENTATION('',(#176),#180);
#176 = LINE('',#177,#178);
#177 = CARTESIAN_POINT('',(-0.,0.));
#178 = VECTOR('',#179,1.);
#179 = DIRECTION('',(-1.,0.));
#180 = ( GEOMETRIC_REPRESENTATION_CONTEXT(2) 
PARAMETRIC_REPRESENTATION_CONTEXT() REPRESENTATION_CONTEXT('2D SPACE',''
  ) );
#181 = ORIENTED_EDGE('',*,*,#182,.T.);
#182 = EDGE_CURVE('',#154,#183,#185,.T.);
#183 = VERTEX_POINT('',#184);
#184 = CARTESIAN_POINT('',(0.,13.908784709413,5.742624560372));
#185 = SURFACE_CURVE('',#186,(#191,#199),.PCURVE_S1.);
#186 = B_SPLINE_CURVE_WITH_KNOTS('',3,(#187,#188,#189,#190),
  .UNSPECIFIED.,.F.,.F.,(4,4),(0.,1.),.PIECEWISE_BEZIER_KNOTS.);
#187 = CARTESIAN_POINT('',(0.,16.68627109302,5.274311046028));
#188 = CARTESIAN_POINT('',(0.,15.483971650669,5.681023558521));
#189 = CARTESIAN_POINT('',(0.,14.546294900587,5.763260904156));
#190 = CARTESIAN_POINT('',(0.,13.908784709413,5.742624560372));
#191 = PCURVE('',#31,#192);
#192 = DEFINITIONAL_REPRESENTATION('',(#193),#198);
#193 = B_SPLINE_CURVE_WITH_KNOTS('',3,(#194,#195,#196,#197),
  .UNSPECIFIED.,.F.,.F.,(4,4),(0.,1.),.PIECEWISE_BEZIER_KNOTS.);
#194 = CARTESIAN_POINT('',(5.274311046028,-16.68627109302));
#195 = CARTESIAN_POINT('',(5.681023558521,-15.48397165066));
#196 = CARTESIAN_POINT('',(5.763260904156,-14.54629490058));
#197 = CARTESIAN_POINT('',(5.742624560372,-13.90878470941));
#198 = ( GEOMETRIC_REPRESENTATION_CONTEXT(2) 
PARAMETRIC_REPRESENTATION_CONTEXT() REPRESENTATION_CONTEXT('2D SPACE',''
  ) );
#199 = PCURVE('',#200,#208);
#200 = SURFACE_OF_LINEAR_EXTRUSION('',#201,#206);
#201 = B_SPLINE_CURVE_WITH_KNOTS('',3,(#202,#203,#204,#205),
  .UNSPECIFIED.,.F.,.F.,(4,4),(0.,1.),.PIECEWISE_BEZIER_KNOTS.);
#202 = CARTESIAN_POINT('',(0.,16.68627109302,5.274311046028));
#203 = CARTESIAN_POINT('',(0.,15.483971650669,5.681023558521));
#204 = CARTESIAN_POINT('',(0.,14.546294900587,5.763260904156));
#205 = CARTESIAN_POINT('',(0.,13.908784709413,5.742624560372));
#206 = VECTOR('',#207,1.);
#207 = DIRECTION('',(-1.,-0.,-0.));
#208 = DEFINITIONAL_REPRESENTATION('',(#209),#213);
#209 = LINE('',#210,#211);
#210 = CARTESIAN_POINT('',(0.,0.));
#211 = VECTOR('',#212,1.);
#212 = DIRECTION('',(1.,0.));
#213 = ( GEOMETRIC_REPRESENTATION_CONTEXT(2) 
PARAMETRIC_REPRESENTATION_CONTEXT() REPRESENTATION_CONTEXT('2D SPACE',''
  ) );
#214 = ORIENTED_EDGE('',*,*,#215,.T.);
#215 = EDGE_CURVE('',#183,#216,#218,.T.);
#216 = VERTEX_POINT('',#217);
#217 = CARTESIAN_POINT('',(0.,12.978013622375,5.601483934542));
#218 = SURFACE_CURVE('',#219,(#224,#232),.PCURVE_S1.);
#219 = B_SPLINE_CURVE_WITH_KNOTS('',3,(#220,#221,#222,#223),
  .UNSPECIFIED.,.F.,.F.,(4,4),(0.,1.),.PIECEWISE_BEZIER_KNOTS.);
#220 = CARTESIAN_POINT('',(0.,13.908784709413,5.742624560372));
#221 = CARTESIAN_POINT('',(0.,13.374004355833,5.7223296183));
#222 = CARTESIAN_POINT('',(0.,13.0759698801,5.635352286709));
#223 = CARTESIAN_POINT('',(0.,12.978013622375,5.601483934542));
#224 = PCURVE('',#31,#225);
#225 = DEFINITIONAL_REPRESENTATION('',(#226),#231);
#226 = B_SPLINE_CURVE_WITH_KNOTS('',3,(#227,#228,#229,#230),
  .UNSPECIFIED.,.F.,.F.,(4,4),(0.,1.),.PIECEWISE_BEZIER_KNOTS.);
#227 = CARTESIAN_POINT('',(5.742624560372,-13.90878470941));
#228 = CARTESIAN_POINT('',(5.7223296183,-13.37400435583));
#229 = CARTESIAN_POINT('',(5.635352286709,-13.0759698801));
#230 = CARTESIAN_POINT('',(5.601483934542,-12.97801362237));
#231 = ( GEOMETRIC_REPRESENTATION_CONTEXT(2) 
PARAMETRIC_REPRESENTATION_CONTEXT() REPRESENTATION_CONTEXT('2D SPACE',''
  ) );
#232 = PCURVE('',#233,#241);
#233 = SURFACE_OF_LINEAR_EXTRUSION('',#234,#239);
#234 = B_SPLINE_CURVE_WITH_KNOTS('',3,(#235,#236,#237,#238),
  .UNSPECIFIED.,.F.,.F.,(4,4),(0.,1.),.PIECEWISE_BEZIER_KNOTS.);
#235 = CARTESIAN_POINT('',(0.,13.908784709413,5.742624560372));
#236 = CARTESIAN_POINT('',(0.,13.374004355833,5.7223296183));
#237 = CARTESIAN_POINT('',(0.,13.0759698801,5.635352286709));
#238 = CARTESIAN_POINT('',(0.,12.978013622375,5.601483934542));
#239 = VECTOR('',#240,1.);
#240 = DIRECTION('',(-1.,-0.,-0.));
#241 = DEFINITIONAL_REPRESENTATION('',(#242),#246);
#242 = LINE('',#243,#244);
#243 = CARTESIAN_POINT('',(0.,0.));
#244 = VECTOR('',#245,1.);
#245 = DIRECTION('',(1.,0.));
#246 = ( GEOMETRIC_REPRESENTATION_CONTEXT(2) 
PARAMETRIC_REPRESENTATION_CONTEXT() REPRESENTATION_CONTEXT('2D SPACE',''
  ) );
#247 = ORIENTED_EDGE('',*,*,#248,.T.);
#248 = EDGE_CURVE('',#216,#249,#251,.T.);
#249 = VERTEX_POINT('',#250);
#250 = CARTESIAN_POINT('',(0.,11.774292242467,5.083961761165));
#251 = SURFACE_CURVE('',#252,(#256,#263),.PCURVE_S1.);
#252 = LINE('',#253,#254);
#253 = CARTESIAN_POINT('',(0.,12.978013622375,5.601483934542));
#254 = VECTOR('',#255,1.);
#255 = DIRECTION('',(0.,-0.918690795272,-0.394977496426));
#256 = PCURVE('',#31,#257);
#257 = DEFINITIONAL_REPRESENTATION('',(#258),#262);
#258 = LINE('',#259,#260);
#259 = CARTESIAN_POINT('',(5.601483934542,-12.97801362237));
#260 = VECTOR('',#261,1.);
#261 = DIRECTION('',(-0.394977496426,0.918690795272));
#262 = ( GEOMETRIC_REPRESENTATION_CONTEXT(2) 
PARAMETRIC_REPRESENTATION_CONTEXT() REPRESENTATION_CONTEXT('2D SPACE',''
  ) );
#263 = PCURVE('',#264,#269);
#264 = PLANE('',#265);
#265 = AXIS2_PLACEMENT_3D('',#266,#267,#268);
#266 = CARTESIAN_POINT('',(0.,12.978013622375,5.601483934542));
#267 = DIRECTION('',(0.,0.394977496426,-0.918690795272));
#268 = DIRECTION('',(0.,-0.918690795272,-0.394977496426));
#269 = DEFINITIONAL_REPRESENTATION('',(#270),#274);
#270 = LINE('',#271,#272);
#271 = CARTESIAN_POINT('',(-1.631922677475E-15,0.));
#272 = VECTOR('',#273,1.);
#273 = DIRECTION('',(1.,0.));
#274 = ( GEOMETRIC_REPRESENTATION_CONTEXT(2) 
PARAMETRIC_REPRESENTATION_CONTEXT() REPRESENTATION_CONTEXT('2D SPACE',''
  ) );
#275 = ORIENTED_EDGE('',*,*,#276,.T.);
#276 = EDGE_CURVE('',#249,#277,#279,.T.);
#277 = VERTEX_POINT('',#278);
#278 = CARTESIAN_POINT('',(0.,10.524593667194,5.499868465742));
#279 = SURFACE_CURVE('',#280,(#285,#296),.PCURVE_S1.);
#280 = CIRCLE('',#281,0.95);
#281 = AXIS2_PLACEMENT_3D('',#282,#283,#284);
#282 = CARTESIAN_POINT('',(0.,11.365656605287,5.941584589701));
#283 = DIRECTION('',(-1.,0.,0.));
#284 = DIRECTION('',(0.,0.430142775978,-0.902760872144));
#285 = PCURVE('',#31,#286);
#286 = DEFINITIONAL_REPRESENTATION('',(#287),#295);
#287 = ( BOUNDED_CURVE() B_SPLINE_CURVE(2,(#288,#289,#290,#291,#292,#293
,#294),.UNSPECIFIED.,.T.,.F.) B_SPLINE_CURVE_WITH_KNOTS((1,2,2,2,2,1),(
    -2.094395102393,0.,2.094395102393,4.188790204786,6.28318530718,
8.377580409573),.UNSPECIFIED.) CURVE() GEOMETRIC_REPRESENTATION_ITEM() 
RATIONAL_B_SPLINE_CURVE((1.,0.5,1.,0.5,1.,0.5,1.)) REPRESENTATION_ITEM(
  '') );
#288 = CARTESIAN_POINT('',(5.083961761165,-11.77429224246));
#289 = CARTESIAN_POINT('',(4.376184075787,-10.28884592971));
#290 = CARTESIAN_POINT('',(6.01650716128,-10.41861563032));
#291 = CARTESIAN_POINT('',(7.656830246774,-10.54838533092));
#292 = CARTESIAN_POINT('',(6.724284846659,-11.90406194307));
#293 = CARTESIAN_POINT('',(5.791739446543,-13.25973855522));
#294 = CARTESIAN_POINT('',(5.083961761165,-11.77429224246));
#295 = ( GEOMETRIC_REPRESENTATION_CONTEXT(2) 
PARAMETRIC_REPRESENTATION_CONTEXT() REPRESENTATION_CONTEXT('2D SPACE',''
  ) );
#296 = PCURVE('',#297,#302);
#297 = CYLINDRICAL_SURFACE('',#298,0.95);
#298 = AXIS2_PLACEMENT_3D('',#299,#300,#301);
#299 = CARTESIAN_POINT('',(0.,11.365656605287,5.941584589701));
#300 = DIRECTION('',(-1.,0.,0.));
#301 = DIRECTION('',(0.,0.430142775978,-0.902760872144));
#302 = DEFINITIONAL_REPRESENTATION('',(#303),#307);
#303 = LINE('',#304,#305);
#304 = CARTESIAN_POINT('',(0.,0.));
#305 = VECTOR('',#306,1.);
#306 = DIRECTION('',(1.,0.));
#307 = ( GEOMETRIC_REPRESENTATION_CONTEXT(2) 
PARAMETRIC_REPRESENTATION_CONTEXT() REPRESENTATION_CONTEXT('2D SPACE',''
  ) );
#308 = ORIENTED_EDGE('',*,*,#309,.T.);
#309 = EDGE_CURVE('',#277,#310,#312,.T.);
#310 = VERTEX_POINT('',#311);
#311 = CARTESIAN_POINT('',(0.,10.025322642402,6.364631247428));
#312 = SURFACE_CURVE('',#313,(#318,#325),.PCURVE_S1.);
#313 = CIRCLE('',#314,11.874999999998);
#314 = AXIS2_PLACEMENT_3D('',#315,#316,#317);
#315 = CARTESIAN_POINT('',(0.,1.76473546019E-12,1.039051984479E-12));
#316 = DIRECTION('',(1.,0.,-0.));
#317 = DIRECTION('',(0.,0.886281571974,0.463146818168));
#318 = PCURVE('',#31,#319);
#319 = DEFINITIONAL_REPRESENTATION('',(#320),#324);
#320 = CIRCLE('',#321,11.874999999998);
#321 = AXIS2_PLACEMENT_2D('',#322,#323);
#322 = CARTESIAN_POINT('',(1.040251984479E-12,-1.76758546019E-12));
#323 = DIRECTION('',(0.463146818168,-0.886281571974));
#324 = ( GEOMETRIC_REPRESENTATION_CONTEXT(2) 
PARAMETRIC_REPRESENTATION_CONTEXT() REPRESENTATION_CONTEXT('2D SPACE',''
  ) );
#325 = PCURVE('',#326,#331);
#326 = CYLINDRICAL_SURFACE('',#327,11.874999999998);
#327 = AXIS2_PLACEMENT_3D('',#328,#329,#330);
#328 = CARTESIAN_POINT('',(0.,1.76474E-12,1.03905E-12));
#329 = DIRECTION('',(-1.,0.,0.));
#330 = DIRECTION('',(0.,0.886281571974,0.463146818168));
#331 = DEFINITIONAL_REPRESENTATION('',(#332),#336);
#332 = LINE('',#333,#334);
#333 = CARTESIAN_POINT('',(-0.,0.));
#334 = VECTOR('',#335,1.);
#335 = DIRECTION('',(-1.,0.));
#336 = ( GEOMETRIC_REPRESENTATION_CONTEXT(2) 
PARAMETRIC_REPRESENTATION_CONTEXT() REPRESENTATION_CONTEXT('2D SPACE',''
  ) );
#337 = ORIENTED_EDGE('',*,*,#338,.T.);
#338 = EDGE_CURVE('',#310,#339,#341,.T.);
#339 = VERTEX_POINT('',#340);
#340 = CARTESIAN_POINT('',(0.,10.289986158271,7.654855312976));
#341 = SURFACE_CURVE('',#342,(#347,#358),.PCURVE_S1.);
#342 = CIRCLE('',#343,0.95);
#343 = AXIS2_PLACEMENT_3D('',#344,#345,#346);
#344 = CARTESIAN_POINT('',(0.,10.828391496059,6.872155056019));
#345 = DIRECTION('',(-1.,0.,0.));
#346 = DIRECTION('',(-0.,-0.845335635428,-0.534235587991));
#347 = PCURVE('',#31,#348);
#348 = DEFINITIONAL_REPRESENTATION('',(#349),#357);
#349 = ( BOUNDED_CURVE() B_SPLINE_CURVE(2,(#350,#351,#352,#353,#354,#355
,#356),.UNSPECIFIED.,.T.,.F.) B_SPLINE_CURVE_WITH_KNOTS((1,2,2,2,2,1),(
    -2.094395102393,0.,2.094395102393,4.188790204786,6.28318530718,
8.377580409573),.UNSPECIFIED.) CURVE() GEOMETRIC_REPRESENTATION_ITEM() 
RATIONAL_B_SPLINE_CURVE((1.,0.5,1.,0.5,1.,0.5,1.)) REPRESENTATION_ITEM(
  '') );
#350 = CARTESIAN_POINT('',(6.364631247428,-10.0253226424));
#351 = CARTESIAN_POINT('',(7.755587303937,-9.146265619872));
#352 = CARTESIAN_POINT('',(7.821394988569,-10.79039741162));
#353 = CARTESIAN_POINT('',(7.887202673201,-12.43452920337));
#354 = CARTESIAN_POINT('',(6.430438932059,-11.66945443415));
#355 = CARTESIAN_POINT('',(4.973675190918,-10.90437966493));
#356 = CARTESIAN_POINT('',(6.364631247428,-10.0253226424));
#357 = ( GEOMETRIC_REPRESENTATION_CONTEXT(2) 
PARAMETRIC_REPRESENTATION_CONTEXT() REPRESENTATION_CONTEXT('2D SPACE',''
  ) );
#358 = PCURVE('',#359,#364);
#359 = CYLINDRICAL_SURFACE('',#360,0.95);
#360 = AXIS2_PLACEMENT_3D('',#361,#362,#363);
#361 = CARTESIAN_POINT('',(0.,10.828391496059,6.872155056019));
#362 = DIRECTION('',(-1.,0.,0.));
#363 = DIRECTION('',(-0.,-0.845335635428,-0.534235587991));
#364 = DEFINITIONAL_REPRESENTATION('',(#365),#369);
#365 = LINE('',#366,#367);
#366 = CARTESIAN_POINT('',(0.,0.));
#367 = VECTOR('',#368,1.);
#368 = DIRECTION('',(1.,0.));
#369 = ( GEOMETRIC_REPRESENTATION_CONTEXT(2) 
PARAMETRIC_REPRESENTATION_CONTEXT() REPRESENTATION_CONTEXT('2D SPACE',''
  ) );
#370 = ORIENTED_EDGE('',*,*,#371,.T.);
#371 = EDGE_CURVE('',#339,#372,#374,.T.);
#372 = VERTEX_POINT('',#373);
#373 = CARTESIAN_POINT('',(0.,11.340034197391,8.438547520367));
#374 = SURFACE_CURVE('',#375,(#379,#386),.PCURVE_S1.);
#375 = LINE('',#376,#377);
#376 = CARTESIAN_POINT('',(0.,10.289986158271,7.654855312976));
#377 = VECTOR('',#378,1.);
#378 = DIRECTION('',(0.,0.801405943464,0.598120818715));
#379 = PCURVE('',#31,#380);
#380 = DEFINITIONAL_REPRESENTATION('',(#381),#385);
#381 = LINE('',#382,#383);
#382 = CARTESIAN_POINT('',(7.654855312976,-10.28998615827));
#383 = VECTOR('',#384,1.);
#384 = DIRECTION('',(0.598120818715,-0.801405943464));
#385 = ( GEOMETRIC_REPRESENTATION_CONTEXT(2) 
PARAMETRIC_REPRESENTATION_CONTEXT() REPRESENTATION_CONTEXT('2D SPACE',''
  ) );
#386 = PCURVE('',#387,#392);
#387 = PLANE('',#388);
#388 = AXIS2_PLACEMENT_3D('',#389,#390,#391);
#389 = CARTESIAN_POINT('',(0.,10.289986158271,7.654855312976));
#390 = DIRECTION('',(0.,-0.598120818715,0.801405943464));
#391 = DIRECTION('',(0.,0.801405943464,0.598120818715));
#392 = DEFINITIONAL_REPRESENTATION('',(#393),#397);
#393 = LINE('',#394,#395);
#394 = CARTESIAN_POINT('',(0.,0.));
#395 = VECTOR('',#396,1.);
#396 = DIRECTION('',(1.,0.));
#397 = ( GEOMETRIC_REPRESENTATION_CONTEXT(2) 
PARAMETRIC_REPRESENTATION_CONTEXT() REPRESENTATION_CONTEXT('2D SPACE',''
  ) );
#398 = ORIENTED_EDGE('',*,*,#399,.T.);
#399 = EDGE_CURVE('',#372,#400,#402,.T.);
#400 = VERTEX_POINT('',#401);
#401 = CARTESIAN_POINT('',(0.,11.927651108385,9.174048613935));
#402 = SURFACE_CURVE('',#403,(#408,#416),.PCURVE_S1.);
#403 = B_SPLINE_CURVE_WITH_KNOTS('',3,(#404,#405,#406,#407),
  .UNSPECIFIED.,.F.,.F.,(4,4),(0.,1.),.PIECEWISE_BEZIER_KNOTS.);
#404 = CARTESIAN_POINT('',(0.,11.340034197391,8.438547520367));
#405 = CARTESIAN_POINT('',(0.,11.418343179615,8.506445951932));
#406 = CARTESIAN_POINT('',(0.,11.642684996192,8.721062713325));
#407 = CARTESIAN_POINT('',(0.,11.927651108385,9.174048613935));
#408 = PCURVE('',#31,#409);
#409 = DEFINITIONAL_REPRESENTATION('',(#410),#415);
#410 = B_SPLINE_CURVE_WITH_KNOTS('',3,(#411,#412,#413,#414),
  .UNSPECIFIED.,.F.,.F.,(4,4),(0.,1.),.PIECEWISE_BEZIER_KNOTS.);
#411 = CARTESIAN_POINT('',(8.438547520367,-11.34003419739));
#412 = CARTESIAN_POINT('',(8.506445951932,-11.41834317961));
#413 = CARTESIAN_POINT('',(8.721062713325,-11.64268499619));
#414 = CARTESIAN_POINT('',(9.174048613935,-11.92765110838));
#415 = ( GEOMETRIC_REPRESENTATION_CONTEXT(2) 
PARAMETRIC_REPRESENTATION_CONTEXT() REPRESENTATION_CONTEXT('2D SPACE',''
  ) );
#416 = PCURVE('',#417,#425);
#417 = SURFACE_OF_LINEAR_EXTRUSION('',#418,#423);
#418 = B_SPLINE_CURVE_WITH_KNOTS('',3,(#419,#420,#421,#422),
  .UNSPECIFIED.,.F.,.F.,(4,4),(0.,1.),.PIECEWISE_BEZIER_KNOTS.);
#419 = CARTESIAN_POINT('',(0.,11.340034197391,8.438547520367));
#420 = CARTESIAN_POINT('',(0.,11.418343179615,8.506445951932));
#421 = CARTESIAN_POINT('',(0.,11.642684996192,8.721062713325));
#422 = CARTESIAN_POINT('',(0.,11.927651108385,9.174048613935));
#423 = VECTOR('',#424,1.);
#424 = DIRECTION('',(-1.,-0.,-0.));
#425 = DEFINITIONAL_REPRESENTATION('',(#426),#430);
#426 = LINE('',#427,#428);
#427 = CARTESIAN_POINT('',(0.,0.));
#428 = VECTOR('',#429,1.);
#429 = DIRECTION('',(1.,0.));
#430 = ( GEOMETRIC_REPRESENTATION_CONTEXT(2) 
PARAMETRIC_REPRESENTATION_CONTEXT() REPRESENTATION_CONTEXT('2D SPACE',''
  ) );
#431 = ORIENTED_EDGE('',*,*,#432,.T.);
#432 = EDGE_CURVE('',#400,#433,#435,.T.);
#433 = VERTEX_POINT('',#434);
#434 = CARTESIAN_POINT('',(0.,12.912247273154,11.817092457245));
#435 = SURFACE_CURVE('',#436,(#441,#449),.PCURVE_S1.);
#436 = B_SPLINE_CURVE_WITH_KNOTS('',3,(#437,#438,#439,#440),
  .UNSPECIFIED.,.F.,.F.,(4,4),(0.,1.),.PIECEWISE_BEZIER_KNOTS.);
#437 = CARTESIAN_POINT('',(0.,11.927651108385,9.174048613935));
#438 = CARTESIAN_POINT('',(0.,12.26427780193,9.71583046277));
#439 = CARTESIAN_POINT('',(0.,12.661896546512,10.569001021696));
#440 = CARTESIAN_POINT('',(0.,12.912247273154,11.817092457245));
#441 = PCURVE('',#31,#442);
#442 = DEFINITIONAL_REPRESENTATION('',(#443),#448);
#443 = B_SPLINE_CURVE_WITH_KNOTS('',3,(#444,#445,#446,#447),
  .UNSPECIFIED.,.F.,.F.,(4,4),(0.,1.),.PIECEWISE_BEZIER_KNOTS.);
#444 = CARTESIAN_POINT('',(9.174048613935,-11.92765110838));
#445 = CARTESIAN_POINT('',(9.71583046277,-12.26427780193));
#446 = CARTESIAN_POINT('',(10.569001021696,-12.66189654651));
#447 = CARTESIAN_POINT('',(11.817092457245,-12.91224727315));
#448 = ( GEOMETRIC_REPRESENTATION_CONTEXT(2) 
PARAMETRIC_REPRESENTATION_CONTEXT() REPRESENTATION_CONTEXT('2D SPACE',''
  ) );
#449 = PCURVE('',#450,#458);
#450 = SURFACE_OF_LINEAR_EXTRUSION('',#451,#456);
#451 = B_SPLINE_CURVE_WITH_KNOTS('',3,(#452,#453,#454,#455),
  .UNSPECIFIED.,.F.,.F.,(4,4),(0.,1.),.PIECEWISE_BEZIER_KNOTS.);
#452 = CARTESIAN_POINT('',(0.,11.927651108385,9.174048613935));
#453 = CARTESIAN_POINT('',(0.,12.26427780193,9.71583046277));
#454 = CARTESIAN_POINT('',(0.,12.661896546512,10.569001021696));
#455 = CARTESIAN_POINT('',(0.,12.912247273154,11.817092457245));
#456 = VECTOR('',#457,1.);
#457 = DIRECTION('',(-1.,-0.,-0.));
#458 = DEFINITIONAL_REPRESENTATION('',(#459),#463);
#459 = LINE('',#460,#461);
#460 = CARTESIAN_POINT('',(0.,0.));
#461 = VECTOR('',#462,1.);
#462 = DIRECTION('',(1.,0.));
#463 = ( GEOMETRIC_REPRESENTATION_CONTEXT(2) 
PARAMETRIC_REPRESENTATION_CONTEXT() REPRESENTATION_CONTEXT('2D SPACE',''
  ) );
#464 = ORIENTED_EDGE('',*,*,#465,.T.);
#465 = EDGE_CURVE('',#433,#466,#468,.T.);
#466 = VERTEX_POINT('',#467);
#467 = CARTESIAN_POINT('',(0.,11.813579137975,12.910822899831));
#468 = SURFACE_CURVE('',#469,(#474,#481),.PCURVE_S1.);
#469 = CIRCLE('',#470,17.500000000002);
#470 = AXIS2_PLACEMENT_3D('',#471,#472,#473);
#471 = CARTESIAN_POINT('',(0.,2.856241123781E-02,-2.607706695404E-02));
#472 = DIRECTION('',(1.,0.,-0.));
#473 = DIRECTION('',(0.,0.736210563538,0.67675254424));
#474 = PCURVE('',#31,#475);
#475 = DEFINITIONAL_REPRESENTATION('',(#476),#480);
#476 = CIRCLE('',#477,17.500000000002);
#477 = AXIS2_PLACEMENT_2D('',#478,#479);
#478 = CARTESIAN_POINT('',(-2.607706695404E-02,-2.856241123782E-02));
#479 = DIRECTION('',(0.67675254424,-0.736210563538));
#480 = ( GEOMETRIC_REPRESENTATION_CONTEXT(2) 
PARAMETRIC_REPRESENTATION_CONTEXT() REPRESENTATION_CONTEXT('2D SPACE',''
  ) );
#481 = PCURVE('',#482,#487);
#482 = CYLINDRICAL_SURFACE('',#483,17.500000000002);
#483 = AXIS2_PLACEMENT_3D('',#484,#485,#486);
#484 = CARTESIAN_POINT('',(0.,2.856241123781E-02,-2.607706695404E-02));
#485 = DIRECTION('',(-1.,0.,0.));
#486 = DIRECTION('',(0.,0.736210563538,0.67675254424));
#487 = DEFINITIONAL_REPRESENTATION('',(#488),#492);
#488 = LINE('',#489,#490);
#489 = CARTESIAN_POINT('',(-0.,0.));
#490 = VECTOR('',#491,1.);
#491 = DIRECTION('',(-1.,0.));
#492 = ( GEOMETRIC_REPRESENTATION_CONTEXT(2) 
PARAMETRIC_REPRESENTATION_CONTEXT() REPRESENTATION_CONTEXT('2D SPACE',''
  ) );
#493 = ORIENTED_EDGE('',*,*,#494,.T.);
#494 = EDGE_CURVE('',#466,#495,#497,.T.);
#495 = VERTEX_POINT('',#496);
#496 = CARTESIAN_POINT('',(0.,9.174048613935,11.927651108385));
#497 = SURFACE_CURVE('',#498,(#503,#511),.PCURVE_S1.);
#498 = B_SPLINE_CURVE_WITH_KNOTS('',3,(#499,#500,#501,#502),
  .UNSPECIFIED.,.F.,.F.,(4,4),(0.,1.),.PIECEWISE_BEZIER_KNOTS.);
#499 = CARTESIAN_POINT('',(0.,11.813579137975,12.910822899831));
#500 = CARTESIAN_POINT('',(0.,10.569001021696,12.661896546512));
#501 = CARTESIAN_POINT('',(0.,9.71583046277,12.26427780193));
#502 = CARTESIAN_POINT('',(0.,9.174048613935,11.927651108385));
#503 = PCURVE('',#31,#504);
#504 = DEFINITIONAL_REPRESENTATION('',(#505),#510);
#505 = B_SPLINE_CURVE_WITH_KNOTS('',3,(#506,#507,#508,#509),
  .UNSPECIFIED.,.F.,.F.,(4,4),(0.,1.),.PIECEWISE_BEZIER_KNOTS.);
#506 = CARTESIAN_POINT('',(12.910822899831,-11.81357913797));
#507 = CARTESIAN_POINT('',(12.661896546512,-10.56900102169));
#508 = CARTESIAN_POINT('',(12.26427780193,-9.71583046277));
#509 = CARTESIAN_POINT('',(11.927651108385,-9.174048613935));
#510 = ( GEOMETRIC_REPRESENTATION_CONTEXT(2) 
PARAMETRIC_REPRESENTATION_CONTEXT() REPRESENTATION_CONTEXT('2D SPACE',''
  ) );
#511 = PCURVE('',#512,#520);
#512 = SURFACE_OF_LINEAR_EXTRUSION('',#513,#518);
#513 = B_SPLINE_CURVE_WITH_KNOTS('',3,(#514,#515,#516,#517),
  .UNSPECIFIED.,.F.,.F.,(4,4),(0.,1.),.PIECEWISE_BEZIER_KNOTS.);
#514 = CARTESIAN_POINT('',(0.,11.813579137975,12.910822899831));
#515 = CARTESIAN_POINT('',(0.,10.569001021696,12.661896546512));
#516 = CARTESIAN_POINT('',(0.,9.71583046277,12.26427780193));
#517 = CARTESIAN_POINT('',(0.,9.174048613935,11.927651108385));
#518 = VECTOR('',#519,1.);
#519 = DIRECTION('',(-1.,-0.,-0.));
#520 = DEFINITIONAL_REPRESENTATION('',(#521),#525);
#521 = LINE('',#522,#523);
#522 = CARTESIAN_POINT('',(0.,0.));
#523 = VECTOR('',#524,1.);
#524 = DIRECTION('',(1.,0.));
#525 = ( GEOMETRIC_REPRESENTATION_CONTEXT(2) 
PARAMETRIC_REPRESENTATION_CONTEXT() REPRESENTATION_CONTEXT('2D SPACE',''
  ) );
#526 = ORIENTED_EDGE('',*,*,#527,.T.);
#527 = EDGE_CURVE('',#495,#528,#530,.T.);
#528 = VERTEX_POINT('',#529);
#529 = CARTESIAN_POINT('',(0.,8.438547520367,11.340034197391));
#530 = SURFACE_CURVE('',#531,(#536,#544),.PCURVE_S1.);
#531 = B_SPLINE_CURVE_WITH_KNOTS('',3,(#532,#533,#534,#535),
  .UNSPECIFIED.,.F.,.F.,(4,4),(0.,1.),.PIECEWISE_BEZIER_KNOTS.);
#532 = CARTESIAN_POINT('',(0.,9.174048613935,11.927651108385));
#533 = CARTESIAN_POINT('',(0.,8.721062713325,11.642684996192));
#534 = CARTESIAN_POINT('',(0.,8.506445951932,11.418343179615));
#535 = CARTESIAN_POINT('',(0.,8.438547520367,11.340034197391));
#536 = PCURVE('',#31,#537);
#537 = DEFINITIONAL_REPRESENTATION('',(#538),#543);
#538 = B_SPLINE_CURVE_WITH_KNOTS('',3,(#539,#540,#541,#542),
  .UNSPECIFIED.,.F.,.F.,(4,4),(0.,1.),.PIECEWISE_BEZIER_KNOTS.);
#539 = CARTESIAN_POINT('',(11.927651108385,-9.174048613935));
#540 = CARTESIAN_POINT('',(11.642684996192,-8.721062713325));
#541 = CARTESIAN_POINT('',(11.418343179615,-8.506445951932));
#542 = CARTESIAN_POINT('',(11.340034197391,-8.438547520367));
#543 = ( GEOMETRIC_REPRESENTATION_CONTEXT(2) 
PARAMETRIC_REPRESENTATION_CONTEXT() REPRESENTATION_CONTEXT('2D SPACE',''
  ) );
#544 = PCURVE('',#545,#553);
#545 = SURFACE_OF_LINEAR_EXTRUSION('',#546,#551);
#546 = B_SPLINE_CURVE_WITH_KNOTS('',3,(#547,#548,#549,#550),
  .UNSPECIFIED.,.F.,.F.,(4,4),(0.,1.),.PIECEWISE_BEZIER_KNOTS.);
#547 = CARTESIAN_POINT('',(0.,9.174048613935,11.927651108385));
#548 = CARTESIAN_POINT('',(0.,8.721062713325,11.642684996192));
#549 = CARTESIAN_POINT('',(0.,8.506445951932,11.418343179615));
#550 = CARTESIAN_POINT('',(0.,8.438547520367,11.340034197391));
#551 = VECTOR('',#552,1.);
#552 = DIRECTION('',(-1.,-0.,-0.));
#553 = DEFINITIONAL_REPRESENTATION('',(#554),#558);
#554 = LINE('',#555,#556);
#555 = CARTESIAN_POINT('',(0.,0.));
#556 = VECTOR('',#557,1.);
#557 = DIRECTION('',(1.,0.));
#558 = ( GEOMETRIC_REPRESENTATION_CONTEXT(2) 
PARAMETRIC_REPRESENTATION_CONTEXT() REPRESENTATION_CONTEXT('2D SPACE',''
  ) );
#559 = ORIENTED_EDGE('',*,*,#560,.T.);
#560 = EDGE_CURVE('',#528,#561,#563,.T.);
#561 = VERTEX_POINT('',#562);
#562 = CARTESIAN_POINT('',(0.,7.654855312976,10.289986158271));
#563 = SURFACE_CURVE('',#564,(#568,#575),.PCURVE_S1.);
#564 = LINE('',#565,#566);
#565 = CARTESIAN_POINT('',(0.,8.438547520367,11.340034197391));
#566 = VECTOR('',#567,1.);
#567 = DIRECTION('',(0.,-0.598120818715,-0.801405943464));
#568 = PCURVE('',#31,#569);
#569 = DEFINITIONAL_REPRESENTATION('',(#570),#574);
#570 = LINE('',#571,#572);
#571 = CARTESIAN_POINT('',(11.340034197391,-8.438547520367));
#572 = VECTOR('',#573,1.);
#573 = DIRECTION('',(-0.801405943464,0.598120818715));
#574 = ( GEOMETRIC_REPRESENTATION_CONTEXT(2) 
PARAMETRIC_REPRESENTATION_CONTEXT() REPRESENTATION_CONTEXT('2D SPACE',''
  ) );
#575 = PCURVE('',#576,#581);
#576 = PLANE('',#577);
#577 = AXIS2_PLACEMENT_3D('',#578,#579,#580);
#578 = CARTESIAN_POINT('',(0.,8.438547520367,11.340034197391));
#579 = DIRECTION('',(0.,0.801405943464,-0.598120818715));
#580 = DIRECTION('',(0.,-0.598120818715,-0.801405943464));
#581 = DEFINITIONAL_REPRESENTATION('',(#582),#586);
#582 = LINE('',#583,#584);
#583 = CARTESIAN_POINT('',(0.,0.));
#584 = VECTOR('',#585,1.);
#585 = DIRECTION('',(1.,0.));
#586 = ( GEOMETRIC_REPRESENTATION_CONTEXT(2) 
PARAMETRIC_REPRESENTATION_CONTEXT() REPRESENTATION_CONTEXT('2D SPACE',''
  ) );
#587 = ORIENTED_EDGE('',*,*,#588,.T.);
#588 = EDGE_CURVE('',#561,#589,#591,.T.);
#589 = VERTEX_POINT('',#590);
#590 = CARTESIAN_POINT('',(0.,6.364631247428,10.025322642402));
#591 = SURFACE_CURVE('',#592,(#597,#608),.PCURVE_S1.);
#592 = CIRCLE('',#593,0.95);
#593 = AXIS2_PLACEMENT_3D('',#594,#595,#596);
#594 = CARTESIAN_POINT('',(0.,6.872155056019,10.828391496059));
#595 = DIRECTION('',(-1.,0.,-0.));
#596 = DIRECTION('',(0.,0.823895007324,-0.56674246083));
#597 = PCURVE('',#31,#598);
#598 = DEFINITIONAL_REPRESENTATION('',(#599),#607);
#599 = ( BOUNDED_CURVE() B_SPLINE_CURVE(2,(#600,#601,#602,#603,#604,#605
,#606),.UNSPECIFIED.,.T.,.F.) B_SPLINE_CURVE_WITH_KNOTS((1,2,2,2,2,1),(
    -2.094395102393,0.,2.094395102393,4.188790204786,6.28318530718,
8.377580409573),.UNSPECIFIED.) CURVE() GEOMETRIC_REPRESENTATION_ITEM() 
RATIONAL_B_SPLINE_CURVE((1.,0.5,1.,0.5,1.,0.5,1.)) REPRESENTATION_ITEM(
  '') );
#600 = CARTESIAN_POINT('',(10.289986158271,-7.654855312976));
#601 = CARTESIAN_POINT('',(8.934309546123,-6.72230991286));
#602 = CARTESIAN_POINT('',(10.41975585888,-6.014532227482));
#603 = CARTESIAN_POINT('',(11.905202171636,-5.306754542104));
#604 = CARTESIAN_POINT('',(11.775432471027,-6.947077627598));
#605 = CARTESIAN_POINT('',(11.645662770418,-8.587400713092));
#606 = CARTESIAN_POINT('',(10.289986158271,-7.654855312976));
#607 = ( GEOMETRIC_REPRESENTATION_CONTEXT(2) 
PARAMETRIC_REPRESENTATION_CONTEXT() REPRESENTATION_CONTEXT('2D SPACE',''
  ) );
#608 = PCURVE('',#609,#614);
#609 = CYLINDRICAL_SURFACE('',#610,0.95);
#610 = AXIS2_PLACEMENT_3D('',#611,#612,#613);
#611 = CARTESIAN_POINT('',(0.,6.872155056019,10.828391496059));
#612 = DIRECTION('',(-1.,0.,0.));
#613 = DIRECTION('',(0.,0.823895007324,-0.56674246083));
#614 = DEFINITIONAL_REPRESENTATION('',(#615),#619);
#615 = LINE('',#616,#617);
#616 = CARTESIAN_POINT('',(0.,0.));
#617 = VECTOR('',#618,1.);
#618 = DIRECTION('',(1.,0.));
#619 = ( GEOMETRIC_REPRESENTATION_CONTEXT(2) 
PARAMETRIC_REPRESENTATION_CONTEXT() REPRESENTATION_CONTEXT('2D SPACE',''
  ) );
#620 = ORIENTED_EDGE('',*,*,#621,.T.);
#621 = EDGE_CURVE('',#589,#622,#624,.T.);
#622 = VERTEX_POINT('',#623);
#623 = CARTESIAN_POINT('',(0.,5.499868465742,10.524593667194));
#624 = SURFACE_CURVE('',#625,(#630,#637),.PCURVE_S1.);
#625 = CIRCLE('',#626,11.875000000001);
#626 = AXIS2_PLACEMENT_3D('',#627,#628,#629);
#627 = CARTESIAN_POINT('',(0.,-5.846046311501E-13,-9.547801573335E-13));
#628 = DIRECTION('',(1.,0.,-0.));
#629 = DIRECTION('',(0.,0.535968947152,0.844237696202));
#630 = PCURVE('',#31,#631);
#631 = DEFINITIONAL_REPRESENTATION('',(#632),#636);
#632 = CIRCLE('',#633,11.875000000001);
#633 = AXIS2_PLACEMENT_2D('',#634,#635);
#634 = CARTESIAN_POINT('',(-9.535801573335E-13,5.817546311501E-13));
#635 = DIRECTION('',(0.844237696202,-0.535968947152));
#636 = ( GEOMETRIC_REPRESENTATION_CONTEXT(2) 
PARAMETRIC_REPRESENTATION_CONTEXT() REPRESENTATION_CONTEXT('2D SPACE',''
  ) );
#637 = PCURVE('',#638,#643);
#638 = CYLINDRICAL_SURFACE('',#639,11.875000000001);
#639 = AXIS2_PLACEMENT_3D('',#640,#641,#642);
#640 = CARTESIAN_POINT('',(0.,-5.846E-13,-9.5478E-13));
#641 = DIRECTION('',(-1.,0.,0.));
#642 = DIRECTION('',(0.,0.535968947152,0.844237696202));
#643 = DEFINITIONAL_REPRESENTATION('',(#644),#648);
#644 = LINE('',#645,#646);
#645 = CARTESIAN_POINT('',(-0.,0.));
#646 = VECTOR('',#647,1.);
#647 = DIRECTION('',(-1.,0.));
#648 = ( GEOMETRIC_REPRESENTATION_CONTEXT(2) 
PARAMETRIC_REPRESENTATION_CONTEXT() REPRESENTATION_CONTEXT('2D SPACE',''
  ) );
#649 = ORIENTED_EDGE('',*,*,#650,.T.);
#650 = EDGE_CURVE('',#622,#651,#653,.T.);
#651 = VERTEX_POINT('',#652);
#652 = CARTESIAN_POINT('',(0.,5.083961761165,11.774292242467));
#653 = SURFACE_CURVE('',#654,(#659,#670),.PCURVE_S1.);
#654 = CIRCLE('',#655,0.95);
#655 = AXIS2_PLACEMENT_3D('',#656,#657,#658);
#656 = CARTESIAN_POINT('',(0.,5.941584589701,11.365656605287));
#657 = DIRECTION('',(-1.,0.,0.));
#658 = DIRECTION('',(-0.,-0.46496434101,-0.885329408519));
#659 = PCURVE('',#31,#660);
#660 = DEFINITIONAL_REPRESENTATION('',(#661),#669);
#661 = ( BOUNDED_CURVE() B_SPLINE_CURVE(2,(#662,#663,#664,#665,#666,#667
,#668),.UNSPECIFIED.,.T.,.F.) B_SPLINE_CURVE_WITH_KNOTS((1,2,2,2,2,1),(
    -2.094395102393,0.,2.094395102393,4.188790204786,6.28318530718,
8.377580409573),.UNSPECIFIED.) CURVE() GEOMETRIC_REPRESENTATION_ITEM() 
RATIONAL_B_SPLINE_CURVE((1.,0.5,1.,0.5,1.,0.5,1.)) REPRESENTATION_ITEM(
  '') );
#662 = CARTESIAN_POINT('',(10.524593667194,-5.499868465742));
#663 = CARTESIAN_POINT('',(11.289668436413,-4.043104724601));
#664 = CARTESIAN_POINT('',(12.168725458944,-5.43406078111));
#665 = CARTESIAN_POINT('',(13.047782481474,-6.82501683762));
#666 = CARTESIAN_POINT('',(11.403650689724,-6.890824522251));
#667 = CARTESIAN_POINT('',(9.759518897974,-6.956632206883));
#668 = CARTESIAN_POINT('',(10.524593667194,-5.499868465742));
#669 = ( GEOMETRIC_REPRESENTATION_CONTEXT(2) 
PARAMETRIC_REPRESENTATION_CONTEXT() REPRESENTATION_CONTEXT('2D SPACE',''
  ) );
#670 = PCURVE('',#671,#676);
#671 = CYLINDRICAL_SURFACE('',#672,0.95);
#672 = AXIS2_PLACEMENT_3D('',#673,#674,#675);
#673 = CARTESIAN_POINT('',(0.,5.941584589701,11.365656605287));
#674 = DIRECTION('',(-1.,0.,0.));
#675 = DIRECTION('',(-0.,-0.46496434101,-0.885329408519));
#676 = DEFINITIONAL_REPRESENTATION('',(#677),#681);
#677 = LINE('',#678,#679);
#678 = CARTESIAN_POINT('',(0.,0.));
#679 = VECTOR('',#680,1.);
#680 = DIRECTION('',(1.,0.));
#681 = ( GEOMETRIC_REPRESENTATION_CONTEXT(2) 
PARAMETRIC_REPRESENTATION_CONTEXT() REPRESENTATION_CONTEXT('2D SPACE',''
  ) );
#682 = ORIENTED_EDGE('',*,*,#683,.T.);
#683 = EDGE_CURVE('',#651,#684,#686,.T.);
#684 = VERTEX_POINT('',#685);
#685 = CARTESIAN_POINT('',(0.,5.601483934542,12.978013622375));
#686 = SURFACE_CURVE('',#687,(#691,#698),.PCURVE_S1.);
#687 = LINE('',#688,#689);
#688 = CARTESIAN_POINT('',(0.,5.083961761165,11.774292242467));
#689 = VECTOR('',#690,1.);
#690 = DIRECTION('',(0.,0.394977496426,0.918690795272));
#691 = PCURVE('',#31,#692);
#692 = DEFINITIONAL_REPRESENTATION('',(#693),#697);
#693 = LINE('',#694,#695);
#694 = CARTESIAN_POINT('',(11.774292242467,-5.083961761165));
#695 = VECTOR('',#696,1.);
#696 = DIRECTION('',(0.918690795272,-0.394977496426));
#697 = ( GEOMETRIC_REPRESENTATION_CONTEXT(2) 
PARAMETRIC_REPRESENTATION_CONTEXT() REPRESENTATION_CONTEXT('2D SPACE',''
  ) );
#698 = PCURVE('',#699,#704);
#699 = PLANE('',#700);
#700 = AXIS2_PLACEMENT_3D('',#701,#702,#703);
#701 = CARTESIAN_POINT('',(0.,5.083961761165,11.774292242467));
#702 = DIRECTION('',(0.,-0.918690795272,0.394977496426));
#703 = DIRECTION('',(0.,0.394977496426,0.918690795272));
#704 = DEFINITIONAL_REPRESENTATION('',(#705),#709);
#705 = LINE('',#706,#707);
#706 = CARTESIAN_POINT('',(-1.631922677475E-15,0.));
#707 = VECTOR('',#708,1.);
#708 = DIRECTION('',(1.,0.));
#709 = ( GEOMETRIC_REPRESENTATION_CONTEXT(2) 
PARAMETRIC_REPRESENTATION_CONTEXT() REPRESENTATION_CONTEXT('2D SPACE',''
  ) );
#710 = ORIENTED_EDGE('',*,*,#711,.T.);
#711 = EDGE_CURVE('',#684,#712,#714,.T.);
#712 = VERTEX_POINT('',#713);
#713 = CARTESIAN_POINT('',(0.,5.742624560372,13.908784709413));
#714 = SURFACE_CURVE('',#715,(#720,#728),.PCURVE_S1.);
#715 = B_SPLINE_CURVE_WITH_KNOTS('',3,(#716,#717,#718,#719),
  .UNSPECIFIED.,.F.,.F.,(4,4),(0.,1.),.PIECEWISE_BEZIER_KNOTS.);
#716 = CARTESIAN_POINT('',(0.,5.601483934542,12.978013622375));
#717 = CARTESIAN_POINT('',(0.,5.635352286709,13.0759698801));
#718 = CARTESIAN_POINT('',(0.,5.7223296183,13.374004355833));
#719 = CARTESIAN_POINT('',(0.,5.742624560372,13.908784709413));
#720 = PCURVE('',#31,#721);
#721 = DEFINITIONAL_REPRESENTATION('',(#722),#727);
#722 = B_SPLINE_CURVE_WITH_KNOTS('',3,(#723,#724,#725,#726),
  .UNSPECIFIED.,.F.,.F.,(4,4),(0.,1.),.PIECEWISE_BEZIER_KNOTS.);
#723 = CARTESIAN_POINT('',(12.978013622375,-5.601483934542));
#724 = CARTESIAN_POINT('',(13.0759698801,-5.635352286709));
#725 = CARTESIAN_POINT('',(13.374004355833,-5.7223296183));
#726 = CARTESIAN_POINT('',(13.908784709413,-5.742624560372));
#727 = ( GEOMETRIC_REPRESENTATION_CONTEXT(2) 
PARAMETRIC_REPRESENTATION_CONTEXT() REPRESENTATION_CONTEXT('2D SPACE',''
  ) );
#728 = PCURVE('',#729,#737);
#729 = SURFACE_OF_LINEAR_EXTRUSION('',#730,#735);
#730 = B_SPLINE_CURVE_WITH_KNOTS('',3,(#731,#732,#733,#734),
  .UNSPECIFIED.,.F.,.F.,(4,4),(0.,1.),.PIECEWISE_BEZIER_KNOTS.);
#731 = CARTESIAN_POINT('',(0.,5.601483934542,12.978013622375));
#732 = CARTESIAN_POINT('',(0.,5.635352286709,13.0759698801));
#733 = CARTESIAN_POINT('',(0.,5.7223296183,13.374004355833));
#734 = CARTESIAN_POINT('',(0.,5.742624560372,13.908784709413));
#735 = VECTOR('',#736,1.);
#736 = DIRECTION('',(-1.,-0.,-0.));
#737 = DEFINITIONAL_REPRESENTATION('',(#738),#742);
#738 = LINE('',#739,#740);
#739 = CARTESIAN_POINT('',(0.,0.));
#740 = VECTOR('',#741,1.);
#741 = DIRECTION('',(1.,0.));
#742 = ( GEOMETRIC_REPRESENTATION_CONTEXT(2) 
PARAMETRIC_REPRESENTATION_CONTEXT() REPRESENTATION_CONTEXT('2D SPACE',''
  ) );
#743 = ORIENTED_EDGE('',*,*,#744,.T.);
#744 = EDGE_CURVE('',#712,#745,#747,.T.);
#745 = VERTEX_POINT('',#746);
#746 = CARTESIAN_POINT('',(0.,5.273787929875,16.690025903421));
#747 = SURFACE_CURVE('',#748,(#753,#761),.PCURVE_S1.);
#748 = B_SPLINE_CURVE_WITH_KNOTS('',3,(#749,#750,#751,#752),
  .UNSPECIFIED.,.F.,.F.,(4,4),(0.,1.),.PIECEWISE_BEZIER_KNOTS.);
#749 = CARTESIAN_POINT('',(0.,5.742624560372,13.908784709413));
#750 = CARTESIAN_POINT('',(0.,5.763260904156,14.546294900587));
#751 = CARTESIAN_POINT('',(0.,5.681023558521,15.483971650669));
#752 = CARTESIAN_POINT('',(0.,5.273787929875,16.690025903421));
#753 = PCURVE('',#31,#754);
#754 = DEFINITIONAL_REPRESENTATION('',(#755),#760);
#755 = B_SPLINE_CURVE_WITH_KNOTS('',3,(#756,#757,#758,#759),
  .UNSPECIFIED.,.F.,.F.,(4,4),(0.,1.),.PIECEWISE_BEZIER_KNOTS.);
#756 = CARTESIAN_POINT('',(13.908784709413,-5.742624560372));
#757 = CARTESIAN_POINT('',(14.546294900587,-5.763260904156));
#758 = CARTESIAN_POINT('',(15.483971650669,-5.681023558521));
#759 = CARTESIAN_POINT('',(16.690025903421,-5.273787929875));
#760 = ( GEOMETRIC_REPRESENTATION_CONTEXT(2) 
PARAMETRIC_REPRESENTATION_CONTEXT() REPRESENTATION_CONTEXT('2D SPACE',''
  ) );
#761 = PCURVE('',#762,#770);
#762 = SURFACE_OF_LINEAR_EXTRUSION('',#763,#768);
#763 = B_SPLINE_CURVE_WITH_KNOTS('',3,(#764,#765,#766,#767),
  .UNSPECIFIED.,.F.,.F.,(4,4),(0.,1.),.PIECEWISE_BEZIER_KNOTS.);
#764 = CARTESIAN_POINT('',(0.,5.742624560372,13.908784709413));
#765 = CARTESIAN_POINT('',(0.,5.763260904156,14.546294900587));
#766 = CARTESIAN_POINT('',(0.,5.681023558521,15.483971650669));
#767 = CARTESIAN_POINT('',(0.,5.273787929875,16.690025903421));
#768 = VECTOR('',#769,1.);
#769 = DIRECTION('',(-1.,-0.,-0.));
#770 = DEFINITIONAL_REPRESENTATION('',(#771),#775);
#771 = LINE('',#772,#773);
#772 = CARTESIAN_POINT('',(0.,0.));
#773 = VECTOR('',#774,1.);
#774 = DIRECTION('',(1.,0.));
#775 = ( GEOMETRIC_REPRESENTATION_CONTEXT(2) 
PARAMETRIC_REPRESENTATION_CONTEXT() REPRESENTATION_CONTEXT('2D SPACE',''
  ) );
#776 = ORIENTED_EDGE('',*,*,#777,.T.);
#777 = EDGE_CURVE('',#745,#778,#780,.T.);
#778 = VERTEX_POINT('',#779);
#779 = CARTESIAN_POINT('',(0.,3.775448193189,17.087890184003));
#780 = SURFACE_CURVE('',#781,(#786,#793),.PCURVE_S1.);
#781 = CIRCLE('',#782,17.499999999999);
#782 = AXIS2_PLACEMENT_3D('',#783,#784,#785);
#783 = CARTESIAN_POINT('',(0.,3.777430720303E-02,-8.30219681671E-03));
#784 = DIRECTION('',(1.,0.,-0.));
#785 = DIRECTION('',(0.,0.299200778438,0.954190177156));
#786 = PCURVE('',#31,#787);
#787 = DEFINITIONAL_REPRESENTATION('',(#788),#792);
#788 = CIRCLE('',#789,17.499999999999);
#789 = AXIS2_PLACEMENT_2D('',#790,#791);
#790 = CARTESIAN_POINT('',(-8.302196816709E-03,-3.777430720303E-02));
#791 = DIRECTION('',(0.954190177156,-0.299200778438));
#792 = ( GEOMETRIC_REPRESENTATION_CONTEXT(2) 
PARAMETRIC_REPRESENTATION_CONTEXT() REPRESENTATION_CONTEXT('2D SPACE',''
  ) );
#793 = PCURVE('',#794,#799);
#794 = CYLINDRICAL_SURFACE('',#795,17.499999999999);
#795 = AXIS2_PLACEMENT_3D('',#796,#797,#798);
#796 = CARTESIAN_POINT('',(0.,3.777430720303E-02,-8.30219681671E-03));
#797 = DIRECTION('',(-1.,0.,0.));
#798 = DIRECTION('',(0.,0.299200778438,0.954190177156));
#799 = DEFINITIONAL_REPRESENTATION('',(#800),#804);
#800 = LINE('',#801,#802);
#801 = CARTESIAN_POINT('',(-0.,0.));
#802 = VECTOR('',#803,1.);
#803 = DIRECTION('',(-1.,0.));
#804 = ( GEOMETRIC_REPRESENTATION_CONTEXT(2) 
PARAMETRIC_REPRESENTATION_CONTEXT() REPRESENTATION_CONTEXT('2D SPACE',''
  ) );
#805 = ORIENTED_EDGE('',*,*,#806,.T.);
#806 = EDGE_CURVE('',#778,#807,#809,.T.);
#807 = VERTEX_POINT('',#808);
#808 = CARTESIAN_POINT('',(0.,1.981133601028,14.916673174306));
#809 = SURFACE_CURVE('',#810,(#815,#823),.PCURVE_S1.);
#810 = B_SPLINE_CURVE_WITH_KNOTS('',3,(#811,#812,#813,#814),
  .UNSPECIFIED.,.F.,.F.,(4,4),(0.,1.),.PIECEWISE_BEZIER_KNOTS.);
#811 = CARTESIAN_POINT('',(0.,3.775448193189,17.087890184003));
#812 = CARTESIAN_POINT('',(0.,2.822075104157,16.250024580218));
#813 = CARTESIAN_POINT('',(0.,2.282017098656,15.479091366926));
#814 = CARTESIAN_POINT('',(0.,1.981133601028,14.916673174306));
#815 = PCURVE('',#31,#816);
#816 = DEFINITIONAL_REPRESENTATION('',(#817),#822);
#817 = B_SPLINE_CURVE_WITH_KNOTS('',3,(#818,#819,#820,#821),
  .UNSPECIFIED.,.F.,.F.,(4,4),(0.,1.),.PIECEWISE_BEZIER_KNOTS.);
#818 = CARTESIAN_POINT('',(17.087890184003,-3.775448193189));
#819 = CARTESIAN_POINT('',(16.250024580218,-2.822075104157));
#820 = CARTESIAN_POINT('',(15.479091366926,-2.282017098656));
#821 = CARTESIAN_POINT('',(14.916673174306,-1.981133601028));
#822 = ( GEOMETRIC_REPRESENTATION_CONTEXT(2) 
PARAMETRIC_REPRESENTATION_CONTEXT() REPRESENTATION_CONTEXT('2D SPACE',''
  ) );
#823 = PCURVE('',#824,#832);
#824 = SURFACE_OF_LINEAR_EXTRUSION('',#825,#830);
#825 = B_SPLINE_CURVE_WITH_KNOTS('',3,(#826,#827,#828,#829),
  .UNSPECIFIED.,.F.,.F.,(4,4),(0.,1.),.PIECEWISE_BEZIER_KNOTS.);
#826 = CARTESIAN_POINT('',(0.,3.775448193189,17.087890184003));
#827 = CARTESIAN_POINT('',(0.,2.822075104157,16.250024580218));
#828 = CARTESIAN_POINT('',(0.,2.282017098656,15.479091366926));
#829 = CARTESIAN_POINT('',(0.,1.981133601028,14.916673174306));
#830 = VECTOR('',#831,1.);
#831 = DIRECTION('',(-1.,-0.,-0.));
#832 = DEFINITIONAL_REPRESENTATION('',(#833),#837);
#833 = LINE('',#834,#835);
#834 = CARTESIAN_POINT('',(0.,0.));
#835 = VECTOR('',#836,1.);
#836 = DIRECTION('',(1.,0.));
#837 = ( GEOMETRIC_REPRESENTATION_CONTEXT(2) 
PARAMETRIC_REPRESENTATION_CONTEXT() REPRESENTATION_CONTEXT('2D SPACE',''
  ) );
#838 = ORIENTED_EDGE('',*,*,#839,.T.);
#839 = EDGE_CURVE('',#807,#840,#842,.T.);
#840 = VERTEX_POINT('',#841);
#841 = CARTESIAN_POINT('',(0.,1.637979424984,14.040031454909));
#842 = SURFACE_CURVE('',#843,(#848,#856),.PCURVE_S1.);
#843 = B_SPLINE_CURVE_WITH_KNOTS('',3,(#844,#845,#846,#847),
  .UNSPECIFIED.,.F.,.F.,(4,4),(0.,1.),.PIECEWISE_BEZIER_KNOTS.);
#844 = CARTESIAN_POINT('',(0.,1.981133601028,14.916673174306));
#845 = CARTESIAN_POINT('',(0.,1.73131935964,14.443392331625));
#846 = CARTESIAN_POINT('',(0.,1.657626700485,14.141798238642));
#847 = CARTESIAN_POINT('',(0.,1.637979424984,14.040031454909));
#848 = PCURVE('',#31,#849);
#849 = DEFINITIONAL_REPRESENTATION('',(#850),#855);
#850 = B_SPLINE_CURVE_WITH_KNOTS('',3,(#851,#852,#853,#854),
  .UNSPECIFIED.,.F.,.F.,(4,4),(0.,1.),.PIECEWISE_BEZIER_KNOTS.);
#851 = CARTESIAN_POINT('',(14.916673174306,-1.981133601028));
#852 = CARTESIAN_POINT('',(14.443392331625,-1.73131935964));
#853 = CARTESIAN_POINT('',(14.141798238642,-1.657626700485));
#854 = CARTESIAN_POINT('',(14.040031454909,-1.637979424984));
#855 = ( GEOMETRIC_REPRESENTATION_CONTEXT(2) 
PARAMETRIC_REPRESENTATION_CONTEXT() REPRESENTATION_CONTEXT('2D SPACE',''
  ) );
#856 = PCURVE('',#857,#865);
#857 = SURFACE_OF_LINEAR_EXTRUSION('',#858,#863);
#858 = B_SPLINE_CURVE_WITH_KNOTS('',3,(#859,#860,#861,#862),
  .UNSPECIFIED.,.F.,.F.,(4,4),(0.,1.),.PIECEWISE_BEZIER_KNOTS.);
#859 = CARTESIAN_POINT('',(0.,1.981133601028,14.916673174306));
#860 = CARTESIAN_POINT('',(0.,1.73131935964,14.443392331625));
#861 = CARTESIAN_POINT('',(0.,1.657626700485,14.141798238642));
#862 = CARTESIAN_POINT('',(0.,1.637979424984,14.040031454909));
#863 = VECTOR('',#864,1.);
#864 = DIRECTION('',(-1.,-0.,-0.));
#865 = DEFINITIONAL_REPRESENTATION('',(#866),#870);
#866 = LINE('',#867,#868);
#867 = CARTESIAN_POINT('',(0.,0.));
#868 = VECTOR('',#869,1.);
#869 = DIRECTION('',(1.,0.));
#870 = ( GEOMETRIC_REPRESENTATION_CONTEXT(2) 
PARAMETRIC_REPRESENTATION_CONTEXT() REPRESENTATION_CONTEXT('2D SPACE',''
  ) );
#871 = ORIENTED_EDGE('',*,*,#872,.T.);
#872 = EDGE_CURVE('',#840,#873,#875,.T.);
#873 = VERTEX_POINT('',#874);
#874 = CARTESIAN_POINT('',(0.,1.484306084196,12.738817074141));
#875 = SURFACE_CURVE('',#876,(#880,#887),.PCURVE_S1.);
#876 = LINE('',#877,#878);
#877 = CARTESIAN_POINT('',(0.,1.637979424984,14.040031454909));
#878 = VECTOR('',#879,1.);
#879 = DIRECTION('',(0.,-0.117284851808,-0.993098315141));
#880 = PCURVE('',#31,#881);
#881 = DEFINITIONAL_REPRESENTATION('',(#882),#886);
#882 = LINE('',#883,#884);
#883 = CARTESIAN_POINT('',(14.040031454909,-1.637979424984));
#884 = VECTOR('',#885,1.);
#885 = DIRECTION('',(-0.993098315141,0.117284851808));
#886 = ( GEOMETRIC_REPRESENTATION_CONTEXT(2) 
PARAMETRIC_REPRESENTATION_CONTEXT() REPRESENTATION_CONTEXT('2D SPACE',''
  ) );
#887 = PCURVE('',#888,#893);
#888 = PLANE('',#889);
#889 = AXIS2_PLACEMENT_3D('',#890,#891,#892);
#890 = CARTESIAN_POINT('',(0.,1.637979424984,14.040031454909));
#891 = DIRECTION('',(0.,0.993098315141,-0.117284851808));
#892 = DIRECTION('',(0.,-0.117284851808,-0.993098315141));
#893 = DEFINITIONAL_REPRESENTATION('',(#894),#898);
#894 = LINE('',#895,#896);
#895 = CARTESIAN_POINT('',(0.,0.));
#896 = VECTOR('',#897,1.);
#897 = DIRECTION('',(1.,0.));
#898 = ( GEOMETRIC_REPRESENTATION_CONTEXT(2) 
PARAMETRIC_REPRESENTATION_CONTEXT() REPRESENTATION_CONTEXT('2D SPACE',''
  ) );
#899 = ORIENTED_EDGE('',*,*,#900,.T.);
#900 = EDGE_CURVE('',#873,#901,#903,.T.);
#901 = VERTEX_POINT('',#902);
#902 = CARTESIAN_POINT('',(0.,0.499271024791,11.86449971317));
#903 = SURFACE_CURVE('',#904,(#909,#920),.PCURVE_S1.);
#904 = CIRCLE('',#905,0.95);
#905 = AXIS2_PLACEMENT_3D('',#906,#907,#908);
#906 = CARTESIAN_POINT('',(0.,0.537265109228,12.81373964572));
#907 = DIRECTION('',(-1.,0.,0.));
#908 = DIRECTION('',(0.,0.996885236808,-7.886586482015E-02));
#909 = PCURVE('',#31,#910);
#910 = DEFINITIONAL_REPRESENTATION('',(#911),#919);
#911 = ( BOUNDED_CURVE() B_SPLINE_CURVE(2,(#912,#913,#914,#915,#916,#917
,#918),.UNSPECIFIED.,.T.,.F.) B_SPLINE_CURVE_WITH_KNOTS((1,2,2,2,2,1),(
    -2.094395102393,0.,2.094395102393,4.188790204786,6.28318530718,
8.377580409573),.UNSPECIFIED.) CURVE() GEOMETRIC_REPRESENTATION_ITEM() 
RATIONAL_B_SPLINE_CURVE((1.,0.5,1.,0.5,1.,0.5,1.)) REPRESENTATION_ITEM(
  '') );
#912 = CARTESIAN_POINT('',(12.738817074141,-1.484306084196));
#913 = CARTESIAN_POINT('',(11.098493988647,-1.354536383587));
#914 = CARTESIAN_POINT('',(12.031039388763,1.140228560074E-03));
#915 = CARTESIAN_POINT('',(12.963584788878,1.356816840707));
#916 = CARTESIAN_POINT('',(13.671362474256,-0.128629472049));
#917 = CARTESIAN_POINT('',(14.379140159635,-1.614075784805));
#918 = CARTESIAN_POINT('',(12.738817074141,-1.484306084196));
#919 = ( GEOMETRIC_REPRESENTATION_CONTEXT(2) 
PARAMETRIC_REPRESENTATION_CONTEXT() REPRESENTATION_CONTEXT('2D SPACE',''
  ) );
#920 = PCURVE('',#921,#926);
#921 = CYLINDRICAL_SURFACE('',#922,0.95);
#922 = AXIS2_PLACEMENT_3D('',#923,#924,#925);
#923 = CARTESIAN_POINT('',(0.,0.537265109228,12.81373964572));
#924 = DIRECTION('',(-1.,0.,0.));
#925 = DIRECTION('',(0.,0.996885236808,-7.886586482015E-02));
#926 = DEFINITIONAL_REPRESENTATION('',(#927),#931);
#927 = LINE('',#928,#929);
#928 = CARTESIAN_POINT('',(0.,0.));
#929 = VECTOR('',#930,1.);
#930 = DIRECTION('',(1.,0.));
#931 = ( GEOMETRIC_REPRESENTATION_CONTEXT(2) 
PARAMETRIC_REPRESENTATION_CONTEXT() REPRESENTATION_CONTEXT('2D SPACE',''
  ) );
#932 = ORIENTED_EDGE('',*,*,#933,.T.);
#933 = EDGE_CURVE('',#901,#934,#936,.T.);
#934 = VERTEX_POINT('',#935);
#935 = CARTESIAN_POINT('',(0.,-0.499271024791,11.86449971317));
#936 = SURFACE_CURVE('',#937,(#942,#949),.PCURVE_S1.);
#937 = CIRCLE('',#938,11.875000000003);
#938 = AXIS2_PLACEMENT_3D('',#939,#940,#941);
#939 = CARTESIAN_POINT('',(0.,-2.398748056291E-14,-3.082191546996E-12));
#940 = DIRECTION('',(1.,0.,-0.));
#941 = DIRECTION('',(0.,4.204387577189E-02,0.99911576532));
#942 = PCURVE('',#31,#943);
#943 = DEFINITIONAL_REPRESENTATION('',(#944),#948);
#944 = CIRCLE('',#945,11.875000000003);
#945 = AXIS2_PLACEMENT_2D('',#946,#947);
#946 = CARTESIAN_POINT('',(-3.080991546996E-12,2.113748056291E-14));
#947 = DIRECTION('',(0.99911576532,-4.204387577189E-02));
#948 = ( GEOMETRIC_REPRESENTATION_CONTEXT(2) 
PARAMETRIC_REPRESENTATION_CONTEXT() REPRESENTATION_CONTEXT('2D SPACE',''
  ) );
#949 = PCURVE('',#950,#955);
#950 = CYLINDRICAL_SURFACE('',#951,11.875000000003);
#951 = AXIS2_PLACEMENT_3D('',#952,#953,#954);
#952 = CARTESIAN_POINT('',(0.,-2.399E-14,-3.08219E-12));
#953 = DIRECTION('',(-1.,0.,0.));
#954 = DIRECTION('',(0.,4.204387577189E-02,0.99911576532));
#955 = DEFINITIONAL_REPRESENTATION('',(#956),#960);
#956 = LINE('',#957,#958);
#957 = CARTESIAN_POINT('',(-0.,0.));
#958 = VECTOR('',#959,1.);
#959 = DIRECTION('',(-1.,0.));
#960 = ( GEOMETRIC_REPRESENTATION_CONTEXT(2) 
PARAMETRIC_REPRESENTATION_CONTEXT() REPRESENTATION_CONTEXT('2D SPACE',''
  ) );
#961 = ORIENTED_EDGE('',*,*,#962,.T.);
#962 = EDGE_CURVE('',#934,#963,#965,.T.);
#963 = VERTEX_POINT('',#964);
#964 = CARTESIAN_POINT('',(0.,-1.484306084196,12.738817074141));
#965 = SURFACE_CURVE('',#966,(#971,#982),.PCURVE_S1.);
#966 = CIRCLE('',#967,0.95);
#967 = AXIS2_PLACEMENT_3D('',#968,#969,#970);
#968 = CARTESIAN_POINT('',(0.,-0.537265109228,12.81373964572));
#969 = DIRECTION('',(-1.,-0.,0.));
#970 = DIRECTION('',(-0.,3.999377309151E-02,-0.999199929));
#971 = PCURVE('',#31,#972);
#972 = DEFINITIONAL_REPRESENTATION('',(#973),#981);
#973 = ( BOUNDED_CURVE() B_SPLINE_CURVE(2,(#974,#975,#976,#977,#978,#979
,#980),.UNSPECIFIED.,.T.,.F.) B_SPLINE_CURVE_WITH_KNOTS((1,2,2,2,2,1),(
    -2.094395102393,0.,2.094395102393,4.188790204786,6.28318530718,
8.377580409573),.UNSPECIFIED.) CURVE() GEOMETRIC_REPRESENTATION_ITEM() 
RATIONAL_B_SPLINE_CURVE((1.,0.5,1.,0.5,1.,0.5,1.)) REPRESENTATION_ITEM(
  '') );
#974 = CARTESIAN_POINT('',(11.86449971317,0.499271024791));
#975 = CARTESIAN_POINT('',(11.798692028538,2.143402816541));
#976 = CARTESIAN_POINT('',(13.255455769679,1.378328047322));
#977 = CARTESIAN_POINT('',(14.71221951082,0.613253278102));
#978 = CARTESIAN_POINT('',(13.321263454311,-0.265803744428));
#979 = CARTESIAN_POINT('',(11.930307397802,-1.144860766959));
#980 = CARTESIAN_POINT('',(11.86449971317,0.499271024791));
#981 = ( GEOMETRIC_REPRESENTATION_CONTEXT(2) 
PARAMETRIC_REPRESENTATION_CONTEXT() REPRESENTATION_CONTEXT('2D SPACE',''
  ) );
#982 = PCURVE('',#983,#988);
#983 = CYLINDRICAL_SURFACE('',#984,0.95);
#984 = AXIS2_PLACEMENT_3D('',#985,#986,#987);
#985 = CARTESIAN_POINT('',(0.,-0.537265109228,12.81373964572));
#986 = DIRECTION('',(-1.,0.,0.));
#987 = DIRECTION('',(0.,3.999377309151E-02,-0.999199929));
#988 = DEFINITIONAL_REPRESENTATION('',(#989),#993);
#989 = LINE('',#990,#991);
#990 = CARTESIAN_POINT('',(0.,0.));
#991 = VECTOR('',#992,1.);
#992 = DIRECTION('',(1.,0.));
#993 = ( GEOMETRIC_REPRESENTATION_CONTEXT(2) 
PARAMETRIC_REPRESENTATION_CONTEXT() REPRESENTATION_CONTEXT('2D SPACE',''
  ) );
#994 = ORIENTED_EDGE('',*,*,#995,.T.);
#995 = EDGE_CURVE('',#963,#996,#998,.T.);
#996 = VERTEX_POINT('',#997);
#997 = CARTESIAN_POINT('',(0.,-1.637979424984,14.040031454909));
#998 = SURFACE_CURVE('',#999,(#1003,#1010),.PCURVE_S1.);
#999 = LINE('',#1000,#1001);
#1000 = CARTESIAN_POINT('',(0.,-1.484306084196,12.738817074141));
#1001 = VECTOR('',#1002,1.);
#1002 = DIRECTION('',(0.,-0.117284851808,0.993098315141));
#1003 = PCURVE('',#31,#1004);
#1004 = DEFINITIONAL_REPRESENTATION('',(#1005),#1009);
#1005 = LINE('',#1006,#1007);
#1006 = CARTESIAN_POINT('',(12.738817074141,1.484306084196));
#1007 = VECTOR('',#1008,1.);
#1008 = DIRECTION('',(0.993098315141,0.117284851808));
#1009 = ( GEOMETRIC_REPRESENTATION_CONTEXT(2) 
PARAMETRIC_REPRESENTATION_CONTEXT() REPRESENTATION_CONTEXT('2D SPACE',''
  ) );
#1010 = PCURVE('',#1011,#1016);
#1011 = PLANE('',#1012);
#1012 = AXIS2_PLACEMENT_3D('',#1013,#1014,#1015);
#1013 = CARTESIAN_POINT('',(0.,-1.484306084196,12.738817074141));
#1014 = DIRECTION('',(0.,-0.993098315141,-0.117284851808));
#1015 = DIRECTION('',(0.,-0.117284851808,0.993098315141));
#1016 = DEFINITIONAL_REPRESENTATION('',(#1017),#1021);
#1017 = LINE('',#1018,#1019);
#1018 = CARTESIAN_POINT('',(0.,0.));
#1019 = VECTOR('',#1020,1.);
#1020 = DIRECTION('',(1.,0.));
#1021 = ( GEOMETRIC_REPRESENTATION_CONTEXT(2) 
PARAMETRIC_REPRESENTATION_CONTEXT() REPRESENTATION_CONTEXT('2D SPACE',''
  ) );
#1022 = ORIENTED_EDGE('',*,*,#1023,.T.);
#1023 = EDGE_CURVE('',#996,#1024,#1026,.T.);
#1024 = VERTEX_POINT('',#1025);
#1025 = CARTESIAN_POINT('',(0.,-1.981133601028,14.916673174306));
#1026 = SURFACE_CURVE('',#1027,(#1032,#1040),.PCURVE_S1.);
#1027 = B_SPLINE_CURVE_WITH_KNOTS('',3,(#1028,#1029,#1030,#1031),
  .UNSPECIFIED.,.F.,.F.,(4,4),(0.,1.),.PIECEWISE_BEZIER_KNOTS.);
#1028 = CARTESIAN_POINT('',(0.,-1.637979424984,14.040031454909));
#1029 = CARTESIAN_POINT('',(0.,-1.657626700485,14.141798238642));
#1030 = CARTESIAN_POINT('',(0.,-1.73131935964,14.443392331625));
#1031 = CARTESIAN_POINT('',(0.,-1.981133601028,14.916673174306));
#1032 = PCURVE('',#31,#1033);
#1033 = DEFINITIONAL_REPRESENTATION('',(#1034),#1039);
#1034 = B_SPLINE_CURVE_WITH_KNOTS('',3,(#1035,#1036,#1037,#1038),
  .UNSPECIFIED.,.F.,.F.,(4,4),(0.,1.),.PIECEWISE_BEZIER_KNOTS.);
#1035 = CARTESIAN_POINT('',(14.040031454909,1.637979424984));
#1036 = CARTESIAN_POINT('',(14.141798238642,1.657626700485));
#1037 = CARTESIAN_POINT('',(14.443392331625,1.73131935964));
#1038 = CARTESIAN_POINT('',(14.916673174306,1.981133601028));
#1039 = ( GEOMETRIC_REPRESENTATION_CONTEXT(2) 
PARAMETRIC_REPRESENTATION_CONTEXT() REPRESENTATION_CONTEXT('2D SPACE',''
  ) );
#1040 = PCURVE('',#1041,#1049);
#1041 = SURFACE_OF_LINEAR_EXTRUSION('',#1042,#1047);
#1042 = B_SPLINE_CURVE_WITH_KNOTS('',3,(#1043,#1044,#1045,#1046),
  .UNSPECIFIED.,.F.,.F.,(4,4),(0.,1.),.PIECEWISE_BEZIER_KNOTS.);
#1043 = CARTESIAN_POINT('',(0.,-1.637979424984,14.040031454909));
#1044 = CARTESIAN_POINT('',(0.,-1.657626700485,14.141798238642));
#1045 = CARTESIAN_POINT('',(0.,-1.73131935964,14.443392331625));
#1046 = CARTESIAN_POINT('',(0.,-1.981133601028,14.916673174306));
#1047 = VECTOR('',#1048,1.);
#1048 = DIRECTION('',(-1.,-0.,-0.));
#1049 = DEFINITIONAL_REPRESENTATION('',(#1050),#1054);
#1050 = LINE('',#1051,#1052);
#1051 = CARTESIAN_POINT('',(0.,0.));
#1052 = VECTOR('',#1053,1.);
#1053 = DIRECTION('',(1.,0.));
#1054 = ( GEOMETRIC_REPRESENTATION_CONTEXT(2) 
PARAMETRIC_REPRESENTATION_CONTEXT() REPRESENTATION_CONTEXT('2D SPACE',''
  ) );
#1055 = ORIENTED_EDGE('',*,*,#1056,.T.);
#1056 = EDGE_CURVE('',#1024,#1057,#1059,.T.);
#1057 = VERTEX_POINT('',#1058);
#1058 = CARTESIAN_POINT('',(0.,-3.777778630267,17.09088038712));
#1059 = SURFACE_CURVE('',#1060,(#1065,#1073),.PCURVE_S1.);
#1060 = B_SPLINE_CURVE_WITH_KNOTS('',3,(#1061,#1062,#1063,#1064),
  .UNSPECIFIED.,.F.,.F.,(4,4),(0.,1.),.PIECEWISE_BEZIER_KNOTS.);
#1061 = CARTESIAN_POINT('',(0.,-1.981133601028,14.916673174306));
#1062 = CARTESIAN_POINT('',(0.,-2.282017098656,15.479091366926));
#1063 = CARTESIAN_POINT('',(0.,-2.822075104157,16.250024580218));
#1064 = CARTESIAN_POINT('',(0.,-3.777778630267,17.09088038712));
#1065 = PCURVE('',#31,#1066);
#1066 = DEFINITIONAL_REPRESENTATION('',(#1067),#1072);
#1067 = B_SPLINE_CURVE_WITH_KNOTS('',3,(#1068,#1069,#1070,#1071),
  .UNSPECIFIED.,.F.,.F.,(4,4),(0.,1.),.PIECEWISE_BEZIER_KNOTS.);
#1068 = CARTESIAN_POINT('',(14.916673174306,1.981133601028));
#1069 = CARTESIAN_POINT('',(15.479091366926,2.282017098656));
#1070 = CARTESIAN_POINT('',(16.250024580218,2.822075104157));
#1071 = CARTESIAN_POINT('',(17.09088038712,3.777778630267));
#1072 = ( GEOMETRIC_REPRESENTATION_CONTEXT(2) 
PARAMETRIC_REPRESENTATION_CONTEXT() REPRESENTATION_CONTEXT('2D SPACE',''
  ) );
#1073 = PCURVE('',#1074,#1082);
#1074 = SURFACE_OF_LINEAR_EXTRUSION('',#1075,#1080);
#1075 = B_SPLINE_CURVE_WITH_KNOTS('',3,(#1076,#1077,#1078,#1079),
  .UNSPECIFIED.,.F.,.F.,(4,4),(0.,1.),.PIECEWISE_BEZIER_KNOTS.);
#1076 = CARTESIAN_POINT('',(0.,-1.981133601028,14.916673174306));
#1077 = CARTESIAN_POINT('',(0.,-2.282017098656,15.479091366926));
#1078 = CARTESIAN_POINT('',(0.,-2.822075104157,16.250024580218));
#1079 = CARTESIAN_POINT('',(0.,-3.777778630267,17.09088038712));
#1080 = VECTOR('',#1081,1.);
#1081 = DIRECTION('',(-1.,-0.,-0.));
#1082 = DEFINITIONAL_REPRESENTATION('',(#1083),#1087);
#1083 = LINE('',#1084,#1085);
#1084 = CARTESIAN_POINT('',(0.,0.));
#1085 = VECTOR('',#1086,1.);
#1086 = DIRECTION('',(1.,0.));
#1087 = ( GEOMETRIC_REPRESENTATION_CONTEXT(2) 
PARAMETRIC_REPRESENTATION_CONTEXT() REPRESENTATION_CONTEXT('2D SPACE',''
  ) );
#1088 = ORIENTED_EDGE('',*,*,#1089,.T.);
#1089 = EDGE_CURVE('',#1057,#1090,#1092,.T.);
#1090 = VERTEX_POINT('',#1091);
#1091 = CARTESIAN_POINT('',(0.,-5.274311046028,16.68627109302));
#1092 = SURFACE_CURVE('',#1093,(#1098,#1105),.PCURVE_S1.);
#1093 = CIRCLE('',#1094,17.5);
#1094 = AXIS2_PLACEMENT_3D('',#1095,#1096,#1097);
#1095 = CARTESIAN_POINT('',(0.,3.686460805682E-02,1.169724025008E-02));
#1096 = DIRECTION('',(1.,0.,0.));
#1097 = DIRECTION('',(0.,-0.217979613618,0.975953322678));
#1098 = PCURVE('',#31,#1099);
#1099 = DEFINITIONAL_REPRESENTATION('',(#1100),#1104);
#1100 = CIRCLE('',#1101,17.5);
#1101 = AXIS2_PLACEMENT_2D('',#1102,#1103);
#1102 = CARTESIAN_POINT('',(1.169724025008E-02,-3.686460805682E-02));
#1103 = DIRECTION('',(0.975953322678,0.217979613618));
#1104 = ( GEOMETRIC_REPRESENTATION_CONTEXT(2) 
PARAMETRIC_REPRESENTATION_CONTEXT() REPRESENTATION_CONTEXT('2D SPACE',''
  ) );
#1105 = PCURVE('',#1106,#1111);
#1106 = CYLINDRICAL_SURFACE('',#1107,17.5);
#1107 = AXIS2_PLACEMENT_3D('',#1108,#1109,#1110);
#1108 = CARTESIAN_POINT('',(0.,3.686460805682E-02,1.169724025008E-02));
#1109 = DIRECTION('',(-1.,-0.,-0.));
#1110 = DIRECTION('',(0.,-0.217979613618,0.975953322678));
#1111 = DEFINITIONAL_REPRESENTATION('',(#1112),#1116);
#1112 = LINE('',#1113,#1114);
#1113 = CARTESIAN_POINT('',(-0.,0.));
#1114 = VECTOR('',#1115,1.);
#1115 = DIRECTION('',(-1.,0.));
#1116 = ( GEOMETRIC_REPRESENTATION_CONTEXT(2) 
PARAMETRIC_REPRESENTATION_CONTEXT() REPRESENTATION_CONTEXT('2D SPACE',''
  ) );
#1117 = ORIENTED_EDGE('',*,*,#1118,.T.);
#1118 = EDGE_CURVE('',#1090,#1119,#1121,.T.);
#1119 = VERTEX_POINT('',#1120);
#1120 = CARTESIAN_POINT('',(0.,-5.742624560372,13.908784709413));
#1121 = SURFACE_CURVE('',#1122,(#1127,#1135),.PCURVE_S1.);
#1122 = B_SPLINE_CURVE_WITH_KNOTS('',3,(#1123,#1124,#1125,#1126),
  .UNSPECIFIED.,.F.,.F.,(4,4),(0.,1.),.PIECEWISE_BEZIER_KNOTS.);
#1123 = CARTESIAN_POINT('',(0.,-5.274311046028,16.68627109302));
#1124 = CARTESIAN_POINT('',(0.,-5.681023558521,15.483971650669));
#1125 = CARTESIAN_POINT('',(0.,-5.763260904156,14.546294900587));
#1126 = CARTESIAN_POINT('',(0.,-5.742624560372,13.908784709413));
#1127 = PCURVE('',#31,#1128);
#1128 = DEFINITIONAL_REPRESENTATION('',(#1129),#1134);
#1129 = B_SPLINE_CURVE_WITH_KNOTS('',3,(#1130,#1131,#1132,#1133),
  .UNSPECIFIED.,.F.,.F.,(4,4),(0.,1.),.PIECEWISE_BEZIER_KNOTS.);
#1130 = CARTESIAN_POINT('',(16.68627109302,5.274311046028));
#1131 = CARTESIAN_POINT('',(15.483971650669,5.681023558521));
#1132 = CARTESIAN_POINT('',(14.546294900587,5.763260904156));
#1133 = CARTESIAN_POINT('',(13.908784709413,5.742624560372));
#1134 = ( GEOMETRIC_REPRESENTATION_CONTEXT(2) 
PARAMETRIC_REPRESENTATION_CONTEXT() REPRESENTATION_CONTEXT('2D SPACE',''
  ) );
#1135 = PCURVE('',#1136,#1144);
#1136 = SURFACE_OF_LINEAR_EXTRUSION('',#1137,#1142);
#1137 = B_SPLINE_CURVE_WITH_KNOTS('',3,(#1138,#1139,#1140,#1141),
  .UNSPECIFIED.,.F.,.F.,(4,4),(0.,1.),.PIECEWISE_BEZIER_KNOTS.);
#1138 = CARTESIAN_POINT('',(0.,-5.274311046028,16.68627109302));
#1139 = CARTESIAN_POINT('',(0.,-5.681023558521,15.483971650669));
#1140 = CARTESIAN_POINT('',(0.,-5.763260904156,14.546294900587));
#1141 = CARTESIAN_POINT('',(0.,-5.742624560372,13.908784709413));
#1142 = VECTOR('',#1143,1.);
#1143 = DIRECTION('',(-1.,-0.,-0.));
#1144 = DEFINITIONAL_REPRESENTATION('',(#1145),#1149);
#1145 = LINE('',#1146,#1147);
#1146 = CARTESIAN_POINT('',(0.,0.));
#1147 = VECTOR('',#1148,1.);
#1148 = DIRECTION('',(1.,0.));
#1149 = ( GEOMETRIC_REPRESENTATION_CONTEXT(2) 
PARAMETRIC_REPRESENTATION_CONTEXT() REPRESENTATION_CONTEXT('2D SPACE',''
  ) );
#1150 = ORIENTED_EDGE('',*,*,#1151,.T.);
#1151 = EDGE_CURVE('',#1119,#1152,#1154,.T.);
#1152 = VERTEX_POINT('',#1153);
#1153 = CARTESIAN_POINT('',(0.,-5.601483934542,12.978013622375));
#1154 = SURFACE_CURVE('',#1155,(#1160,#1168),.PCURVE_S1.);
#1155 = B_SPLINE_CURVE_WITH_KNOTS('',3,(#1156,#1157,#1158,#1159),
  .UNSPECIFIED.,.F.,.F.,(4,4),(0.,1.),.PIECEWISE_BEZIER_KNOTS.);
#1156 = CARTESIAN_POINT('',(0.,-5.742624560372,13.908784709413));
#1157 = CARTESIAN_POINT('',(0.,-5.7223296183,13.374004355833));
#1158 = CARTESIAN_POINT('',(0.,-5.635352286709,13.0759698801));
#1159 = CARTESIAN_POINT('',(0.,-5.601483934542,12.978013622375));
#1160 = PCURVE('',#31,#1161);
#1161 = DEFINITIONAL_REPRESENTATION('',(#1162),#1167);
#1162 = B_SPLINE_CURVE_WITH_KNOTS('',3,(#1163,#1164,#1165,#1166),
  .UNSPECIFIED.,.F.,.F.,(4,4),(0.,1.),.PIECEWISE_BEZIER_KNOTS.);
#1163 = CARTESIAN_POINT('',(13.908784709413,5.742624560372));
#1164 = CARTESIAN_POINT('',(13.374004355833,5.7223296183));
#1165 = CARTESIAN_POINT('',(13.0759698801,5.635352286709));
#1166 = CARTESIAN_POINT('',(12.978013622375,5.601483934542));
#1167 = ( GEOMETRIC_REPRESENTATION_CONTEXT(2) 
PARAMETRIC_REPRESENTATION_CONTEXT() REPRESENTATION_CONTEXT('2D SPACE',''
  ) );
#1168 = PCURVE('',#1169,#1177);
#1169 = SURFACE_OF_LINEAR_EXTRUSION('',#1170,#1175);
#1170 = B_SPLINE_CURVE_WITH_KNOTS('',3,(#1171,#1172,#1173,#1174),
  .UNSPECIFIED.,.F.,.F.,(4,4),(0.,1.),.PIECEWISE_BEZIER_KNOTS.);
#1171 = CARTESIAN_POINT('',(0.,-5.742624560372,13.908784709413));
#1172 = CARTESIAN_POINT('',(0.,-5.7223296183,13.374004355833));
#1173 = CARTESIAN_POINT('',(0.,-5.635352286709,13.0759698801));
#1174 = CARTESIAN_POINT('',(0.,-5.601483934542,12.978013622375));
#1175 = VECTOR('',#1176,1.);
#1176 = DIRECTION('',(-1.,-0.,-0.));
#1177 = DEFINITIONAL_REPRESENTATION('',(#1178),#1182);
#1178 = LINE('',#1179,#1180);
#1179 = CARTESIAN_POINT('',(0.,0.));
#1180 = VECTOR('',#1181,1.);
#1181 = DIRECTION('',(1.,0.));
#1182 = ( GEOMETRIC_REPRESENTATION_CONTEXT(2) 
PARAMETRIC_REPRESENTATION_CONTEXT() REPRESENTATION_CONTEXT('2D SPACE',''
  ) );
#1183 = ORIENTED_EDGE('',*,*,#1184,.T.);
#1184 = EDGE_CURVE('',#1152,#1185,#1187,.T.);
#1185 = VERTEX_POINT('',#1186);
#1186 = CARTESIAN_POINT('',(0.,-5.083961761165,11.774292242467));
#1187 = SURFACE_CURVE('',#1188,(#1192,#1199),.PCURVE_S1.);
#1188 = LINE('',#1189,#1190);
#1189 = CARTESIAN_POINT('',(0.,-5.601483934542,12.978013622375));
#1190 = VECTOR('',#1191,1.);
#1191 = DIRECTION('',(0.,0.394977496426,-0.918690795272));
#1192 = PCURVE('',#31,#1193);
#1193 = DEFINITIONAL_REPRESENTATION('',(#1194),#1198);
#1194 = LINE('',#1195,#1196);
#1195 = CARTESIAN_POINT('',(12.978013622375,5.601483934542));
#1196 = VECTOR('',#1197,1.);
#1197 = DIRECTION('',(-0.918690795272,-0.394977496426));
#1198 = ( GEOMETRIC_REPRESENTATION_CONTEXT(2) 
PARAMETRIC_REPRESENTATION_CONTEXT() REPRESENTATION_CONTEXT('2D SPACE',''
  ) );
#1199 = PCURVE('',#1200,#1205);
#1200 = PLANE('',#1201);
#1201 = AXIS2_PLACEMENT_3D('',#1202,#1203,#1204);
#1202 = CARTESIAN_POINT('',(0.,-5.601483934542,12.978013622375));
#1203 = DIRECTION('',(0.,0.918690795272,0.394977496426));
#1204 = DIRECTION('',(0.,0.394977496426,-0.918690795272));
#1205 = DEFINITIONAL_REPRESENTATION('',(#1206),#1210);
#1206 = LINE('',#1207,#1208);
#1207 = CARTESIAN_POINT('',(0.,0.));
#1208 = VECTOR('',#1209,1.);
#1209 = DIRECTION('',(1.,0.));
#1210 = ( GEOMETRIC_REPRESENTATION_CONTEXT(2) 
PARAMETRIC_REPRESENTATION_CONTEXT() REPRESENTATION_CONTEXT('2D SPACE',''
  ) );
#1211 = ORIENTED_EDGE('',*,*,#1212,.T.);
#1212 = EDGE_CURVE('',#1185,#1213,#1215,.T.);
#1213 = VERTEX_POINT('',#1214);
#1214 = CARTESIAN_POINT('',(0.,-5.499868465742,10.524593667194));
#1215 = SURFACE_CURVE('',#1216,(#1221,#1232),.PCURVE_S1.);
#1216 = CIRCLE('',#1217,0.95);
#1217 = AXIS2_PLACEMENT_3D('',#1218,#1219,#1220);
#1218 = CARTESIAN_POINT('',(0.,-5.941584589701,11.365656605287));
#1219 = DIRECTION('',(-1.,0.,0.));
#1220 = DIRECTION('',(0.,0.902760872144,0.430142775978));
#1221 = PCURVE('',#31,#1222);
#1222 = DEFINITIONAL_REPRESENTATION('',(#1223),#1231);
#1223 = ( BOUNDED_CURVE() B_SPLINE_CURVE(2,(#1224,#1225,#1226,#1227,
#1228,#1229,#1230),.UNSPECIFIED.,.T.,.F.) B_SPLINE_CURVE_WITH_KNOTS((1,2
    ,2,2,2,1),(-2.094395102393,0.,2.094395102393,4.188790204786,
6.28318530718,8.377580409573),.UNSPECIFIED.) CURVE() 
GEOMETRIC_REPRESENTATION_ITEM() RATIONAL_B_SPLINE_CURVE((1.,0.5,1.,0.5,
1.,0.5,1.)) REPRESENTATION_ITEM('') );
#1224 = CARTESIAN_POINT('',(11.774292242467,5.083961761165));
#1225 = CARTESIAN_POINT('',(10.288845929711,4.376184075787));
#1226 = CARTESIAN_POINT('',(10.41861563032,6.01650716128));
#1227 = CARTESIAN_POINT('',(10.548385330928,7.656830246774));
#1228 = CARTESIAN_POINT('',(11.904061943076,6.724284846659));
#1229 = CARTESIAN_POINT('',(13.259738555223,5.791739446543));
#1230 = CARTESIAN_POINT('',(11.774292242467,5.083961761165));
#1231 = ( GEOMETRIC_REPRESENTATION_CONTEXT(2) 
PARAMETRIC_REPRESENTATION_CONTEXT() REPRESENTATION_CONTEXT('2D SPACE',''
  ) );
#1232 = PCURVE('',#1233,#1238);
#1233 = CYLINDRICAL_SURFACE('',#1234,0.95);
#1234 = AXIS2_PLACEMENT_3D('',#1235,#1236,#1237);
#1235 = CARTESIAN_POINT('',(0.,-5.941584589701,11.365656605287));
#1236 = DIRECTION('',(-1.,0.,0.));
#1237 = DIRECTION('',(0.,0.902760872144,0.430142775978));
#1238 = DEFINITIONAL_REPRESENTATION('',(#1239),#1243);
#1239 = LINE('',#1240,#1241);
#1240 = CARTESIAN_POINT('',(0.,0.));
#1241 = VECTOR('',#1242,1.);
#1242 = DIRECTION('',(1.,0.));
#1243 = ( GEOMETRIC_REPRESENTATION_CONTEXT(2) 
PARAMETRIC_REPRESENTATION_CONTEXT() REPRESENTATION_CONTEXT('2D SPACE',''
  ) );
#1244 = ORIENTED_EDGE('',*,*,#1245,.T.);
#1245 = EDGE_CURVE('',#1213,#1246,#1248,.T.);
#1246 = VERTEX_POINT('',#1247);
#1247 = CARTESIAN_POINT('',(0.,-6.364631247428,10.025322642402));
#1248 = SURFACE_CURVE('',#1249,(#1254,#1261),.PCURVE_S1.);
#1249 = CIRCLE('',#1250,11.874999999998);
#1250 = AXIS2_PLACEMENT_3D('',#1251,#1252,#1253);
#1251 = CARTESIAN_POINT('',(0.,-1.038192310493E-12,1.76496580914E-12));
#1252 = DIRECTION('',(1.,0.,0.));
#1253 = DIRECTION('',(0.,-0.463146818168,0.886281571974));
#1254 = PCURVE('',#31,#1255);
#1255 = DEFINITIONAL_REPRESENTATION('',(#1256),#1260);
#1256 = CIRCLE('',#1257,11.874999999998);
#1257 = AXIS2_PLACEMENT_2D('',#1258,#1259);
#1258 = CARTESIAN_POINT('',(1.76616580914E-12,1.035342310493E-12));
#1259 = DIRECTION('',(0.886281571974,0.463146818168));
#1260 = ( GEOMETRIC_REPRESENTATION_CONTEXT(2) 
PARAMETRIC_REPRESENTATION_CONTEXT() REPRESENTATION_CONTEXT('2D SPACE',''
  ) );
#1261 = PCURVE('',#1262,#1267);
#1262 = CYLINDRICAL_SURFACE('',#1263,11.874999999998);
#1263 = AXIS2_PLACEMENT_3D('',#1264,#1265,#1266);
#1264 = CARTESIAN_POINT('',(0.,-1.03819E-12,1.76497E-12));
#1265 = DIRECTION('',(-1.,-0.,-0.));
#1266 = DIRECTION('',(0.,-0.463146818168,0.886281571974));
#1267 = DEFINITIONAL_REPRESENTATION('',(#1268),#1272);
#1268 = LINE('',#1269,#1270);
#1269 = CARTESIAN_POINT('',(-0.,0.));
#1270 = VECTOR('',#1271,1.);
#1271 = DIRECTION('',(-1.,0.));
#1272 = ( GEOMETRIC_REPRESENTATION_CONTEXT(2) 
PARAMETRIC_REPRESENTATION_CONTEXT() REPRESENTATION_CONTEXT('2D SPACE',''
  ) );
#1273 = ORIENTED_EDGE('',*,*,#1274,.T.);
#1274 = EDGE_CURVE('',#1246,#1275,#1277,.T.);
#1275 = VERTEX_POINT('',#1276);
#1276 = CARTESIAN_POINT('',(0.,-7.654855312976,10.289986158271));
#1277 = SURFACE_CURVE('',#1278,(#1283,#1294),.PCURVE_S1.);
#1278 = CIRCLE('',#1279,0.95);
#1279 = AXIS2_PLACEMENT_3D('',#1280,#1281,#1282);
#1280 = CARTESIAN_POINT('',(0.,-6.872155056019,10.828391496059));
#1281 = DIRECTION('',(-1.,0.,0.));
#1282 = DIRECTION('',(0.,0.534235587991,-0.845335635428));
#1283 = PCURVE('',#31,#1284);
#1284 = DEFINITIONAL_REPRESENTATION('',(#1285),#1293);
#1285 = ( BOUNDED_CURVE() B_SPLINE_CURVE(2,(#1286,#1287,#1288,#1289,
#1290,#1291,#1292),.UNSPECIFIED.,.T.,.F.) B_SPLINE_CURVE_WITH_KNOTS((1,2
    ,2,2,2,1),(-2.094395102393,0.,2.094395102393,4.188790204786,
6.28318530718,8.377580409573),.UNSPECIFIED.) CURVE() 
GEOMETRIC_REPRESENTATION_ITEM() RATIONAL_B_SPLINE_CURVE((1.,0.5,1.,0.5,
1.,0.5,1.)) REPRESENTATION_ITEM('') );
#1286 = CARTESIAN_POINT('',(10.025322642402,6.364631247428));
#1287 = CARTESIAN_POINT('',(9.146265619872,7.755587303937));
#1288 = CARTESIAN_POINT('',(10.790397411622,7.821394988569));
#1289 = CARTESIAN_POINT('',(12.434529203372,7.887202673201));
#1290 = CARTESIAN_POINT('',(11.669454434153,6.430438932059));
#1291 = CARTESIAN_POINT('',(10.904379664933,4.973675190918));
#1292 = CARTESIAN_POINT('',(10.025322642402,6.364631247428));
#1293 = ( GEOMETRIC_REPRESENTATION_CONTEXT(2) 
PARAMETRIC_REPRESENTATION_CONTEXT() REPRESENTATION_CONTEXT('2D SPACE',''
  ) );
#1294 = PCURVE('',#1295,#1300);
#1295 = CYLINDRICAL_SURFACE('',#1296,0.95);
#1296 = AXIS2_PLACEMENT_3D('',#1297,#1298,#1299);
#1297 = CARTESIAN_POINT('',(0.,-6.872155056019,10.828391496059));
#1298 = DIRECTION('',(-1.,0.,0.));
#1299 = DIRECTION('',(0.,0.534235587991,-0.845335635428));
#1300 = DEFINITIONAL_REPRESENTATION('',(#1301),#1305);
#1301 = LINE('',#1302,#1303);
#1302 = CARTESIAN_POINT('',(0.,0.));
#1303 = VECTOR('',#1304,1.);
#1304 = DIRECTION('',(1.,0.));
#1305 = ( GEOMETRIC_REPRESENTATION_CONTEXT(2) 
PARAMETRIC_REPRESENTATION_CONTEXT() REPRESENTATION_CONTEXT('2D SPACE',''
  ) );
#1306 = ORIENTED_EDGE('',*,*,#1307,.T.);
#1307 = EDGE_CURVE('',#1275,#1308,#1310,.T.);
#1308 = VERTEX_POINT('',#1309);
#1309 = CARTESIAN_POINT('',(0.,-8.438547520367,11.340034197391));
#1310 = SURFACE_CURVE('',#1311,(#1315,#1322),.PCURVE_S1.);
#1311 = LINE('',#1312,#1313);
#1312 = CARTESIAN_POINT('',(0.,-7.654855312976,10.289986158271));
#1313 = VECTOR('',#1314,1.);
#1314 = DIRECTION('',(0.,-0.598120818715,0.801405943464));
#1315 = PCURVE('',#31,#1316);
#1316 = DEFINITIONAL_REPRESENTATION('',(#1317),#1321);
#1317 = LINE('',#1318,#1319);
#1318 = CARTESIAN_POINT('',(10.289986158271,7.654855312976));
#1319 = VECTOR('',#1320,1.);
#1320 = DIRECTION('',(0.801405943464,0.598120818715));
#1321 = ( GEOMETRIC_REPRESENTATION_CONTEXT(2) 
PARAMETRIC_REPRESENTATION_CONTEXT() REPRESENTATION_CONTEXT('2D SPACE',''
  ) );
#1322 = PCURVE('',#1323,#1328);
#1323 = PLANE('',#1324);
#1324 = AXIS2_PLACEMENT_3D('',#1325,#1326,#1327);
#1325 = CARTESIAN_POINT('',(0.,-7.654855312976,10.289986158271));
#1326 = DIRECTION('',(0.,-0.801405943464,-0.598120818715));
#1327 = DIRECTION('',(0.,-0.598120818715,0.801405943464));
#1328 = DEFINITIONAL_REPRESENTATION('',(#1329),#1333);
#1329 = LINE('',#1330,#1331);
#1330 = CARTESIAN_POINT('',(0.,0.));
#1331 = VECTOR('',#1332,1.);
#1332 = DIRECTION('',(1.,0.));
#1333 = ( GEOMETRIC_REPRESENTATION_CONTEXT(2) 
PARAMETRIC_REPRESENTATION_CONTEXT() REPRESENTATION_CONTEXT('2D SPACE',''
  ) );
#1334 = ORIENTED_EDGE('',*,*,#1335,.T.);
#1335 = EDGE_CURVE('',#1308,#1336,#1338,.T.);
#1336 = VERTEX_POINT('',#1337);
#1337 = CARTESIAN_POINT('',(0.,-9.174048613935,11.927651108385));
#1338 = SURFACE_CURVE('',#1339,(#1344,#1352),.PCURVE_S1.);
#1339 = B_SPLINE_CURVE_WITH_KNOTS('',3,(#1340,#1341,#1342,#1343),
  .UNSPECIFIED.,.F.,.F.,(4,4),(0.,1.),.PIECEWISE_BEZIER_KNOTS.);
#1340 = CARTESIAN_POINT('',(0.,-8.438547520367,11.340034197391));
#1341 = CARTESIAN_POINT('',(0.,-8.506445951932,11.418343179615));
#1342 = CARTESIAN_POINT('',(0.,-8.721062713325,11.642684996192));
#1343 = CARTESIAN_POINT('',(0.,-9.174048613935,11.927651108385));
#1344 = PCURVE('',#31,#1345);
#1345 = DEFINITIONAL_REPRESENTATION('',(#1346),#1351);
#1346 = B_SPLINE_CURVE_WITH_KNOTS('',3,(#1347,#1348,#1349,#1350),
  .UNSPECIFIED.,.F.,.F.,(4,4),(0.,1.),.PIECEWISE_BEZIER_KNOTS.);
#1347 = CARTESIAN_POINT('',(11.340034197391,8.438547520367));
#1348 = CARTESIAN_POINT('',(11.418343179615,8.506445951932));
#1349 = CARTESIAN_POINT('',(11.642684996192,8.721062713325));
#1350 = CARTESIAN_POINT('',(11.927651108385,9.174048613935));
#1351 = ( GEOMETRIC_REPRESENTATION_CONTEXT(2) 
PARAMETRIC_REPRESENTATION_CONTEXT() REPRESENTATION_CONTEXT('2D SPACE',''
  ) );
#1352 = PCURVE('',#1353,#1361);
#1353 = SURFACE_OF_LINEAR_EXTRUSION('',#1354,#1359);
#1354 = B_SPLINE_CURVE_WITH_KNOTS('',3,(#1355,#1356,#1357,#1358),
  .UNSPECIFIED.,.F.,.F.,(4,4),(0.,1.),.PIECEWISE_BEZIER_KNOTS.);
#1355 = CARTESIAN_POINT('',(0.,-8.438547520367,11.340034197391));
#1356 = CARTESIAN_POINT('',(0.,-8.506445951932,11.418343179615));
#1357 = CARTESIAN_POINT('',(0.,-8.721062713325,11.642684996192));
#1358 = CARTESIAN_POINT('',(0.,-9.174048613935,11.927651108385));
#1359 = VECTOR('',#1360,1.);
#1360 = DIRECTION('',(-1.,-0.,-0.));
#1361 = DEFINITIONAL_REPRESENTATION('',(#1362),#1366);
#1362 = LINE('',#1363,#1364);
#1363 = CARTESIAN_POINT('',(0.,0.));
#1364 = VECTOR('',#1365,1.);
#1365 = DIRECTION('',(1.,0.));
#1366 = ( GEOMETRIC_REPRESENTATION_CONTEXT(2) 
PARAMETRIC_REPRESENTATION_CONTEXT() REPRESENTATION_CONTEXT('2D SPACE',''
  ) );
#1367 = ORIENTED_EDGE('',*,*,#1368,.T.);
#1368 = EDGE_CURVE('',#1336,#1369,#1371,.T.);
#1369 = VERTEX_POINT('',#1370);
#1370 = CARTESIAN_POINT('',(0.,-11.81709245724,12.912247273154));
#1371 = SURFACE_CURVE('',#1372,(#1377,#1385),.PCURVE_S1.);
#1372 = B_SPLINE_CURVE_WITH_KNOTS('',3,(#1373,#1374,#1375,#1376),
  .UNSPECIFIED.,.F.,.F.,(4,4),(0.,1.),.PIECEWISE_BEZIER_KNOTS.);
#1373 = CARTESIAN_POINT('',(0.,-9.174048613935,11.927651108385));
#1374 = CARTESIAN_POINT('',(0.,-9.71583046277,12.26427780193));
#1375 = CARTESIAN_POINT('',(0.,-10.56900102169,12.661896546512));
#1376 = CARTESIAN_POINT('',(0.,-11.81709245724,12.912247273154));
#1377 = PCURVE('',#31,#1378);
#1378 = DEFINITIONAL_REPRESENTATION('',(#1379),#1384);
#1379 = B_SPLINE_CURVE_WITH_KNOTS('',3,(#1380,#1381,#1382,#1383),
  .UNSPECIFIED.,.F.,.F.,(4,4),(0.,1.),.PIECEWISE_BEZIER_KNOTS.);
#1380 = CARTESIAN_POINT('',(11.927651108385,9.174048613935));
#1381 = CARTESIAN_POINT('',(12.26427780193,9.71583046277));
#1382 = CARTESIAN_POINT('',(12.661896546512,10.569001021696));
#1383 = CARTESIAN_POINT('',(12.912247273154,11.817092457245));
#1384 = ( GEOMETRIC_REPRESENTATION_CONTEXT(2) 
PARAMETRIC_REPRESENTATION_CONTEXT() REPRESENTATION_CONTEXT('2D SPACE',''
  ) );
#1385 = PCURVE('',#1386,#1394);
#1386 = SURFACE_OF_LINEAR_EXTRUSION('',#1387,#1392);
#1387 = B_SPLINE_CURVE_WITH_KNOTS('',3,(#1388,#1389,#1390,#1391),
  .UNSPECIFIED.,.F.,.F.,(4,4),(0.,1.),.PIECEWISE_BEZIER_KNOTS.);
#1388 = CARTESIAN_POINT('',(0.,-9.174048613935,11.927651108385));
#1389 = CARTESIAN_POINT('',(0.,-9.71583046277,12.26427780193));
#1390 = CARTESIAN_POINT('',(0.,-10.56900102169,12.661896546512));
#1391 = CARTESIAN_POINT('',(0.,-11.81709245724,12.912247273154));
#1392 = VECTOR('',#1393,1.);
#1393 = DIRECTION('',(-1.,-0.,-0.));
#1394 = DEFINITIONAL_REPRESENTATION('',(#1395),#1399);
#1395 = LINE('',#1396,#1397);
#1396 = CARTESIAN_POINT('',(0.,0.));
#1397 = VECTOR('',#1398,1.);
#1398 = DIRECTION('',(1.,0.));
#1399 = ( GEOMETRIC_REPRESENTATION_CONTEXT(2) 
PARAMETRIC_REPRESENTATION_CONTEXT() REPRESENTATION_CONTEXT('2D SPACE',''
  ) );
#1400 = ORIENTED_EDGE('',*,*,#1401,.T.);
#1401 = EDGE_CURVE('',#1369,#1402,#1404,.T.);
#1402 = VERTEX_POINT('',#1403);
#1403 = CARTESIAN_POINT('',(0.,-12.91082289983,11.813579137975));
#1404 = SURFACE_CURVE('',#1405,(#1410,#1417),.PCURVE_S1.);
#1405 = CIRCLE('',#1406,17.500000000002);
#1406 = AXIS2_PLACEMENT_3D('',#1407,#1408,#1409);
#1407 = CARTESIAN_POINT('',(0.,2.607706695404E-02,2.856241123781E-02));
#1408 = DIRECTION('',(1.,0.,0.));
#1409 = DIRECTION('',(0.,-0.67675254424,0.736210563538));
#1410 = PCURVE('',#31,#1411);
#1411 = DEFINITIONAL_REPRESENTATION('',(#1412),#1416);
#1412 = CIRCLE('',#1413,17.500000000002);
#1413 = AXIS2_PLACEMENT_2D('',#1414,#1415);
#1414 = CARTESIAN_POINT('',(2.856241123781E-02,-2.607706695404E-02));
#1415 = DIRECTION('',(0.736210563538,0.67675254424));
#1416 = ( GEOMETRIC_REPRESENTATION_CONTEXT(2) 
PARAMETRIC_REPRESENTATION_CONTEXT() REPRESENTATION_CONTEXT('2D SPACE',''
  ) );
#1417 = PCURVE('',#1418,#1423);
#1418 = CYLINDRICAL_SURFACE('',#1419,17.500000000002);
#1419 = AXIS2_PLACEMENT_3D('',#1420,#1421,#1422);
#1420 = CARTESIAN_POINT('',(0.,2.607706695404E-02,2.856241123781E-02));
#1421 = DIRECTION('',(-1.,-0.,-0.));
#1422 = DIRECTION('',(0.,-0.67675254424,0.736210563538));
#1423 = DEFINITIONAL_REPRESENTATION('',(#1424),#1428);
#1424 = LINE('',#1425,#1426);
#1425 = CARTESIAN_POINT('',(-0.,0.));
#1426 = VECTOR('',#1427,1.);
#1427 = DIRECTION('',(-1.,0.));
#1428 = ( GEOMETRIC_REPRESENTATION_CONTEXT(2) 
PARAMETRIC_REPRESENTATION_CONTEXT() REPRESENTATION_CONTEXT('2D SPACE',''
  ) );
#1429 = ORIENTED_EDGE('',*,*,#1430,.T.);
#1430 = EDGE_CURVE('',#1402,#1431,#1433,.T.);
#1431 = VERTEX_POINT('',#1432);
#1432 = CARTESIAN_POINT('',(0.,-11.92765110838,9.174048613935));
#1433 = SURFACE_CURVE('',#1434,(#1439,#1447),.PCURVE_S1.);
#1434 = B_SPLINE_CURVE_WITH_KNOTS('',3,(#1435,#1436,#1437,#1438),
  .UNSPECIFIED.,.F.,.F.,(4,4),(0.,1.),.PIECEWISE_BEZIER_KNOTS.);
#1435 = CARTESIAN_POINT('',(0.,-12.91082289983,11.813579137975));
#1436 = CARTESIAN_POINT('',(0.,-12.66189654651,10.569001021696));
#1437 = CARTESIAN_POINT('',(0.,-12.26427780193,9.71583046277));
#1438 = CARTESIAN_POINT('',(0.,-11.92765110838,9.174048613935));
#1439 = PCURVE('',#31,#1440);
#1440 = DEFINITIONAL_REPRESENTATION('',(#1441),#1446);
#1441 = B_SPLINE_CURVE_WITH_KNOTS('',3,(#1442,#1443,#1444,#1445),
  .UNSPECIFIED.,.F.,.F.,(4,4),(0.,1.),.PIECEWISE_BEZIER_KNOTS.);
#1442 = CARTESIAN_POINT('',(11.813579137975,12.910822899831));
#1443 = CARTESIAN_POINT('',(10.569001021696,12.661896546512));
#1444 = CARTESIAN_POINT('',(9.71583046277,12.26427780193));
#1445 = CARTESIAN_POINT('',(9.174048613935,11.927651108385));
#1446 = ( GEOMETRIC_REPRESENTATION_CONTEXT(2) 
PARAMETRIC_REPRESENTATION_CONTEXT() REPRESENTATION_CONTEXT('2D SPACE',''
  ) );
#1447 = PCURVE('',#1448,#1456);
#1448 = SURFACE_OF_LINEAR_EXTRUSION('',#1449,#1454);
#1449 = B_SPLINE_CURVE_WITH_KNOTS('',3,(#1450,#1451,#1452,#1453),
  .UNSPECIFIED.,.F.,.F.,(4,4),(0.,1.),.PIECEWISE_BEZIER_KNOTS.);
#1450 = CARTESIAN_POINT('',(0.,-12.91082289983,11.813579137975));
#1451 = CARTESIAN_POINT('',(0.,-12.66189654651,10.569001021696));
#1452 = CARTESIAN_POINT('',(0.,-12.26427780193,9.71583046277));
#1453 = CARTESIAN_POINT('',(0.,-11.92765110838,9.174048613935));
#1454 = VECTOR('',#1455,1.);
#1455 = DIRECTION('',(-1.,-0.,-0.));
#1456 = DEFINITIONAL_REPRESENTATION('',(#1457),#1461);
#1457 = LINE('',#1458,#1459);
#1458 = CARTESIAN_POINT('',(0.,0.));
#1459 = VECTOR('',#1460,1.);
#1460 = DIRECTION('',(1.,0.));
#1461 = ( GEOMETRIC_REPRESENTATION_CONTEXT(2) 
PARAMETRIC_REPRESENTATION_CONTEXT() REPRESENTATION_CONTEXT('2D SPACE',''
  ) );
#1462 = ORIENTED_EDGE('',*,*,#1463,.T.);
#1463 = EDGE_CURVE('',#1431,#1464,#1466,.T.);
#1464 = VERTEX_POINT('',#1465);
#1465 = CARTESIAN_POINT('',(0.,-11.34003419739,8.438547520367));
#1466 = SURFACE_CURVE('',#1467,(#1472,#1480),.PCURVE_S1.);
#1467 = B_SPLINE_CURVE_WITH_KNOTS('',3,(#1468,#1469,#1470,#1471),
  .UNSPECIFIED.,.F.,.F.,(4,4),(0.,1.),.PIECEWISE_BEZIER_KNOTS.);
#1468 = CARTESIAN_POINT('',(0.,-11.92765110838,9.174048613935));
#1469 = CARTESIAN_POINT('',(0.,-11.64268499619,8.721062713325));
#1470 = CARTESIAN_POINT('',(0.,-11.41834317961,8.506445951932));
#1471 = CARTESIAN_POINT('',(0.,-11.34003419739,8.438547520367));
#1472 = PCURVE('',#31,#1473);
#1473 = DEFINITIONAL_REPRESENTATION('',(#1474),#1479);
#1474 = B_SPLINE_CURVE_WITH_KNOTS('',3,(#1475,#1476,#1477,#1478),
  .UNSPECIFIED.,.F.,.F.,(4,4),(0.,1.),.PIECEWISE_BEZIER_KNOTS.);
#1475 = CARTESIAN_POINT('',(9.174048613935,11.927651108385));
#1476 = CARTESIAN_POINT('',(8.721062713325,11.642684996192));
#1477 = CARTESIAN_POINT('',(8.506445951932,11.418343179615));
#1478 = CARTESIAN_POINT('',(8.438547520367,11.340034197391));
#1479 = ( GEOMETRIC_REPRESENTATION_CONTEXT(2) 
PARAMETRIC_REPRESENTATION_CONTEXT() REPRESENTATION_CONTEXT('2D SPACE',''
  ) );
#1480 = PCURVE('',#1481,#1489);
#1481 = SURFACE_OF_LINEAR_EXTRUSION('',#1482,#1487);
#1482 = B_SPLINE_CURVE_WITH_KNOTS('',3,(#1483,#1484,#1485,#1486),
  .UNSPECIFIED.,.F.,.F.,(4,4),(0.,1.),.PIECEWISE_BEZIER_KNOTS.);
#1483 = CARTESIAN_POINT('',(0.,-11.92765110838,9.174048613935));
#1484 = CARTESIAN_POINT('',(0.,-11.64268499619,8.721062713325));
#1485 = CARTESIAN_POINT('',(0.,-11.41834317961,8.506445951932));
#1486 = CARTESIAN_POINT('',(0.,-11.34003419739,8.438547520367));
#1487 = VECTOR('',#1488,1.);
#1488 = DIRECTION('',(-1.,-0.,-0.));
#1489 = DEFINITIONAL_REPRESENTATION('',(#1490),#1494);
#1490 = LINE('',#1491,#1492);
#1491 = CARTESIAN_POINT('',(0.,0.));
#1492 = VECTOR('',#1493,1.);
#1493 = DIRECTION('',(1.,0.));
#1494 = ( GEOMETRIC_REPRESENTATION_CONTEXT(2) 
PARAMETRIC_REPRESENTATION_CONTEXT() REPRESENTATION_CONTEXT('2D SPACE',''
  ) );
#1495 = ORIENTED_EDGE('',*,*,#1496,.T.);
#1496 = EDGE_CURVE('',#1464,#1497,#1499,.T.);
#1497 = VERTEX_POINT('',#1498);
#1498 = CARTESIAN_POINT('',(0.,-10.28998615827,7.654855312976));
#1499 = SURFACE_CURVE('',#1500,(#1504,#1511),.PCURVE_S1.);
#1500 = LINE('',#1501,#1502);
#1501 = CARTESIAN_POINT('',(0.,-11.34003419739,8.438547520367));
#1502 = VECTOR('',#1503,1.);
#1503 = DIRECTION('',(0.,0.801405943464,-0.598120818715));
#1504 = PCURVE('',#31,#1505);
#1505 = DEFINITIONAL_REPRESENTATION('',(#1506),#1510);
#1506 = LINE('',#1507,#1508);
#1507 = CARTESIAN_POINT('',(8.438547520367,11.340034197391));
#1508 = VECTOR('',#1509,1.);
#1509 = DIRECTION('',(-0.598120818715,-0.801405943464));
#1510 = ( GEOMETRIC_REPRESENTATION_CONTEXT(2) 
PARAMETRIC_REPRESENTATION_CONTEXT() REPRESENTATION_CONTEXT('2D SPACE',''
  ) );
#1511 = PCURVE('',#1512,#1517);
#1512 = PLANE('',#1513);
#1513 = AXIS2_PLACEMENT_3D('',#1514,#1515,#1516);
#1514 = CARTESIAN_POINT('',(0.,-11.34003419739,8.438547520367));
#1515 = DIRECTION('',(0.,0.598120818715,0.801405943464));
#1516 = DIRECTION('',(0.,0.801405943464,-0.598120818715));
#1517 = DEFINITIONAL_REPRESENTATION('',(#1518),#1522);
#1518 = LINE('',#1519,#1520);
#1519 = CARTESIAN_POINT('',(0.,0.));
#1520 = VECTOR('',#1521,1.);
#1521 = DIRECTION('',(1.,0.));
#1522 = ( GEOMETRIC_REPRESENTATION_CONTEXT(2) 
PARAMETRIC_REPRESENTATION_CONTEXT() REPRESENTATION_CONTEXT('2D SPACE',''
  ) );
#1523 = ORIENTED_EDGE('',*,*,#1524,.T.);
#1524 = EDGE_CURVE('',#1497,#1525,#1527,.T.);
#1525 = VERTEX_POINT('',#1526);
#1526 = CARTESIAN_POINT('',(0.,-10.0253226424,6.364631247428));
#1527 = SURFACE_CURVE('',#1528,(#1533,#1544),.PCURVE_S1.);
#1528 = CIRCLE('',#1529,0.95);
#1529 = AXIS2_PLACEMENT_3D('',#1530,#1531,#1532);
#1530 = CARTESIAN_POINT('',(0.,-10.82839149605,6.872155056019));
#1531 = DIRECTION('',(-1.,0.,0.));
#1532 = DIRECTION('',(0.,0.56674246083,0.823895007324));
#1533 = PCURVE('',#31,#1534);
#1534 = DEFINITIONAL_REPRESENTATION('',(#1535),#1543);
#1535 = ( BOUNDED_CURVE() B_SPLINE_CURVE(2,(#1536,#1537,#1538,#1539,
#1540,#1541,#1542),.UNSPECIFIED.,.T.,.F.) B_SPLINE_CURVE_WITH_KNOTS((1,2
    ,2,2,2,1),(-2.094395102393,0.,2.094395102393,4.188790204786,
6.28318530718,8.377580409573),.UNSPECIFIED.) CURVE() 
GEOMETRIC_REPRESENTATION_ITEM() RATIONAL_B_SPLINE_CURVE((1.,0.5,1.,0.5,
1.,0.5,1.)) REPRESENTATION_ITEM('') );
#1536 = CARTESIAN_POINT('',(7.654855312976,10.289986158271));
#1537 = CARTESIAN_POINT('',(6.72230991286,8.934309546123));
#1538 = CARTESIAN_POINT('',(6.014532227482,10.41975585888));
#1539 = CARTESIAN_POINT('',(5.306754542104,11.905202171636));
#1540 = CARTESIAN_POINT('',(6.947077627598,11.775432471027));
#1541 = CARTESIAN_POINT('',(8.587400713092,11.645662770418));
#1542 = CARTESIAN_POINT('',(7.654855312976,10.289986158271));
#1543 = ( GEOMETRIC_REPRESENTATION_CONTEXT(2) 
PARAMETRIC_REPRESENTATION_CONTEXT() REPRESENTATION_CONTEXT('2D SPACE',''
  ) );
#1544 = PCURVE('',#1545,#1550);
#1545 = CYLINDRICAL_SURFACE('',#1546,0.95);
#1546 = AXIS2_PLACEMENT_3D('',#1547,#1548,#1549);
#1547 = CARTESIAN_POINT('',(0.,-10.82839149605,6.872155056019));
#1548 = DIRECTION('',(-1.,0.,0.));
#1549 = DIRECTION('',(0.,0.56674246083,0.823895007324));
#1550 = DEFINITIONAL_REPRESENTATION('',(#1551),#1555);
#1551 = LINE('',#1552,#1553);
#1552 = CARTESIAN_POINT('',(0.,0.));
#1553 = VECTOR('',#1554,1.);
#1554 = DIRECTION('',(1.,0.));
#1555 = ( GEOMETRIC_REPRESENTATION_CONTEXT(2) 
PARAMETRIC_REPRESENTATION_CONTEXT() REPRESENTATION_CONTEXT('2D SPACE',''
  ) );
#1556 = ORIENTED_EDGE('',*,*,#1557,.T.);
#1557 = EDGE_CURVE('',#1525,#1558,#1560,.T.);
#1558 = VERTEX_POINT('',#1559);
#1559 = CARTESIAN_POINT('',(0.,-10.52459366719,5.499868465742));
#1560 = SURFACE_CURVE('',#1561,(#1566,#1573),.PCURVE_S1.);
#1561 = CIRCLE('',#1562,11.875);
#1562 = AXIS2_PLACEMENT_3D('',#1563,#1564,#1565);
#1563 = CARTESIAN_POINT('',(0.,2.838565023098E-13,-2.117476575938E-13));
#1564 = DIRECTION('',(1.,0.,0.));
#1565 = DIRECTION('',(0.,-0.844237696202,0.535968947152));
#1566 = PCURVE('',#31,#1567);
#1567 = DEFINITIONAL_REPRESENTATION('',(#1568),#1572);
#1568 = CIRCLE('',#1569,11.875);
#1569 = AXIS2_PLACEMENT_2D('',#1570,#1571);
#1570 = CARTESIAN_POINT('',(-2.105476575938E-13,-2.867065023098E-13));
#1571 = DIRECTION('',(0.535968947152,0.844237696202));
#1572 = ( GEOMETRIC_REPRESENTATION_CONTEXT(2) 
PARAMETRIC_REPRESENTATION_CONTEXT() REPRESENTATION_CONTEXT('2D SPACE',''
  ) );
#1573 = PCURVE('',#1574,#1579);
#1574 = CYLINDRICAL_SURFACE('',#1575,11.875);
#1575 = AXIS2_PLACEMENT_3D('',#1576,#1577,#1578);
#1576 = CARTESIAN_POINT('',(0.,2.8386E-13,-2.1175E-13));
#1577 = DIRECTION('',(-1.,-0.,-0.));
#1578 = DIRECTION('',(0.,-0.844237696202,0.535968947152));
#1579 = DEFINITIONAL_REPRESENTATION('',(#1580),#1584);
#1580 = LINE('',#1581,#1582);
#1581 = CARTESIAN_POINT('',(-0.,0.));
#1582 = VECTOR('',#1583,1.);
#1583 = DIRECTION('',(-1.,0.));
#1584 = ( GEOMETRIC_REPRESENTATION_CONTEXT(2) 
PARAMETRIC_REPRESENTATION_CONTEXT() REPRESENTATION_CONTEXT('2D SPACE',''
  ) );
#1585 = ORIENTED_EDGE('',*,*,#1586,.T.);
#1586 = EDGE_CURVE('',#1558,#1587,#1589,.T.);
#1587 = VERTEX_POINT('',#1588);
#1588 = CARTESIAN_POINT('',(0.,-11.77429224246,5.083961761165));
#1589 = SURFACE_CURVE('',#1590,(#1595,#1606),.PCURVE_S1.);
#1590 = CIRCLE('',#1591,0.95);
#1591 = AXIS2_PLACEMENT_3D('',#1592,#1593,#1594);
#1592 = CARTESIAN_POINT('',(0.,-11.36565660528,5.941584589701));
#1593 = DIRECTION('',(-1.,0.,-0.));
#1594 = DIRECTION('',(0.,0.885329408519,-0.46496434101));
#1595 = PCURVE('',#31,#1596);
#1596 = DEFINITIONAL_REPRESENTATION('',(#1597),#1605);
#1597 = ( BOUNDED_CURVE() B_SPLINE_CURVE(2,(#1598,#1599,#1600,#1601,
#1602,#1603,#1604),.UNSPECIFIED.,.T.,.F.) B_SPLINE_CURVE_WITH_KNOTS((1,2
    ,2,2,2,1),(-2.094395102393,0.,2.094395102393,4.188790204786,
6.28318530718,8.377580409573),.UNSPECIFIED.) CURVE() 
GEOMETRIC_REPRESENTATION_ITEM() RATIONAL_B_SPLINE_CURVE((1.,0.5,1.,0.5,
1.,0.5,1.)) REPRESENTATION_ITEM('') );
#1598 = CARTESIAN_POINT('',(5.499868465742,10.524593667194));
#1599 = CARTESIAN_POINT('',(4.043104724601,11.289668436413));
#1600 = CARTESIAN_POINT('',(5.43406078111,12.168725458944));
#1601 = CARTESIAN_POINT('',(6.82501683762,13.047782481474));
#1602 = CARTESIAN_POINT('',(6.890824522251,11.403650689724));
#1603 = CARTESIAN_POINT('',(6.956632206883,9.759518897974));
#1604 = CARTESIAN_POINT('',(5.499868465742,10.524593667194));
#1605 = ( GEOMETRIC_REPRESENTATION_CONTEXT(2) 
PARAMETRIC_REPRESENTATION_CONTEXT() REPRESENTATION_CONTEXT('2D SPACE',''
  ) );
#1606 = PCURVE('',#1607,#1612);
#1607 = CYLINDRICAL_SURFACE('',#1608,0.95);
#1608 = AXIS2_PLACEMENT_3D('',#1609,#1610,#1611);
#1609 = CARTESIAN_POINT('',(0.,-11.36565660528,5.941584589701));
#1610 = DIRECTION('',(-1.,0.,0.));
#1611 = DIRECTION('',(0.,0.885329408519,-0.46496434101));
#1612 = DEFINITIONAL_REPRESENTATION('',(#1613),#1617);
#1613 = LINE('',#1614,#1615);
#1614 = CARTESIAN_POINT('',(0.,0.));
#1615 = VECTOR('',#1616,1.);
#1616 = DIRECTION('',(1.,0.));
#1617 = ( GEOMETRIC_REPRESENTATION_CONTEXT(2) 
PARAMETRIC_REPRESENTATION_CONTEXT() REPRESENTATION_CONTEXT('2D SPACE',''
  ) );
#1618 = ORIENTED_EDGE('',*,*,#1619,.T.);
#1619 = EDGE_CURVE('',#1587,#1620,#1622,.T.);
#1620 = VERTEX_POINT('',#1621);
#1621 = CARTESIAN_POINT('',(0.,-12.97801362237,5.601483934542));
#1622 = SURFACE_CURVE('',#1623,(#1627,#1634),.PCURVE_S1.);
#1623 = LINE('',#1624,#1625);
#1624 = CARTESIAN_POINT('',(0.,-11.77429224246,5.083961761165));
#1625 = VECTOR('',#1626,1.);
#1626 = DIRECTION('',(0.,-0.918690795272,0.394977496426));
#1627 = PCURVE('',#31,#1628);
#1628 = DEFINITIONAL_REPRESENTATION('',(#1629),#1633);
#1629 = LINE('',#1630,#1631);
#1630 = CARTESIAN_POINT('',(5.083961761165,11.774292242467));
#1631 = VECTOR('',#1632,1.);
#1632 = DIRECTION('',(0.394977496426,0.918690795272));
#1633 = ( GEOMETRIC_REPRESENTATION_CONTEXT(2) 
PARAMETRIC_REPRESENTATION_CONTEXT() REPRESENTATION_CONTEXT('2D SPACE',''
  ) );
#1634 = PCURVE('',#1635,#1640);
#1635 = PLANE('',#1636);
#1636 = AXIS2_PLACEMENT_3D('',#1637,#1638,#1639);
#1637 = CARTESIAN_POINT('',(0.,-11.77429224246,5.083961761165));
#1638 = DIRECTION('',(0.,-0.394977496426,-0.918690795272));
#1639 = DIRECTION('',(0.,-0.918690795272,0.394977496426));
#1640 = DEFINITIONAL_REPRESENTATION('',(#1641),#1645);
#1641 = LINE('',#1642,#1643);
#1642 = CARTESIAN_POINT('',(-1.631922677475E-15,0.));
#1643 = VECTOR('',#1644,1.);
#1644 = DIRECTION('',(1.,0.));
#1645 = ( GEOMETRIC_REPRESENTATION_CONTEXT(2) 
PARAMETRIC_REPRESENTATION_CONTEXT() REPRESENTATION_CONTEXT('2D SPACE',''
  ) );
#1646 = ORIENTED_EDGE('',*,*,#1647,.T.);
#1647 = EDGE_CURVE('',#1620,#1648,#1650,.T.);
#1648 = VERTEX_POINT('',#1649);
#1649 = CARTESIAN_POINT('',(0.,-13.90878470941,5.742624560372));
#1650 = SURFACE_CURVE('',#1651,(#1656,#1664),.PCURVE_S1.);
#1651 = B_SPLINE_CURVE_WITH_KNOTS('',3,(#1652,#1653,#1654,#1655),
  .UNSPECIFIED.,.F.,.F.,(4,4),(0.,1.),.PIECEWISE_BEZIER_KNOTS.);
#1652 = CARTESIAN_POINT('',(0.,-12.97801362237,5.601483934542));
#1653 = CARTESIAN_POINT('',(0.,-13.0759698801,5.635352286709));
#1654 = CARTESIAN_POINT('',(0.,-13.37400435583,5.7223296183));
#1655 = CARTESIAN_POINT('',(0.,-13.90878470941,5.742624560372));
#1656 = PCURVE('',#31,#1657);
#1657 = DEFINITIONAL_REPRESENTATION('',(#1658),#1663);
#1658 = B_SPLINE_CURVE_WITH_KNOTS('',3,(#1659,#1660,#1661,#1662),
  .UNSPECIFIED.,.F.,.F.,(4,4),(0.,1.),.PIECEWISE_BEZIER_KNOTS.);
#1659 = CARTESIAN_POINT('',(5.601483934542,12.978013622375));
#1660 = CARTESIAN_POINT('',(5.635352286709,13.0759698801));
#1661 = CARTESIAN_POINT('',(5.7223296183,13.374004355833));
#1662 = CARTESIAN_POINT('',(5.742624560372,13.908784709413));
#1663 = ( GEOMETRIC_REPRESENTATION_CONTEXT(2) 
PARAMETRIC_REPRESENTATION_CONTEXT() REPRESENTATION_CONTEXT('2D SPACE',''
  ) );
#1664 = PCURVE('',#1665,#1673);
#1665 = SURFACE_OF_LINEAR_EXTRUSION('',#1666,#1671);
#1666 = B_SPLINE_CURVE_WITH_KNOTS('',3,(#1667,#1668,#1669,#1670),
  .UNSPECIFIED.,.F.,.F.,(4,4),(0.,1.),.PIECEWISE_BEZIER_KNOTS.);
#1667 = CARTESIAN_POINT('',(0.,-12.97801362237,5.601483934542));
#1668 = CARTESIAN_POINT('',(0.,-13.0759698801,5.635352286709));
#1669 = CARTESIAN_POINT('',(0.,-13.37400435583,5.7223296183));
#1670 = CARTESIAN_POINT('',(0.,-13.90878470941,5.742624560372));
#1671 = VECTOR('',#1672,1.);
#1672 = DIRECTION('',(-1.,-0.,-0.));
#1673 = DEFINITIONAL_REPRESENTATION('',(#1674),#1678);
#1674 = LINE('',#1675,#1676);
#1675 = CARTESIAN_POINT('',(0.,0.));
#1676 = VECTOR('',#1677,1.);
#1677 = DIRECTION('',(1.,0.));
#1678 = ( GEOMETRIC_REPRESENTATION_CONTEXT(2) 
PARAMETRIC_REPRESENTATION_CONTEXT() REPRESENTATION_CONTEXT('2D SPACE',''
  ) );
#1679 = ORIENTED_EDGE('',*,*,#1680,.T.);
#1680 = EDGE_CURVE('',#1648,#1681,#1683,.T.);
#1681 = VERTEX_POINT('',#1682);
#1682 = CARTESIAN_POINT('',(0.,-16.69002590342,5.273787929875));
#1683 = SURFACE_CURVE('',#1684,(#1689,#1697),.PCURVE_S1.);
#1684 = B_SPLINE_CURVE_WITH_KNOTS('',3,(#1685,#1686,#1687,#1688),
  .UNSPECIFIED.,.F.,.F.,(4,4),(0.,1.),.PIECEWISE_BEZIER_KNOTS.);
#1685 = CARTESIAN_POINT('',(0.,-13.90878470941,5.742624560372));
#1686 = CARTESIAN_POINT('',(0.,-14.54629490058,5.763260904156));
#1687 = CARTESIAN_POINT('',(0.,-15.48397165066,5.681023558521));
#1688 = CARTESIAN_POINT('',(0.,-16.69002590342,5.273787929875));
#1689 = PCURVE('',#31,#1690);
#1690 = DEFINITIONAL_REPRESENTATION('',(#1691),#1696);
#1691 = B_SPLINE_CURVE_WITH_KNOTS('',3,(#1692,#1693,#1694,#1695),
  .UNSPECIFIED.,.F.,.F.,(4,4),(0.,1.),.PIECEWISE_BEZIER_KNOTS.);
#1692 = CARTESIAN_POINT('',(5.742624560372,13.908784709413));
#1693 = CARTESIAN_POINT('',(5.763260904156,14.546294900587));
#1694 = CARTESIAN_POINT('',(5.681023558521,15.483971650669));
#1695 = CARTESIAN_POINT('',(5.273787929875,16.690025903421));
#1696 = ( GEOMETRIC_REPRESENTATION_CONTEXT(2) 
PARAMETRIC_REPRESENTATION_CONTEXT() REPRESENTATION_CONTEXT('2D SPACE',''
  ) );
#1697 = PCURVE('',#1698,#1706);
#1698 = SURFACE_OF_LINEAR_EXTRUSION('',#1699,#1704);
#1699 = B_SPLINE_CURVE_WITH_KNOTS('',3,(#1700,#1701,#1702,#1703),
  .UNSPECIFIED.,.F.,.F.,(4,4),(0.,1.),.PIECEWISE_BEZIER_KNOTS.);
#1700 = CARTESIAN_POINT('',(0.,-13.90878470941,5.742624560372));
#1701 = CARTESIAN_POINT('',(0.,-14.54629490058,5.763260904156));
#1702 = CARTESIAN_POINT('',(0.,-15.48397165066,5.681023558521));
#1703 = CARTESIAN_POINT('',(0.,-16.69002590342,5.273787929875));
#1704 = VECTOR('',#1705,1.);
#1705 = DIRECTION('',(-1.,-0.,-0.));
#1706 = DEFINITIONAL_REPRESENTATION('',(#1707),#1711);
#1707 = LINE('',#1708,#1709);
#1708 = CARTESIAN_POINT('',(0.,0.));
#1709 = VECTOR('',#1710,1.);
#1710 = DIRECTION('',(1.,0.));
#1711 = ( GEOMETRIC_REPRESENTATION_CONTEXT(2) 
PARAMETRIC_REPRESENTATION_CONTEXT() REPRESENTATION_CONTEXT('2D SPACE',''
  ) );
#1712 = ORIENTED_EDGE('',*,*,#1713,.T.);
#1713 = EDGE_CURVE('',#1681,#1714,#1716,.T.);
#1714 = VERTEX_POINT('',#1715);
#1715 = CARTESIAN_POINT('',(0.,-17.087890184,3.775448193189));
#1716 = SURFACE_CURVE('',#1717,(#1722,#1729),.PCURVE_S1.);
#1717 = CIRCLE('',#1718,17.5);
#1718 = AXIS2_PLACEMENT_3D('',#1719,#1720,#1721);
#1719 = CARTESIAN_POINT('',(0.,8.302196817019E-03,3.777430720297E-02));
#1720 = DIRECTION('',(1.,0.,0.));
#1721 = DIRECTION('',(0.,-0.954190177156,0.299200778438));
#1722 = PCURVE('',#31,#1723);
#1723 = DEFINITIONAL_REPRESENTATION('',(#1724),#1728);
#1724 = CIRCLE('',#1725,17.5);
#1725 = AXIS2_PLACEMENT_2D('',#1726,#1727);
#1726 = CARTESIAN_POINT('',(3.777430720297E-02,-8.302196817022E-03));
#1727 = DIRECTION('',(0.299200778438,0.954190177156));
#1728 = ( GEOMETRIC_REPRESENTATION_CONTEXT(2) 
PARAMETRIC_REPRESENTATION_CONTEXT() REPRESENTATION_CONTEXT('2D SPACE',''
  ) );
#1729 = PCURVE('',#1730,#1735);
#1730 = CYLINDRICAL_SURFACE('',#1731,17.5);
#1731 = AXIS2_PLACEMENT_3D('',#1732,#1733,#1734);
#1732 = CARTESIAN_POINT('',(0.,8.302196817019E-03,3.777430720297E-02));
#1733 = DIRECTION('',(-1.,-0.,-0.));
#1734 = DIRECTION('',(0.,-0.954190177156,0.299200778438));
#1735 = DEFINITIONAL_REPRESENTATION('',(#1736),#1740);
#1736 = LINE('',#1737,#1738);
#1737 = CARTESIAN_POINT('',(-0.,0.));
#1738 = VECTOR('',#1739,1.);
#1739 = DIRECTION('',(-1.,0.));
#1740 = ( GEOMETRIC_REPRESENTATION_CONTEXT(2) 
PARAMETRIC_REPRESENTATION_CONTEXT() REPRESENTATION_CONTEXT('2D SPACE',''
  ) );
#1741 = ORIENTED_EDGE('',*,*,#1742,.T.);
#1742 = EDGE_CURVE('',#1714,#1743,#1745,.T.);
#1743 = VERTEX_POINT('',#1744);
#1744 = CARTESIAN_POINT('',(0.,-14.9166731743,1.981133601028));
#1745 = SURFACE_CURVE('',#1746,(#1751,#1759),.PCURVE_S1.);
#1746 = B_SPLINE_CURVE_WITH_KNOTS('',3,(#1747,#1748,#1749,#1750),
  .UNSPECIFIED.,.F.,.F.,(4,4),(0.,1.),.PIECEWISE_BEZIER_KNOTS.);
#1747 = CARTESIAN_POINT('',(0.,-17.087890184,3.775448193189));
#1748 = CARTESIAN_POINT('',(0.,-16.25002458021,2.822075104157));
#1749 = CARTESIAN_POINT('',(0.,-15.47909136692,2.282017098656));
#1750 = CARTESIAN_POINT('',(0.,-14.9166731743,1.981133601028));
#1751 = PCURVE('',#31,#1752);
#1752 = DEFINITIONAL_REPRESENTATION('',(#1753),#1758);
#1753 = B_SPLINE_CURVE_WITH_KNOTS('',3,(#1754,#1755,#1756,#1757),
  .UNSPECIFIED.,.F.,.F.,(4,4),(0.,1.),.PIECEWISE_BEZIER_KNOTS.);
#1754 = CARTESIAN_POINT('',(3.775448193189,17.087890184003));
#1755 = CARTESIAN_POINT('',(2.822075104157,16.250024580218));
#1756 = CARTESIAN_POINT('',(2.282017098656,15.479091366926));
#1757 = CARTESIAN_POINT('',(1.981133601028,14.916673174306));
#1758 = ( GEOMETRIC_REPRESENTATION_CONTEXT(2) 
PARAMETRIC_REPRESENTATION_CONTEXT() REPRESENTATION_CONTEXT('2D SPACE',''
  ) );
#1759 = PCURVE('',#1760,#1768);
#1760 = SURFACE_OF_LINEAR_EXTRUSION('',#1761,#1766);
#1761 = B_SPLINE_CURVE_WITH_KNOTS('',3,(#1762,#1763,#1764,#1765),
  .UNSPECIFIED.,.F.,.F.,(4,4),(0.,1.),.PIECEWISE_BEZIER_KNOTS.);
#1762 = CARTESIAN_POINT('',(0.,-17.087890184,3.775448193189));
#1763 = CARTESIAN_POINT('',(0.,-16.25002458021,2.822075104157));
#1764 = CARTESIAN_POINT('',(0.,-15.47909136692,2.282017098656));
#1765 = CARTESIAN_POINT('',(0.,-14.9166731743,1.981133601028));
#1766 = VECTOR('',#1767,1.);
#1767 = DIRECTION('',(-1.,-0.,-0.));
#1768 = DEFINITIONAL_REPRESENTATION('',(#1769),#1773);
#1769 = LINE('',#1770,#1771);
#1770 = CARTESIAN_POINT('',(0.,0.));
#1771 = VECTOR('',#1772,1.);
#1772 = DIRECTION('',(1.,0.));
#1773 = ( GEOMETRIC_REPRESENTATION_CONTEXT(2) 
PARAMETRIC_REPRESENTATION_CONTEXT() REPRESENTATION_CONTEXT('2D SPACE',''
  ) );
#1774 = ORIENTED_EDGE('',*,*,#1775,.T.);
#1775 = EDGE_CURVE('',#1743,#1776,#1778,.T.);
#1776 = VERTEX_POINT('',#1777);
#1777 = CARTESIAN_POINT('',(0.,-14.0400314549,1.637979424984));
#1778 = SURFACE_CURVE('',#1779,(#1784,#1792),.PCURVE_S1.);
#1779 = B_SPLINE_CURVE_WITH_KNOTS('',3,(#1780,#1781,#1782,#1783),
  .UNSPECIFIED.,.F.,.F.,(4,4),(0.,1.),.PIECEWISE_BEZIER_KNOTS.);
#1780 = CARTESIAN_POINT('',(0.,-14.9166731743,1.981133601028));
#1781 = CARTESIAN_POINT('',(0.,-14.44339233162,1.73131935964));
#1782 = CARTESIAN_POINT('',(0.,-14.14179823864,1.657626700485));
#1783 = CARTESIAN_POINT('',(0.,-14.0400314549,1.637979424984));
#1784 = PCURVE('',#31,#1785);
#1785 = DEFINITIONAL_REPRESENTATION('',(#1786),#1791);
#1786 = B_SPLINE_CURVE_WITH_KNOTS('',3,(#1787,#1788,#1789,#1790),
  .UNSPECIFIED.,.F.,.F.,(4,4),(0.,1.),.PIECEWISE_BEZIER_KNOTS.);
#1787 = CARTESIAN_POINT('',(1.981133601028,14.916673174306));
#1788 = CARTESIAN_POINT('',(1.73131935964,14.443392331625));
#1789 = CARTESIAN_POINT('',(1.657626700485,14.141798238642));
#1790 = CARTESIAN_POINT('',(1.637979424984,14.040031454909));
#1791 = ( GEOMETRIC_REPRESENTATION_CONTEXT(2) 
PARAMETRIC_REPRESENTATION_CONTEXT() REPRESENTATION_CONTEXT('2D SPACE',''
  ) );
#1792 = PCURVE('',#1793,#1801);
#1793 = SURFACE_OF_LINEAR_EXTRUSION('',#1794,#1799);
#1794 = B_SPLINE_CURVE_WITH_KNOTS('',3,(#1795,#1796,#1797,#1798),
  .UNSPECIFIED.,.F.,.F.,(4,4),(0.,1.),.PIECEWISE_BEZIER_KNOTS.);
#1795 = CARTESIAN_POINT('',(0.,-14.9166731743,1.981133601028));
#1796 = CARTESIAN_POINT('',(0.,-14.44339233162,1.73131935964));
#1797 = CARTESIAN_POINT('',(0.,-14.14179823864,1.657626700485));
#1798 = CARTESIAN_POINT('',(0.,-14.0400314549,1.637979424984));
#1799 = VECTOR('',#1800,1.);
#1800 = DIRECTION('',(-1.,-0.,-0.));
#1801 = DEFINITIONAL_REPRESENTATION('',(#1802),#1806);
#1802 = LINE('',#1803,#1804);
#1803 = CARTESIAN_POINT('',(0.,0.));
#1804 = VECTOR('',#1805,1.);
#1805 = DIRECTION('',(1.,0.));
#1806 = ( GEOMETRIC_REPRESENTATION_CONTEXT(2) 
PARAMETRIC_REPRESENTATION_CONTEXT() REPRESENTATION_CONTEXT('2D SPACE',''
  ) );
#1807 = ORIENTED_EDGE('',*,*,#1808,.T.);
#1808 = EDGE_CURVE('',#1776,#1809,#1811,.T.);
#1809 = VERTEX_POINT('',#1810);
#1810 = CARTESIAN_POINT('',(0.,-12.73881707414,1.484306084196));
#1811 = SURFACE_CURVE('',#1812,(#1816,#1823),.PCURVE_S1.);
#1812 = LINE('',#1813,#1814);
#1813 = CARTESIAN_POINT('',(0.,-14.0400314549,1.637979424984));
#1814 = VECTOR('',#1815,1.);
#1815 = DIRECTION('',(0.,0.993098315141,-0.117284851808));
#1816 = PCURVE('',#31,#1817);
#1817 = DEFINITIONAL_REPRESENTATION('',(#1818),#1822);
#1818 = LINE('',#1819,#1820);
#1819 = CARTESIAN_POINT('',(1.637979424984,14.040031454909));
#1820 = VECTOR('',#1821,1.);
#1821 = DIRECTION('',(-0.117284851808,-0.993098315141));
#1822 = ( GEOMETRIC_REPRESENTATION_CONTEXT(2) 
PARAMETRIC_REPRESENTATION_CONTEXT() REPRESENTATION_CONTEXT('2D SPACE',''
  ) );
#1823 = PCURVE('',#1824,#1829);
#1824 = PLANE('',#1825);
#1825 = AXIS2_PLACEMENT_3D('',#1826,#1827,#1828);
#1826 = CARTESIAN_POINT('',(0.,-14.0400314549,1.637979424984));
#1827 = DIRECTION('',(0.,0.117284851808,0.993098315141));
#1828 = DIRECTION('',(0.,0.993098315141,-0.117284851808));
#1829 = DEFINITIONAL_REPRESENTATION('',(#1830),#1834);
#1830 = LINE('',#1831,#1832);
#1831 = CARTESIAN_POINT('',(-1.790139452881E-15,0.));
#1832 = VECTOR('',#1833,1.);
#1833 = DIRECTION('',(1.,0.));
#1834 = ( GEOMETRIC_REPRESENTATION_CONTEXT(2) 
PARAMETRIC_REPRESENTATION_CONTEXT() REPRESENTATION_CONTEXT('2D SPACE',''
  ) );
#1835 = ORIENTED_EDGE('',*,*,#1836,.T.);
#1836 = EDGE_CURVE('',#1809,#1837,#1839,.T.);
#1837 = VERTEX_POINT('',#1838);
#1838 = CARTESIAN_POINT('',(0.,-11.86449971317,0.499271024791));
#1839 = SURFACE_CURVE('',#1840,(#1845,#1856),.PCURVE_S1.);
#1840 = CIRCLE('',#1841,0.95);
#1841 = AXIS2_PLACEMENT_3D('',#1842,#1843,#1844);
#1842 = CARTESIAN_POINT('',(0.,-12.81373964572,0.537265109228));
#1843 = DIRECTION('',(-1.,0.,0.));
#1844 = DIRECTION('',(0.,7.886586482015E-02,0.996885236808));
#1845 = PCURVE('',#31,#1846);
#1846 = DEFINITIONAL_REPRESENTATION('',(#1847),#1855);
#1847 = ( BOUNDED_CURVE() B_SPLINE_CURVE(2,(#1848,#1849,#1850,#1851,
#1852,#1853,#1854),.UNSPECIFIED.,.T.,.F.) B_SPLINE_CURVE_WITH_KNOTS((1,2
    ,2,2,2,1),(-2.094395102393,0.,2.094395102393,4.188790204786,
6.28318530718,8.377580409573),.UNSPECIFIED.) CURVE() 
GEOMETRIC_REPRESENTATION_ITEM() RATIONAL_B_SPLINE_CURVE((1.,0.5,1.,0.5,
1.,0.5,1.)) REPRESENTATION_ITEM('') );
#1848 = CARTESIAN_POINT('',(1.484306084196,12.738817074141));
#1849 = CARTESIAN_POINT('',(1.354536383587,11.098493988647));
#1850 = CARTESIAN_POINT('',(-1.140228560059E-03,12.031039388763));
#1851 = CARTESIAN_POINT('',(-1.356816840707,12.963584788878));
#1852 = CARTESIAN_POINT('',(0.128629472049,13.671362474256));
#1853 = CARTESIAN_POINT('',(1.614075784805,14.379140159634));
#1854 = CARTESIAN_POINT('',(1.484306084196,12.738817074141));
#1855 = ( GEOMETRIC_REPRESENTATION_CONTEXT(2) 
PARAMETRIC_REPRESENTATION_CONTEXT() REPRESENTATION_CONTEXT('2D SPACE',''
  ) );
#1856 = PCURVE('',#1857,#1862);
#1857 = CYLINDRICAL_SURFACE('',#1858,0.95);
#1858 = AXIS2_PLACEMENT_3D('',#1859,#1860,#1861);
#1859 = CARTESIAN_POINT('',(0.,-12.81373964572,0.537265109228));
#1860 = DIRECTION('',(-1.,0.,0.));
#1861 = DIRECTION('',(0.,7.886586482015E-02,0.996885236808));
#1862 = DEFINITIONAL_REPRESENTATION('',(#1863),#1867);
#1863 = LINE('',#1864,#1865);
#1864 = CARTESIAN_POINT('',(0.,0.));
#1865 = VECTOR('',#1866,1.);
#1866 = DIRECTION('',(1.,0.));
#1867 = ( GEOMETRIC_REPRESENTATION_CONTEXT(2) 
PARAMETRIC_REPRESENTATION_CONTEXT() REPRESENTATION_CONTEXT('2D SPACE',''
  ) );
#1868 = ORIENTED_EDGE('',*,*,#1869,.T.);
#1869 = EDGE_CURVE('',#1837,#1870,#1872,.T.);
#1870 = VERTEX_POINT('',#1871);
#1871 = CARTESIAN_POINT('',(0.,-11.86449971317,-0.499271024791));
#1872 = SURFACE_CURVE('',#1873,(#1878,#1885),.PCURVE_S1.);
#1873 = CIRCLE('',#1874,11.875000000001);
#1874 = AXIS2_PLACEMENT_3D('',#1875,#1876,#1877);
#1875 = CARTESIAN_POINT('',(0.,1.391752101809E-12,-2.006416991367E-15));
#1876 = DIRECTION('',(1.,0.,0.));
#1877 = DIRECTION('',(0.,-0.99911576532,4.204387577189E-02));
#1878 = PCURVE('',#31,#1879);
#1879 = DEFINITIONAL_REPRESENTATION('',(#1880),#1884);
#1880 = CIRCLE('',#1881,11.875000000001);
#1881 = AXIS2_PLACEMENT_2D('',#1882,#1883);
#1882 = CARTESIAN_POINT('',(-8.064169913672E-16,-1.394602101809E-12));
#1883 = DIRECTION('',(4.204387577189E-02,0.99911576532));
#1884 = ( GEOMETRIC_REPRESENTATION_CONTEXT(2) 
PARAMETRIC_REPRESENTATION_CONTEXT() REPRESENTATION_CONTEXT('2D SPACE',''
  ) );
#1885 = PCURVE('',#1886,#1891);
#1886 = CYLINDRICAL_SURFACE('',#1887,11.875000000001);
#1887 = AXIS2_PLACEMENT_3D('',#1888,#1889,#1890);
#1888 = CARTESIAN_POINT('',(0.,1.39175E-12,-2.01E-15));
#1889 = DIRECTION('',(-1.,-0.,-0.));
#1890 = DIRECTION('',(0.,-0.99911576532,4.204387577189E-02));
#1891 = DEFINITIONAL_REPRESENTATION('',(#1892),#1896);
#1892 = LINE('',#1893,#1894);
#1893 = CARTESIAN_POINT('',(-0.,0.));
#1894 = VECTOR('',#1895,1.);
#1895 = DIRECTION('',(-1.,0.));
#1896 = ( GEOMETRIC_REPRESENTATION_CONTEXT(2) 
PARAMETRIC_REPRESENTATION_CONTEXT() REPRESENTATION_CONTEXT('2D SPACE',''
  ) );
#1897 = ORIENTED_EDGE('',*,*,#1898,.T.);
#1898 = EDGE_CURVE('',#1870,#1899,#1901,.T.);
#1899 = VERTEX_POINT('',#1900);
#1900 = CARTESIAN_POINT('',(0.,-12.73881707414,-1.484306084196));
#1901 = SURFACE_CURVE('',#1902,(#1907,#1918),.PCURVE_S1.);
#1902 = CIRCLE('',#1903,0.95);
#1903 = AXIS2_PLACEMENT_3D('',#1904,#1905,#1906);
#1904 = CARTESIAN_POINT('',(0.,-12.81373964572,-0.537265109228));
#1905 = DIRECTION('',(-1.,0.,0.));
#1906 = DIRECTION('',(0.,0.999199929,3.999377309151E-02));
#1907 = PCURVE('',#31,#1908);
#1908 = DEFINITIONAL_REPRESENTATION('',(#1909),#1917);
#1909 = ( BOUNDED_CURVE() B_SPLINE_CURVE(2,(#1910,#1911,#1912,#1913,
#1914,#1915,#1916),.UNSPECIFIED.,.T.,.F.) B_SPLINE_CURVE_WITH_KNOTS((1,2
    ,2,2,2,1),(-2.094395102393,0.,2.094395102393,4.188790204786,
6.28318530718,8.377580409573),.UNSPECIFIED.) CURVE() 
GEOMETRIC_REPRESENTATION_ITEM() RATIONAL_B_SPLINE_CURVE((1.,0.5,1.,0.5,
1.,0.5,1.)) REPRESENTATION_ITEM('') );
#1910 = CARTESIAN_POINT('',(-0.499271024791,11.86449971317));
#1911 = CARTESIAN_POINT('',(-2.143402816541,11.798692028538));
#1912 = CARTESIAN_POINT('',(-1.378328047322,13.255455769679));
#1913 = CARTESIAN_POINT('',(-0.613253278102,14.71221951082));
#1914 = CARTESIAN_POINT('',(0.265803744428,13.321263454311));
#1915 = CARTESIAN_POINT('',(1.144860766959,11.930307397802));
#1916 = CARTESIAN_POINT('',(-0.499271024791,11.86449971317));
#1917 = ( GEOMETRIC_REPRESENTATION_CONTEXT(2) 
PARAMETRIC_REPRESENTATION_CONTEXT() REPRESENTATION_CONTEXT('2D SPACE',''
  ) );
#1918 = PCURVE('',#1919,#1924);
#1919 = CYLINDRICAL_SURFACE('',#1920,0.95);
#1920 = AXIS2_PLACEMENT_3D('',#1921,#1922,#1923);
#1921 = CARTESIAN_POINT('',(0.,-12.81373964572,-0.537265109228));
#1922 = DIRECTION('',(-1.,0.,0.));
#1923 = DIRECTION('',(0.,0.999199929,3.999377309151E-02));
#1924 = DEFINITIONAL_REPRESENTATION('',(#1925),#1929);
#1925 = LINE('',#1926,#1927);
#1926 = CARTESIAN_POINT('',(0.,0.));
#1927 = VECTOR('',#1928,1.);
#1928 = DIRECTION('',(1.,0.));
#1929 = ( GEOMETRIC_REPRESENTATION_CONTEXT(2) 
PARAMETRIC_REPRESENTATION_CONTEXT() REPRESENTATION_CONTEXT('2D SPACE',''
  ) );
#1930 = ORIENTED_EDGE('',*,*,#1931,.T.);
#1931 = EDGE_CURVE('',#1899,#1932,#1934,.T.);
#1932 = VERTEX_POINT('',#1933);
#1933 = CARTESIAN_POINT('',(0.,-14.0400314549,-1.637979424984));
#1934 = SURFACE_CURVE('',#1935,(#1939,#1946),.PCURVE_S1.);
#1935 = LINE('',#1936,#1937);
#1936 = CARTESIAN_POINT('',(0.,-12.73881707414,-1.484306084196));
#1937 = VECTOR('',#1938,1.);
#1938 = DIRECTION('',(0.,-0.993098315141,-0.117284851808));
#1939 = PCURVE('',#31,#1940);
#1940 = DEFINITIONAL_REPRESENTATION('',(#1941),#1945);
#1941 = LINE('',#1942,#1943);
#1942 = CARTESIAN_POINT('',(-1.484306084196,12.738817074141));
#1943 = VECTOR('',#1944,1.);
#1944 = DIRECTION('',(-0.117284851808,0.993098315141));
#1945 = ( GEOMETRIC_REPRESENTATION_CONTEXT(2) 
PARAMETRIC_REPRESENTATION_CONTEXT() REPRESENTATION_CONTEXT('2D SPACE',''
  ) );
#1946 = PCURVE('',#1947,#1952);
#1947 = PLANE('',#1948);
#1948 = AXIS2_PLACEMENT_3D('',#1949,#1950,#1951);
#1949 = CARTESIAN_POINT('',(0.,-12.73881707414,-1.484306084196));
#1950 = DIRECTION('',(0.,0.117284851808,-0.993098315141));
#1951 = DIRECTION('',(0.,-0.993098315141,-0.117284851808));
#1952 = DEFINITIONAL_REPRESENTATION('',(#1953),#1957);
#1953 = LINE('',#1954,#1955);
#1954 = CARTESIAN_POINT('',(0.,0.));
#1955 = VECTOR('',#1956,1.);
#1956 = DIRECTION('',(1.,0.));
#1957 = ( GEOMETRIC_REPRESENTATION_CONTEXT(2) 
PARAMETRIC_REPRESENTATION_CONTEXT() REPRESENTATION_CONTEXT('2D SPACE',''
  ) );
#1958 = ORIENTED_EDGE('',*,*,#1959,.T.);
#1959 = EDGE_CURVE('',#1932,#1960,#1962,.T.);
#1960 = VERTEX_POINT('',#1961);
#1961 = CARTESIAN_POINT('',(0.,-14.9166731743,-1.981133601028));
#1962 = SURFACE_CURVE('',#1963,(#1968,#1976),.PCURVE_S1.);
#1963 = B_SPLINE_CURVE_WITH_KNOTS('',3,(#1964,#1965,#1966,#1967),
  .UNSPECIFIED.,.F.,.F.,(4,4),(0.,1.),.PIECEWISE_BEZIER_KNOTS.);
#1964 = CARTESIAN_POINT('',(0.,-14.0400314549,-1.637979424984));
#1965 = CARTESIAN_POINT('',(0.,-14.14179823864,-1.657626700485));
#1966 = CARTESIAN_POINT('',(0.,-14.44339233162,-1.73131935964));
#1967 = CARTESIAN_POINT('',(0.,-14.9166731743,-1.981133601028));
#1968 = PCURVE('',#31,#1969);
#1969 = DEFINITIONAL_REPRESENTATION('',(#1970),#1975);
#1970 = B_SPLINE_CURVE_WITH_KNOTS('',3,(#1971,#1972,#1973,#1974),
  .UNSPECIFIED.,.F.,.F.,(4,4),(0.,1.),.PIECEWISE_BEZIER_KNOTS.);
#1971 = CARTESIAN_POINT('',(-1.637979424984,14.040031454909));
#1972 = CARTESIAN_POINT('',(-1.657626700485,14.141798238642));
#1973 = CARTESIAN_POINT('',(-1.73131935964,14.443392331625));
#1974 = CARTESIAN_POINT('',(-1.981133601028,14.916673174306));
#1975 = ( GEOMETRIC_REPRESENTATION_CONTEXT(2) 
PARAMETRIC_REPRESENTATION_CONTEXT() REPRESENTATION_CONTEXT('2D SPACE',''
  ) );
#1976 = PCURVE('',#1977,#1985);
#1977 = SURFACE_OF_LINEAR_EXTRUSION('',#1978,#1983);
#1978 = B_SPLINE_CURVE_WITH_KNOTS('',3,(#1979,#1980,#1981,#1982),
  .UNSPECIFIED.,.F.,.F.,(4,4),(0.,1.),.PIECEWISE_BEZIER_KNOTS.);
#1979 = CARTESIAN_POINT('',(0.,-14.0400314549,-1.637979424984));
#1980 = CARTESIAN_POINT('',(0.,-14.14179823864,-1.657626700485));
#1981 = CARTESIAN_POINT('',(0.,-14.44339233162,-1.73131935964));
#1982 = CARTESIAN_POINT('',(0.,-14.9166731743,-1.981133601028));
#1983 = VECTOR('',#1984,1.);
#1984 = DIRECTION('',(-1.,-0.,-0.));
#1985 = DEFINITIONAL_REPRESENTATION('',(#1986),#1990);
#1986 = LINE('',#1987,#1988);
#1987 = CARTESIAN_POINT('',(0.,0.));
#1988 = VECTOR('',#1989,1.);
#1989 = DIRECTION('',(1.,0.));
#1990 = ( GEOMETRIC_REPRESENTATION_CONTEXT(2) 
PARAMETRIC_REPRESENTATION_CONTEXT() REPRESENTATION_CONTEXT('2D SPACE',''
  ) );
#1991 = ORIENTED_EDGE('',*,*,#1992,.T.);
#1992 = EDGE_CURVE('',#1960,#1993,#1995,.T.);
#1993 = VERTEX_POINT('',#1994);
#1994 = CARTESIAN_POINT('',(0.,-17.09088038712,-3.777778630267));
#1995 = SURFACE_CURVE('',#1996,(#2001,#2009),.PCURVE_S1.);
#1996 = B_SPLINE_CURVE_WITH_KNOTS('',3,(#1997,#1998,#1999,#2000),
  .UNSPECIFIED.,.F.,.F.,(4,4),(0.,1.),.PIECEWISE_BEZIER_KNOTS.);
#1997 = CARTESIAN_POINT('',(0.,-14.9166731743,-1.981133601028));
#1998 = CARTESIAN_POINT('',(0.,-15.47909136692,-2.282017098656));
#1999 = CARTESIAN_POINT('',(0.,-16.25002458021,-2.822075104157));
#2000 = CARTESIAN_POINT('',(0.,-17.09088038712,-3.777778630267));
#2001 = PCURVE('',#31,#2002);
#2002 = DEFINITIONAL_REPRESENTATION('',(#2003),#2008);
#2003 = B_SPLINE_CURVE_WITH_KNOTS('',3,(#2004,#2005,#2006,#2007),
  .UNSPECIFIED.,.F.,.F.,(4,4),(0.,1.),.PIECEWISE_BEZIER_KNOTS.);
#2004 = CARTESIAN_POINT('',(-1.981133601028,14.916673174306));
#2005 = CARTESIAN_POINT('',(-2.282017098656,15.479091366926));
#2006 = CARTESIAN_POINT('',(-2.822075104157,16.250024580218));
#2007 = CARTESIAN_POINT('',(-3.777778630267,17.09088038712));
#2008 = ( GEOMETRIC_REPRESENTATION_CONTEXT(2) 
PARAMETRIC_REPRESENTATION_CONTEXT() REPRESENTATION_CONTEXT('2D SPACE',''
  ) );
#2009 = PCURVE('',#2010,#2018);
#2010 = SURFACE_OF_LINEAR_EXTRUSION('',#2011,#2016);
#2011 = B_SPLINE_CURVE_WITH_KNOTS('',3,(#2012,#2013,#2014,#2015),
  .UNSPECIFIED.,.F.,.F.,(4,4),(0.,1.),.PIECEWISE_BEZIER_KNOTS.);
#2012 = CARTESIAN_POINT('',(0.,-14.9166731743,-1.981133601028));
#2013 = CARTESIAN_POINT('',(0.,-15.47909136692,-2.282017098656));
#2014 = CARTESIAN_POINT('',(0.,-16.25002458021,-2.822075104157));
#2015 = CARTESIAN_POINT('',(0.,-17.09088038712,-3.777778630267));
#2016 = VECTOR('',#2017,1.);
#2017 = DIRECTION('',(-1.,-0.,-0.));
#2018 = DEFINITIONAL_REPRESENTATION('',(#2019),#2023);
#2019 = LINE('',#2020,#2021);
#2020 = CARTESIAN_POINT('',(0.,0.));
#2021 = VECTOR('',#2022,1.);
#2022 = DIRECTION('',(1.,0.));
#2023 = ( GEOMETRIC_REPRESENTATION_CONTEXT(2) 
PARAMETRIC_REPRESENTATION_CONTEXT() REPRESENTATION_CONTEXT('2D SPACE',''
  ) );
#2024 = ORIENTED_EDGE('',*,*,#2025,.T.);
#2025 = EDGE_CURVE('',#1993,#2026,#2028,.T.);
#2026 = VERTEX_POINT('',#2027);
#2027 = CARTESIAN_POINT('',(0.,-16.68627109302,-5.274311046028));
#2028 = SURFACE_CURVE('',#2029,(#2034,#2041),.PCURVE_S1.);
#2029 = CIRCLE('',#2030,17.5);
#2030 = AXIS2_PLACEMENT_3D('',#2031,#2032,#2033);
#2031 = CARTESIAN_POINT('',(0.,-1.169724025008E-02,3.686460805682E-02));
#2032 = DIRECTION('',(1.,0.,0.));
#2033 = DIRECTION('',(0.,-0.975953322678,-0.217979613618));
#2034 = PCURVE('',#31,#2035);
#2035 = DEFINITIONAL_REPRESENTATION('',(#2036),#2040);
#2036 = CIRCLE('',#2037,17.5);
#2037 = AXIS2_PLACEMENT_2D('',#2038,#2039);
#2038 = CARTESIAN_POINT('',(3.686460805682E-02,1.169724025007E-02));
#2039 = DIRECTION('',(-0.217979613618,0.975953322678));
#2040 = ( GEOMETRIC_REPRESENTATION_CONTEXT(2) 
PARAMETRIC_REPRESENTATION_CONTEXT() REPRESENTATION_CONTEXT('2D SPACE',''
  ) );
#2041 = PCURVE('',#2042,#2047);
#2042 = CYLINDRICAL_SURFACE('',#2043,17.5);
#2043 = AXIS2_PLACEMENT_3D('',#2044,#2045,#2046);
#2044 = CARTESIAN_POINT('',(0.,-1.169724025008E-02,3.686460805682E-02));
#2045 = DIRECTION('',(-1.,-0.,-0.));
#2046 = DIRECTION('',(0.,-0.975953322678,-0.217979613618));
#2047 = DEFINITIONAL_REPRESENTATION('',(#2048),#2052);
#2048 = LINE('',#2049,#2050);
#2049 = CARTESIAN_POINT('',(-0.,0.));
#2050 = VECTOR('',#2051,1.);
#2051 = DIRECTION('',(-1.,0.));
#2052 = ( GEOMETRIC_REPRESENTATION_CONTEXT(2) 
PARAMETRIC_REPRESENTATION_CONTEXT() REPRESENTATION_CONTEXT('2D SPACE',''
  ) );
#2053 = ORIENTED_EDGE('',*,*,#2054,.T.);
#2054 = EDGE_CURVE('',#2026,#2055,#2057,.T.);
#2055 = VERTEX_POINT('',#2056);
#2056 = CARTESIAN_POINT('',(0.,-13.90878470941,-5.742624560372));
#2057 = SURFACE_CURVE('',#2058,(#2063,#2071),.PCURVE_S1.);
#2058 = B_SPLINE_CURVE_WITH_KNOTS('',3,(#2059,#2060,#2061,#2062),
  .UNSPECIFIED.,.F.,.F.,(4,4),(0.,1.),.PIECEWISE_BEZIER_KNOTS.);
#2059 = CARTESIAN_POINT('',(0.,-16.68627109302,-5.274311046028));
#2060 = CARTESIAN_POINT('',(0.,-15.48397165066,-5.681023558521));
#2061 = CARTESIAN_POINT('',(0.,-14.54629490058,-5.763260904156));
#2062 = CARTESIAN_POINT('',(0.,-13.90878470941,-5.742624560372));
#2063 = PCURVE('',#31,#2064);
#2064 = DEFINITIONAL_REPRESENTATION('',(#2065),#2070);
#2065 = B_SPLINE_CURVE_WITH_KNOTS('',3,(#2066,#2067,#2068,#2069),
  .UNSPECIFIED.,.F.,.F.,(4,4),(0.,1.),.PIECEWISE_BEZIER_KNOTS.);
#2066 = CARTESIAN_POINT('',(-5.274311046028,16.68627109302));
#2067 = CARTESIAN_POINT('',(-5.681023558521,15.483971650669));
#2068 = CARTESIAN_POINT('',(-5.763260904156,14.546294900587));
#2069 = CARTESIAN_POINT('',(-5.742624560372,13.908784709413));
#2070 = ( GEOMETRIC_REPRESENTATION_CONTEXT(2) 
PARAMETRIC_REPRESENTATION_CONTEXT() REPRESENTATION_CONTEXT('2D SPACE',''
  ) );
#2071 = PCURVE('',#2072,#2080);
#2072 = SURFACE_OF_LINEAR_EXTRUSION('',#2073,#2078);
#2073 = B_SPLINE_CURVE_WITH_KNOTS('',3,(#2074,#2075,#2076,#2077),
  .UNSPECIFIED.,.F.,.F.,(4,4),(0.,1.),.PIECEWISE_BEZIER_KNOTS.);
#2074 = CARTESIAN_POINT('',(0.,-16.68627109302,-5.274311046028));
#2075 = CARTESIAN_POINT('',(0.,-15.48397165066,-5.681023558521));
#2076 = CARTESIAN_POINT('',(0.,-14.54629490058,-5.763260904156));
#2077 = CARTESIAN_POINT('',(0.,-13.90878470941,-5.742624560372));
#2078 = VECTOR('',#2079,1.);
#2079 = DIRECTION('',(-1.,-0.,-0.));
#2080 = DEFINITIONAL_REPRESENTATION('',(#2081),#2085);
#2081 = LINE('',#2082,#2083);
#2082 = CARTESIAN_POINT('',(0.,0.));
#2083 = VECTOR('',#2084,1.);
#2084 = DIRECTION('',(1.,0.));
#2085 = ( GEOMETRIC_REPRESENTATION_CONTEXT(2) 
PARAMETRIC_REPRESENTATION_CONTEXT() REPRESENTATION_CONTEXT('2D SPACE',''
  ) );
#2086 = ORIENTED_EDGE('',*,*,#2087,.T.);
#2087 = EDGE_CURVE('',#2055,#2088,#2090,.T.);
#2088 = VERTEX_POINT('',#2089);
#2089 = CARTESIAN_POINT('',(0.,-12.97801362237,-5.601483934542));
#2090 = SURFACE_CURVE('',#2091,(#2096,#2104),.PCURVE_S1.);
#2091 = B_SPLINE_CURVE_WITH_KNOTS('',3,(#2092,#2093,#2094,#2095),
  .UNSPECIFIED.,.F.,.F.,(4,4),(0.,1.),.PIECEWISE_BEZIER_KNOTS.);
#2092 = CARTESIAN_POINT('',(0.,-13.90878470941,-5.742624560372));
#2093 = CARTESIAN_POINT('',(0.,-13.37400435583,-5.7223296183));
#2094 = CARTESIAN_POINT('',(0.,-13.0759698801,-5.635352286709));
#2095 = CARTESIAN_POINT('',(0.,-12.97801362237,-5.601483934542));
#2096 = PCURVE('',#31,#2097);
#2097 = DEFINITIONAL_REPRESENTATION('',(#2098),#2103);
#2098 = B_SPLINE_CURVE_WITH_KNOTS('',3,(#2099,#2100,#2101,#2102),
  .UNSPECIFIED.,.F.,.F.,(4,4),(0.,1.),.PIECEWISE_BEZIER_KNOTS.);
#2099 = CARTESIAN_POINT('',(-5.742624560372,13.908784709413));
#2100 = CARTESIAN_POINT('',(-5.7223296183,13.374004355833));
#2101 = CARTESIAN_POINT('',(-5.635352286709,13.0759698801));
#2102 = CARTESIAN_POINT('',(-5.601483934542,12.978013622375));
#2103 = ( GEOMETRIC_REPRESENTATION_CONTEXT(2) 
PARAMETRIC_REPRESENTATION_CONTEXT() REPRESENTATION_CONTEXT('2D SPACE',''
  ) );
#2104 = PCURVE('',#2105,#2113);
#2105 = SURFACE_OF_LINEAR_EXTRUSION('',#2106,#2111);
#2106 = B_SPLINE_CURVE_WITH_KNOTS('',3,(#2107,#2108,#2109,#2110),
  .UNSPECIFIED.,.F.,.F.,(4,4),(0.,1.),.PIECEWISE_BEZIER_KNOTS.);
#2107 = CARTESIAN_POINT('',(0.,-13.90878470941,-5.742624560372));
#2108 = CARTESIAN_POINT('',(0.,-13.37400435583,-5.7223296183));
#2109 = CARTESIAN_POINT('',(0.,-13.0759698801,-5.635352286709));
#2110 = CARTESIAN_POINT('',(0.,-12.97801362237,-5.601483934542));
#2111 = VECTOR('',#2112,1.);
#2112 = DIRECTION('',(-1.,-0.,-0.));
#2113 = DEFINITIONAL_REPRESENTATION('',(#2114),#2118);
#2114 = LINE('',#2115,#2116);
#2115 = CARTESIAN_POINT('',(0.,0.));
#2116 = VECTOR('',#2117,1.);
#2117 = DIRECTION('',(1.,0.));
#2118 = ( GEOMETRIC_REPRESENTATION_CONTEXT(2) 
PARAMETRIC_REPRESENTATION_CONTEXT() REPRESENTATION_CONTEXT('2D SPACE',''
  ) );
#2119 = ORIENTED_EDGE('',*,*,#2120,.T.);
#2120 = EDGE_CURVE('',#2088,#2121,#2123,.T.);
#2121 = VERTEX_POINT('',#2122);
#2122 = CARTESIAN_POINT('',(0.,-11.77429224246,-5.083961761165));
#2123 = SURFACE_CURVE('',#2124,(#2128,#2135),.PCURVE_S1.);
#2124 = LINE('',#2125,#2126);
#2125 = CARTESIAN_POINT('',(0.,-12.97801362237,-5.601483934542));
#2126 = VECTOR('',#2127,1.);
#2127 = DIRECTION('',(0.,0.918690795272,0.394977496426));
#2128 = PCURVE('',#31,#2129);
#2129 = DEFINITIONAL_REPRESENTATION('',(#2130),#2134);
#2130 = LINE('',#2131,#2132);
#2131 = CARTESIAN_POINT('',(-5.601483934542,12.978013622375));
#2132 = VECTOR('',#2133,1.);
#2133 = DIRECTION('',(0.394977496426,-0.918690795272));
#2134 = ( GEOMETRIC_REPRESENTATION_CONTEXT(2) 
PARAMETRIC_REPRESENTATION_CONTEXT() REPRESENTATION_CONTEXT('2D SPACE',''
  ) );
#2135 = PCURVE('',#2136,#2141);
#2136 = PLANE('',#2137);
#2137 = AXIS2_PLACEMENT_3D('',#2138,#2139,#2140);
#2138 = CARTESIAN_POINT('',(0.,-12.97801362237,-5.601483934542));
#2139 = DIRECTION('',(0.,-0.394977496426,0.918690795272));
#2140 = DIRECTION('',(0.,0.918690795272,0.394977496426));
#2141 = DEFINITIONAL_REPRESENTATION('',(#2142),#2146);
#2142 = LINE('',#2143,#2144);
#2143 = CARTESIAN_POINT('',(0.,0.));
#2144 = VECTOR('',#2145,1.);
#2145 = DIRECTION('',(1.,0.));
#2146 = ( GEOMETRIC_REPRESENTATION_CONTEXT(2) 
PARAMETRIC_REPRESENTATION_CONTEXT() REPRESENTATION_CONTEXT('2D SPACE',''
  ) );
#2147 = ORIENTED_EDGE('',*,*,#2148,.T.);
#2148 = EDGE_CURVE('',#2121,#2149,#2151,.T.);
#2149 = VERTEX_POINT('',#2150);
#2150 = CARTESIAN_POINT('',(0.,-10.52459366719,-5.499868465742));
#2151 = SURFACE_CURVE('',#2152,(#2157,#2168),.PCURVE_S1.);
#2152 = CIRCLE('',#2153,0.95);
#2153 = AXIS2_PLACEMENT_3D('',#2154,#2155,#2156);
#2154 = CARTESIAN_POINT('',(0.,-11.36565660528,-5.941584589701));
#2155 = DIRECTION('',(-1.,0.,0.));
#2156 = DIRECTION('',(0.,-0.430142775978,0.902760872144));
#2157 = PCURVE('',#31,#2158);
#2158 = DEFINITIONAL_REPRESENTATION('',(#2159),#2167);
#2159 = ( BOUNDED_CURVE() B_SPLINE_CURVE(2,(#2160,#2161,#2162,#2163,
#2164,#2165,#2166),.UNSPECIFIED.,.T.,.F.) B_SPLINE_CURVE_WITH_KNOTS((1,2
    ,2,2,2,1),(-2.094395102393,0.,2.094395102393,4.188790204786,
6.28318530718,8.377580409573),.UNSPECIFIED.) CURVE() 
GEOMETRIC_REPRESENTATION_ITEM() RATIONAL_B_SPLINE_CURVE((1.,0.5,1.,0.5,
1.,0.5,1.)) REPRESENTATION_ITEM('') );
#2160 = CARTESIAN_POINT('',(-5.083961761165,11.774292242467));
#2161 = CARTESIAN_POINT('',(-4.376184075787,10.288845929711));
#2162 = CARTESIAN_POINT('',(-6.01650716128,10.41861563032));
#2163 = CARTESIAN_POINT('',(-7.656830246774,10.548385330928));
#2164 = CARTESIAN_POINT('',(-6.724284846659,11.904061943076));
#2165 = CARTESIAN_POINT('',(-5.791739446543,13.259738555223));
#2166 = CARTESIAN_POINT('',(-5.083961761165,11.774292242467));
#2167 = ( GEOMETRIC_REPRESENTATION_CONTEXT(2) 
PARAMETRIC_REPRESENTATION_CONTEXT() REPRESENTATION_CONTEXT('2D SPACE',''
  ) );
#2168 = PCURVE('',#2169,#2174);
#2169 = CYLINDRICAL_SURFACE('',#2170,0.95);
#2170 = AXIS2_PLACEMENT_3D('',#2171,#2172,#2173);
#2171 = CARTESIAN_POINT('',(0.,-11.36565660528,-5.941584589701));
#2172 = DIRECTION('',(-1.,0.,0.));
#2173 = DIRECTION('',(0.,-0.430142775978,0.902760872144));
#2174 = DEFINITIONAL_REPRESENTATION('',(#2175),#2179);
#2175 = LINE('',#2176,#2177);
#2176 = CARTESIAN_POINT('',(0.,0.));
#2177 = VECTOR('',#2178,1.);
#2178 = DIRECTION('',(1.,0.));
#2179 = ( GEOMETRIC_REPRESENTATION_CONTEXT(2) 
PARAMETRIC_REPRESENTATION_CONTEXT() REPRESENTATION_CONTEXT('2D SPACE',''
  ) );
#2180 = ORIENTED_EDGE('',*,*,#2181,.T.);
#2181 = EDGE_CURVE('',#2149,#2182,#2184,.T.);
#2182 = VERTEX_POINT('',#2183);
#2183 = CARTESIAN_POINT('',(0.,-10.0253226424,-6.364631247428));
#2184 = SURFACE_CURVE('',#2185,(#2190,#2197),.PCURVE_S1.);
#2185 = CIRCLE('',#2186,11.874999999998);
#2186 = AXIS2_PLACEMENT_3D('',#2187,#2188,#2189);
#2187 = CARTESIAN_POINT('',(0.,-1.859765471907E-12,-1.092788591862E-12)
  );
#2188 = DIRECTION('',(1.,0.,0.));
#2189 = DIRECTION('',(0.,-0.886281571974,-0.463146818168));
#2190 = PCURVE('',#31,#2191);
#2191 = DEFINITIONAL_REPRESENTATION('',(#2192),#2196);
#2192 = CIRCLE('',#2193,11.874999999998);
#2193 = AXIS2_PLACEMENT_2D('',#2194,#2195);
#2194 = CARTESIAN_POINT('',(-1.091588591862E-12,1.856915471907E-12));
#2195 = DIRECTION('',(-0.463146818168,0.886281571974));
#2196 = ( GEOMETRIC_REPRESENTATION_CONTEXT(2) 
PARAMETRIC_REPRESENTATION_CONTEXT() REPRESENTATION_CONTEXT('2D SPACE',''
  ) );
#2197 = PCURVE('',#2198,#2203);
#2198 = CYLINDRICAL_SURFACE('',#2199,11.874999999998);
#2199 = AXIS2_PLACEMENT_3D('',#2200,#2201,#2202);
#2200 = CARTESIAN_POINT('',(0.,-1.85977E-12,-1.09279E-12));
#2201 = DIRECTION('',(-1.,-0.,-0.));
#2202 = DIRECTION('',(0.,-0.886281571974,-0.463146818168));
#2203 = DEFINITIONAL_REPRESENTATION('',(#2204),#2208);
#2204 = LINE('',#2205,#2206);
#2205 = CARTESIAN_POINT('',(-0.,0.));
#2206 = VECTOR('',#2207,1.);
#2207 = DIRECTION('',(-1.,0.));
#2208 = ( GEOMETRIC_REPRESENTATION_CONTEXT(2) 
PARAMETRIC_REPRESENTATION_CONTEXT() REPRESENTATION_CONTEXT('2D SPACE',''
  ) );
#2209 = ORIENTED_EDGE('',*,*,#2210,.T.);
#2210 = EDGE_CURVE('',#2182,#2211,#2213,.T.);
#2211 = VERTEX_POINT('',#2212);
#2212 = CARTESIAN_POINT('',(0.,-10.28998615827,-7.654855312976));
#2213 = SURFACE_CURVE('',#2214,(#2219,#2230),.PCURVE_S1.);
#2214 = CIRCLE('',#2215,0.95);
#2215 = AXIS2_PLACEMENT_3D('',#2216,#2217,#2218);
#2216 = CARTESIAN_POINT('',(0.,-10.82839149605,-6.872155056019));
#2217 = DIRECTION('',(-1.,0.,0.));
#2218 = DIRECTION('',(0.,0.845335635428,0.534235587991));
#2219 = PCURVE('',#31,#2220);
#2220 = DEFINITIONAL_REPRESENTATION('',(#2221),#2229);
#2221 = ( BOUNDED_CURVE() B_SPLINE_CURVE(2,(#2222,#2223,#2224,#2225,
#2226,#2227,#2228),.UNSPECIFIED.,.T.,.F.) B_SPLINE_CURVE_WITH_KNOTS((1,2
    ,2,2,2,1),(-2.094395102393,0.,2.094395102393,4.188790204786,
6.28318530718,8.377580409573),.UNSPECIFIED.) CURVE() 
GEOMETRIC_REPRESENTATION_ITEM() RATIONAL_B_SPLINE_CURVE((1.,0.5,1.,0.5,
1.,0.5,1.)) REPRESENTATION_ITEM('') );
#2222 = CARTESIAN_POINT('',(-6.364631247428,10.025322642402));
#2223 = CARTESIAN_POINT('',(-7.755587303937,9.146265619872));
#2224 = CARTESIAN_POINT('',(-7.821394988569,10.790397411622));
#2225 = CARTESIAN_POINT('',(-7.887202673201,12.434529203372));
#2226 = CARTESIAN_POINT('',(-6.430438932059,11.669454434153));
#2227 = CARTESIAN_POINT('',(-4.973675190918,10.904379664933));
#2228 = CARTESIAN_POINT('',(-6.364631247428,10.025322642402));
#2229 = ( GEOMETRIC_REPRESENTATION_CONTEXT(2) 
PARAMETRIC_REPRESENTATION_CONTEXT() REPRESENTATION_CONTEXT('2D SPACE',''
  ) );
#2230 = PCURVE('',#2231,#2236);
#2231 = CYLINDRICAL_SURFACE('',#2232,0.95);
#2232 = AXIS2_PLACEMENT_3D('',#2233,#2234,#2235);
#2233 = CARTESIAN_POINT('',(0.,-10.82839149605,-6.872155056019));
#2234 = DIRECTION('',(-1.,0.,0.));
#2235 = DIRECTION('',(0.,0.845335635428,0.534235587991));
#2236 = DEFINITIONAL_REPRESENTATION('',(#2237),#2241);
#2237 = LINE('',#2238,#2239);
#2238 = CARTESIAN_POINT('',(0.,0.));
#2239 = VECTOR('',#2240,1.);
#2240 = DIRECTION('',(1.,0.));
#2241 = ( GEOMETRIC_REPRESENTATION_CONTEXT(2) 
PARAMETRIC_REPRESENTATION_CONTEXT() REPRESENTATION_CONTEXT('2D SPACE',''
  ) );
#2242 = ORIENTED_EDGE('',*,*,#2243,.T.);
#2243 = EDGE_CURVE('',#2211,#2244,#2246,.T.);
#2244 = VERTEX_POINT('',#2245);
#2245 = CARTESIAN_POINT('',(0.,-11.34003419739,-8.438547520367));
#2246 = SURFACE_CURVE('',#2247,(#2251,#2258),.PCURVE_S1.);
#2247 = LINE('',#2248,#2249);
#2248 = CARTESIAN_POINT('',(0.,-10.28998615827,-7.654855312976));
#2249 = VECTOR('',#2250,1.);
#2250 = DIRECTION('',(0.,-0.801405943464,-0.598120818715));
#2251 = PCURVE('',#31,#2252);
#2252 = DEFINITIONAL_REPRESENTATION('',(#2253),#2257);
#2253 = LINE('',#2254,#2255);
#2254 = CARTESIAN_POINT('',(-7.654855312976,10.289986158271));
#2255 = VECTOR('',#2256,1.);
#2256 = DIRECTION('',(-0.598120818715,0.801405943464));
#2257 = ( GEOMETRIC_REPRESENTATION_CONTEXT(2) 
PARAMETRIC_REPRESENTATION_CONTEXT() REPRESENTATION_CONTEXT('2D SPACE',''
  ) );
#2258 = PCURVE('',#2259,#2264);
#2259 = PLANE('',#2260);
#2260 = AXIS2_PLACEMENT_3D('',#2261,#2262,#2263);
#2261 = CARTESIAN_POINT('',(0.,-10.28998615827,-7.654855312976));
#2262 = DIRECTION('',(0.,0.598120818715,-0.801405943464));
#2263 = DIRECTION('',(0.,-0.801405943464,-0.598120818715));
#2264 = DEFINITIONAL_REPRESENTATION('',(#2265),#2269);
#2265 = LINE('',#2266,#2267);
#2266 = CARTESIAN_POINT('',(-1.954820932364E-15,0.));
#2267 = VECTOR('',#2268,1.);
#2268 = DIRECTION('',(1.,0.));
#2269 = ( GEOMETRIC_REPRESENTATION_CONTEXT(2) 
PARAMETRIC_REPRESENTATION_CONTEXT() REPRESENTATION_CONTEXT('2D SPACE',''
  ) );
#2270 = ORIENTED_EDGE('',*,*,#2271,.T.);
#2271 = EDGE_CURVE('',#2244,#2272,#2274,.T.);
#2272 = VERTEX_POINT('',#2273);
#2273 = CARTESIAN_POINT('',(0.,-11.92765110838,-9.174048613935));
#2274 = SURFACE_CURVE('',#2275,(#2280,#2288),.PCURVE_S1.);
#2275 = B_SPLINE_CURVE_WITH_KNOTS('',3,(#2276,#2277,#2278,#2279),
  .UNSPECIFIED.,.F.,.F.,(4,4),(0.,1.),.PIECEWISE_BEZIER_KNOTS.);
#2276 = CARTESIAN_POINT('',(0.,-11.34003419739,-8.438547520367));
#2277 = CARTESIAN_POINT('',(0.,-11.41834317961,-8.506445951932));
#2278 = CARTESIAN_POINT('',(0.,-11.64268499619,-8.721062713325));
#2279 = CARTESIAN_POINT('',(0.,-11.92765110838,-9.174048613935));
#2280 = PCURVE('',#31,#2281);
#2281 = DEFINITIONAL_REPRESENTATION('',(#2282),#2287);
#2282 = B_SPLINE_CURVE_WITH_KNOTS('',3,(#2283,#2284,#2285,#2286),
  .UNSPECIFIED.,.F.,.F.,(4,4),(0.,1.),.PIECEWISE_BEZIER_KNOTS.);
#2283 = CARTESIAN_POINT('',(-8.438547520367,11.340034197391));
#2284 = CARTESIAN_POINT('',(-8.506445951932,11.418343179615));
#2285 = CARTESIAN_POINT('',(-8.721062713325,11.642684996192));
#2286 = CARTESIAN_POINT('',(-9.174048613935,11.927651108385));
#2287 = ( GEOMETRIC_REPRESENTATION_CONTEXT(2) 
PARAMETRIC_REPRESENTATION_CONTEXT() REPRESENTATION_CONTEXT('2D SPACE',''
  ) );
#2288 = PCURVE('',#2289,#2297);
#2289 = SURFACE_OF_LINEAR_EXTRUSION('',#2290,#2295);
#2290 = B_SPLINE_CURVE_WITH_KNOTS('',3,(#2291,#2292,#2293,#2294),
  .UNSPECIFIED.,.F.,.F.,(4,4),(0.,1.),.PIECEWISE_BEZIER_KNOTS.);
#2291 = CARTESIAN_POINT('',(0.,-11.34003419739,-8.438547520367));
#2292 = CARTESIAN_POINT('',(0.,-11.41834317961,-8.506445951932));
#2293 = CARTESIAN_POINT('',(0.,-11.64268499619,-8.721062713325));
#2294 = CARTESIAN_POINT('',(0.,-11.92765110838,-9.174048613935));
#2295 = VECTOR('',#2296,1.);
#2296 = DIRECTION('',(-1.,-0.,-0.));
#2297 = DEFINITIONAL_REPRESENTATION('',(#2298),#2302);
#2298 = LINE('',#2299,#2300);
#2299 = CARTESIAN_POINT('',(0.,0.));
#2300 = VECTOR('',#2301,1.);
#2301 = DIRECTION('',(1.,0.));
#2302 = ( GEOMETRIC_REPRESENTATION_CONTEXT(2) 
PARAMETRIC_REPRESENTATION_CONTEXT() REPRESENTATION_CONTEXT('2D SPACE',''
  ) );
#2303 = ORIENTED_EDGE('',*,*,#2304,.T.);
#2304 = EDGE_CURVE('',#2272,#2305,#2307,.T.);
#2305 = VERTEX_POINT('',#2306);
#2306 = CARTESIAN_POINT('',(0.,-12.91224727315,-11.81709245724));
#2307 = SURFACE_CURVE('',#2308,(#2313,#2321),.PCURVE_S1.);
#2308 = B_SPLINE_CURVE_WITH_KNOTS('',3,(#2309,#2310,#2311,#2312),
  .UNSPECIFIED.,.F.,.F.,(4,4),(0.,1.),.PIECEWISE_BEZIER_KNOTS.);
#2309 = CARTESIAN_POINT('',(0.,-11.92765110838,-9.174048613935));
#2310 = CARTESIAN_POINT('',(0.,-12.26427780193,-9.71583046277));
#2311 = CARTESIAN_POINT('',(0.,-12.66189654651,-10.56900102169));
#2312 = CARTESIAN_POINT('',(0.,-12.91224727315,-11.81709245724));
#2313 = PCURVE('',#31,#2314);
#2314 = DEFINITIONAL_REPRESENTATION('',(#2315),#2320);
#2315 = B_SPLINE_CURVE_WITH_KNOTS('',3,(#2316,#2317,#2318,#2319),
  .UNSPECIFIED.,.F.,.F.,(4,4),(0.,1.),.PIECEWISE_BEZIER_KNOTS.);
#2316 = CARTESIAN_POINT('',(-9.174048613935,11.927651108385));
#2317 = CARTESIAN_POINT('',(-9.71583046277,12.26427780193));
#2318 = CARTESIAN_POINT('',(-10.56900102169,12.661896546512));
#2319 = CARTESIAN_POINT('',(-11.81709245724,12.912247273154));
#2320 = ( GEOMETRIC_REPRESENTATION_CONTEXT(2) 
PARAMETRIC_REPRESENTATION_CONTEXT() REPRESENTATION_CONTEXT('2D SPACE',''
  ) );
#2321 = PCURVE('',#2322,#2330);
#2322 = SURFACE_OF_LINEAR_EXTRUSION('',#2323,#2328);
#2323 = B_SPLINE_CURVE_WITH_KNOTS('',3,(#2324,#2325,#2326,#2327),
  .UNSPECIFIED.,.F.,.F.,(4,4),(0.,1.),.PIECEWISE_BEZIER_KNOTS.);
#2324 = CARTESIAN_POINT('',(0.,-11.92765110838,-9.174048613935));
#2325 = CARTESIAN_POINT('',(0.,-12.26427780193,-9.71583046277));
#2326 = CARTESIAN_POINT('',(0.,-12.66189654651,-10.56900102169));
#2327 = CARTESIAN_POINT('',(0.,-12.91224727315,-11.81709245724));
#2328 = VECTOR('',#2329,1.);
#2329 = DIRECTION('',(-1.,-0.,-0.));
#2330 = DEFINITIONAL_REPRESENTATION('',(#2331),#2335);
#2331 = LINE('',#2332,#2333);
#2332 = CARTESIAN_POINT('',(0.,0.));
#2333 = VECTOR('',#2334,1.);
#2334 = DIRECTION('',(1.,0.));
#2335 = ( GEOMETRIC_REPRESENTATION_CONTEXT(2) 
PARAMETRIC_REPRESENTATION_CONTEXT() REPRESENTATION_CONTEXT('2D SPACE',''
  ) );
#2336 = ORIENTED_EDGE('',*,*,#2337,.T.);
#2337 = EDGE_CURVE('',#2305,#2338,#2340,.T.);
#2338 = VERTEX_POINT('',#2339);
#2339 = CARTESIAN_POINT('',(0.,-11.81357913797,-12.91082289983));
#2340 = SURFACE_CURVE('',#2341,(#2346,#2353),.PCURVE_S1.);
#2341 = CIRCLE('',#2342,17.500000000003);
#2342 = AXIS2_PLACEMENT_3D('',#2343,#2344,#2345);
#2343 = CARTESIAN_POINT('',(0.,-2.856241123702E-02,2.607706695484E-02));
#2344 = DIRECTION('',(1.,0.,0.));
#2345 = DIRECTION('',(0.,-0.736210563538,-0.67675254424));
#2346 = PCURVE('',#31,#2347);
#2347 = DEFINITIONAL_REPRESENTATION('',(#2348),#2352);
#2348 = CIRCLE('',#2349,17.500000000003);
#2349 = AXIS2_PLACEMENT_2D('',#2350,#2351);
#2350 = CARTESIAN_POINT('',(2.607706695484E-02,2.856241123702E-02));
#2351 = DIRECTION('',(-0.67675254424,0.736210563538));
#2352 = ( GEOMETRIC_REPRESENTATION_CONTEXT(2) 
PARAMETRIC_REPRESENTATION_CONTEXT() REPRESENTATION_CONTEXT('2D SPACE',''
  ) );
#2353 = PCURVE('',#2354,#2359);
#2354 = CYLINDRICAL_SURFACE('',#2355,17.500000000003);
#2355 = AXIS2_PLACEMENT_3D('',#2356,#2357,#2358);
#2356 = CARTESIAN_POINT('',(0.,-2.856241123702E-02,2.607706695484E-02));
#2357 = DIRECTION('',(-1.,-0.,-0.));
#2358 = DIRECTION('',(0.,-0.736210563538,-0.67675254424));
#2359 = DEFINITIONAL_REPRESENTATION('',(#2360),#2364);
#2360 = LINE('',#2361,#2362);
#2361 = CARTESIAN_POINT('',(-0.,0.));
#2362 = VECTOR('',#2363,1.);
#2363 = DIRECTION('',(-1.,0.));
#2364 = ( GEOMETRIC_REPRESENTATION_CONTEXT(2) 
PARAMETRIC_REPRESENTATION_CONTEXT() REPRESENTATION_CONTEXT('2D SPACE',''
  ) );
#2365 = ORIENTED_EDGE('',*,*,#2366,.T.);
#2366 = EDGE_CURVE('',#2338,#2367,#2369,.T.);
#2367 = VERTEX_POINT('',#2368);
#2368 = CARTESIAN_POINT('',(0.,-9.174048613935,-11.92765110838));
#2369 = SURFACE_CURVE('',#2370,(#2375,#2383),.PCURVE_S1.);
#2370 = B_SPLINE_CURVE_WITH_KNOTS('',3,(#2371,#2372,#2373,#2374),
  .UNSPECIFIED.,.F.,.F.,(4,4),(0.,1.),.PIECEWISE_BEZIER_KNOTS.);
#2371 = CARTESIAN_POINT('',(0.,-11.81357913797,-12.91082289983));
#2372 = CARTESIAN_POINT('',(0.,-10.56900102169,-12.66189654651));
#2373 = CARTESIAN_POINT('',(0.,-9.71583046277,-12.26427780193));
#2374 = CARTESIAN_POINT('',(0.,-9.174048613935,-11.92765110838));
#2375 = PCURVE('',#31,#2376);
#2376 = DEFINITIONAL_REPRESENTATION('',(#2377),#2382);
#2377 = B_SPLINE_CURVE_WITH_KNOTS('',3,(#2378,#2379,#2380,#2381),
  .UNSPECIFIED.,.F.,.F.,(4,4),(0.,1.),.PIECEWISE_BEZIER_KNOTS.);
#2378 = CARTESIAN_POINT('',(-12.91082289983,11.813579137975));
#2379 = CARTESIAN_POINT('',(-12.66189654651,10.569001021696));
#2380 = CARTESIAN_POINT('',(-12.26427780193,9.71583046277));
#2381 = CARTESIAN_POINT('',(-11.92765110838,9.174048613935));
#2382 = ( GEOMETRIC_REPRESENTATION_CONTEXT(2) 
PARAMETRIC_REPRESENTATION_CONTEXT() REPRESENTATION_CONTEXT('2D SPACE',''
  ) );
#2383 = PCURVE('',#2384,#2392);
#2384 = SURFACE_OF_LINEAR_EXTRUSION('',#2385,#2390);
#2385 = B_SPLINE_CURVE_WITH_KNOTS('',3,(#2386,#2387,#2388,#2389),
  .UNSPECIFIED.,.F.,.F.,(4,4),(0.,1.),.PIECEWISE_BEZIER_KNOTS.);
#2386 = CARTESIAN_POINT('',(0.,-11.81357913797,-12.91082289983));
#2387 = CARTESIAN_POINT('',(0.,-10.56900102169,-12.66189654651));
#2388 = CARTESIAN_POINT('',(0.,-9.71583046277,-12.26427780193));
#2389 = CARTESIAN_POINT('',(0.,-9.174048613935,-11.92765110838));
#2390 = VECTOR('',#2391,1.);
#2391 = DIRECTION('',(-1.,-0.,-0.));
#2392 = DEFINITIONAL_REPRESENTATION('',(#2393),#2397);
#2393 = LINE('',#2394,#2395);
#2394 = CARTESIAN_POINT('',(0.,0.));
#2395 = VECTOR('',#2396,1.);
#2396 = DIRECTION('',(1.,0.));
#2397 = ( GEOMETRIC_REPRESENTATION_CONTEXT(2) 
PARAMETRIC_REPRESENTATION_CONTEXT() REPRESENTATION_CONTEXT('2D SPACE',''
  ) );
#2398 = ORIENTED_EDGE('',*,*,#2399,.T.);
#2399 = EDGE_CURVE('',#2367,#2400,#2402,.T.);
#2400 = VERTEX_POINT('',#2401);
#2401 = CARTESIAN_POINT('',(0.,-8.438547520367,-11.34003419739));
#2402 = SURFACE_CURVE('',#2403,(#2408,#2416),.PCURVE_S1.);
#2403 = B_SPLINE_CURVE_WITH_KNOTS('',3,(#2404,#2405,#2406,#2407),
  .UNSPECIFIED.,.F.,.F.,(4,4),(0.,1.),.PIECEWISE_BEZIER_KNOTS.);
#2404 = CARTESIAN_POINT('',(0.,-9.174048613935,-11.92765110838));
#2405 = CARTESIAN_POINT('',(0.,-8.721062713325,-11.64268499619));
#2406 = CARTESIAN_POINT('',(0.,-8.506445951932,-11.41834317961));
#2407 = CARTESIAN_POINT('',(0.,-8.438547520367,-11.34003419739));
#2408 = PCURVE('',#31,#2409);
#2409 = DEFINITIONAL_REPRESENTATION('',(#2410),#2415);
#2410 = B_SPLINE_CURVE_WITH_KNOTS('',3,(#2411,#2412,#2413,#2414),
  .UNSPECIFIED.,.F.,.F.,(4,4),(0.,1.),.PIECEWISE_BEZIER_KNOTS.);
#2411 = CARTESIAN_POINT('',(-11.92765110838,9.174048613935));
#2412 = CARTESIAN_POINT('',(-11.64268499619,8.721062713325));
#2413 = CARTESIAN_POINT('',(-11.41834317961,8.506445951932));
#2414 = CARTESIAN_POINT('',(-11.34003419739,8.438547520367));
#2415 = ( GEOMETRIC_REPRESENTATION_CONTEXT(2) 
PARAMETRIC_REPRESENTATION_CONTEXT() REPRESENTATION_CONTEXT('2D SPACE',''
  ) );
#2416 = PCURVE('',#2417,#2425);
#2417 = SURFACE_OF_LINEAR_EXTRUSION('',#2418,#2423);
#2418 = B_SPLINE_CURVE_WITH_KNOTS('',3,(#2419,#2420,#2421,#2422),
  .UNSPECIFIED.,.F.,.F.,(4,4),(0.,1.),.PIECEWISE_BEZIER_KNOTS.);
#2419 = CARTESIAN_POINT('',(0.,-9.174048613935,-11.92765110838));
#2420 = CARTESIAN_POINT('',(0.,-8.721062713325,-11.64268499619));
#2421 = CARTESIAN_POINT('',(0.,-8.506445951932,-11.41834317961));
#2422 = CARTESIAN_POINT('',(0.,-8.438547520367,-11.34003419739));
#2423 = VECTOR('',#2424,1.);
#2424 = DIRECTION('',(-1.,-0.,-0.));
#2425 = DEFINITIONAL_REPRESENTATION('',(#2426),#2430);
#2426 = LINE('',#2427,#2428);
#2427 = CARTESIAN_POINT('',(0.,0.));
#2428 = VECTOR('',#2429,1.);
#2429 = DIRECTION('',(1.,0.));
#2430 = ( GEOMETRIC_REPRESENTATION_CONTEXT(2) 
PARAMETRIC_REPRESENTATION_CONTEXT() REPRESENTATION_CONTEXT('2D SPACE',''
  ) );
#2431 = ORIENTED_EDGE('',*,*,#2432,.T.);
#2432 = EDGE_CURVE('',#2400,#2433,#2435,.T.);
#2433 = VERTEX_POINT('',#2434);
#2434 = CARTESIAN_POINT('',(0.,-7.654855312976,-10.28998615827));
#2435 = SURFACE_CURVE('',#2436,(#2440,#2447),.PCURVE_S1.);
#2436 = LINE('',#2437,#2438);
#2437 = CARTESIAN_POINT('',(0.,-8.438547520367,-11.34003419739));
#2438 = VECTOR('',#2439,1.);
#2439 = DIRECTION('',(0.,0.598120818715,0.801405943464));
#2440 = PCURVE('',#31,#2441);
#2441 = DEFINITIONAL_REPRESENTATION('',(#2442),#2446);
#2442 = LINE('',#2443,#2444);
#2443 = CARTESIAN_POINT('',(-11.34003419739,8.438547520367));
#2444 = VECTOR('',#2445,1.);
#2445 = DIRECTION('',(0.801405943464,-0.598120818715));
#2446 = ( GEOMETRIC_REPRESENTATION_CONTEXT(2) 
PARAMETRIC_REPRESENTATION_CONTEXT() REPRESENTATION_CONTEXT('2D SPACE',''
  ) );
#2447 = PCURVE('',#2448,#2453);
#2448 = PLANE('',#2449);
#2449 = AXIS2_PLACEMENT_3D('',#2450,#2451,#2452);
#2450 = CARTESIAN_POINT('',(0.,-8.438547520367,-11.34003419739));
#2451 = DIRECTION('',(0.,-0.801405943464,0.598120818715));
#2452 = DIRECTION('',(0.,0.598120818715,0.801405943464));
#2453 = DEFINITIONAL_REPRESENTATION('',(#2454),#2458);
#2454 = LINE('',#2455,#2456);
#2455 = CARTESIAN_POINT('',(0.,0.));
#2456 = VECTOR('',#2457,1.);
#2457 = DIRECTION('',(1.,0.));
#2458 = ( GEOMETRIC_REPRESENTATION_CONTEXT(2) 
PARAMETRIC_REPRESENTATION_CONTEXT() REPRESENTATION_CONTEXT('2D SPACE',''
  ) );
#2459 = ORIENTED_EDGE('',*,*,#2460,.T.);
#2460 = EDGE_CURVE('',#2433,#2461,#2463,.T.);
#2461 = VERTEX_POINT('',#2462);
#2462 = CARTESIAN_POINT('',(0.,-6.364631247428,-10.0253226424));
#2463 = SURFACE_CURVE('',#2464,(#2469,#2480),.PCURVE_S1.);
#2464 = CIRCLE('',#2465,0.95);
#2465 = AXIS2_PLACEMENT_3D('',#2466,#2467,#2468);
#2466 = CARTESIAN_POINT('',(0.,-6.872155056019,-10.82839149605));
#2467 = DIRECTION('',(-1.,0.,0.));
#2468 = DIRECTION('',(0.,-0.823895007324,0.56674246083));
#2469 = PCURVE('',#31,#2470);
#2470 = DEFINITIONAL_REPRESENTATION('',(#2471),#2479);
#2471 = ( BOUNDED_CURVE() B_SPLINE_CURVE(2,(#2472,#2473,#2474,#2475,
#2476,#2477,#2478),.UNSPECIFIED.,.T.,.F.) B_SPLINE_CURVE_WITH_KNOTS((1,2
    ,2,2,2,1),(-2.094395102393,0.,2.094395102393,4.188790204786,
6.28318530718,8.377580409573),.UNSPECIFIED.) CURVE() 
GEOMETRIC_REPRESENTATION_ITEM() RATIONAL_B_SPLINE_CURVE((1.,0.5,1.,0.5,
1.,0.5,1.)) REPRESENTATION_ITEM('') );
#2472 = CARTESIAN_POINT('',(-10.28998615827,7.654855312976));
#2473 = CARTESIAN_POINT('',(-8.934309546123,6.72230991286));
#2474 = CARTESIAN_POINT('',(-10.41975585888,6.014532227482));
#2475 = CARTESIAN_POINT('',(-11.90520217163,5.306754542104));
#2476 = CARTESIAN_POINT('',(-11.77543247102,6.947077627598));
#2477 = CARTESIAN_POINT('',(-11.64566277041,8.587400713092));
#2478 = CARTESIAN_POINT('',(-10.28998615827,7.654855312976));
#2479 = ( GEOMETRIC_REPRESENTATION_CONTEXT(2) 
PARAMETRIC_REPRESENTATION_CONTEXT() REPRESENTATION_CONTEXT('2D SPACE',''
  ) );
#2480 = PCURVE('',#2481,#2486);
#2481 = CYLINDRICAL_SURFACE('',#2482,0.95);
#2482 = AXIS2_PLACEMENT_3D('',#2483,#2484,#2485);
#2483 = CARTESIAN_POINT('',(0.,-6.872155056019,-10.82839149605));
#2484 = DIRECTION('',(-1.,0.,0.));
#2485 = DIRECTION('',(0.,-0.823895007324,0.56674246083));
#2486 = DEFINITIONAL_REPRESENTATION('',(#2487),#2491);
#2487 = LINE('',#2488,#2489);
#2488 = CARTESIAN_POINT('',(0.,0.));
#2489 = VECTOR('',#2490,1.);
#2490 = DIRECTION('',(1.,0.));
#2491 = ( GEOMETRIC_REPRESENTATION_CONTEXT(2) 
PARAMETRIC_REPRESENTATION_CONTEXT() REPRESENTATION_CONTEXT('2D SPACE',''
  ) );
#2492 = ORIENTED_EDGE('',*,*,#2493,.T.);
#2493 = EDGE_CURVE('',#2461,#2494,#2496,.T.);
#2494 = VERTEX_POINT('',#2495);
#2495 = CARTESIAN_POINT('',(0.,-5.499868465742,-10.52459366719));
#2496 = SURFACE_CURVE('',#2497,(#2502,#2509),.PCURVE_S1.);
#2497 = CIRCLE('',#2498,11.875000000002);
#2498 = AXIS2_PLACEMENT_3D('',#2499,#2500,#2501);
#2499 = CARTESIAN_POINT('',(0.,9.143323578498E-13,1.563574124079E-12));
#2500 = DIRECTION('',(1.,0.,0.));
#2501 = DIRECTION('',(0.,-0.535968947152,-0.844237696202));
#2502 = PCURVE('',#31,#2503);
#2503 = DEFINITIONAL_REPRESENTATION('',(#2504),#2508);
#2504 = CIRCLE('',#2505,11.875000000002);
#2505 = AXIS2_PLACEMENT_2D('',#2506,#2507);
#2506 = CARTESIAN_POINT('',(1.564774124079E-12,-9.171823578498E-13));
#2507 = DIRECTION('',(-0.844237696202,0.535968947152));
#2508 = ( GEOMETRIC_REPRESENTATION_CONTEXT(2) 
PARAMETRIC_REPRESENTATION_CONTEXT() REPRESENTATION_CONTEXT('2D SPACE',''
  ) );
#2509 = PCURVE('',#2510,#2515);
#2510 = CYLINDRICAL_SURFACE('',#2511,11.875000000002);
#2511 = AXIS2_PLACEMENT_3D('',#2512,#2513,#2514);
#2512 = CARTESIAN_POINT('',(0.,9.1433E-13,1.56357E-12));
#2513 = DIRECTION('',(-1.,-0.,-0.));
#2514 = DIRECTION('',(0.,-0.535968947152,-0.844237696202));
#2515 = DEFINITIONAL_REPRESENTATION('',(#2516),#2520);
#2516 = LINE('',#2517,#2518);
#2517 = CARTESIAN_POINT('',(-0.,0.));
#2518 = VECTOR('',#2519,1.);
#2519 = DIRECTION('',(-1.,0.));
#2520 = ( GEOMETRIC_REPRESENTATION_CONTEXT(2) 
PARAMETRIC_REPRESENTATION_CONTEXT() REPRESENTATION_CONTEXT('2D SPACE',''
  ) );
#2521 = ORIENTED_EDGE('',*,*,#2522,.T.);
#2522 = EDGE_CURVE('',#2494,#2523,#2525,.T.);
#2523 = VERTEX_POINT('',#2524);
#2524 = CARTESIAN_POINT('',(0.,-5.083961761165,-11.77429224246));
#2525 = SURFACE_CURVE('',#2526,(#2531,#2542),.PCURVE_S1.);
#2526 = CIRCLE('',#2527,0.95);
#2527 = AXIS2_PLACEMENT_3D('',#2528,#2529,#2530);
#2528 = CARTESIAN_POINT('',(0.,-5.941584589701,-11.36565660528));
#2529 = DIRECTION('',(-1.,0.,0.));
#2530 = DIRECTION('',(0.,0.46496434101,0.885329408519));
#2531 = PCURVE('',#31,#2532);
#2532 = DEFINITIONAL_REPRESENTATION('',(#2533),#2541);
#2533 = ( BOUNDED_CURVE() B_SPLINE_CURVE(2,(#2534,#2535,#2536,#2537,
#2538,#2539,#2540),.UNSPECIFIED.,.T.,.F.) B_SPLINE_CURVE_WITH_KNOTS((1,2
    ,2,2,2,1),(-2.094395102393,0.,2.094395102393,4.188790204786,
6.28318530718,8.377580409573),.UNSPECIFIED.) CURVE() 
GEOMETRIC_REPRESENTATION_ITEM() RATIONAL_B_SPLINE_CURVE((1.,0.5,1.,0.5,
1.,0.5,1.)) REPRESENTATION_ITEM('') );
#2534 = CARTESIAN_POINT('',(-10.52459366719,5.499868465742));
#2535 = CARTESIAN_POINT('',(-11.28966843641,4.043104724601));
#2536 = CARTESIAN_POINT('',(-12.16872545894,5.43406078111));
#2537 = CARTESIAN_POINT('',(-13.04778248147,6.82501683762));
#2538 = CARTESIAN_POINT('',(-11.40365068972,6.890824522251));
#2539 = CARTESIAN_POINT('',(-9.759518897974,6.956632206883));
#2540 = CARTESIAN_POINT('',(-10.52459366719,5.499868465742));
#2541 = ( GEOMETRIC_REPRESENTATION_CONTEXT(2) 
PARAMETRIC_REPRESENTATION_CONTEXT() REPRESENTATION_CONTEXT('2D SPACE',''
  ) );
#2542 = PCURVE('',#2543,#2548);
#2543 = CYLINDRICAL_SURFACE('',#2544,0.95);
#2544 = AXIS2_PLACEMENT_3D('',#2545,#2546,#2547);
#2545 = CARTESIAN_POINT('',(0.,-5.941584589701,-11.36565660528));
#2546 = DIRECTION('',(-1.,0.,0.));
#2547 = DIRECTION('',(0.,0.46496434101,0.885329408519));
#2548 = DEFINITIONAL_REPRESENTATION('',(#2549),#2553);
#2549 = LINE('',#2550,#2551);
#2550 = CARTESIAN_POINT('',(0.,0.));
#2551 = VECTOR('',#2552,1.);
#2552 = DIRECTION('',(1.,0.));
#2553 = ( GEOMETRIC_REPRESENTATION_CONTEXT(2) 
PARAMETRIC_REPRESENTATION_CONTEXT() REPRESENTATION_CONTEXT('2D SPACE',''
  ) );
#2554 = ORIENTED_EDGE('',*,*,#2555,.T.);
#2555 = EDGE_CURVE('',#2523,#2556,#2558,.T.);
#2556 = VERTEX_POINT('',#2557);
#2557 = CARTESIAN_POINT('',(0.,-5.601483934542,-12.97801362237));
#2558 = SURFACE_CURVE('',#2559,(#2563,#2570),.PCURVE_S1.);
#2559 = LINE('',#2560,#2561);
#2560 = CARTESIAN_POINT('',(0.,-5.083961761165,-11.77429224246));
#2561 = VECTOR('',#2562,1.);
#2562 = DIRECTION('',(0.,-0.394977496426,-0.918690795272));
#2563 = PCURVE('',#31,#2564);
#2564 = DEFINITIONAL_REPRESENTATION('',(#2565),#2569);
#2565 = LINE('',#2566,#2567);
#2566 = CARTESIAN_POINT('',(-11.77429224246,5.083961761165));
#2567 = VECTOR('',#2568,1.);
#2568 = DIRECTION('',(-0.918690795272,0.394977496426));
#2569 = ( GEOMETRIC_REPRESENTATION_CONTEXT(2) 
PARAMETRIC_REPRESENTATION_CONTEXT() REPRESENTATION_CONTEXT('2D SPACE',''
  ) );
#2570 = PCURVE('',#2571,#2576);
#2571 = PLANE('',#2572);
#2572 = AXIS2_PLACEMENT_3D('',#2573,#2574,#2575);
#2573 = CARTESIAN_POINT('',(0.,-5.083961761165,-11.77429224246));
#2574 = DIRECTION('',(0.,0.918690795272,-0.394977496426));
#2575 = DIRECTION('',(0.,-0.394977496426,-0.918690795272));
#2576 = DEFINITIONAL_REPRESENTATION('',(#2577),#2581);
#2577 = LINE('',#2578,#2579);
#2578 = CARTESIAN_POINT('',(-1.631922677475E-15,0.));
#2579 = VECTOR('',#2580,1.);
#2580 = DIRECTION('',(1.,0.));
#2581 = ( GEOMETRIC_REPRESENTATION_CONTEXT(2) 
PARAMETRIC_REPRESENTATION_CONTEXT() REPRESENTATION_CONTEXT('2D SPACE',''
  ) );
#2582 = ORIENTED_EDGE('',*,*,#2583,.T.);
#2583 = EDGE_CURVE('',#2556,#2584,#2586,.T.);
#2584 = VERTEX_POINT('',#2585);
#2585 = CARTESIAN_POINT('',(0.,-5.742624560372,-13.90878470941));
#2586 = SURFACE_CURVE('',#2587,(#2592,#2600),.PCURVE_S1.);
#2587 = B_SPLINE_CURVE_WITH_KNOTS('',3,(#2588,#2589,#2590,#2591),
  .UNSPECIFIED.,.F.,.F.,(4,4),(0.,1.),.PIECEWISE_BEZIER_KNOTS.);
#2588 = CARTESIAN_POINT('',(0.,-5.601483934542,-12.97801362237));
#2589 = CARTESIAN_POINT('',(0.,-5.635352286709,-13.0759698801));
#2590 = CARTESIAN_POINT('',(0.,-5.7223296183,-13.37400435583));
#2591 = CARTESIAN_POINT('',(0.,-5.742624560372,-13.90878470941));
#2592 = PCURVE('',#31,#2593);
#2593 = DEFINITIONAL_REPRESENTATION('',(#2594),#2599);
#2594 = B_SPLINE_CURVE_WITH_KNOTS('',3,(#2595,#2596,#2597,#2598),
  .UNSPECIFIED.,.F.,.F.,(4,4),(0.,1.),.PIECEWISE_BEZIER_KNOTS.);
#2595 = CARTESIAN_POINT('',(-12.97801362237,5.601483934542));
#2596 = CARTESIAN_POINT('',(-13.0759698801,5.635352286709));
#2597 = CARTESIAN_POINT('',(-13.37400435583,5.7223296183));
#2598 = CARTESIAN_POINT('',(-13.90878470941,5.742624560372));
#2599 = ( GEOMETRIC_REPRESENTATION_CONTEXT(2) 
PARAMETRIC_REPRESENTATION_CONTEXT() REPRESENTATION_CONTEXT('2D SPACE',''
  ) );
#2600 = PCURVE('',#2601,#2609);
#2601 = SURFACE_OF_LINEAR_EXTRUSION('',#2602,#2607);
#2602 = B_SPLINE_CURVE_WITH_KNOTS('',3,(#2603,#2604,#2605,#2606),
  .UNSPECIFIED.,.F.,.F.,(4,4),(0.,1.),.PIECEWISE_BEZIER_KNOTS.);
#2603 = CARTESIAN_POINT('',(0.,-5.601483934542,-12.97801362237));
#2604 = CARTESIAN_POINT('',(0.,-5.635352286709,-13.0759698801));
#2605 = CARTESIAN_POINT('',(0.,-5.7223296183,-13.37400435583));
#2606 = CARTESIAN_POINT('',(0.,-5.742624560372,-13.90878470941));
#2607 = VECTOR('',#2608,1.);
#2608 = DIRECTION('',(-1.,-0.,-0.));
#2609 = DEFINITIONAL_REPRESENTATION('',(#2610),#2614);
#2610 = LINE('',#2611,#2612);
#2611 = CARTESIAN_POINT('',(0.,0.));
#2612 = VECTOR('',#2613,1.);
#2613 = DIRECTION('',(1.,0.));
#2614 = ( GEOMETRIC_REPRESENTATION_CONTEXT(2) 
PARAMETRIC_REPRESENTATION_CONTEXT() REPRESENTATION_CONTEXT('2D SPACE',''
  ) );
#2615 = ORIENTED_EDGE('',*,*,#2616,.T.);
#2616 = EDGE_CURVE('',#2584,#2617,#2619,.T.);
#2617 = VERTEX_POINT('',#2618);
#2618 = CARTESIAN_POINT('',(0.,-5.273787929875,-16.69002590342));
#2619 = SURFACE_CURVE('',#2620,(#2625,#2633),.PCURVE_S1.);
#2620 = B_SPLINE_CURVE_WITH_KNOTS('',3,(#2621,#2622,#2623,#2624),
  .UNSPECIFIED.,.F.,.F.,(4,4),(0.,1.),.PIECEWISE_BEZIER_KNOTS.);
#2621 = CARTESIAN_POINT('',(0.,-5.742624560372,-13.90878470941));
#2622 = CARTESIAN_POINT('',(0.,-5.763260904156,-14.54629490058));
#2623 = CARTESIAN_POINT('',(0.,-5.681023558521,-15.48397165066));
#2624 = CARTESIAN_POINT('',(0.,-5.273787929875,-16.69002590342));
#2625 = PCURVE('',#31,#2626);
#2626 = DEFINITIONAL_REPRESENTATION('',(#2627),#2632);
#2627 = B_SPLINE_CURVE_WITH_KNOTS('',3,(#2628,#2629,#2630,#2631),
  .UNSPECIFIED.,.F.,.F.,(4,4),(0.,1.),.PIECEWISE_BEZIER_KNOTS.);
#2628 = CARTESIAN_POINT('',(-13.90878470941,5.742624560372));
#2629 = CARTESIAN_POINT('',(-14.54629490058,5.763260904156));
#2630 = CARTESIAN_POINT('',(-15.48397165066,5.681023558521));
#2631 = CARTESIAN_POINT('',(-16.69002590342,5.273787929875));
#2632 = ( GEOMETRIC_REPRESENTATION_CONTEXT(2) 
PARAMETRIC_REPRESENTATION_CONTEXT() REPRESENTATION_CONTEXT('2D SPACE',''
  ) );
#2633 = PCURVE('',#2634,#2642);
#2634 = SURFACE_OF_LINEAR_EXTRUSION('',#2635,#2640);
#2635 = B_SPLINE_CURVE_WITH_KNOTS('',3,(#2636,#2637,#2638,#2639),
  .UNSPECIFIED.,.F.,.F.,(4,4),(0.,1.),.PIECEWISE_BEZIER_KNOTS.);
#2636 = CARTESIAN_POINT('',(0.,-5.742624560372,-13.90878470941));
#2637 = CARTESIAN_POINT('',(0.,-5.763260904156,-14.54629490058));
#2638 = CARTESIAN_POINT('',(0.,-5.681023558521,-15.48397165066));
#2639 = CARTESIAN_POINT('',(0.,-5.273787929875,-16.69002590342));
#2640 = VECTOR('',#2641,1.);
#2641 = DIRECTION('',(-1.,-0.,-0.));
#2642 = DEFINITIONAL_REPRESENTATION('',(#2643),#2647);
#2643 = LINE('',#2644,#2645);
#2644 = CARTESIAN_POINT('',(0.,0.));
#2645 = VECTOR('',#2646,1.);
#2646 = DIRECTION('',(1.,0.));
#2647 = ( GEOMETRIC_REPRESENTATION_CONTEXT(2) 
PARAMETRIC_REPRESENTATION_CONTEXT() REPRESENTATION_CONTEXT('2D SPACE',''
  ) );
#2648 = ORIENTED_EDGE('',*,*,#2649,.T.);
#2649 = EDGE_CURVE('',#2617,#2650,#2652,.T.);
#2650 = VERTEX_POINT('',#2651);
#2651 = CARTESIAN_POINT('',(0.,-3.775448193189,-17.087890184));
#2652 = SURFACE_CURVE('',#2653,(#2658,#2665),.PCURVE_S1.);
#2653 = CIRCLE('',#2654,17.5);
#2654 = AXIS2_PLACEMENT_3D('',#2655,#2656,#2657);
#2655 = CARTESIAN_POINT('',(0.,-3.7774307203E-02,8.302196816938E-03));
#2656 = DIRECTION('',(1.,0.,0.));
#2657 = DIRECTION('',(0.,-0.299200778438,-0.954190177156));
#2658 = PCURVE('',#31,#2659);
#2659 = DEFINITIONAL_REPRESENTATION('',(#2660),#2664);
#2660 = CIRCLE('',#2661,17.5);
#2661 = AXIS2_PLACEMENT_2D('',#2662,#2663);
#2662 = CARTESIAN_POINT('',(8.302196816939E-03,3.777430720299E-02));
#2663 = DIRECTION('',(-0.954190177156,0.299200778438));
#2664 = ( GEOMETRIC_REPRESENTATION_CONTEXT(2) 
PARAMETRIC_REPRESENTATION_CONTEXT() REPRESENTATION_CONTEXT('2D SPACE',''
  ) );
#2665 = PCURVE('',#2666,#2671);
#2666 = CYLINDRICAL_SURFACE('',#2667,17.5);
#2667 = AXIS2_PLACEMENT_3D('',#2668,#2669,#2670);
#2668 = CARTESIAN_POINT('',(0.,-3.7774307203E-02,8.302196816938E-03));
#2669 = DIRECTION('',(-1.,-0.,-0.));
#2670 = DIRECTION('',(0.,-0.299200778438,-0.954190177156));
#2671 = DEFINITIONAL_REPRESENTATION('',(#2672),#2676);
#2672 = LINE('',#2673,#2674);
#2673 = CARTESIAN_POINT('',(-0.,0.));
#2674 = VECTOR('',#2675,1.);
#2675 = DIRECTION('',(-1.,0.));
#2676 = ( GEOMETRIC_REPRESENTATION_CONTEXT(2) 
PARAMETRIC_REPRESENTATION_CONTEXT() REPRESENTATION_CONTEXT('2D SPACE',''
  ) );
#2677 = ORIENTED_EDGE('',*,*,#2678,.T.);
#2678 = EDGE_CURVE('',#2650,#2679,#2681,.T.);
#2679 = VERTEX_POINT('',#2680);
#2680 = CARTESIAN_POINT('',(0.,-1.981133601028,-14.9166731743));
#2681 = SURFACE_CURVE('',#2682,(#2687,#2695),.PCURVE_S1.);
#2682 = B_SPLINE_CURVE_WITH_KNOTS('',3,(#2683,#2684,#2685,#2686),
  .UNSPECIFIED.,.F.,.F.,(4,4),(0.,1.),.PIECEWISE_BEZIER_KNOTS.);
#2683 = CARTESIAN_POINT('',(0.,-3.775448193189,-17.087890184));
#2684 = CARTESIAN_POINT('',(0.,-2.822075104157,-16.25002458021));
#2685 = CARTESIAN_POINT('',(0.,-2.282017098656,-15.47909136692));
#2686 = CARTESIAN_POINT('',(0.,-1.981133601028,-14.9166731743));
#2687 = PCURVE('',#31,#2688);
#2688 = DEFINITIONAL_REPRESENTATION('',(#2689),#2694);
#2689 = B_SPLINE_CURVE_WITH_KNOTS('',3,(#2690,#2691,#2692,#2693),
  .UNSPECIFIED.,.F.,.F.,(4,4),(0.,1.),.PIECEWISE_BEZIER_KNOTS.);
#2690 = CARTESIAN_POINT('',(-17.087890184,3.775448193189));
#2691 = CARTESIAN_POINT('',(-16.25002458021,2.822075104157));
#2692 = CARTESIAN_POINT('',(-15.47909136692,2.282017098656));
#2693 = CARTESIAN_POINT('',(-14.9166731743,1.981133601028));
#2694 = ( GEOMETRIC_REPRESENTATION_CONTEXT(2) 
PARAMETRIC_REPRESENTATION_CONTEXT() REPRESENTATION_CONTEXT('2D SPACE',''
  ) );
#2695 = PCURVE('',#2696,#2704);
#2696 = SURFACE_OF_LINEAR_EXTRUSION('',#2697,#2702);
#2697 = B_SPLINE_CURVE_WITH_KNOTS('',3,(#2698,#2699,#2700,#2701),
  .UNSPECIFIED.,.F.,.F.,(4,4),(0.,1.),.PIECEWISE_BEZIER_KNOTS.);
#2698 = CARTESIAN_POINT('',(0.,-3.775448193189,-17.087890184));
#2699 = CARTESIAN_POINT('',(0.,-2.822075104157,-16.25002458021));
#2700 = CARTESIAN_POINT('',(0.,-2.282017098656,-15.47909136692));
#2701 = CARTESIAN_POINT('',(0.,-1.981133601028,-14.9166731743));
#2702 = VECTOR('',#2703,1.);
#2703 = DIRECTION('',(-1.,-0.,-0.));
#2704 = DEFINITIONAL_REPRESENTATION('',(#2705),#2709);
#2705 = LINE('',#2706,#2707);
#2706 = CARTESIAN_POINT('',(0.,0.));
#2707 = VECTOR('',#2708,1.);
#2708 = DIRECTION('',(1.,0.));
#2709 = ( GEOMETRIC_REPRESENTATION_CONTEXT(2) 
PARAMETRIC_REPRESENTATION_CONTEXT() REPRESENTATION_CONTEXT('2D SPACE',''
  ) );
#2710 = ORIENTED_EDGE('',*,*,#2711,.T.);
#2711 = EDGE_CURVE('',#2679,#2712,#2714,.T.);
#2712 = VERTEX_POINT('',#2713);
#2713 = CARTESIAN_POINT('',(0.,-1.637979424984,-14.0400314549));
#2714 = SURFACE_CURVE('',#2715,(#2720,#2728),.PCURVE_S1.);
#2715 = B_SPLINE_CURVE_WITH_KNOTS('',3,(#2716,#2717,#2718,#2719),
  .UNSPECIFIED.,.F.,.F.,(4,4),(0.,1.),.PIECEWISE_BEZIER_KNOTS.);
#2716 = CARTESIAN_POINT('',(0.,-1.981133601028,-14.9166731743));
#2717 = CARTESIAN_POINT('',(0.,-1.73131935964,-14.44339233162));
#2718 = CARTESIAN_POINT('',(0.,-1.657626700485,-14.14179823864));
#2719 = CARTESIAN_POINT('',(0.,-1.637979424984,-14.0400314549));
#2720 = PCURVE('',#31,#2721);
#2721 = DEFINITIONAL_REPRESENTATION('',(#2722),#2727);
#2722 = B_SPLINE_CURVE_WITH_KNOTS('',3,(#2723,#2724,#2725,#2726),
  .UNSPECIFIED.,.F.,.F.,(4,4),(0.,1.),.PIECEWISE_BEZIER_KNOTS.);
#2723 = CARTESIAN_POINT('',(-14.9166731743,1.981133601028));
#2724 = CARTESIAN_POINT('',(-14.44339233162,1.73131935964));
#2725 = CARTESIAN_POINT('',(-14.14179823864,1.657626700485));
#2726 = CARTESIAN_POINT('',(-14.0400314549,1.637979424984));
#2727 = ( GEOMETRIC_REPRESENTATION_CONTEXT(2) 
PARAMETRIC_REPRESENTATION_CONTEXT() REPRESENTATION_CONTEXT('2D SPACE',''
  ) );
#2728 = PCURVE('',#2729,#2737);
#2729 = SURFACE_OF_LINEAR_EXTRUSION('',#2730,#2735);
#2730 = B_SPLINE_CURVE_WITH_KNOTS('',3,(#2731,#2732,#2733,#2734),
  .UNSPECIFIED.,.F.,.F.,(4,4),(0.,1.),.PIECEWISE_BEZIER_KNOTS.);
#2731 = CARTESIAN_POINT('',(0.,-1.981133601028,-14.9166731743));
#2732 = CARTESIAN_POINT('',(0.,-1.73131935964,-14.44339233162));
#2733 = CARTESIAN_POINT('',(0.,-1.657626700485,-14.14179823864));
#2734 = CARTESIAN_POINT('',(0.,-1.637979424984,-14.0400314549));
#2735 = VECTOR('',#2736,1.);
#2736 = DIRECTION('',(-1.,-0.,-0.));
#2737 = DEFINITIONAL_REPRESENTATION('',(#2738),#2742);
#2738 = LINE('',#2739,#2740);
#2739 = CARTESIAN_POINT('',(0.,0.));
#2740 = VECTOR('',#2741,1.);
#2741 = DIRECTION('',(1.,0.));
#2742 = ( GEOMETRIC_REPRESENTATION_CONTEXT(2) 
PARAMETRIC_REPRESENTATION_CONTEXT() REPRESENTATION_CONTEXT('2D SPACE',''
  ) );
#2743 = ORIENTED_EDGE('',*,*,#2744,.T.);
#2744 = EDGE_CURVE('',#2712,#2745,#2747,.T.);
#2745 = VERTEX_POINT('',#2746);
#2746 = CARTESIAN_POINT('',(0.,-1.484306084196,-12.73881707414));
#2747 = SURFACE_CURVE('',#2748,(#2752,#2759),.PCURVE_S1.);
#2748 = LINE('',#2749,#2750);
#2749 = CARTESIAN_POINT('',(0.,-1.637979424984,-14.0400314549));
#2750 = VECTOR('',#2751,1.);
#2751 = DIRECTION('',(0.,0.117284851808,0.993098315141));
#2752 = PCURVE('',#31,#2753);
#2753 = DEFINITIONAL_REPRESENTATION('',(#2754),#2758);
#2754 = LINE('',#2755,#2756);
#2755 = CARTESIAN_POINT('',(-14.0400314549,1.637979424984));
#2756 = VECTOR('',#2757,1.);
#2757 = DIRECTION('',(0.993098315141,-0.117284851808));
#2758 = ( GEOMETRIC_REPRESENTATION_CONTEXT(2) 
PARAMETRIC_REPRESENTATION_CONTEXT() REPRESENTATION_CONTEXT('2D SPACE',''
  ) );
#2759 = PCURVE('',#2760,#2765);
#2760 = PLANE('',#2761);
#2761 = AXIS2_PLACEMENT_3D('',#2762,#2763,#2764);
#2762 = CARTESIAN_POINT('',(0.,-1.637979424984,-14.0400314549));
#2763 = DIRECTION('',(0.,-0.993098315141,0.117284851808));
#2764 = DIRECTION('',(0.,0.117284851808,0.993098315141));
#2765 = DEFINITIONAL_REPRESENTATION('',(#2766),#2770);
#2766 = LINE('',#2767,#2768);
#2767 = CARTESIAN_POINT('',(-1.790139452881E-15,-0.));
#2768 = VECTOR('',#2769,1.);
#2769 = DIRECTION('',(1.,0.));
#2770 = ( GEOMETRIC_REPRESENTATION_CONTEXT(2) 
PARAMETRIC_REPRESENTATION_CONTEXT() REPRESENTATION_CONTEXT('2D SPACE',''
  ) );
#2771 = ORIENTED_EDGE('',*,*,#2772,.T.);
#2772 = EDGE_CURVE('',#2745,#2773,#2775,.T.);
#2773 = VERTEX_POINT('',#2774);
#2774 = CARTESIAN_POINT('',(0.,-0.499271024791,-11.86449971317));
#2775 = SURFACE_CURVE('',#2776,(#2781,#2792),.PCURVE_S1.);
#2776 = CIRCLE('',#2777,0.95);
#2777 = AXIS2_PLACEMENT_3D('',#2778,#2779,#2780);
#2778 = CARTESIAN_POINT('',(0.,-0.537265109228,-12.81373964572));
#2779 = DIRECTION('',(-1.,0.,0.));
#2780 = DIRECTION('',(0.,-0.996885236808,7.886586482015E-02));
#2781 = PCURVE('',#31,#2782);
#2782 = DEFINITIONAL_REPRESENTATION('',(#2783),#2791);
#2783 = ( BOUNDED_CURVE() B_SPLINE_CURVE(2,(#2784,#2785,#2786,#2787,
#2788,#2789,#2790),.UNSPECIFIED.,.T.,.F.) B_SPLINE_CURVE_WITH_KNOTS((1,2
    ,2,2,2,1),(-2.094395102393,0.,2.094395102393,4.188790204786,
6.28318530718,8.377580409573),.UNSPECIFIED.) CURVE() 
GEOMETRIC_REPRESENTATION_ITEM() RATIONAL_B_SPLINE_CURVE((1.,0.5,1.,0.5,
1.,0.5,1.)) REPRESENTATION_ITEM('') );
#2784 = CARTESIAN_POINT('',(-12.73881707414,1.484306084196));
#2785 = CARTESIAN_POINT('',(-11.09849398864,1.354536383587));
#2786 = CARTESIAN_POINT('',(-12.03103938876,-1.140228560069E-03));
#2787 = CARTESIAN_POINT('',(-12.96358478887,-1.356816840707));
#2788 = CARTESIAN_POINT('',(-13.67136247425,0.128629472049));
#2789 = CARTESIAN_POINT('',(-14.37914015963,1.614075784805));
#2790 = CARTESIAN_POINT('',(-12.73881707414,1.484306084196));
#2791 = ( GEOMETRIC_REPRESENTATION_CONTEXT(2) 
PARAMETRIC_REPRESENTATION_CONTEXT() REPRESENTATION_CONTEXT('2D SPACE',''
  ) );
#2792 = PCURVE('',#2793,#2798);
#2793 = CYLINDRICAL_SURFACE('',#2794,0.95);
#2794 = AXIS2_PLACEMENT_3D('',#2795,#2796,#2797);
#2795 = CARTESIAN_POINT('',(0.,-0.537265109228,-12.81373964572));
#2796 = DIRECTION('',(-1.,0.,0.));
#2797 = DIRECTION('',(0.,-0.996885236808,7.886586482015E-02));
#2798 = DEFINITIONAL_REPRESENTATION('',(#2799),#2803);
#2799 = LINE('',#2800,#2801);
#2800 = CARTESIAN_POINT('',(0.,0.));
#2801 = VECTOR('',#2802,1.);
#2802 = DIRECTION('',(1.,0.));
#2803 = ( GEOMETRIC_REPRESENTATION_CONTEXT(2) 
PARAMETRIC_REPRESENTATION_CONTEXT() REPRESENTATION_CONTEXT('2D SPACE',''
  ) );
#2804 = ORIENTED_EDGE('',*,*,#2805,.T.);
#2805 = EDGE_CURVE('',#2773,#2806,#2808,.T.);
#2806 = VERTEX_POINT('',#2807);
#2807 = CARTESIAN_POINT('',(0.,0.499271024791,-11.86449971317));
#2808 = SURFACE_CURVE('',#2809,(#2814,#2821),.PCURVE_S1.);
#2809 = CIRCLE('',#2810,11.875);
#2810 = AXIS2_PLACEMENT_3D('',#2811,#2812,#2813);
#2811 = CARTESIAN_POINT('',(0.,1.880712800627E-14,3.802027370182E-13));
#2812 = DIRECTION('',(1.,0.,0.));
#2813 = DIRECTION('',(0.,-4.20438757719E-02,-0.99911576532));
#2814 = PCURVE('',#31,#2815);
#2815 = DEFINITIONAL_REPRESENTATION('',(#2816),#2820);
#2816 = CIRCLE('',#2817,11.875);
#2817 = AXIS2_PLACEMENT_2D('',#2818,#2819);
#2818 = CARTESIAN_POINT('',(3.814027370182E-13,-2.165712800627E-14));
#2819 = DIRECTION('',(-0.99911576532,4.20438757719E-02));
#2820 = ( GEOMETRIC_REPRESENTATION_CONTEXT(2) 
PARAMETRIC_REPRESENTATION_CONTEXT() REPRESENTATION_CONTEXT('2D SPACE',''
  ) );
#2821 = PCURVE('',#2822,#2827);
#2822 = CYLINDRICAL_SURFACE('',#2823,11.875);
#2823 = AXIS2_PLACEMENT_3D('',#2824,#2825,#2826);
#2824 = CARTESIAN_POINT('',(0.,1.881E-14,3.802E-13));
#2825 = DIRECTION('',(-1.,-0.,-0.));
#2826 = DIRECTION('',(0.,-4.20438757719E-02,-0.99911576532));
#2827 = DEFINITIONAL_REPRESENTATION('',(#2828),#2832);
#2828 = LINE('',#2829,#2830);
#2829 = CARTESIAN_POINT('',(-0.,0.));
#2830 = VECTOR('',#2831,1.);
#2831 = DIRECTION('',(-1.,0.));
#2832 = ( GEOMETRIC_REPRESENTATION_CONTEXT(2) 
PARAMETRIC_REPRESENTATION_CONTEXT() REPRESENTATION_CONTEXT('2D SPACE',''
  ) );
#2833 = ORIENTED_EDGE('',*,*,#2834,.T.);
#2834 = EDGE_CURVE('',#2806,#2835,#2837,.T.);
#2835 = VERTEX_POINT('',#2836);
#2836 = CARTESIAN_POINT('',(0.,1.484306084196,-12.73881707414));
#2837 = SURFACE_CURVE('',#2838,(#2843,#2854),.PCURVE_S1.);
#2838 = CIRCLE('',#2839,0.95);
#2839 = AXIS2_PLACEMENT_3D('',#2840,#2841,#2842);
#2840 = CARTESIAN_POINT('',(0.,0.537265109228,-12.81373964572));
#2841 = DIRECTION('',(-1.,0.,0.));
#2842 = DIRECTION('',(0.,-3.99937730915E-02,0.999199929));
#2843 = PCURVE('',#31,#2844);
#2844 = DEFINITIONAL_REPRESENTATION('',(#2845),#2853);
#2845 = ( BOUNDED_CURVE() B_SPLINE_CURVE(2,(#2846,#2847,#2848,#2849,
#2850,#2851,#2852),.UNSPECIFIED.,.T.,.F.) B_SPLINE_CURVE_WITH_KNOTS((1,2
    ,2,2,2,1),(-2.094395102393,0.,2.094395102393,4.188790204786,
6.28318530718,8.377580409573),.UNSPECIFIED.) CURVE() 
GEOMETRIC_REPRESENTATION_ITEM() RATIONAL_B_SPLINE_CURVE((1.,0.5,1.,0.5,
1.,0.5,1.)) REPRESENTATION_ITEM('') );
#2846 = CARTESIAN_POINT('',(-11.86449971317,-0.499271024791));
#2847 = CARTESIAN_POINT('',(-11.79869202853,-2.143402816541));
#2848 = CARTESIAN_POINT('',(-13.25545576967,-1.378328047322));
#2849 = CARTESIAN_POINT('',(-14.71221951082,-0.613253278102));
#2850 = CARTESIAN_POINT('',(-13.32126345431,0.265803744428));
#2851 = CARTESIAN_POINT('',(-11.9303073978,1.144860766959));
#2852 = CARTESIAN_POINT('',(-11.86449971317,-0.499271024791));
#2853 = ( GEOMETRIC_REPRESENTATION_CONTEXT(2) 
PARAMETRIC_REPRESENTATION_CONTEXT() REPRESENTATION_CONTEXT('2D SPACE',''
  ) );
#2854 = PCURVE('',#2855,#2860);
#2855 = CYLINDRICAL_SURFACE('',#2856,0.95);
#2856 = AXIS2_PLACEMENT_3D('',#2857,#2858,#2859);
#2857 = CARTESIAN_POINT('',(0.,0.537265109228,-12.81373964572));
#2858 = DIRECTION('',(-1.,0.,0.));
#2859 = DIRECTION('',(0.,-3.99937730915E-02,0.999199929));
#2860 = DEFINITIONAL_REPRESENTATION('',(#2861),#2865);
#2861 = LINE('',#2862,#2863);
#2862 = CARTESIAN_POINT('',(0.,0.));
#2863 = VECTOR('',#2864,1.);
#2864 = DIRECTION('',(1.,0.));
#2865 = ( GEOMETRIC_REPRESENTATION_CONTEXT(2) 
PARAMETRIC_REPRESENTATION_CONTEXT() REPRESENTATION_CONTEXT('2D SPACE',''
  ) );
#2866 = ORIENTED_EDGE('',*,*,#2867,.T.);
#2867 = EDGE_CURVE('',#2835,#2868,#2870,.T.);
#2868 = VERTEX_POINT('',#2869);
#2869 = CARTESIAN_POINT('',(0.,1.637979424984,-14.0400314549));
#2870 = SURFACE_CURVE('',#2871,(#2875,#2882),.PCURVE_S1.);
#2871 = LINE('',#2872,#2873);
#2872 = CARTESIAN_POINT('',(0.,1.484306084196,-12.73881707414));
#2873 = VECTOR('',#2874,1.);
#2874 = DIRECTION('',(0.,0.117284851808,-0.993098315141));
#2875 = PCURVE('',#31,#2876);
#2876 = DEFINITIONAL_REPRESENTATION('',(#2877),#2881);
#2877 = LINE('',#2878,#2879);
#2878 = CARTESIAN_POINT('',(-12.73881707414,-1.484306084196));
#2879 = VECTOR('',#2880,1.);
#2880 = DIRECTION('',(-0.993098315141,-0.117284851808));
#2881 = ( GEOMETRIC_REPRESENTATION_CONTEXT(2) 
PARAMETRIC_REPRESENTATION_CONTEXT() REPRESENTATION_CONTEXT('2D SPACE',''
  ) );
#2882 = PCURVE('',#2883,#2888);
#2883 = PLANE('',#2884);
#2884 = AXIS2_PLACEMENT_3D('',#2885,#2886,#2887);
#2885 = CARTESIAN_POINT('',(0.,1.484306084196,-12.73881707414));
#2886 = DIRECTION('',(0.,0.993098315141,0.117284851808));
#2887 = DIRECTION('',(0.,0.117284851808,-0.993098315141));
#2888 = DEFINITIONAL_REPRESENTATION('',(#2889),#2893);
#2889 = LINE('',#2890,#2891);
#2890 = CARTESIAN_POINT('',(0.,0.));
#2891 = VECTOR('',#2892,1.);
#2892 = DIRECTION('',(1.,0.));
#2893 = ( GEOMETRIC_REPRESENTATION_CONTEXT(2) 
PARAMETRIC_REPRESENTATION_CONTEXT() REPRESENTATION_CONTEXT('2D SPACE',''
  ) );
#2894 = ORIENTED_EDGE('',*,*,#2895,.T.);
#2895 = EDGE_CURVE('',#2868,#2896,#2898,.T.);
#2896 = VERTEX_POINT('',#2897);
#2897 = CARTESIAN_POINT('',(0.,1.981133601028,-14.9166731743));
#2898 = SURFACE_CURVE('',#2899,(#2904,#2912),.PCURVE_S1.);
#2899 = B_SPLINE_CURVE_WITH_KNOTS('',3,(#2900,#2901,#2902,#2903),
  .UNSPECIFIED.,.F.,.F.,(4,4),(0.,1.),.PIECEWISE_BEZIER_KNOTS.);
#2900 = CARTESIAN_POINT('',(0.,1.637979424984,-14.0400314549));
#2901 = CARTESIAN_POINT('',(0.,1.657626700485,-14.14179823864));
#2902 = CARTESIAN_POINT('',(0.,1.73131935964,-14.44339233162));
#2903 = CARTESIAN_POINT('',(0.,1.981133601028,-14.9166731743));
#2904 = PCURVE('',#31,#2905);
#2905 = DEFINITIONAL_REPRESENTATION('',(#2906),#2911);
#2906 = B_SPLINE_CURVE_WITH_KNOTS('',3,(#2907,#2908,#2909,#2910),
  .UNSPECIFIED.,.F.,.F.,(4,4),(0.,1.),.PIECEWISE_BEZIER_KNOTS.);
#2907 = CARTESIAN_POINT('',(-14.0400314549,-1.637979424984));
#2908 = CARTESIAN_POINT('',(-14.14179823864,-1.657626700485));
#2909 = CARTESIAN_POINT('',(-14.44339233162,-1.73131935964));
#2910 = CARTESIAN_POINT('',(-14.9166731743,-1.981133601028));
#2911 = ( GEOMETRIC_REPRESENTATION_CONTEXT(2) 
PARAMETRIC_REPRESENTATION_CONTEXT() REPRESENTATION_CONTEXT('2D SPACE',''
  ) );
#2912 = PCURVE('',#2913,#2921);
#2913 = SURFACE_OF_LINEAR_EXTRUSION('',#2914,#2919);
#2914 = B_SPLINE_CURVE_WITH_KNOTS('',3,(#2915,#2916,#2917,#2918),
  .UNSPECIFIED.,.F.,.F.,(4,4),(0.,1.),.PIECEWISE_BEZIER_KNOTS.);
#2915 = CARTESIAN_POINT('',(0.,1.637979424984,-14.0400314549));
#2916 = CARTESIAN_POINT('',(0.,1.657626700485,-14.14179823864));
#2917 = CARTESIAN_POINT('',(0.,1.73131935964,-14.44339233162));
#2918 = CARTESIAN_POINT('',(0.,1.981133601028,-14.9166731743));
#2919 = VECTOR('',#2920,1.);
#2920 = DIRECTION('',(-1.,-0.,-0.));
#2921 = DEFINITIONAL_REPRESENTATION('',(#2922),#2926);
#2922 = LINE('',#2923,#2924);
#2923 = CARTESIAN_POINT('',(0.,0.));
#2924 = VECTOR('',#2925,1.);
#2925 = DIRECTION('',(1.,0.));
#2926 = ( GEOMETRIC_REPRESENTATION_CONTEXT(2) 
PARAMETRIC_REPRESENTATION_CONTEXT() REPRESENTATION_CONTEXT('2D SPACE',''
  ) );
#2927 = ORIENTED_EDGE('',*,*,#2928,.T.);
#2928 = EDGE_CURVE('',#2896,#2929,#2931,.T.);
#2929 = VERTEX_POINT('',#2930);
#2930 = CARTESIAN_POINT('',(0.,3.777778630267,-17.09088038712));
#2931 = SURFACE_CURVE('',#2932,(#2937,#2945),.PCURVE_S1.);
#2932 = B_SPLINE_CURVE_WITH_KNOTS('',3,(#2933,#2934,#2935,#2936),
  .UNSPECIFIED.,.F.,.F.,(4,4),(0.,1.),.PIECEWISE_BEZIER_KNOTS.);
#2933 = CARTESIAN_POINT('',(0.,1.981133601028,-14.9166731743));
#2934 = CARTESIAN_POINT('',(0.,2.282017098656,-15.47909136692));
#2935 = CARTESIAN_POINT('',(0.,2.822075104157,-16.25002458021));
#2936 = CARTESIAN_POINT('',(0.,3.777778630267,-17.09088038712));
#2937 = PCURVE('',#31,#2938);
#2938 = DEFINITIONAL_REPRESENTATION('',(#2939),#2944);
#2939 = B_SPLINE_CURVE_WITH_KNOTS('',3,(#2940,#2941,#2942,#2943),
  .UNSPECIFIED.,.F.,.F.,(4,4),(0.,1.),.PIECEWISE_BEZIER_KNOTS.);
#2940 = CARTESIAN_POINT('',(-14.9166731743,-1.981133601028));
#2941 = CARTESIAN_POINT('',(-15.47909136692,-2.282017098656));
#2942 = CARTESIAN_POINT('',(-16.25002458021,-2.822075104157));
#2943 = CARTESIAN_POINT('',(-17.09088038712,-3.777778630267));
#2944 = ( GEOMETRIC_REPRESENTATION_CONTEXT(2) 
PARAMETRIC_REPRESENTATION_CONTEXT() REPRESENTATION_CONTEXT('2D SPACE',''
  ) );
#2945 = PCURVE('',#2946,#2954);
#2946 = SURFACE_OF_LINEAR_EXTRUSION('',#2947,#2952);
#2947 = B_SPLINE_CURVE_WITH_KNOTS('',3,(#2948,#2949,#2950,#2951),
  .UNSPECIFIED.,.F.,.F.,(4,4),(0.,1.),.PIECEWISE_BEZIER_KNOTS.);
#2948 = CARTESIAN_POINT('',(0.,1.981133601028,-14.9166731743));
#2949 = CARTESIAN_POINT('',(0.,2.282017098656,-15.47909136692));
#2950 = CARTESIAN_POINT('',(0.,2.822075104157,-16.25002458021));
#2951 = CARTESIAN_POINT('',(0.,3.777778630267,-17.09088038712));
#2952 = VECTOR('',#2953,1.);
#2953 = DIRECTION('',(-1.,-0.,-0.));
#2954 = DEFINITIONAL_REPRESENTATION('',(#2955),#2959);
#2955 = LINE('',#2956,#2957);
#2956 = CARTESIAN_POINT('',(0.,0.));
#2957 = VECTOR('',#2958,1.);
#2958 = DIRECTION('',(1.,0.));
#2959 = ( GEOMETRIC_REPRESENTATION_CONTEXT(2) 
PARAMETRIC_REPRESENTATION_CONTEXT() REPRESENTATION_CONTEXT('2D SPACE',''
  ) );
#2960 = ORIENTED_EDGE('',*,*,#2961,.T.);
#2961 = EDGE_CURVE('',#2929,#2962,#2964,.T.);
#2962 = VERTEX_POINT('',#2963);
#2963 = CARTESIAN_POINT('',(0.,5.274311046028,-16.68627109302));
#2964 = SURFACE_CURVE('',#2965,(#2970,#2977),.PCURVE_S1.);
#2965 = CIRCLE('',#2966,17.5);
#2966 = AXIS2_PLACEMENT_3D('',#2967,#2968,#2969);
#2967 = CARTESIAN_POINT('',(0.,-3.686460805682E-02,-1.169724025008E-02)
  );
#2968 = DIRECTION('',(1.,-0.,0.));
#2969 = DIRECTION('',(0.,0.217979613618,-0.975953322678));
#2970 = PCURVE('',#31,#2971);
#2971 = DEFINITIONAL_REPRESENTATION('',(#2972),#2976);
#2972 = CIRCLE('',#2973,17.5);
#2973 = AXIS2_PLACEMENT_2D('',#2974,#2975);
#2974 = CARTESIAN_POINT('',(-1.169724025007E-02,3.686460805682E-02));
#2975 = DIRECTION('',(-0.975953322678,-0.217979613618));
#2976 = ( GEOMETRIC_REPRESENTATION_CONTEXT(2) 
PARAMETRIC_REPRESENTATION_CONTEXT() REPRESENTATION_CONTEXT('2D SPACE',''
  ) );
#2977 = PCURVE('',#2978,#2983);
#2978 = CYLINDRICAL_SURFACE('',#2979,17.5);
#2979 = AXIS2_PLACEMENT_3D('',#2980,#2981,#2982);
#2980 = CARTESIAN_POINT('',(0.,-3.686460805682E-02,-1.169724025008E-02)
  );
#2981 = DIRECTION('',(-1.,0.,0.));
#2982 = DIRECTION('',(0.,0.217979613618,-0.975953322678));
#2983 = DEFINITIONAL_REPRESENTATION('',(#2984),#2988);
#2984 = LINE('',#2985,#2986);
#2985 = CARTESIAN_POINT('',(-0.,0.));
#2986 = VECTOR('',#2987,1.);
#2987 = DIRECTION('',(-1.,0.));
#2988 = ( GEOMETRIC_REPRESENTATION_CONTEXT(2) 
PARAMETRIC_REPRESENTATION_CONTEXT() REPRESENTATION_CONTEXT('2D SPACE',''
  ) );
#2989 = ORIENTED_EDGE('',*,*,#2990,.T.);
#2990 = EDGE_CURVE('',#2962,#2991,#2993,.T.);
#2991 = VERTEX_POINT('',#2992);
#2992 = CARTESIAN_POINT('',(0.,5.742624560372,-13.90878470941));
#2993 = SURFACE_CURVE('',#2994,(#2999,#3007),.PCURVE_S1.);
#2994 = B_SPLINE_CURVE_WITH_KNOTS('',3,(#2995,#2996,#2997,#2998),
  .UNSPECIFIED.,.F.,.F.,(4,4),(0.,1.),.PIECEWISE_BEZIER_KNOTS.);
#2995 = CARTESIAN_POINT('',(0.,5.274311046028,-16.68627109302));
#2996 = CARTESIAN_POINT('',(0.,5.681023558521,-15.48397165066));
#2997 = CARTESIAN_POINT('',(0.,5.763260904156,-14.54629490058));
#2998 = CARTESIAN_POINT('',(0.,5.742624560372,-13.90878470941));
#2999 = PCURVE('',#31,#3000);
#3000 = DEFINITIONAL_REPRESENTATION('',(#3001),#3006);
#3001 = B_SPLINE_CURVE_WITH_KNOTS('',3,(#3002,#3003,#3004,#3005),
  .UNSPECIFIED.,.F.,.F.,(4,4),(0.,1.),.PIECEWISE_BEZIER_KNOTS.);
#3002 = CARTESIAN_POINT('',(-16.68627109302,-5.274311046028));
#3003 = CARTESIAN_POINT('',(-15.48397165066,-5.681023558521));
#3004 = CARTESIAN_POINT('',(-14.54629490058,-5.763260904156));
#3005 = CARTESIAN_POINT('',(-13.90878470941,-5.742624560372));
#3006 = ( GEOMETRIC_REPRESENTATION_CONTEXT(2) 
PARAMETRIC_REPRESENTATION_CONTEXT() REPRESENTATION_CONTEXT('2D SPACE',''
  ) );
#3007 = PCURVE('',#3008,#3016);
#3008 = SURFACE_OF_LINEAR_EXTRUSION('',#3009,#3014);
#3009 = B_SPLINE_CURVE_WITH_KNOTS('',3,(#3010,#3011,#3012,#3013),
  .UNSPECIFIED.,.F.,.F.,(4,4),(0.,1.),.PIECEWISE_BEZIER_KNOTS.);
#3010 = CARTESIAN_POINT('',(0.,5.274311046028,-16.68627109302));
#3011 = CARTESIAN_POINT('',(0.,5.681023558521,-15.48397165066));
#3012 = CARTESIAN_POINT('',(0.,5.763260904156,-14.54629490058));
#3013 = CARTESIAN_POINT('',(0.,5.742624560372,-13.90878470941));
#3014 = VECTOR('',#3015,1.);
#3015 = DIRECTION('',(-1.,-0.,-0.));
#3016 = DEFINITIONAL_REPRESENTATION('',(#3017),#3021);
#3017 = LINE('',#3018,#3019);
#3018 = CARTESIAN_POINT('',(0.,0.));
#3019 = VECTOR('',#3020,1.);
#3020 = DIRECTION('',(1.,0.));
#3021 = ( GEOMETRIC_REPRESENTATION_CONTEXT(2) 
PARAMETRIC_REPRESENTATION_CONTEXT() REPRESENTATION_CONTEXT('2D SPACE',''
  ) );
#3022 = ORIENTED_EDGE('',*,*,#3023,.T.);
#3023 = EDGE_CURVE('',#2991,#3024,#3026,.T.);
#3024 = VERTEX_POINT('',#3025);
#3025 = CARTESIAN_POINT('',(0.,5.601483934542,-12.97801362237));
#3026 = SURFACE_CURVE('',#3027,(#3032,#3040),.PCURVE_S1.);
#3027 = B_SPLINE_CURVE_WITH_KNOTS('',3,(#3028,#3029,#3030,#3031),
  .UNSPECIFIED.,.F.,.F.,(4,4),(0.,1.),.PIECEWISE_BEZIER_KNOTS.);
#3028 = CARTESIAN_POINT('',(0.,5.742624560372,-13.90878470941));
#3029 = CARTESIAN_POINT('',(0.,5.7223296183,-13.37400435583));
#3030 = CARTESIAN_POINT('',(0.,5.635352286709,-13.0759698801));
#3031 = CARTESIAN_POINT('',(0.,5.601483934542,-12.97801362237));
#3032 = PCURVE('',#31,#3033);
#3033 = DEFINITIONAL_REPRESENTATION('',(#3034),#3039);
#3034 = B_SPLINE_CURVE_WITH_KNOTS('',3,(#3035,#3036,#3037,#3038),
  .UNSPECIFIED.,.F.,.F.,(4,4),(0.,1.),.PIECEWISE_BEZIER_KNOTS.);
#3035 = CARTESIAN_POINT('',(-13.90878470941,-5.742624560372));
#3036 = CARTESIAN_POINT('',(-13.37400435583,-5.7223296183));
#3037 = CARTESIAN_POINT('',(-13.0759698801,-5.635352286709));
#3038 = CARTESIAN_POINT('',(-12.97801362237,-5.601483934542));
#3039 = ( GEOMETRIC_REPRESENTATION_CONTEXT(2) 
PARAMETRIC_REPRESENTATION_CONTEXT() REPRESENTATION_CONTEXT('2D SPACE',''
  ) );
#3040 = PCURVE('',#3041,#3049);
#3041 = SURFACE_OF_LINEAR_EXTRUSION('',#3042,#3047);
#3042 = B_SPLINE_CURVE_WITH_KNOTS('',3,(#3043,#3044,#3045,#3046),
  .UNSPECIFIED.,.F.,.F.,(4,4),(0.,1.),.PIECEWISE_BEZIER_KNOTS.);
#3043 = CARTESIAN_POINT('',(0.,5.742624560372,-13.90878470941));
#3044 = CARTESIAN_POINT('',(0.,5.7223296183,-13.37400435583));
#3045 = CARTESIAN_POINT('',(0.,5.635352286709,-13.0759698801));
#3046 = CARTESIAN_POINT('',(0.,5.601483934542,-12.97801362237));
#3047 = VECTOR('',#3048,1.);
#3048 = DIRECTION('',(-1.,-0.,-0.));
#3049 = DEFINITIONAL_REPRESENTATION('',(#3050),#3054);
#3050 = LINE('',#3051,#3052);
#3051 = CARTESIAN_POINT('',(0.,0.));
#3052 = VECTOR('',#3053,1.);
#3053 = DIRECTION('',(1.,0.));
#3054 = ( GEOMETRIC_REPRESENTATION_CONTEXT(2) 
PARAMETRIC_REPRESENTATION_CONTEXT() REPRESENTATION_CONTEXT('2D SPACE',''
  ) );
#3055 = ORIENTED_EDGE('',*,*,#3056,.T.);
#3056 = EDGE_CURVE('',#3024,#3057,#3059,.T.);
#3057 = VERTEX_POINT('',#3058);
#3058 = CARTESIAN_POINT('',(0.,5.083961761165,-11.77429224246));
#3059 = SURFACE_CURVE('',#3060,(#3064,#3071),.PCURVE_S1.);
#3060 = LINE('',#3061,#3062);
#3061 = CARTESIAN_POINT('',(0.,5.601483934542,-12.97801362237));
#3062 = VECTOR('',#3063,1.);
#3063 = DIRECTION('',(0.,-0.394977496426,0.918690795272));
#3064 = PCURVE('',#31,#3065);
#3065 = DEFINITIONAL_REPRESENTATION('',(#3066),#3070);
#3066 = LINE('',#3067,#3068);
#3067 = CARTESIAN_POINT('',(-12.97801362237,-5.601483934542));
#3068 = VECTOR('',#3069,1.);
#3069 = DIRECTION('',(0.918690795272,0.394977496426));
#3070 = ( GEOMETRIC_REPRESENTATION_CONTEXT(2) 
PARAMETRIC_REPRESENTATION_CONTEXT() REPRESENTATION_CONTEXT('2D SPACE',''
  ) );
#3071 = PCURVE('',#3072,#3077);
#3072 = PLANE('',#3073);
#3073 = AXIS2_PLACEMENT_3D('',#3074,#3075,#3076);
#3074 = CARTESIAN_POINT('',(0.,5.601483934542,-12.97801362237));
#3075 = DIRECTION('',(0.,-0.918690795272,-0.394977496426));
#3076 = DIRECTION('',(0.,-0.394977496426,0.918690795272));
#3077 = DEFINITIONAL_REPRESENTATION('',(#3078),#3082);
#3078 = LINE('',#3079,#3080);
#3079 = CARTESIAN_POINT('',(0.,0.));
#3080 = VECTOR('',#3081,1.);
#3081 = DIRECTION('',(1.,0.));
#3082 = ( GEOMETRIC_REPRESENTATION_CONTEXT(2) 
PARAMETRIC_REPRESENTATION_CONTEXT() REPRESENTATION_CONTEXT('2D SPACE',''
  ) );
#3083 = ORIENTED_EDGE('',*,*,#3084,.T.);
#3084 = EDGE_CURVE('',#3057,#3085,#3087,.T.);
#3085 = VERTEX_POINT('',#3086);
#3086 = CARTESIAN_POINT('',(0.,5.499868465742,-10.52459366719));
#3087 = SURFACE_CURVE('',#3088,(#3093,#3104),.PCURVE_S1.);
#3088 = CIRCLE('',#3089,0.95);
#3089 = AXIS2_PLACEMENT_3D('',#3090,#3091,#3092);
#3090 = CARTESIAN_POINT('',(0.,5.941584589701,-11.36565660528));
#3091 = DIRECTION('',(-1.,0.,0.));
#3092 = DIRECTION('',(-0.,-0.902760872144,-0.430142775978));
#3093 = PCURVE('',#31,#3094);
#3094 = DEFINITIONAL_REPRESENTATION('',(#3095),#3103);
#3095 = ( BOUNDED_CURVE() B_SPLINE_CURVE(2,(#3096,#3097,#3098,#3099,
#3100,#3101,#3102),.UNSPECIFIED.,.T.,.F.) B_SPLINE_CURVE_WITH_KNOTS((1,2
    ,2,2,2,1),(-2.094395102393,0.,2.094395102393,4.188790204786,
6.28318530718,8.377580409573),.UNSPECIFIED.) CURVE() 
GEOMETRIC_REPRESENTATION_ITEM() RATIONAL_B_SPLINE_CURVE((1.,0.5,1.,0.5,
1.,0.5,1.)) REPRESENTATION_ITEM('') );
#3096 = CARTESIAN_POINT('',(-11.77429224246,-5.083961761165));
#3097 = CARTESIAN_POINT('',(-10.28884592971,-4.376184075787));
#3098 = CARTESIAN_POINT('',(-10.41861563032,-6.01650716128));
#3099 = CARTESIAN_POINT('',(-10.54838533092,-7.656830246774));
#3100 = CARTESIAN_POINT('',(-11.90406194307,-6.724284846659));
#3101 = CARTESIAN_POINT('',(-13.25973855522,-5.791739446543));
#3102 = CARTESIAN_POINT('',(-11.77429224246,-5.083961761165));
#3103 = ( GEOMETRIC_REPRESENTATION_CONTEXT(2) 
PARAMETRIC_REPRESENTATION_CONTEXT() REPRESENTATION_CONTEXT('2D SPACE',''
  ) );
#3104 = PCURVE('',#3105,#3110);
#3105 = CYLINDRICAL_SURFACE('',#3106,0.95);
#3106 = AXIS2_PLACEMENT_3D('',#3107,#3108,#3109);
#3107 = CARTESIAN_POINT('',(0.,5.941584589701,-11.36565660528));
#3108 = DIRECTION('',(-1.,0.,0.));
#3109 = DIRECTION('',(-0.,-0.902760872144,-0.430142775978));
#3110 = DEFINITIONAL_REPRESENTATION('',(#3111),#3115);
#3111 = LINE('',#3112,#3113);
#3112 = CARTESIAN_POINT('',(0.,0.));
#3113 = VECTOR('',#3114,1.);
#3114 = DIRECTION('',(1.,0.));
#3115 = ( GEOMETRIC_REPRESENTATION_CONTEXT(2) 
PARAMETRIC_REPRESENTATION_CONTEXT() REPRESENTATION_CONTEXT('2D SPACE',''
  ) );
#3116 = ORIENTED_EDGE('',*,*,#3117,.T.);
#3117 = EDGE_CURVE('',#3085,#3118,#3120,.T.);
#3118 = VERTEX_POINT('',#3119);
#3119 = CARTESIAN_POINT('',(0.,6.364631247428,-10.0253226424));
#3120 = SURFACE_CURVE('',#3121,(#3126,#3133),.PCURVE_S1.);
#3121 = CIRCLE('',#3122,11.874999999998);
#3122 = AXIS2_PLACEMENT_3D('',#3123,#3124,#3125);
#3123 = CARTESIAN_POINT('',(0.,1.091928917877E-12,-1.859995820857E-12));
#3124 = DIRECTION('',(1.,-0.,0.));
#3125 = DIRECTION('',(0.,0.463146818168,-0.886281571974));
#3126 = PCURVE('',#31,#3127);
#3127 = DEFINITIONAL_REPRESENTATION('',(#3128),#3132);
#3128 = CIRCLE('',#3129,11.874999999998);
#3129 = AXIS2_PLACEMENT_2D('',#3130,#3131);
#3130 = CARTESIAN_POINT('',(-1.858795820857E-12,-1.094778917877E-12));
#3131 = DIRECTION('',(-0.886281571974,-0.463146818168));
#3132 = ( GEOMETRIC_REPRESENTATION_CONTEXT(2) 
PARAMETRIC_REPRESENTATION_CONTEXT() REPRESENTATION_CONTEXT('2D SPACE',''
  ) );
#3133 = PCURVE('',#3134,#3139);
#3134 = CYLINDRICAL_SURFACE('',#3135,11.874999999998);
#3135 = AXIS2_PLACEMENT_3D('',#3136,#3137,#3138);
#3136 = CARTESIAN_POINT('',(0.,1.09193E-12,-1.86E-12));
#3137 = DIRECTION('',(-1.,0.,0.));
#3138 = DIRECTION('',(0.,0.463146818168,-0.886281571974));
#3139 = DEFINITIONAL_REPRESENTATION('',(#3140),#3144);
#3140 = LINE('',#3141,#3142);
#3141 = CARTESIAN_POINT('',(-0.,0.));
#3142 = VECTOR('',#3143,1.);
#3143 = DIRECTION('',(-1.,0.));
#3144 = ( GEOMETRIC_REPRESENTATION_CONTEXT(2) 
PARAMETRIC_REPRESENTATION_CONTEXT() REPRESENTATION_CONTEXT('2D SPACE',''
  ) );
#3145 = ORIENTED_EDGE('',*,*,#3146,.T.);
#3146 = EDGE_CURVE('',#3118,#3147,#3149,.T.);
#3147 = VERTEX_POINT('',#3148);
#3148 = CARTESIAN_POINT('',(0.,7.654855312976,-10.28998615827));
#3149 = SURFACE_CURVE('',#3150,(#3155,#3166),.PCURVE_S1.);
#3150 = CIRCLE('',#3151,0.95);
#3151 = AXIS2_PLACEMENT_3D('',#3152,#3153,#3154);
#3152 = CARTESIAN_POINT('',(0.,6.872155056019,-10.82839149605));
#3153 = DIRECTION('',(-1.,0.,0.));
#3154 = DIRECTION('',(0.,-0.534235587991,0.845335635428));
#3155 = PCURVE('',#31,#3156);
#3156 = DEFINITIONAL_REPRESENTATION('',(#3157),#3165);
#3157 = ( BOUNDED_CURVE() B_SPLINE_CURVE(2,(#3158,#3159,#3160,#3161,
#3162,#3163,#3164),.UNSPECIFIED.,.T.,.F.) B_SPLINE_CURVE_WITH_KNOTS((1,2
    ,2,2,2,1),(-2.094395102393,0.,2.094395102393,4.188790204786,
6.28318530718,8.377580409573),.UNSPECIFIED.) CURVE() 
GEOMETRIC_REPRESENTATION_ITEM() RATIONAL_B_SPLINE_CURVE((1.,0.5,1.,0.5,
1.,0.5,1.)) REPRESENTATION_ITEM('') );
#3158 = CARTESIAN_POINT('',(-10.0253226424,-6.364631247428));
#3159 = CARTESIAN_POINT('',(-9.146265619872,-7.755587303937));
#3160 = CARTESIAN_POINT('',(-10.79039741162,-7.821394988569));
#3161 = CARTESIAN_POINT('',(-12.43452920337,-7.887202673201));
#3162 = CARTESIAN_POINT('',(-11.66945443415,-6.430438932059));
#3163 = CARTESIAN_POINT('',(-10.90437966493,-4.973675190918));
#3164 = CARTESIAN_POINT('',(-10.0253226424,-6.364631247428));
#3165 = ( GEOMETRIC_REPRESENTATION_CONTEXT(2) 
PARAMETRIC_REPRESENTATION_CONTEXT() REPRESENTATION_CONTEXT('2D SPACE',''
  ) );
#3166 = PCURVE('',#3167,#3172);
#3167 = CYLINDRICAL_SURFACE('',#3168,0.95);
#3168 = AXIS2_PLACEMENT_3D('',#3169,#3170,#3171);
#3169 = CARTESIAN_POINT('',(0.,6.872155056019,-10.82839149605));
#3170 = DIRECTION('',(-1.,0.,0.));
#3171 = DIRECTION('',(0.,-0.534235587991,0.845335635428));
#3172 = DEFINITIONAL_REPRESENTATION('',(#3173),#3177);
#3173 = LINE('',#3174,#3175);
#3174 = CARTESIAN_POINT('',(0.,0.));
#3175 = VECTOR('',#3176,1.);
#3176 = DIRECTION('',(1.,0.));
#3177 = ( GEOMETRIC_REPRESENTATION_CONTEXT(2) 
PARAMETRIC_REPRESENTATION_CONTEXT() REPRESENTATION_CONTEXT('2D SPACE',''
  ) );
#3178 = ORIENTED_EDGE('',*,*,#3179,.T.);
#3179 = EDGE_CURVE('',#3147,#3180,#3182,.T.);
#3180 = VERTEX_POINT('',#3181);
#3181 = CARTESIAN_POINT('',(0.,8.438547520367,-11.34003419739));
#3182 = SURFACE_CURVE('',#3183,(#3187,#3194),.PCURVE_S1.);
#3183 = LINE('',#3184,#3185);
#3184 = CARTESIAN_POINT('',(0.,7.654855312976,-10.28998615827));
#3185 = VECTOR('',#3186,1.);
#3186 = DIRECTION('',(0.,0.598120818715,-0.801405943464));
#3187 = PCURVE('',#31,#3188);
#3188 = DEFINITIONAL_REPRESENTATION('',(#3189),#3193);
#3189 = LINE('',#3190,#3191);
#3190 = CARTESIAN_POINT('',(-10.28998615827,-7.654855312976));
#3191 = VECTOR('',#3192,1.);
#3192 = DIRECTION('',(-0.801405943464,-0.598120818715));
#3193 = ( GEOMETRIC_REPRESENTATION_CONTEXT(2) 
PARAMETRIC_REPRESENTATION_CONTEXT() REPRESENTATION_CONTEXT('2D SPACE',''
  ) );
#3194 = PCURVE('',#3195,#3200);
#3195 = PLANE('',#3196);
#3196 = AXIS2_PLACEMENT_3D('',#3197,#3198,#3199);
#3197 = CARTESIAN_POINT('',(0.,7.654855312976,-10.28998615827));
#3198 = DIRECTION('',(0.,0.801405943464,0.598120818715));
#3199 = DIRECTION('',(0.,0.598120818715,-0.801405943464));
#3200 = DEFINITIONAL_REPRESENTATION('',(#3201),#3205);
#3201 = LINE('',#3202,#3203);
#3202 = CARTESIAN_POINT('',(-1.954820932364E-15,0.));
#3203 = VECTOR('',#3204,1.);
#3204 = DIRECTION('',(1.,0.));
#3205 = ( GEOMETRIC_REPRESENTATION_CONTEXT(2) 
PARAMETRIC_REPRESENTATION_CONTEXT() REPRESENTATION_CONTEXT('2D SPACE',''
  ) );
#3206 = ORIENTED_EDGE('',*,*,#3207,.T.);
#3207 = EDGE_CURVE('',#3180,#3208,#3210,.T.);
#3208 = VERTEX_POINT('',#3209);
#3209 = CARTESIAN_POINT('',(0.,9.174048613935,-11.92765110838));
#3210 = SURFACE_CURVE('',#3211,(#3216,#3224),.PCURVE_S1.);
#3211 = B_SPLINE_CURVE_WITH_KNOTS('',3,(#3212,#3213,#3214,#3215),
  .UNSPECIFIED.,.F.,.F.,(4,4),(0.,1.),.PIECEWISE_BEZIER_KNOTS.);
#3212 = CARTESIAN_POINT('',(0.,8.438547520367,-11.34003419739));
#3213 = CARTESIAN_POINT('',(0.,8.506445951932,-11.41834317961));
#3214 = CARTESIAN_POINT('',(0.,8.721062713325,-11.64268499619));
#3215 = CARTESIAN_POINT('',(0.,9.174048613935,-11.92765110838));
#3216 = PCURVE('',#31,#3217);
#3217 = DEFINITIONAL_REPRESENTATION('',(#3218),#3223);
#3218 = B_SPLINE_CURVE_WITH_KNOTS('',3,(#3219,#3220,#3221,#3222),
  .UNSPECIFIED.,.F.,.F.,(4,4),(0.,1.),.PIECEWISE_BEZIER_KNOTS.);
#3219 = CARTESIAN_POINT('',(-11.34003419739,-8.438547520367));
#3220 = CARTESIAN_POINT('',(-11.41834317961,-8.506445951932));
#3221 = CARTESIAN_POINT('',(-11.64268499619,-8.721062713325));
#3222 = CARTESIAN_POINT('',(-11.92765110838,-9.174048613935));
#3223 = ( GEOMETRIC_REPRESENTATION_CONTEXT(2) 
PARAMETRIC_REPRESENTATION_CONTEXT() REPRESENTATION_CONTEXT('2D SPACE',''
  ) );
#3224 = PCURVE('',#3225,#3233);
#3225 = SURFACE_OF_LINEAR_EXTRUSION('',#3226,#3231);
#3226 = B_SPLINE_CURVE_WITH_KNOTS('',3,(#3227,#3228,#3229,#3230),
  .UNSPECIFIED.,.F.,.F.,(4,4),(0.,1.),.PIECEWISE_BEZIER_KNOTS.);
#3227 = CARTESIAN_POINT('',(0.,8.438547520367,-11.34003419739));
#3228 = CARTESIAN_POINT('',(0.,8.506445951932,-11.41834317961));
#3229 = CARTESIAN_POINT('',(0.,8.721062713325,-11.64268499619));
#3230 = CARTESIAN_POINT('',(0.,9.174048613935,-11.92765110838));
#3231 = VECTOR('',#3232,1.);
#3232 = DIRECTION('',(-1.,-0.,-0.));
#3233 = DEFINITIONAL_REPRESENTATION('',(#3234),#3238);
#3234 = LINE('',#3235,#3236);
#3235 = CARTESIAN_POINT('',(0.,0.));
#3236 = VECTOR('',#3237,1.);
#3237 = DIRECTION('',(1.,0.));
#3238 = ( GEOMETRIC_REPRESENTATION_CONTEXT(2) 
PARAMETRIC_REPRESENTATION_CONTEXT() REPRESENTATION_CONTEXT('2D SPACE',''
  ) );
#3239 = ORIENTED_EDGE('',*,*,#3240,.T.);
#3240 = EDGE_CURVE('',#3208,#3241,#3243,.T.);
#3241 = VERTEX_POINT('',#3242);
#3242 = CARTESIAN_POINT('',(0.,11.817092457245,-12.91224727315));
#3243 = SURFACE_CURVE('',#3244,(#3249,#3257),.PCURVE_S1.);
#3244 = B_SPLINE_CURVE_WITH_KNOTS('',3,(#3245,#3246,#3247,#3248),
  .UNSPECIFIED.,.F.,.F.,(4,4),(0.,1.),.PIECEWISE_BEZIER_KNOTS.);
#3245 = CARTESIAN_POINT('',(0.,9.174048613935,-11.92765110838));
#3246 = CARTESIAN_POINT('',(0.,9.71583046277,-12.26427780193));
#3247 = CARTESIAN_POINT('',(0.,10.569001021696,-12.66189654651));
#3248 = CARTESIAN_POINT('',(0.,11.817092457245,-12.91224727315));
#3249 = PCURVE('',#31,#3250);
#3250 = DEFINITIONAL_REPRESENTATION('',(#3251),#3256);
#3251 = B_SPLINE_CURVE_WITH_KNOTS('',3,(#3252,#3253,#3254,#3255),
  .UNSPECIFIED.,.F.,.F.,(4,4),(0.,1.),.PIECEWISE_BEZIER_KNOTS.);
#3252 = CARTESIAN_POINT('',(-11.92765110838,-9.174048613935));
#3253 = CARTESIAN_POINT('',(-12.26427780193,-9.71583046277));
#3254 = CARTESIAN_POINT('',(-12.66189654651,-10.56900102169));
#3255 = CARTESIAN_POINT('',(-12.91224727315,-11.81709245724));
#3256 = ( GEOMETRIC_REPRESENTATION_CONTEXT(2) 
PARAMETRIC_REPRESENTATION_CONTEXT() REPRESENTATION_CONTEXT('2D SPACE',''
  ) );
#3257 = PCURVE('',#3258,#3266);
#3258 = SURFACE_OF_LINEAR_EXTRUSION('',#3259,#3264);
#3259 = B_SPLINE_CURVE_WITH_KNOTS('',3,(#3260,#3261,#3262,#3263),
  .UNSPECIFIED.,.F.,.F.,(4,4),(0.,1.),.PIECEWISE_BEZIER_KNOTS.);
#3260 = CARTESIAN_POINT('',(0.,9.174048613935,-11.92765110838));
#3261 = CARTESIAN_POINT('',(0.,9.71583046277,-12.26427780193));
#3262 = CARTESIAN_POINT('',(0.,10.569001021696,-12.66189654651));
#3263 = CARTESIAN_POINT('',(0.,11.817092457245,-12.91224727315));
#3264 = VECTOR('',#3265,1.);
#3265 = DIRECTION('',(-1.,-0.,-0.));
#3266 = DEFINITIONAL_REPRESENTATION('',(#3267),#3271);
#3267 = LINE('',#3268,#3269);
#3268 = CARTESIAN_POINT('',(0.,0.));
#3269 = VECTOR('',#3270,1.);
#3270 = DIRECTION('',(1.,0.));
#3271 = ( GEOMETRIC_REPRESENTATION_CONTEXT(2) 
PARAMETRIC_REPRESENTATION_CONTEXT() REPRESENTATION_CONTEXT('2D SPACE',''
  ) );
#3272 = ORIENTED_EDGE('',*,*,#3273,.T.);
#3273 = EDGE_CURVE('',#3241,#3274,#3276,.T.);
#3274 = VERTEX_POINT('',#3275);
#3275 = CARTESIAN_POINT('',(0.,12.910822899831,-11.81357913797));
#3276 = SURFACE_CURVE('',#3277,(#3282,#3289),.PCURVE_S1.);
#3277 = CIRCLE('',#3278,17.500000000003);
#3278 = AXIS2_PLACEMENT_3D('',#3279,#3280,#3281);
#3279 = CARTESIAN_POINT('',(0.,-2.607706695485E-02,-2.856241123702E-02)
  );
#3280 = DIRECTION('',(1.,-0.,0.));
#3281 = DIRECTION('',(0.,0.67675254424,-0.736210563538));
#3282 = PCURVE('',#31,#3283);
#3283 = DEFINITIONAL_REPRESENTATION('',(#3284),#3288);
#3284 = CIRCLE('',#3285,17.500000000003);
#3285 = AXIS2_PLACEMENT_2D('',#3286,#3287);
#3286 = CARTESIAN_POINT('',(-2.856241123702E-02,2.607706695484E-02));
#3287 = DIRECTION('',(-0.736210563538,-0.67675254424));
#3288 = ( GEOMETRIC_REPRESENTATION_CONTEXT(2) 
PARAMETRIC_REPRESENTATION_CONTEXT() REPRESENTATION_CONTEXT('2D SPACE',''
  ) );
#3289 = PCURVE('',#3290,#3295);
#3290 = CYLINDRICAL_SURFACE('',#3291,17.500000000003);
#3291 = AXIS2_PLACEMENT_3D('',#3292,#3293,#3294);
#3292 = CARTESIAN_POINT('',(0.,-2.607706695485E-02,-2.856241123702E-02)
  );
#3293 = DIRECTION('',(-1.,0.,0.));
#3294 = DIRECTION('',(0.,0.67675254424,-0.736210563538));
#3295 = DEFINITIONAL_REPRESENTATION('',(#3296),#3300);
#3296 = LINE('',#3297,#3298);
#3297 = CARTESIAN_POINT('',(-0.,0.));
#3298 = VECTOR('',#3299,1.);
#3299 = DIRECTION('',(-1.,0.));
#3300 = ( GEOMETRIC_REPRESENTATION_CONTEXT(2) 
PARAMETRIC_REPRESENTATION_CONTEXT() REPRESENTATION_CONTEXT('2D SPACE',''
  ) );
#3301 = ORIENTED_EDGE('',*,*,#3302,.T.);
#3302 = EDGE_CURVE('',#3274,#3303,#3305,.T.);
#3303 = VERTEX_POINT('',#3304);
#3304 = CARTESIAN_POINT('',(0.,11.927651108385,-9.174048613935));
#3305 = SURFACE_CURVE('',#3306,(#3311,#3319),.PCURVE_S1.);
#3306 = B_SPLINE_CURVE_WITH_KNOTS('',3,(#3307,#3308,#3309,#3310),
  .UNSPECIFIED.,.F.,.F.,(4,4),(0.,1.),.PIECEWISE_BEZIER_KNOTS.);
#3307 = CARTESIAN_POINT('',(0.,12.910822899831,-11.81357913797));
#3308 = CARTESIAN_POINT('',(0.,12.661896546512,-10.56900102169));
#3309 = CARTESIAN_POINT('',(0.,12.26427780193,-9.71583046277));
#3310 = CARTESIAN_POINT('',(0.,11.927651108385,-9.174048613935));
#3311 = PCURVE('',#31,#3312);
#3312 = DEFINITIONAL_REPRESENTATION('',(#3313),#3318);
#3313 = B_SPLINE_CURVE_WITH_KNOTS('',3,(#3314,#3315,#3316,#3317),
  .UNSPECIFIED.,.F.,.F.,(4,4),(0.,1.),.PIECEWISE_BEZIER_KNOTS.);
#3314 = CARTESIAN_POINT('',(-11.81357913797,-12.91082289983));
#3315 = CARTESIAN_POINT('',(-10.56900102169,-12.66189654651));
#3316 = CARTESIAN_POINT('',(-9.71583046277,-12.26427780193));
#3317 = CARTESIAN_POINT('',(-9.174048613935,-11.92765110838));
#3318 = ( GEOMETRIC_REPRESENTATION_CONTEXT(2) 
PARAMETRIC_REPRESENTATION_CONTEXT() REPRESENTATION_CONTEXT('2D SPACE',''
  ) );
#3319 = PCURVE('',#3320,#3328);
#3320 = SURFACE_OF_LINEAR_EXTRUSION('',#3321,#3326);
#3321 = B_SPLINE_CURVE_WITH_KNOTS('',3,(#3322,#3323,#3324,#3325),
  .UNSPECIFIED.,.F.,.F.,(4,4),(0.,1.),.PIECEWISE_BEZIER_KNOTS.);
#3322 = CARTESIAN_POINT('',(0.,12.910822899831,-11.81357913797));
#3323 = CARTESIAN_POINT('',(0.,12.661896546512,-10.56900102169));
#3324 = CARTESIAN_POINT('',(0.,12.26427780193,-9.71583046277));
#3325 = CARTESIAN_POINT('',(0.,11.927651108385,-9.174048613935));
#3326 = VECTOR('',#3327,1.);
#3327 = DIRECTION('',(-1.,-0.,-0.));
#3328 = DEFINITIONAL_REPRESENTATION('',(#3329),#3333);
#3329 = LINE('',#3330,#3331);
#3330 = CARTESIAN_POINT('',(0.,0.));
#3331 = VECTOR('',#3332,1.);
#3332 = DIRECTION('',(1.,0.));
#3333 = ( GEOMETRIC_REPRESENTATION_CONTEXT(2) 
PARAMETRIC_REPRESENTATION_CONTEXT() REPRESENTATION_CONTEXT('2D SPACE',''
  ) );
#3334 = ORIENTED_EDGE('',*,*,#3335,.T.);
#3335 = EDGE_CURVE('',#3303,#3336,#3338,.T.);
#3336 = VERTEX_POINT('',#3337);
#3337 = CARTESIAN_POINT('',(0.,11.340034197391,-8.438547520367));
#3338 = SURFACE_CURVE('',#3339,(#3344,#3352),.PCURVE_S1.);
#3339 = B_SPLINE_CURVE_WITH_KNOTS('',3,(#3340,#3341,#3342,#3343),
  .UNSPECIFIED.,.F.,.F.,(4,4),(0.,1.),.PIECEWISE_BEZIER_KNOTS.);
#3340 = CARTESIAN_POINT('',(0.,11.927651108385,-9.174048613935));
#3341 = CARTESIAN_POINT('',(0.,11.642684996192,-8.721062713325));
#3342 = CARTESIAN_POINT('',(0.,11.418343179615,-8.506445951932));
#3343 = CARTESIAN_POINT('',(0.,11.340034197391,-8.438547520367));
#3344 = PCURVE('',#31,#3345);
#3345 = DEFINITIONAL_REPRESENTATION('',(#3346),#3351);
#3346 = B_SPLINE_CURVE_WITH_KNOTS('',3,(#3347,#3348,#3349,#3350),
  .UNSPECIFIED.,.F.,.F.,(4,4),(0.,1.),.PIECEWISE_BEZIER_KNOTS.);
#3347 = CARTESIAN_POINT('',(-9.174048613935,-11.92765110838));
#3348 = CARTESIAN_POINT('',(-8.721062713325,-11.64268499619));
#3349 = CARTESIAN_POINT('',(-8.506445951932,-11.41834317961));
#3350 = CARTESIAN_POINT('',(-8.438547520367,-11.34003419739));
#3351 = ( GEOMETRIC_REPRESENTATION_CONTEXT(2) 
PARAMETRIC_REPRESENTATION_CONTEXT() REPRESENTATION_CONTEXT('2D SPACE',''
  ) );
#3352 = PCURVE('',#3353,#3361);
#3353 = SURFACE_OF_LINEAR_EXTRUSION('',#3354,#3359);
#3354 = B_SPLINE_CURVE_WITH_KNOTS('',3,(#3355,#3356,#3357,#3358),
  .UNSPECIFIED.,.F.,.F.,(4,4),(0.,1.),.PIECEWISE_BEZIER_KNOTS.);
#3355 = CARTESIAN_POINT('',(0.,11.927651108385,-9.174048613935));
#3356 = CARTESIAN_POINT('',(0.,11.642684996192,-8.721062713325));
#3357 = CARTESIAN_POINT('',(0.,11.418343179615,-8.506445951932));
#3358 = CARTESIAN_POINT('',(0.,11.340034197391,-8.438547520367));
#3359 = VECTOR('',#3360,1.);
#3360 = DIRECTION('',(-1.,-0.,-0.));
#3361 = DEFINITIONAL_REPRESENTATION('',(#3362),#3366);
#3362 = LINE('',#3363,#3364);
#3363 = CARTESIAN_POINT('',(0.,0.));
#3364 = VECTOR('',#3365,1.);
#3365 = DIRECTION('',(1.,0.));
#3366 = ( GEOMETRIC_REPRESENTATION_CONTEXT(2) 
PARAMETRIC_REPRESENTATION_CONTEXT() REPRESENTATION_CONTEXT('2D SPACE',''
  ) );
#3367 = ORIENTED_EDGE('',*,*,#3368,.T.);
#3368 = EDGE_CURVE('',#3336,#3369,#3371,.T.);
#3369 = VERTEX_POINT('',#3370);
#3370 = CARTESIAN_POINT('',(0.,10.289986158271,-7.654855312976));
#3371 = SURFACE_CURVE('',#3372,(#3376,#3383),.PCURVE_S1.);
#3372 = LINE('',#3373,#3374);
#3373 = CARTESIAN_POINT('',(0.,11.340034197391,-8.438547520367));
#3374 = VECTOR('',#3375,1.);
#3375 = DIRECTION('',(0.,-0.801405943464,0.598120818715));
#3376 = PCURVE('',#31,#3377);
#3377 = DEFINITIONAL_REPRESENTATION('',(#3378),#3382);
#3378 = LINE('',#3379,#3380);
#3379 = CARTESIAN_POINT('',(-8.438547520367,-11.34003419739));
#3380 = VECTOR('',#3381,1.);
#3381 = DIRECTION('',(0.598120818715,0.801405943464));
#3382 = ( GEOMETRIC_REPRESENTATION_CONTEXT(2) 
PARAMETRIC_REPRESENTATION_CONTEXT() REPRESENTATION_CONTEXT('2D SPACE',''
  ) );
#3383 = PCURVE('',#3384,#3389);
#3384 = PLANE('',#3385);
#3385 = AXIS2_PLACEMENT_3D('',#3386,#3387,#3388);
#3386 = CARTESIAN_POINT('',(0.,11.340034197391,-8.438547520367));
#3387 = DIRECTION('',(0.,-0.598120818715,-0.801405943464));
#3388 = DIRECTION('',(0.,-0.801405943464,0.598120818715));
#3389 = DEFINITIONAL_REPRESENTATION('',(#3390),#3394);
#3390 = LINE('',#3391,#3392);
#3391 = CARTESIAN_POINT('',(2.486058935921E-15,0.));
#3392 = VECTOR('',#3393,1.);
#3393 = DIRECTION('',(1.,0.));
#3394 = ( GEOMETRIC_REPRESENTATION_CONTEXT(2) 
PARAMETRIC_REPRESENTATION_CONTEXT() REPRESENTATION_CONTEXT('2D SPACE',''
  ) );
#3395 = ORIENTED_EDGE('',*,*,#3396,.T.);
#3396 = EDGE_CURVE('',#3369,#3397,#3399,.T.);
#3397 = VERTEX_POINT('',#3398);
#3398 = CARTESIAN_POINT('',(0.,10.025322642402,-6.364631247428));
#3399 = SURFACE_CURVE('',#3400,(#3405,#3416),.PCURVE_S1.);
#3400 = CIRCLE('',#3401,0.95);
#3401 = AXIS2_PLACEMENT_3D('',#3402,#3403,#3404);
#3402 = CARTESIAN_POINT('',(0.,10.828391496059,-6.872155056019));
#3403 = DIRECTION('',(-1.,0.,0.));
#3404 = DIRECTION('',(-0.,-0.56674246083,-0.823895007324));
#3405 = PCURVE('',#31,#3406);
#3406 = DEFINITIONAL_REPRESENTATION('',(#3407),#3415);
#3407 = ( BOUNDED_CURVE() B_SPLINE_CURVE(2,(#3408,#3409,#3410,#3411,
#3412,#3413,#3414),.UNSPECIFIED.,.T.,.F.) B_SPLINE_CURVE_WITH_KNOTS((1,2
    ,2,2,2,1),(-2.094395102393,0.,2.094395102393,4.188790204786,
6.28318530718,8.377580409573),.UNSPECIFIED.) CURVE() 
GEOMETRIC_REPRESENTATION_ITEM() RATIONAL_B_SPLINE_CURVE((1.,0.5,1.,0.5,
1.,0.5,1.)) REPRESENTATION_ITEM('') );
#3408 = CARTESIAN_POINT('',(-7.654855312976,-10.28998615827));
#3409 = CARTESIAN_POINT('',(-6.72230991286,-8.934309546123));
#3410 = CARTESIAN_POINT('',(-6.014532227482,-10.41975585888));
#3411 = CARTESIAN_POINT('',(-5.306754542104,-11.90520217163));
#3412 = CARTESIAN_POINT('',(-6.947077627598,-11.77543247102));
#3413 = CARTESIAN_POINT('',(-8.587400713092,-11.64566277041));
#3414 = CARTESIAN_POINT('',(-7.654855312976,-10.28998615827));
#3415 = ( GEOMETRIC_REPRESENTATION_CONTEXT(2) 
PARAMETRIC_REPRESENTATION_CONTEXT() REPRESENTATION_CONTEXT('2D SPACE',''
  ) );
#3416 = PCURVE('',#3417,#3422);
#3417 = CYLINDRICAL_SURFACE('',#3418,0.95);
#3418 = AXIS2_PLACEMENT_3D('',#3419,#3420,#3421);
#3419 = CARTESIAN_POINT('',(0.,10.828391496059,-6.872155056019));
#3420 = DIRECTION('',(-1.,0.,0.));
#3421 = DIRECTION('',(-0.,-0.56674246083,-0.823895007324));
#3422 = DEFINITIONAL_REPRESENTATION('',(#3423),#3427);
#3423 = LINE('',#3424,#3425);
#3424 = CARTESIAN_POINT('',(0.,0.));
#3425 = VECTOR('',#3426,1.);
#3426 = DIRECTION('',(1.,0.));
#3427 = ( GEOMETRIC_REPRESENTATION_CONTEXT(2) 
PARAMETRIC_REPRESENTATION_CONTEXT() REPRESENTATION_CONTEXT('2D SPACE',''
  ) );
#3428 = ORIENTED_EDGE('',*,*,#3429,.T.);
#3429 = EDGE_CURVE('',#3397,#3430,#3432,.T.);
#3430 = VERTEX_POINT('',#3431);
#3431 = CARTESIAN_POINT('',(0.,10.524593667194,-5.499868465742));
#3432 = SURFACE_CURVE('',#3433,(#3438,#3445),.PCURVE_S1.);
#3433 = CIRCLE('',#3434,11.874999999999);
#3434 = AXIS2_PLACEMENT_3D('',#3435,#3436,#3437);
#3435 = CARTESIAN_POINT('',(0.,5.404901808828E-13,-2.910273644681E-13));
#3436 = DIRECTION('',(1.,-0.,0.));
#3437 = DIRECTION('',(0.,0.844237696202,-0.535968947152));
#3438 = PCURVE('',#31,#3439);
#3439 = DEFINITIONAL_REPRESENTATION('',(#3440),#3444);
#3440 = CIRCLE('',#3441,11.874999999999);
#3441 = AXIS2_PLACEMENT_2D('',#3442,#3443);
#3442 = CARTESIAN_POINT('',(-2.898273644681E-13,-5.433401808828E-13));
#3443 = DIRECTION('',(-0.535968947152,-0.844237696202));
#3444 = ( GEOMETRIC_REPRESENTATION_CONTEXT(2) 
PARAMETRIC_REPRESENTATION_CONTEXT() REPRESENTATION_CONTEXT('2D SPACE',''
  ) );
#3445 = PCURVE('',#3446,#3451);
#3446 = CYLINDRICAL_SURFACE('',#3447,11.874999999999);
#3447 = AXIS2_PLACEMENT_3D('',#3448,#3449,#3450);
#3448 = CARTESIAN_POINT('',(0.,5.4049E-13,-2.9103E-13));
#3449 = DIRECTION('',(-1.,0.,0.));
#3450 = DIRECTION('',(0.,0.844237696202,-0.535968947152));
#3451 = DEFINITIONAL_REPRESENTATION('',(#3452),#3456);
#3452 = LINE('',#3453,#3454);
#3453 = CARTESIAN_POINT('',(-0.,0.));
#3454 = VECTOR('',#3455,1.);
#3455 = DIRECTION('',(-1.,0.));
#3456 = ( GEOMETRIC_REPRESENTATION_CONTEXT(2) 
PARAMETRIC_REPRESENTATION_CONTEXT() REPRESENTATION_CONTEXT('2D SPACE',''
  ) );
#3457 = ORIENTED_EDGE('',*,*,#3458,.T.);
#3458 = EDGE_CURVE('',#3430,#3459,#3461,.T.);
#3459 = VERTEX_POINT('',#3460);
#3460 = CARTESIAN_POINT('',(0.,11.774292242467,-5.083961761165));
#3461 = SURFACE_CURVE('',#3462,(#3467,#3478),.PCURVE_S1.);
#3462 = CIRCLE('',#3463,0.95);
#3463 = AXIS2_PLACEMENT_3D('',#3464,#3465,#3466);
#3464 = CARTESIAN_POINT('',(0.,11.365656605287,-5.941584589701));
#3465 = DIRECTION('',(-1.,0.,0.));
#3466 = DIRECTION('',(0.,-0.885329408519,0.46496434101));
#3467 = PCURVE('',#31,#3468);
#3468 = DEFINITIONAL_REPRESENTATION('',(#3469),#3477);
#3469 = ( BOUNDED_CURVE() B_SPLINE_CURVE(2,(#3470,#3471,#3472,#3473,
#3474,#3475,#3476),.UNSPECIFIED.,.T.,.F.) B_SPLINE_CURVE_WITH_KNOTS((1,2
    ,2,2,2,1),(-2.094395102393,0.,2.094395102393,4.188790204786,
6.28318530718,8.377580409573),.UNSPECIFIED.) CURVE() 
GEOMETRIC_REPRESENTATION_ITEM() RATIONAL_B_SPLINE_CURVE((1.,0.5,1.,0.5,
1.,0.5,1.)) REPRESENTATION_ITEM('') );
#3470 = CARTESIAN_POINT('',(-5.499868465742,-10.52459366719));
#3471 = CARTESIAN_POINT('',(-4.043104724601,-11.28966843641));
#3472 = CARTESIAN_POINT('',(-5.43406078111,-12.16872545894));
#3473 = CARTESIAN_POINT('',(-6.82501683762,-13.04778248147));
#3474 = CARTESIAN_POINT('',(-6.890824522251,-11.40365068972));
#3475 = CARTESIAN_POINT('',(-6.956632206883,-9.759518897974));
#3476 = CARTESIAN_POINT('',(-5.499868465742,-10.52459366719));
#3477 = ( GEOMETRIC_REPRESENTATION_CONTEXT(2) 
PARAMETRIC_REPRESENTATION_CONTEXT() REPRESENTATION_CONTEXT('2D SPACE',''
  ) );
#3478 = PCURVE('',#3479,#3484);
#3479 = CYLINDRICAL_SURFACE('',#3480,0.95);
#3480 = AXIS2_PLACEMENT_3D('',#3481,#3482,#3483);
#3481 = CARTESIAN_POINT('',(0.,11.365656605287,-5.941584589701));
#3482 = DIRECTION('',(-1.,0.,0.));
#3483 = DIRECTION('',(0.,-0.885329408519,0.46496434101));
#3484 = DEFINITIONAL_REPRESENTATION('',(#3485),#3489);
#3485 = LINE('',#3486,#3487);
#3486 = CARTESIAN_POINT('',(0.,0.));
#3487 = VECTOR('',#3488,1.);
#3488 = DIRECTION('',(1.,0.));
#3489 = ( GEOMETRIC_REPRESENTATION_CONTEXT(2) 
PARAMETRIC_REPRESENTATION_CONTEXT() REPRESENTATION_CONTEXT('2D SPACE',''
  ) );
#3490 = ORIENTED_EDGE('',*,*,#3491,.T.);
#3491 = EDGE_CURVE('',#3459,#3492,#3494,.T.);
#3492 = VERTEX_POINT('',#3493);
#3493 = CARTESIAN_POINT('',(0.,12.978013622375,-5.601483934542));
#3494 = SURFACE_CURVE('',#3495,(#3499,#3506),.PCURVE_S1.);
#3495 = LINE('',#3496,#3497);
#3496 = CARTESIAN_POINT('',(0.,11.774292242467,-5.083961761165));
#3497 = VECTOR('',#3498,1.);
#3498 = DIRECTION('',(0.,0.918690795272,-0.394977496426));
#3499 = PCURVE('',#31,#3500);
#3500 = DEFINITIONAL_REPRESENTATION('',(#3501),#3505);
#3501 = LINE('',#3502,#3503);
#3502 = CARTESIAN_POINT('',(-5.083961761165,-11.77429224246));
#3503 = VECTOR('',#3504,1.);
#3504 = DIRECTION('',(-0.394977496426,-0.918690795272));
#3505 = ( GEOMETRIC_REPRESENTATION_CONTEXT(2) 
PARAMETRIC_REPRESENTATION_CONTEXT() REPRESENTATION_CONTEXT('2D SPACE',''
  ) );
#3506 = PCURVE('',#3507,#3512);
#3507 = PLANE('',#3508);
#3508 = AXIS2_PLACEMENT_3D('',#3509,#3510,#3511);
#3509 = CARTESIAN_POINT('',(0.,11.774292242467,-5.083961761165));
#3510 = DIRECTION('',(0.,0.394977496426,0.918690795272));
#3511 = DIRECTION('',(0.,0.918690795272,-0.394977496426));
#3512 = DEFINITIONAL_REPRESENTATION('',(#3513),#3517);
#3513 = LINE('',#3514,#3515);
#3514 = CARTESIAN_POINT('',(-1.631922677475E-15,0.));
#3515 = VECTOR('',#3516,1.);
#3516 = DIRECTION('',(1.,0.));
#3517 = ( GEOMETRIC_REPRESENTATION_CONTEXT(2) 
PARAMETRIC_REPRESENTATION_CONTEXT() REPRESENTATION_CONTEXT('2D SPACE',''
  ) );
#3518 = ORIENTED_EDGE('',*,*,#3519,.T.);
#3519 = EDGE_CURVE('',#3492,#3520,#3522,.T.);
#3520 = VERTEX_POINT('',#3521);
#3521 = CARTESIAN_POINT('',(0.,13.908784709413,-5.742624560372));
#3522 = SURFACE_CURVE('',#3523,(#3528,#3536),.PCURVE_S1.);
#3523 = B_SPLINE_CURVE_WITH_KNOTS('',3,(#3524,#3525,#3526,#3527),
  .UNSPECIFIED.,.F.,.F.,(4,4),(0.,1.),.PIECEWISE_BEZIER_KNOTS.);
#3524 = CARTESIAN_POINT('',(0.,12.978013622375,-5.601483934542));
#3525 = CARTESIAN_POINT('',(0.,13.0759698801,-5.635352286709));
#3526 = CARTESIAN_POINT('',(0.,13.374004355833,-5.7223296183));
#3527 = CARTESIAN_POINT('',(0.,13.908784709413,-5.742624560372));
#3528 = PCURVE('',#31,#3529);
#3529 = DEFINITIONAL_REPRESENTATION('',(#3530),#3535);
#3530 = B_SPLINE_CURVE_WITH_KNOTS('',3,(#3531,#3532,#3533,#3534),
  .UNSPECIFIED.,.F.,.F.,(4,4),(0.,1.),.PIECEWISE_BEZIER_KNOTS.);
#3531 = CARTESIAN_POINT('',(-5.601483934542,-12.97801362237));
#3532 = CARTESIAN_POINT('',(-5.635352286709,-13.0759698801));
#3533 = CARTESIAN_POINT('',(-5.7223296183,-13.37400435583));
#3534 = CARTESIAN_POINT('',(-5.742624560372,-13.90878470941));
#3535 = ( GEOMETRIC_REPRESENTATION_CONTEXT(2) 
PARAMETRIC_REPRESENTATION_CONTEXT() REPRESENTATION_CONTEXT('2D SPACE',''
  ) );
#3536 = PCURVE('',#3537,#3545);
#3537 = SURFACE_OF_LINEAR_EXTRUSION('',#3538,#3543);
#3538 = B_SPLINE_CURVE_WITH_KNOTS('',3,(#3539,#3540,#3541,#3542),
  .UNSPECIFIED.,.F.,.F.,(4,4),(0.,1.),.PIECEWISE_BEZIER_KNOTS.);
#3539 = CARTESIAN_POINT('',(0.,12.978013622375,-5.601483934542));
#3540 = CARTESIAN_POINT('',(0.,13.0759698801,-5.635352286709));
#3541 = CARTESIAN_POINT('',(0.,13.374004355833,-5.7223296183));
#3542 = CARTESIAN_POINT('',(0.,13.908784709413,-5.742624560372));
#3543 = VECTOR('',#3544,1.);
#3544 = DIRECTION('',(-1.,-0.,-0.));
#3545 = DEFINITIONAL_REPRESENTATION('',(#3546),#3550);
#3546 = LINE('',#3547,#3548);
#3547 = CARTESIAN_POINT('',(0.,0.));
#3548 = VECTOR('',#3549,1.);
#3549 = DIRECTION('',(1.,0.));
#3550 = ( GEOMETRIC_REPRESENTATION_CONTEXT(2) 
PARAMETRIC_REPRESENTATION_CONTEXT() REPRESENTATION_CONTEXT('2D SPACE',''
  ) );
#3551 = ORIENTED_EDGE('',*,*,#3552,.T.);
#3552 = EDGE_CURVE('',#3520,#3553,#3555,.T.);
#3553 = VERTEX_POINT('',#3554);
#3554 = CARTESIAN_POINT('',(0.,16.690025903421,-5.273787929875));
#3555 = SURFACE_CURVE('',#3556,(#3561,#3569),.PCURVE_S1.);
#3556 = B_SPLINE_CURVE_WITH_KNOTS('',3,(#3557,#3558,#3559,#3560),
  .UNSPECIFIED.,.F.,.F.,(4,4),(0.,1.),.PIECEWISE_BEZIER_KNOTS.);
#3557 = CARTESIAN_POINT('',(0.,13.908784709413,-5.742624560372));
#3558 = CARTESIAN_POINT('',(0.,14.546294900587,-5.763260904156));
#3559 = CARTESIAN_POINT('',(0.,15.483971650669,-5.681023558521));
#3560 = CARTESIAN_POINT('',(0.,16.690025903421,-5.273787929875));
#3561 = PCURVE('',#31,#3562);
#3562 = DEFINITIONAL_REPRESENTATION('',(#3563),#3568);
#3563 = B_SPLINE_CURVE_WITH_KNOTS('',3,(#3564,#3565,#3566,#3567),
  .UNSPECIFIED.,.F.,.F.,(4,4),(0.,1.),.PIECEWISE_BEZIER_KNOTS.);
#3564 = CARTESIAN_POINT('',(-5.742624560372,-13.90878470941));
#3565 = CARTESIAN_POINT('',(-5.763260904156,-14.54629490058));
#3566 = CARTESIAN_POINT('',(-5.681023558521,-15.48397165066));
#3567 = CARTESIAN_POINT('',(-5.273787929875,-16.69002590342));
#3568 = ( GEOMETRIC_REPRESENTATION_CONTEXT(2) 
PARAMETRIC_REPRESENTATION_CONTEXT() REPRESENTATION_CONTEXT('2D SPACE',''
  ) );
#3569 = PCURVE('',#3570,#3578);
#3570 = SURFACE_OF_LINEAR_EXTRUSION('',#3571,#3576);
#3571 = B_SPLINE_CURVE_WITH_KNOTS('',3,(#3572,#3573,#3574,#3575),
  .UNSPECIFIED.,.F.,.F.,(4,4),(0.,1.),.PIECEWISE_BEZIER_KNOTS.);
#3572 = CARTESIAN_POINT('',(0.,13.908784709413,-5.742624560372));
#3573 = CARTESIAN_POINT('',(0.,14.546294900587,-5.763260904156));
#3574 = CARTESIAN_POINT('',(0.,15.483971650669,-5.681023558521));
#3575 = CARTESIAN_POINT('',(0.,16.690025903421,-5.273787929875));
#3576 = VECTOR('',#3577,1.);
#3577 = DIRECTION('',(-1.,-0.,-0.));
#3578 = DEFINITIONAL_REPRESENTATION('',(#3579),#3583);
#3579 = LINE('',#3580,#3581);
#3580 = CARTESIAN_POINT('',(0.,0.));
#3581 = VECTOR('',#3582,1.);
#3582 = DIRECTION('',(1.,0.));
#3583 = ( GEOMETRIC_REPRESENTATION_CONTEXT(2) 
PARAMETRIC_REPRESENTATION_CONTEXT() REPRESENTATION_CONTEXT('2D SPACE',''
  ) );
#3584 = ORIENTED_EDGE('',*,*,#3585,.T.);
#3585 = EDGE_CURVE('',#3553,#3586,#3588,.T.);
#3586 = VERTEX_POINT('',#3587);
#3587 = CARTESIAN_POINT('',(0.,17.087890184003,-3.775448193189));
#3588 = SURFACE_CURVE('',#3589,(#3594,#3601),.PCURVE_S1.);
#3589 = CIRCLE('',#3590,17.5);
#3590 = AXIS2_PLACEMENT_3D('',#3591,#3592,#3593);
#3591 = CARTESIAN_POINT('',(0.,-8.302196816938E-03,-3.7774307203E-02));
#3592 = DIRECTION('',(1.,-0.,0.));
#3593 = DIRECTION('',(0.,0.954190177156,-0.299200778438));
#3594 = PCURVE('',#31,#3595);
#3595 = DEFINITIONAL_REPRESENTATION('',(#3596),#3600);
#3596 = CIRCLE('',#3597,17.5);
#3597 = AXIS2_PLACEMENT_2D('',#3598,#3599);
#3598 = CARTESIAN_POINT('',(-3.777430720299E-02,8.302196816935E-03));
#3599 = DIRECTION('',(-0.299200778438,-0.954190177156));
#3600 = ( GEOMETRIC_REPRESENTATION_CONTEXT(2) 
PARAMETRIC_REPRESENTATION_CONTEXT() REPRESENTATION_CONTEXT('2D SPACE',''
  ) );
#3601 = PCURVE('',#3602,#3607);
#3602 = CYLINDRICAL_SURFACE('',#3603,17.5);
#3603 = AXIS2_PLACEMENT_3D('',#3604,#3605,#3606);
#3604 = CARTESIAN_POINT('',(0.,-8.302196816938E-03,-3.7774307203E-02));
#3605 = DIRECTION('',(-1.,0.,0.));
#3606 = DIRECTION('',(0.,0.954190177156,-0.299200778438));
#3607 = DEFINITIONAL_REPRESENTATION('',(#3608),#3612);
#3608 = LINE('',#3609,#3610);
#3609 = CARTESIAN_POINT('',(-0.,0.));
#3610 = VECTOR('',#3611,1.);
#3611 = DIRECTION('',(-1.,0.));
#3612 = ( GEOMETRIC_REPRESENTATION_CONTEXT(2) 
PARAMETRIC_REPRESENTATION_CONTEXT() REPRESENTATION_CONTEXT('2D SPACE',''
  ) );
#3613 = ORIENTED_EDGE('',*,*,#3614,.T.);
#3614 = EDGE_CURVE('',#3586,#3615,#3617,.T.);
#3615 = VERTEX_POINT('',#3616);
#3616 = CARTESIAN_POINT('',(0.,14.916673174306,-1.981133601028));
#3617 = SURFACE_CURVE('',#3618,(#3623,#3631),.PCURVE_S1.);
#3618 = B_SPLINE_CURVE_WITH_KNOTS('',3,(#3619,#3620,#3621,#3622),
  .UNSPECIFIED.,.F.,.F.,(4,4),(0.,1.),.PIECEWISE_BEZIER_KNOTS.);
#3619 = CARTESIAN_POINT('',(0.,17.087890184003,-3.775448193189));
#3620 = CARTESIAN_POINT('',(0.,16.250024580218,-2.822075104157));
#3621 = CARTESIAN_POINT('',(0.,15.479091366926,-2.282017098656));
#3622 = CARTESIAN_POINT('',(0.,14.916673174306,-1.981133601028));
#3623 = PCURVE('',#31,#3624);
#3624 = DEFINITIONAL_REPRESENTATION('',(#3625),#3630);
#3625 = B_SPLINE_CURVE_WITH_KNOTS('',3,(#3626,#3627,#3628,#3629),
  .UNSPECIFIED.,.F.,.F.,(4,4),(0.,1.),.PIECEWISE_BEZIER_KNOTS.);
#3626 = CARTESIAN_POINT('',(-3.775448193189,-17.087890184));
#3627 = CARTESIAN_POINT('',(-2.822075104157,-16.25002458021));
#3628 = CARTESIAN_POINT('',(-2.282017098656,-15.47909136692));
#3629 = CARTESIAN_POINT('',(-1.981133601028,-14.9166731743));
#3630 = ( GEOMETRIC_REPRESENTATION_CONTEXT(2) 
PARAMETRIC_REPRESENTATION_CONTEXT() REPRESENTATION_CONTEXT('2D SPACE',''
  ) );
#3631 = PCURVE('',#3632,#3640);
#3632 = SURFACE_OF_LINEAR_EXTRUSION('',#3633,#3638);
#3633 = B_SPLINE_CURVE_WITH_KNOTS('',3,(#3634,#3635,#3636,#3637),
  .UNSPECIFIED.,.F.,.F.,(4,4),(0.,1.),.PIECEWISE_BEZIER_KNOTS.);
#3634 = CARTESIAN_POINT('',(0.,17.087890184003,-3.775448193189));
#3635 = CARTESIAN_POINT('',(0.,16.250024580218,-2.822075104157));
#3636 = CARTESIAN_POINT('',(0.,15.479091366926,-2.282017098656));
#3637 = CARTESIAN_POINT('',(0.,14.916673174306,-1.981133601028));
#3638 = VECTOR('',#3639,1.);
#3639 = DIRECTION('',(-1.,-0.,-0.));
#3640 = DEFINITIONAL_REPRESENTATION('',(#3641),#3645);
#3641 = LINE('',#3642,#3643);
#3642 = CARTESIAN_POINT('',(0.,0.));
#3643 = VECTOR('',#3644,1.);
#3644 = DIRECTION('',(1.,0.));
#3645 = ( GEOMETRIC_REPRESENTATION_CONTEXT(2) 
PARAMETRIC_REPRESENTATION_CONTEXT() REPRESENTATION_CONTEXT('2D SPACE',''
  ) );
#3646 = ORIENTED_EDGE('',*,*,#3647,.T.);
#3647 = EDGE_CURVE('',#3615,#3648,#3650,.T.);
#3648 = VERTEX_POINT('',#3649);
#3649 = CARTESIAN_POINT('',(0.,14.040031454909,-1.637979424984));
#3650 = SURFACE_CURVE('',#3651,(#3656,#3664),.PCURVE_S1.);
#3651 = B_SPLINE_CURVE_WITH_KNOTS('',3,(#3652,#3653,#3654,#3655),
  .UNSPECIFIED.,.F.,.F.,(4,4),(0.,1.),.PIECEWISE_BEZIER_KNOTS.);
#3652 = CARTESIAN_POINT('',(0.,14.916673174306,-1.981133601028));
#3653 = CARTESIAN_POINT('',(0.,14.443392331625,-1.73131935964));
#3654 = CARTESIAN_POINT('',(0.,14.141798238642,-1.657626700485));
#3655 = CARTESIAN_POINT('',(0.,14.040031454909,-1.637979424984));
#3656 = PCURVE('',#31,#3657);
#3657 = DEFINITIONAL_REPRESENTATION('',(#3658),#3663);
#3658 = B_SPLINE_CURVE_WITH_KNOTS('',3,(#3659,#3660,#3661,#3662),
  .UNSPECIFIED.,.F.,.F.,(4,4),(0.,1.),.PIECEWISE_BEZIER_KNOTS.);
#3659 = CARTESIAN_POINT('',(-1.981133601028,-14.9166731743));
#3660 = CARTESIAN_POINT('',(-1.73131935964,-14.44339233162));
#3661 = CARTESIAN_POINT('',(-1.657626700485,-14.14179823864));
#3662 = CARTESIAN_POINT('',(-1.637979424984,-14.0400314549));
#3663 = ( GEOMETRIC_REPRESENTATION_CONTEXT(2) 
PARAMETRIC_REPRESENTATION_CONTEXT() REPRESENTATION_CONTEXT('2D SPACE',''
  ) );
#3664 = PCURVE('',#3665,#3673);
#3665 = SURFACE_OF_LINEAR_EXTRUSION('',#3666,#3671);
#3666 = B_SPLINE_CURVE_WITH_KNOTS('',3,(#3667,#3668,#3669,#3670),
  .UNSPECIFIED.,.F.,.F.,(4,4),(0.,1.),.PIECEWISE_BEZIER_KNOTS.);
#3667 = CARTESIAN_POINT('',(0.,14.916673174306,-1.981133601028));
#3668 = CARTESIAN_POINT('',(0.,14.443392331625,-1.73131935964));
#3669 = CARTESIAN_POINT('',(0.,14.141798238642,-1.657626700485));
#3670 = CARTESIAN_POINT('',(0.,14.040031454909,-1.637979424984));
#3671 = VECTOR('',#3672,1.);
#3672 = DIRECTION('',(-1.,-0.,-0.));
#3673 = DEFINITIONAL_REPRESENTATION('',(#3674),#3678);
#3674 = LINE('',#3675,#3676);
#3675 = CARTESIAN_POINT('',(0.,0.));
#3676 = VECTOR('',#3677,1.);
#3677 = DIRECTION('',(1.,0.));
#3678 = ( GEOMETRIC_REPRESENTATION_CONTEXT(2) 
PARAMETRIC_REPRESENTATION_CONTEXT() REPRESENTATION_CONTEXT('2D SPACE',''
  ) );
#3679 = ORIENTED_EDGE('',*,*,#3680,.T.);
#3680 = EDGE_CURVE('',#3648,#3681,#3683,.T.);
#3681 = VERTEX_POINT('',#3682);
#3682 = CARTESIAN_POINT('',(0.,12.738817074141,-1.484306084196));
#3683 = SURFACE_CURVE('',#3684,(#3688,#3695),.PCURVE_S1.);
#3684 = LINE('',#3685,#3686);
#3685 = CARTESIAN_POINT('',(0.,14.040031454909,-1.637979424984));
#3686 = VECTOR('',#3687,1.);
#3687 = DIRECTION('',(0.,-0.993098315141,0.117284851808));
#3688 = PCURVE('',#31,#3689);
#3689 = DEFINITIONAL_REPRESENTATION('',(#3690),#3694);
#3690 = LINE('',#3691,#3692);
#3691 = CARTESIAN_POINT('',(-1.637979424984,-14.0400314549));
#3692 = VECTOR('',#3693,1.);
#3693 = DIRECTION('',(0.117284851808,0.993098315141));
#3694 = ( GEOMETRIC_REPRESENTATION_CONTEXT(2) 
PARAMETRIC_REPRESENTATION_CONTEXT() REPRESENTATION_CONTEXT('2D SPACE',''
  ) );
#3695 = PCURVE('',#3696,#3701);
#3696 = PLANE('',#3697);
#3697 = AXIS2_PLACEMENT_3D('',#3698,#3699,#3700);
#3698 = CARTESIAN_POINT('',(0.,14.040031454909,-1.637979424984));
#3699 = DIRECTION('',(0.,-0.117284851808,-0.993098315141));
#3700 = DIRECTION('',(0.,-0.993098315141,0.117284851808));
#3701 = DEFINITIONAL_REPRESENTATION('',(#3702),#3706);
#3702 = LINE('',#3703,#3704);
#3703 = CARTESIAN_POINT('',(-1.790139452881E-15,-0.));
#3704 = VECTOR('',#3705,1.);
#3705 = DIRECTION('',(1.,0.));
#3706 = ( GEOMETRIC_REPRESENTATION_CONTEXT(2) 
PARAMETRIC_REPRESENTATION_CONTEXT() REPRESENTATION_CONTEXT('2D SPACE',''
  ) );
#3707 = ORIENTED_EDGE('',*,*,#3708,.T.);
#3708 = EDGE_CURVE('',#3681,#3709,#3711,.T.);
#3709 = VERTEX_POINT('',#3710);
#3710 = CARTESIAN_POINT('',(0.,11.86449971317,-0.499271024791));
#3711 = SURFACE_CURVE('',#3712,(#3717,#3728),.PCURVE_S1.);
#3712 = CIRCLE('',#3713,0.95);
#3713 = AXIS2_PLACEMENT_3D('',#3714,#3715,#3716);
#3714 = CARTESIAN_POINT('',(0.,12.81373964572,-0.537265109228));
#3715 = DIRECTION('',(-1.,0.,0.));
#3716 = DIRECTION('',(-0.,-7.886586482015E-02,-0.996885236808));
#3717 = PCURVE('',#31,#3718);
#3718 = DEFINITIONAL_REPRESENTATION('',(#3719),#3727);
#3719 = ( BOUNDED_CURVE() B_SPLINE_CURVE(2,(#3720,#3721,#3722,#3723,
#3724,#3725,#3726),.UNSPECIFIED.,.T.,.F.) B_SPLINE_CURVE_WITH_KNOTS((1,2
    ,2,2,2,1),(-2.094395102393,0.,2.094395102393,4.188790204786,
6.28318530718,8.377580409573),.UNSPECIFIED.) CURVE() 
GEOMETRIC_REPRESENTATION_ITEM() RATIONAL_B_SPLINE_CURVE((1.,0.5,1.,0.5,
1.,0.5,1.)) REPRESENTATION_ITEM('') );
#3720 = CARTESIAN_POINT('',(-1.484306084196,-12.73881707414));
#3721 = CARTESIAN_POINT('',(-1.354536383587,-11.09849398864));
#3722 = CARTESIAN_POINT('',(1.140228560067E-03,-12.03103938876));
#3723 = CARTESIAN_POINT('',(1.356816840707,-12.96358478887));
#3724 = CARTESIAN_POINT('',(-0.128629472049,-13.67136247425));
#3725 = CARTESIAN_POINT('',(-1.614075784805,-14.37914015963));
#3726 = CARTESIAN_POINT('',(-1.484306084196,-12.73881707414));
#3727 = ( GEOMETRIC_REPRESENTATION_CONTEXT(2) 
PARAMETRIC_REPRESENTATION_CONTEXT() REPRESENTATION_CONTEXT('2D SPACE',''
  ) );
#3728 = PCURVE('',#3729,#3734);
#3729 = CYLINDRICAL_SURFACE('',#3730,0.95);
#3730 = AXIS2_PLACEMENT_3D('',#3731,#3732,#3733);
#3731 = CARTESIAN_POINT('',(0.,12.81373964572,-0.537265109228));
#3732 = DIRECTION('',(-1.,0.,0.));
#3733 = DIRECTION('',(-0.,-7.886586482015E-02,-0.996885236808));
#3734 = DEFINITIONAL_REPRESENTATION('',(#3735),#3739);
#3735 = LINE('',#3736,#3737);
#3736 = CARTESIAN_POINT('',(0.,0.));
#3737 = VECTOR('',#3738,1.);
#3738 = DIRECTION('',(1.,0.));
#3739 = ( GEOMETRIC_REPRESENTATION_CONTEXT(2) 
PARAMETRIC_REPRESENTATION_CONTEXT() REPRESENTATION_CONTEXT('2D SPACE',''
  ) );
#3740 = ORIENTED_EDGE('',*,*,#3741,.T.);
#3741 = EDGE_CURVE('',#3709,#3742,#3744,.T.);
#3742 = VERTEX_POINT('',#3743);
#3743 = CARTESIAN_POINT('',(0.,11.86449971317,0.499271024791));
#3744 = SURFACE_CURVE('',#3745,(#3750,#3757),.PCURVE_S1.);
#3745 = CIRCLE('',#3746,11.875);
#3746 = AXIS2_PLACEMENT_3D('',#3747,#3748,#3749);
#3747 = CARTESIAN_POINT('',(0.,-3.802027370182E-13,1.880712800627E-14));
#3748 = DIRECTION('',(1.,-0.,0.));
#3749 = DIRECTION('',(0.,0.99911576532,-4.20438757719E-02));
#3750 = PCURVE('',#31,#3751);
#3751 = DEFINITIONAL_REPRESENTATION('',(#3752),#3756);
#3752 = CIRCLE('',#3753,11.875);
#3753 = AXIS2_PLACEMENT_2D('',#3754,#3755);
#3754 = CARTESIAN_POINT('',(2.000712800627E-14,3.773527370182E-13));
#3755 = DIRECTION('',(-4.20438757719E-02,-0.99911576532));
#3756 = ( GEOMETRIC_REPRESENTATION_CONTEXT(2) 
PARAMETRIC_REPRESENTATION_CONTEXT() REPRESENTATION_CONTEXT('2D SPACE',''
  ) );
#3757 = PCURVE('',#3758,#3763);
#3758 = CYLINDRICAL_SURFACE('',#3759,11.875);
#3759 = AXIS2_PLACEMENT_3D('',#3760,#3761,#3762);
#3760 = CARTESIAN_POINT('',(0.,-3.802E-13,1.881E-14));
#3761 = DIRECTION('',(-1.,0.,0.));
#3762 = DIRECTION('',(0.,0.99911576532,-4.20438757719E-02));
#3763 = DEFINITIONAL_REPRESENTATION('',(#3764),#3768);
#3764 = LINE('',#3765,#3766);
#3765 = CARTESIAN_POINT('',(-0.,0.));
#3766 = VECTOR('',#3767,1.);
#3767 = DIRECTION('',(-1.,0.));
#3768 = ( GEOMETRIC_REPRESENTATION_CONTEXT(2) 
PARAMETRIC_REPRESENTATION_CONTEXT() REPRESENTATION_CONTEXT('2D SPACE',''
  ) );
#3769 = ORIENTED_EDGE('',*,*,#3770,.T.);
#3770 = EDGE_CURVE('',#3742,#58,#3771,.T.);
#3771 = SURFACE_CURVE('',#3772,(#3777,#3788),.PCURVE_S1.);
#3772 = CIRCLE('',#3773,0.95);
#3773 = AXIS2_PLACEMENT_3D('',#3774,#3775,#3776);
#3774 = CARTESIAN_POINT('',(0.,12.81373964572,0.537265109228));
#3775 = DIRECTION('',(-1.,-0.,0.));
#3776 = DIRECTION('',(0.,-0.999199929,-3.99937730915E-02));
#3777 = PCURVE('',#31,#3778);
#3778 = DEFINITIONAL_REPRESENTATION('',(#3779),#3787);
#3779 = ( BOUNDED_CURVE() B_SPLINE_CURVE(2,(#3780,#3781,#3782,#3783,
#3784,#3785,#3786),.UNSPECIFIED.,.T.,.F.) B_SPLINE_CURVE_WITH_KNOTS((1,2
    ,2,2,2,1),(-2.094395102393,0.,2.094395102393,4.188790204786,
6.28318530718,8.377580409573),.UNSPECIFIED.) CURVE() 
GEOMETRIC_REPRESENTATION_ITEM() RATIONAL_B_SPLINE_CURVE((1.,0.5,1.,0.5,
1.,0.5,1.)) REPRESENTATION_ITEM('') );
#3780 = CARTESIAN_POINT('',(0.499271024791,-11.86449971317));
#3781 = CARTESIAN_POINT('',(2.143402816541,-11.79869202853));
#3782 = CARTESIAN_POINT('',(1.378328047322,-13.25545576967));
#3783 = CARTESIAN_POINT('',(0.613253278102,-14.71221951082));
#3784 = CARTESIAN_POINT('',(-0.265803744428,-13.32126345431));
#3785 = CARTESIAN_POINT('',(-1.144860766959,-11.9303073978));
#3786 = CARTESIAN_POINT('',(0.499271024791,-11.86449971317));
#3787 = ( GEOMETRIC_REPRESENTATION_CONTEXT(2) 
PARAMETRIC_REPRESENTATION_CONTEXT() REPRESENTATION_CONTEXT('2D SPACE',''
  ) );
#3788 = PCURVE('',#3789,#3794);
#3789 = CYLINDRICAL_SURFACE('',#3790,0.95);
#3790 = AXIS2_PLACEMENT_3D('',#3791,#3792,#3793);
#3791 = CARTESIAN_POINT('',(0.,12.81373964572,0.537265109228));
#3792 = DIRECTION('',(-1.,0.,0.));
#3793 = DIRECTION('',(-0.,-0.999199929,-3.99937730915E-02));
#3794 = DEFINITIONAL_REPRESENTATION('',(#3795),#3799);
#3795 = LINE('',#3796,#3797);
#3796 = CARTESIAN_POINT('',(0.,0.));
#3797 = VECTOR('',#3798,1.);
#3798 = DIRECTION('',(1.,0.));
#3799 = ( GEOMETRIC_REPRESENTATION_CONTEXT(2) 
PARAMETRIC_REPRESENTATION_CONTEXT() REPRESENTATION_CONTEXT('2D SPACE',''
  ) );
#3800 = ADVANCED_FACE('',(#3801),#43,.T.);
#3801 = FACE_BOUND('',#3802,.F.);
#3802 = EDGE_LOOP('',(#3803,#3826,#3827,#3828));
#3803 = ORIENTED_EDGE('',*,*,#3804,.F.);
#3804 = EDGE_CURVE('',#22,#3805,#3807,.T.);
#3805 = VERTEX_POINT('',#3806);
#3806 = CARTESIAN_POINT('',(-3.,8.,0.));
#3807 = SEAM_CURVE('',#3808,(#3812,#3819),.PCURVE_S1.);
#3808 = LINE('',#3809,#3810);
#3809 = CARTESIAN_POINT('',(-3.,8.,0.));
#3810 = VECTOR('',#3811,1.);
#3811 = DIRECTION('',(-0.707106781187,-0.707106781187,0.));
#3812 = PCURVE('',#43,#3813);
#3813 = DEFINITIONAL_REPRESENTATION('',(#3814),#3818);
#3814 = LINE('',#3815,#3816);
#3815 = CARTESIAN_POINT('',(0.,-0.));
#3816 = VECTOR('',#3817,1.);
#3817 = DIRECTION('',(0.,-1.));
#3818 = ( GEOMETRIC_REPRESENTATION_CONTEXT(2) 
PARAMETRIC_REPRESENTATION_CONTEXT() REPRESENTATION_CONTEXT('2D SPACE',''
  ) );
#3819 = PCURVE('',#43,#3820);
#3820 = DEFINITIONAL_REPRESENTATION('',(#3821),#3825);
#3821 = LINE('',#3822,#3823);
#3822 = CARTESIAN_POINT('',(6.28318530718,-0.));
#3823 = VECTOR('',#3824,1.);
#3824 = DIRECTION('',(0.,-1.));
#3825 = ( GEOMETRIC_REPRESENTATION_CONTEXT(2) 
PARAMETRIC_REPRESENTATION_CONTEXT() REPRESENTATION_CONTEXT('2D SPACE',''
  ) );
#3826 = ORIENTED_EDGE('',*,*,#21,.T.);
#3827 = ORIENTED_EDGE('',*,*,#3804,.T.);
#3828 = ORIENTED_EDGE('',*,*,#3829,.F.);
#3829 = EDGE_CURVE('',#3805,#3805,#3830,.T.);
#3830 = SURFACE_CURVE('',#3831,(#3836,#3843),.PCURVE_S1.);
#3831 = CIRCLE('',#3832,8.);
#3832 = AXIS2_PLACEMENT_3D('',#3833,#3834,#3835);
#3833 = CARTESIAN_POINT('',(-3.,0.,0.));
#3834 = DIRECTION('',(1.,0.,0.));
#3835 = DIRECTION('',(-0.,1.,0.));
#3836 = PCURVE('',#43,#3837);
#3837 = DEFINITIONAL_REPRESENTATION('',(#3838),#3842);
#3838 = LINE('',#3839,#3840);
#3839 = CARTESIAN_POINT('',(0.,-0.));
#3840 = VECTOR('',#3841,1.);
#3841 = DIRECTION('',(1.,-0.));
#3842 = ( GEOMETRIC_REPRESENTATION_CONTEXT(2) 
PARAMETRIC_REPRESENTATION_CONTEXT() REPRESENTATION_CONTEXT('2D SPACE',''
  ) );
#3843 = PCURVE('',#3844,#3849);
#3844 = CYLINDRICAL_SURFACE('',#3845,8.);
#3845 = AXIS2_PLACEMENT_3D('',#3846,#3847,#3848);
#3846 = CARTESIAN_POINT('',(0.,0.,0.));
#3847 = DIRECTION('',(1.,0.,0.));
#3848 = DIRECTION('',(0.,1.,0.));
#3849 = DEFINITIONAL_REPRESENTATION('',(#3850),#3854);
#3850 = LINE('',#3851,#3852);
#3851 = CARTESIAN_POINT('',(0.,-3.));
#3852 = VECTOR('',#3853,1.);
#3853 = DIRECTION('',(1.,0.));
#3854 = ( GEOMETRIC_REPRESENTATION_CONTEXT(2) 
PARAMETRIC_REPRESENTATION_CONTEXT() REPRESENTATION_CONTEXT('2D SPACE',''
  ) );
#3855 = ADVANCED_FACE('',(#3856),#75,.F.);
#3856 = FACE_BOUND('',#3857,.F.);
#3857 = EDGE_LOOP('',(#3858,#3881,#3909,#3930));
#3858 = ORIENTED_EDGE('',*,*,#3859,.T.);
#3859 = EDGE_CURVE('',#58,#3860,#3862,.T.);
#3860 = VERTEX_POINT('',#3861);
#3861 = CARTESIAN_POINT('',(6.,12.738817074141,1.484306084196));
#3862 = SURFACE_CURVE('',#3863,(#3867,#3874),.PCURVE_S1.);
#3863 = LINE('',#3864,#3865);
#3864 = CARTESIAN_POINT('',(0.,12.738817074141,1.484306084196));
#3865 = VECTOR('',#3866,1.);
#3866 = DIRECTION('',(1.,0.,0.));
#3867 = PCURVE('',#75,#3868);
#3868 = DEFINITIONAL_REPRESENTATION('',(#3869),#3873);
#3869 = LINE('',#3870,#3871);
#3870 = CARTESIAN_POINT('',(0.,0.));
#3871 = VECTOR('',#3872,1.);
#3872 = DIRECTION('',(0.,-1.));
#3873 = ( GEOMETRIC_REPRESENTATION_CONTEXT(2) 
PARAMETRIC_REPRESENTATION_CONTEXT() REPRESENTATION_CONTEXT('2D SPACE',''
  ) );
#3874 = PCURVE('',#3789,#3875);
#3875 = DEFINITIONAL_REPRESENTATION('',(#3876),#3880);
#3876 = LINE('',#3877,#3878);
#3877 = CARTESIAN_POINT('',(1.531852919448,0.));
#3878 = VECTOR('',#3879,1.);
#3879 = DIRECTION('',(0.,-1.));
#3880 = ( GEOMETRIC_REPRESENTATION_CONTEXT(2) 
PARAMETRIC_REPRESENTATION_CONTEXT() REPRESENTATION_CONTEXT('2D SPACE',''
  ) );
#3881 = ORIENTED_EDGE('',*,*,#3882,.T.);
#3882 = EDGE_CURVE('',#3860,#3883,#3885,.T.);
#3883 = VERTEX_POINT('',#3884);
#3884 = CARTESIAN_POINT('',(6.,14.040031454909,1.637979424984));
#3885 = SURFACE_CURVE('',#3886,(#3890,#3897),.PCURVE_S1.);
#3886 = LINE('',#3887,#3888);
#3887 = CARTESIAN_POINT('',(6.,12.738817074141,1.484306084196));
#3888 = VECTOR('',#3889,1.);
#3889 = DIRECTION('',(0.,0.993098315141,0.117284851808));
#3890 = PCURVE('',#75,#3891);
#3891 = DEFINITIONAL_REPRESENTATION('',(#3892),#3896);
#3892 = LINE('',#3893,#3894);
#3893 = CARTESIAN_POINT('',(0.,-6.));
#3894 = VECTOR('',#3895,1.);
#3895 = DIRECTION('',(1.,0.));
#3896 = ( GEOMETRIC_REPRESENTATION_CONTEXT(2) 
PARAMETRIC_REPRESENTATION_CONTEXT() REPRESENTATION_CONTEXT('2D SPACE',''
  ) );
#3897 = PCURVE('',#3898,#3903);
#3898 = PLANE('',#3899);
#3899 = AXIS2_PLACEMENT_3D('',#3900,#3901,#3902);
#3900 = CARTESIAN_POINT('',(6.,-2.85E-15,-1.2E-15));
#3901 = DIRECTION('',(1.,0.,0.));
#3902 = DIRECTION('',(0.,0.,1.));
#3903 = DEFINITIONAL_REPRESENTATION('',(#3904),#3908);
#3904 = LINE('',#3905,#3906);
#3905 = CARTESIAN_POINT('',(1.484306084196,-12.73881707414));
#3906 = VECTOR('',#3907,1.);
#3907 = DIRECTION('',(0.117284851808,-0.993098315141));
#3908 = ( GEOMETRIC_REPRESENTATION_CONTEXT(2) 
PARAMETRIC_REPRESENTATION_CONTEXT() REPRESENTATION_CONTEXT('2D SPACE',''
  ) );
#3909 = ORIENTED_EDGE('',*,*,#3910,.F.);
#3910 = EDGE_CURVE('',#60,#3883,#3911,.T.);
#3911 = SURFACE_CURVE('',#3912,(#3916,#3923),.PCURVE_S1.);
#3912 = LINE('',#3913,#3914);
#3913 = CARTESIAN_POINT('',(0.,14.040031454909,1.637979424984));
#3914 = VECTOR('',#3915,1.);
#3915 = DIRECTION('',(1.,0.,0.));
#3916 = PCURVE('',#75,#3917);
#3917 = DEFINITIONAL_REPRESENTATION('',(#3918),#3922);
#3918 = LINE('',#3919,#3920);
#3919 = CARTESIAN_POINT('',(1.310257364179,0.));
#3920 = VECTOR('',#3921,1.);
#3921 = DIRECTION('',(0.,-1.));
#3922 = ( GEOMETRIC_REPRESENTATION_CONTEXT(2) 
PARAMETRIC_REPRESENTATION_CONTEXT() REPRESENTATION_CONTEXT('2D SPACE',''
  ) );
#3923 = PCURVE('',#105,#3924);
#3924 = DEFINITIONAL_REPRESENTATION('',(#3925),#3929);
#3925 = LINE('',#3926,#3927);
#3926 = CARTESIAN_POINT('',(0.,0.));
#3927 = VECTOR('',#3928,1.);
#3928 = DIRECTION('',(0.,-1.));
#3929 = ( GEOMETRIC_REPRESENTATION_CONTEXT(2) 
PARAMETRIC_REPRESENTATION_CONTEXT() REPRESENTATION_CONTEXT('2D SPACE',''
  ) );
#3930 = ORIENTED_EDGE('',*,*,#57,.F.);
#3931 = ADVANCED_FACE('',(#3932),#3789,.F.);
#3932 = FACE_BOUND('',#3933,.F.);
#3933 = EDGE_LOOP('',(#3934,#3957,#3983,#3984));
#3934 = ORIENTED_EDGE('',*,*,#3935,.T.);
#3935 = EDGE_CURVE('',#3742,#3936,#3938,.T.);
#3936 = VERTEX_POINT('',#3937);
#3937 = CARTESIAN_POINT('',(6.,11.86449971317,0.499271024791));
#3938 = SURFACE_CURVE('',#3939,(#3943,#3950),.PCURVE_S1.);
#3939 = LINE('',#3940,#3941);
#3940 = CARTESIAN_POINT('',(0.,11.86449971317,0.499271024791));
#3941 = VECTOR('',#3942,1.);
#3942 = DIRECTION('',(1.,0.,0.));
#3943 = PCURVE('',#3789,#3944);
#3944 = DEFINITIONAL_REPRESENTATION('',(#3945),#3949);
#3945 = LINE('',#3946,#3947);
#3946 = CARTESIAN_POINT('',(0.,0.));
#3947 = VECTOR('',#3948,1.);
#3948 = DIRECTION('',(0.,-1.));
#3949 = ( GEOMETRIC_REPRESENTATION_CONTEXT(2) 
PARAMETRIC_REPRESENTATION_CONTEXT() REPRESENTATION_CONTEXT('2D SPACE',''
  ) );
#3950 = PCURVE('',#3758,#3951);
#3951 = DEFINITIONAL_REPRESENTATION('',(#3952),#3956);
#3952 = LINE('',#3953,#3954);
#3953 = CARTESIAN_POINT('',(-8.411254474859E-02,0.));
#3954 = VECTOR('',#3955,1.);
#3955 = DIRECTION('',(-0.,-1.));
#3956 = ( GEOMETRIC_REPRESENTATION_CONTEXT(2) 
PARAMETRIC_REPRESENTATION_CONTEXT() REPRESENTATION_CONTEXT('2D SPACE',''
  ) );
#3957 = ORIENTED_EDGE('',*,*,#3958,.T.);
#3958 = EDGE_CURVE('',#3936,#3860,#3959,.T.);
#3959 = SURFACE_CURVE('',#3960,(#3965,#3972),.PCURVE_S1.);
#3960 = CIRCLE('',#3961,0.95);
#3961 = AXIS2_PLACEMENT_3D('',#3962,#3963,#3964);
#3962 = CARTESIAN_POINT('',(6.,12.81373964572,0.537265109228));
#3963 = DIRECTION('',(-1.,-0.,0.));
#3964 = DIRECTION('',(0.,-0.999199929,-3.99937730915E-02));
#3965 = PCURVE('',#3789,#3966);
#3966 = DEFINITIONAL_REPRESENTATION('',(#3967),#3971);
#3967 = LINE('',#3968,#3969);
#3968 = CARTESIAN_POINT('',(0.,-6.));
#3969 = VECTOR('',#3970,1.);
#3970 = DIRECTION('',(1.,0.));
#3971 = ( GEOMETRIC_REPRESENTATION_CONTEXT(2) 
PARAMETRIC_REPRESENTATION_CONTEXT() REPRESENTATION_CONTEXT('2D SPACE',''
  ) );
#3972 = PCURVE('',#3898,#3973);
#3973 = DEFINITIONAL_REPRESENTATION('',(#3974),#3982);
#3974 = ( BOUNDED_CURVE() B_SPLINE_CURVE(2,(#3975,#3976,#3977,#3978,
#3979,#3980,#3981),.UNSPECIFIED.,.T.,.F.) B_SPLINE_CURVE_WITH_KNOTS((1,2
    ,2,2,2,1),(-2.094395102393,0.,2.094395102393,4.188790204786,
6.28318530718,8.377580409573),.UNSPECIFIED.) CURVE() 
GEOMETRIC_REPRESENTATION_ITEM() RATIONAL_B_SPLINE_CURVE((1.,0.5,1.,0.5,
1.,0.5,1.)) REPRESENTATION_ITEM('') );
#3975 = CARTESIAN_POINT('',(0.499271024791,-11.86449971317));
#3976 = CARTESIAN_POINT('',(2.143402816541,-11.79869202853));
#3977 = CARTESIAN_POINT('',(1.378328047322,-13.25545576967));
#3978 = CARTESIAN_POINT('',(0.613253278102,-14.71221951082));
#3979 = CARTESIAN_POINT('',(-0.265803744428,-13.32126345431));
#3980 = CARTESIAN_POINT('',(-1.144860766959,-11.9303073978));
#3981 = CARTESIAN_POINT('',(0.499271024791,-11.86449971317));
#3982 = ( GEOMETRIC_REPRESENTATION_CONTEXT(2) 
PARAMETRIC_REPRESENTATION_CONTEXT() REPRESENTATION_CONTEXT('2D SPACE',''
  ) );
#3983 = ORIENTED_EDGE('',*,*,#3859,.F.);
#3984 = ORIENTED_EDGE('',*,*,#3770,.F.);
#3985 = ADVANCED_FACE('',(#3986),#105,.F.);
#3986 = FACE_BOUND('',#3987,.F.);
#3987 = EDGE_LOOP('',(#3988,#3989,#4014,#4035));
#3988 = ORIENTED_EDGE('',*,*,#3910,.T.);
#3989 = ORIENTED_EDGE('',*,*,#3990,.T.);
#3990 = EDGE_CURVE('',#3883,#3991,#3993,.T.);
#3991 = VERTEX_POINT('',#3992);
#3992 = CARTESIAN_POINT('',(6.,14.916673174306,1.981133601028));
#3993 = SURFACE_CURVE('',#3994,(#3999,#4006),.PCURVE_S1.);
#3994 = B_SPLINE_CURVE_WITH_KNOTS('',3,(#3995,#3996,#3997,#3998),
  .UNSPECIFIED.,.F.,.F.,(4,4),(0.,1.),.PIECEWISE_BEZIER_KNOTS.);
#3995 = CARTESIAN_POINT('',(6.,14.040031454909,1.637979424984));
#3996 = CARTESIAN_POINT('',(6.,14.141798238642,1.657626700485));
#3997 = CARTESIAN_POINT('',(6.,14.443392331625,1.73131935964));
#3998 = CARTESIAN_POINT('',(6.,14.916673174306,1.981133601028));
#3999 = PCURVE('',#105,#4000);
#4000 = DEFINITIONAL_REPRESENTATION('',(#4001),#4005);
#4001 = LINE('',#4002,#4003);
#4002 = CARTESIAN_POINT('',(0.,-6.));
#4003 = VECTOR('',#4004,1.);
#4004 = DIRECTION('',(1.,0.));
#4005 = ( GEOMETRIC_REPRESENTATION_CONTEXT(2) 
PARAMETRIC_REPRESENTATION_CONTEXT() REPRESENTATION_CONTEXT('2D SPACE',''
  ) );
#4006 = PCURVE('',#3898,#4007);
#4007 = DEFINITIONAL_REPRESENTATION('',(#4008),#4013);
#4008 = B_SPLINE_CURVE_WITH_KNOTS('',3,(#4009,#4010,#4011,#4012),
  .UNSPECIFIED.,.F.,.F.,(4,4),(0.,1.),.PIECEWISE_BEZIER_KNOTS.);
#4009 = CARTESIAN_POINT('',(1.637979424984,-14.0400314549));
#4010 = CARTESIAN_POINT('',(1.657626700485,-14.14179823864));
#4011 = CARTESIAN_POINT('',(1.73131935964,-14.44339233162));
#4012 = CARTESIAN_POINT('',(1.981133601028,-14.9166731743));
#4013 = ( GEOMETRIC_REPRESENTATION_CONTEXT(2) 
PARAMETRIC_REPRESENTATION_CONTEXT() REPRESENTATION_CONTEXT('2D SPACE',''
  ) );
#4014 = ORIENTED_EDGE('',*,*,#4015,.F.);
#4015 = EDGE_CURVE('',#88,#3991,#4016,.T.);
#4016 = SURFACE_CURVE('',#4017,(#4021,#4028),.PCURVE_S1.);
#4017 = LINE('',#4018,#4019);
#4018 = CARTESIAN_POINT('',(0.,14.916673174306,1.981133601028));
#4019 = VECTOR('',#4020,1.);
#4020 = DIRECTION('',(1.,0.,0.));
#4021 = PCURVE('',#105,#4022);
#4022 = DEFINITIONAL_REPRESENTATION('',(#4023),#4027);
#4023 = LINE('',#4024,#4025);
#4024 = CARTESIAN_POINT('',(1.,0.));
#4025 = VECTOR('',#4026,1.);
#4026 = DIRECTION('',(0.,-1.));
#4027 = ( GEOMETRIC_REPRESENTATION_CONTEXT(2) 
PARAMETRIC_REPRESENTATION_CONTEXT() REPRESENTATION_CONTEXT('2D SPACE',''
  ) );
#4028 = PCURVE('',#138,#4029);
#4029 = DEFINITIONAL_REPRESENTATION('',(#4030),#4034);
#4030 = LINE('',#4031,#4032);
#4031 = CARTESIAN_POINT('',(0.,0.));
#4032 = VECTOR('',#4033,1.);
#4033 = DIRECTION('',(0.,-1.));
#4034 = ( GEOMETRIC_REPRESENTATION_CONTEXT(2) 
PARAMETRIC_REPRESENTATION_CONTEXT() REPRESENTATION_CONTEXT('2D SPACE',''
  ) );
#4035 = ORIENTED_EDGE('',*,*,#87,.F.);
#4036 = ADVANCED_FACE('',(#4037),#3758,.T.);
#4037 = FACE_BOUND('',#4038,.F.);
#4038 = EDGE_LOOP('',(#4039,#4062,#4084,#4085));
#4039 = ORIENTED_EDGE('',*,*,#4040,.T.);
#4040 = EDGE_CURVE('',#3709,#4041,#4043,.T.);
#4041 = VERTEX_POINT('',#4042);
#4042 = CARTESIAN_POINT('',(6.,11.86449971317,-0.499271024791));
#4043 = SURFACE_CURVE('',#4044,(#4048,#4055),.PCURVE_S1.);
#4044 = LINE('',#4045,#4046);
#4045 = CARTESIAN_POINT('',(0.,11.86449971317,-0.499271024791));
#4046 = VECTOR('',#4047,1.);
#4047 = DIRECTION('',(1.,0.,0.));
#4048 = PCURVE('',#3758,#4049);
#4049 = DEFINITIONAL_REPRESENTATION('',(#4050),#4054);
#4050 = LINE('',#4051,#4052);
#4051 = CARTESIAN_POINT('',(-0.,0.));
#4052 = VECTOR('',#4053,1.);
#4053 = DIRECTION('',(-0.,-1.));
#4054 = ( GEOMETRIC_REPRESENTATION_CONTEXT(2) 
PARAMETRIC_REPRESENTATION_CONTEXT() REPRESENTATION_CONTEXT('2D SPACE',''
  ) );
#4055 = PCURVE('',#3729,#4056);
#4056 = DEFINITIONAL_REPRESENTATION('',(#4057),#4061);
#4057 = LINE('',#4058,#4059);
#4058 = CARTESIAN_POINT('',(1.531852919448,0.));
#4059 = VECTOR('',#4060,1.);
#4060 = DIRECTION('',(0.,-1.));
#4061 = ( GEOMETRIC_REPRESENTATION_CONTEXT(2) 
PARAMETRIC_REPRESENTATION_CONTEXT() REPRESENTATION_CONTEXT('2D SPACE',''
  ) );
#4062 = ORIENTED_EDGE('',*,*,#4063,.T.);
#4063 = EDGE_CURVE('',#4041,#3936,#4064,.T.);
#4064 = SURFACE_CURVE('',#4065,(#4070,#4077),.PCURVE_S1.);
#4065 = CIRCLE('',#4066,11.875);
#4066 = AXIS2_PLACEMENT_3D('',#4067,#4068,#4069);
#4067 = CARTESIAN_POINT('',(6.,-3.802027370182E-13,1.880712800627E-14));
#4068 = DIRECTION('',(1.,-0.,0.));
#4069 = DIRECTION('',(0.,0.99911576532,-4.20438757719E-02));
#4070 = PCURVE('',#3758,#4071);
#4071 = DEFINITIONAL_REPRESENTATION('',(#4072),#4076);
#4072 = LINE('',#4073,#4074);
#4073 = CARTESIAN_POINT('',(-0.,-6.));
#4074 = VECTOR('',#4075,1.);
#4075 = DIRECTION('',(-1.,0.));
#4076 = ( GEOMETRIC_REPRESENTATION_CONTEXT(2) 
PARAMETRIC_REPRESENTATION_CONTEXT() REPRESENTATION_CONTEXT('2D SPACE',''
  ) );
#4077 = PCURVE('',#3898,#4078);
#4078 = DEFINITIONAL_REPRESENTATION('',(#4079),#4083);
#4079 = CIRCLE('',#4080,11.875);
#4080 = AXIS2_PLACEMENT_2D('',#4081,#4082);
#4081 = CARTESIAN_POINT('',(2.000712800627E-14,3.773527370182E-13));
#4082 = DIRECTION('',(-4.20438757719E-02,-0.99911576532));
#4083 = ( GEOMETRIC_REPRESENTATION_CONTEXT(2) 
PARAMETRIC_REPRESENTATION_CONTEXT() REPRESENTATION_CONTEXT('2D SPACE',''
  ) );
#4084 = ORIENTED_EDGE('',*,*,#3935,.F.);
#4085 = ORIENTED_EDGE('',*,*,#3741,.F.);
#4086 = ADVANCED_FACE('',(#4087),#138,.F.);
#4087 = FACE_BOUND('',#4088,.F.);
#4088 = EDGE_LOOP('',(#4089,#4090,#4115,#4136));
#4089 = ORIENTED_EDGE('',*,*,#4015,.T.);
#4090 = ORIENTED_EDGE('',*,*,#4091,.T.);
#4091 = EDGE_CURVE('',#3991,#4092,#4094,.T.);
#4092 = VERTEX_POINT('',#4093);
#4093 = CARTESIAN_POINT('',(6.,17.09088038712,3.777778630267));
#4094 = SURFACE_CURVE('',#4095,(#4100,#4107),.PCURVE_S1.);
#4095 = B_SPLINE_CURVE_WITH_KNOTS('',3,(#4096,#4097,#4098,#4099),
  .UNSPECIFIED.,.F.,.F.,(4,4),(0.,1.),.PIECEWISE_BEZIER_KNOTS.);
#4096 = CARTESIAN_POINT('',(6.,14.916673174306,1.981133601028));
#4097 = CARTESIAN_POINT('',(6.,15.479091366926,2.282017098656));
#4098 = CARTESIAN_POINT('',(6.,16.250024580218,2.822075104157));
#4099 = CARTESIAN_POINT('',(6.,17.09088038712,3.777778630267));
#4100 = PCURVE('',#138,#4101);
#4101 = DEFINITIONAL_REPRESENTATION('',(#4102),#4106);
#4102 = LINE('',#4103,#4104);
#4103 = CARTESIAN_POINT('',(0.,-6.));
#4104 = VECTOR('',#4105,1.);
#4105 = DIRECTION('',(1.,0.));
#4106 = ( GEOMETRIC_REPRESENTATION_CONTEXT(2) 
PARAMETRIC_REPRESENTATION_CONTEXT() REPRESENTATION_CONTEXT('2D SPACE',''
  ) );
#4107 = PCURVE('',#3898,#4108);
#4108 = DEFINITIONAL_REPRESENTATION('',(#4109),#4114);
#4109 = B_SPLINE_CURVE_WITH_KNOTS('',3,(#4110,#4111,#4112,#4113),
  .UNSPECIFIED.,.F.,.F.,(4,4),(0.,1.),.PIECEWISE_BEZIER_KNOTS.);
#4110 = CARTESIAN_POINT('',(1.981133601028,-14.9166731743));
#4111 = CARTESIAN_POINT('',(2.282017098656,-15.47909136692));
#4112 = CARTESIAN_POINT('',(2.822075104157,-16.25002458021));
#4113 = CARTESIAN_POINT('',(3.777778630267,-17.09088038712));
#4114 = ( GEOMETRIC_REPRESENTATION_CONTEXT(2) 
PARAMETRIC_REPRESENTATION_CONTEXT() REPRESENTATION_CONTEXT('2D SPACE',''
  ) );
#4115 = ORIENTED_EDGE('',*,*,#4116,.F.);
#4116 = EDGE_CURVE('',#121,#4092,#4117,.T.);
#4117 = SURFACE_CURVE('',#4118,(#4122,#4129),.PCURVE_S1.);
#4118 = LINE('',#4119,#4120);
#4119 = CARTESIAN_POINT('',(0.,17.09088038712,3.777778630267));
#4120 = VECTOR('',#4121,1.);
#4121 = DIRECTION('',(1.,0.,0.));
#4122 = PCURVE('',#138,#4123);
#4123 = DEFINITIONAL_REPRESENTATION('',(#4124),#4128);
#4124 = LINE('',#4125,#4126);
#4125 = CARTESIAN_POINT('',(1.,0.));
#4126 = VECTOR('',#4127,1.);
#4127 = DIRECTION('',(0.,-1.));
#4128 = ( GEOMETRIC_REPRESENTATION_CONTEXT(2) 
PARAMETRIC_REPRESENTATION_CONTEXT() REPRESENTATION_CONTEXT('2D SPACE',''
  ) );
#4129 = PCURVE('',#170,#4130);
#4130 = DEFINITIONAL_REPRESENTATION('',(#4131),#4135);
#4131 = LINE('',#4132,#4133);
#4132 = CARTESIAN_POINT('',(-0.,0.));
#4133 = VECTOR('',#4134,1.);
#4134 = DIRECTION('',(-0.,-1.));
#4135 = ( GEOMETRIC_REPRESENTATION_CONTEXT(2) 
PARAMETRIC_REPRESENTATION_CONTEXT() REPRESENTATION_CONTEXT('2D SPACE',''
  ) );
#4136 = ORIENTED_EDGE('',*,*,#120,.F.);
#4137 = ADVANCED_FACE('',(#4138),#3729,.F.);
#4138 = FACE_BOUND('',#4139,.F.);
#4139 = EDGE_LOOP('',(#4140,#4163,#4189,#4190));
#4140 = ORIENTED_EDGE('',*,*,#4141,.T.);
#4141 = EDGE_CURVE('',#3681,#4142,#4144,.T.);
#4142 = VERTEX_POINT('',#4143);
#4143 = CARTESIAN_POINT('',(6.,12.738817074141,-1.484306084196));
#4144 = SURFACE_CURVE('',#4145,(#4149,#4156),.PCURVE_S1.);
#4145 = LINE('',#4146,#4147);
#4146 = CARTESIAN_POINT('',(0.,12.738817074141,-1.484306084196));
#4147 = VECTOR('',#4148,1.);
#4148 = DIRECTION('',(1.,0.,0.));
#4149 = PCURVE('',#3729,#4150);
#4150 = DEFINITIONAL_REPRESENTATION('',(#4151),#4155);
#4151 = LINE('',#4152,#4153);
#4152 = CARTESIAN_POINT('',(0.,0.));
#4153 = VECTOR('',#4154,1.);
#4154 = DIRECTION('',(0.,-1.));
#4155 = ( GEOMETRIC_REPRESENTATION_CONTEXT(2) 
PARAMETRIC_REPRESENTATION_CONTEXT() REPRESENTATION_CONTEXT('2D SPACE',''
  ) );
#4156 = PCURVE('',#3696,#4157);
#4157 = DEFINITIONAL_REPRESENTATION('',(#4158),#4162);
#4158 = LINE('',#4159,#4160);
#4159 = CARTESIAN_POINT('',(1.310257364179,0.));
#4160 = VECTOR('',#4161,1.);
#4161 = DIRECTION('',(0.,-1.));
#4162 = ( GEOMETRIC_REPRESENTATION_CONTEXT(2) 
PARAMETRIC_REPRESENTATION_CONTEXT() REPRESENTATION_CONTEXT('2D SPACE',''
  ) );
#4163 = ORIENTED_EDGE('',*,*,#4164,.T.);
#4164 = EDGE_CURVE('',#4142,#4041,#4165,.T.);
#4165 = SURFACE_CURVE('',#4166,(#4171,#4178),.PCURVE_S1.);
#4166 = CIRCLE('',#4167,0.95);
#4167 = AXIS2_PLACEMENT_3D('',#4168,#4169,#4170);
#4168 = CARTESIAN_POINT('',(6.,12.81373964572,-0.537265109228));
#4169 = DIRECTION('',(-1.,0.,0.));
#4170 = DIRECTION('',(-0.,-7.886586482015E-02,-0.996885236808));
#4171 = PCURVE('',#3729,#4172);
#4172 = DEFINITIONAL_REPRESENTATION('',(#4173),#4177);
#4173 = LINE('',#4174,#4175);
#4174 = CARTESIAN_POINT('',(0.,-6.));
#4175 = VECTOR('',#4176,1.);
#4176 = DIRECTION('',(1.,0.));
#4177 = ( GEOMETRIC_REPRESENTATION_CONTEXT(2) 
PARAMETRIC_REPRESENTATION_CONTEXT() REPRESENTATION_CONTEXT('2D SPACE',''
  ) );
#4178 = PCURVE('',#3898,#4179);
#4179 = DEFINITIONAL_REPRESENTATION('',(#4180),#4188);
#4180 = ( BOUNDED_CURVE() B_SPLINE_CURVE(2,(#4181,#4182,#4183,#4184,
#4185,#4186,#4187),.UNSPECIFIED.,.T.,.F.) B_SPLINE_CURVE_WITH_KNOTS((1,2
    ,2,2,2,1),(-2.094395102393,0.,2.094395102393,4.188790204786,
6.28318530718,8.377580409573),.UNSPECIFIED.) CURVE() 
GEOMETRIC_REPRESENTATION_ITEM() RATIONAL_B_SPLINE_CURVE((1.,0.5,1.,0.5,
1.,0.5,1.)) REPRESENTATION_ITEM('') );
#4181 = CARTESIAN_POINT('',(-1.484306084196,-12.73881707414));
#4182 = CARTESIAN_POINT('',(-1.354536383587,-11.09849398864));
#4183 = CARTESIAN_POINT('',(1.140228560067E-03,-12.03103938876));
#4184 = CARTESIAN_POINT('',(1.356816840707,-12.96358478887));
#4185 = CARTESIAN_POINT('',(-0.128629472049,-13.67136247425));
#4186 = CARTESIAN_POINT('',(-1.614075784805,-14.37914015963));
#4187 = CARTESIAN_POINT('',(-1.484306084196,-12.73881707414));
#4188 = ( GEOMETRIC_REPRESENTATION_CONTEXT(2) 
PARAMETRIC_REPRESENTATION_CONTEXT() REPRESENTATION_CONTEXT('2D SPACE',''
  ) );
#4189 = ORIENTED_EDGE('',*,*,#4040,.F.);
#4190 = ORIENTED_EDGE('',*,*,#3708,.F.);
#4191 = ADVANCED_FACE('',(#4192),#170,.T.);
#4192 = FACE_BOUND('',#4193,.F.);
#4193 = EDGE_LOOP('',(#4194,#4195,#4219,#4240));
#4194 = ORIENTED_EDGE('',*,*,#4116,.T.);
#4195 = ORIENTED_EDGE('',*,*,#4196,.T.);
#4196 = EDGE_CURVE('',#4092,#4197,#4199,.T.);
#4197 = VERTEX_POINT('',#4198);
#4198 = CARTESIAN_POINT('',(6.,16.68627109302,5.274311046028));
#4199 = SURFACE_CURVE('',#4200,(#4205,#4212),.PCURVE_S1.);
#4200 = CIRCLE('',#4201,17.5);
#4201 = AXIS2_PLACEMENT_3D('',#4202,#4203,#4204);
#4202 = CARTESIAN_POINT('',(6.,1.169724025008E-02,-3.686460805682E-02));
#4203 = DIRECTION('',(1.,0.,-0.));
#4204 = DIRECTION('',(0.,0.975953322678,0.217979613618));
#4205 = PCURVE('',#170,#4206);
#4206 = DEFINITIONAL_REPRESENTATION('',(#4207),#4211);
#4207 = LINE('',#4208,#4209);
#4208 = CARTESIAN_POINT('',(-0.,-6.));
#4209 = VECTOR('',#4210,1.);
#4210 = DIRECTION('',(-1.,0.));
#4211 = ( GEOMETRIC_REPRESENTATION_CONTEXT(2) 
PARAMETRIC_REPRESENTATION_CONTEXT() REPRESENTATION_CONTEXT('2D SPACE',''
  ) );
#4212 = PCURVE('',#3898,#4213);
#4213 = DEFINITIONAL_REPRESENTATION('',(#4214),#4218);
#4214 = CIRCLE('',#4215,17.5);
#4215 = AXIS2_PLACEMENT_2D('',#4216,#4217);
#4216 = CARTESIAN_POINT('',(-3.686460805682E-02,-1.169724025008E-02));
#4217 = DIRECTION('',(0.217979613618,-0.975953322678));
#4218 = ( GEOMETRIC_REPRESENTATION_CONTEXT(2) 
PARAMETRIC_REPRESENTATION_CONTEXT() REPRESENTATION_CONTEXT('2D SPACE',''
  ) );
#4219 = ORIENTED_EDGE('',*,*,#4220,.F.);
#4220 = EDGE_CURVE('',#154,#4197,#4221,.T.);
#4221 = SURFACE_CURVE('',#4222,(#4226,#4233),.PCURVE_S1.);
#4222 = LINE('',#4223,#4224);
#4223 = CARTESIAN_POINT('',(0.,16.68627109302,5.274311046028));
#4224 = VECTOR('',#4225,1.);
#4225 = DIRECTION('',(1.,0.,0.));
#4226 = PCURVE('',#170,#4227);
#4227 = DEFINITIONAL_REPRESENTATION('',(#4228),#4232);
#4228 = LINE('',#4229,#4230);
#4229 = CARTESIAN_POINT('',(-8.861549654828E-02,0.));
#4230 = VECTOR('',#4231,1.);
#4231 = DIRECTION('',(-0.,-1.));
#4232 = ( GEOMETRIC_REPRESENTATION_CONTEXT(2) 
PARAMETRIC_REPRESENTATION_CONTEXT() REPRESENTATION_CONTEXT('2D SPACE',''
  ) );
#4233 = PCURVE('',#200,#4234);
#4234 = DEFINITIONAL_REPRESENTATION('',(#4235),#4239);
#4235 = LINE('',#4236,#4237);
#4236 = CARTESIAN_POINT('',(0.,0.));
#4237 = VECTOR('',#4238,1.);
#4238 = DIRECTION('',(0.,-1.));
#4239 = ( GEOMETRIC_REPRESENTATION_CONTEXT(2) 
PARAMETRIC_REPRESENTATION_CONTEXT() REPRESENTATION_CONTEXT('2D SPACE',''
  ) );
#4240 = ORIENTED_EDGE('',*,*,#153,.F.);
#4241 = ADVANCED_FACE('',(#4242),#3696,.F.);
#4242 = FACE_BOUND('',#4243,.F.);
#4243 = EDGE_LOOP('',(#4244,#4267,#4288,#4289));
#4244 = ORIENTED_EDGE('',*,*,#4245,.T.);
#4245 = EDGE_CURVE('',#3648,#4246,#4248,.T.);
#4246 = VERTEX_POINT('',#4247);
#4247 = CARTESIAN_POINT('',(6.,14.040031454909,-1.637979424984));
#4248 = SURFACE_CURVE('',#4249,(#4253,#4260),.PCURVE_S1.);
#4249 = LINE('',#4250,#4251);
#4250 = CARTESIAN_POINT('',(0.,14.040031454909,-1.637979424984));
#4251 = VECTOR('',#4252,1.);
#4252 = DIRECTION('',(1.,0.,0.));
#4253 = PCURVE('',#3696,#4254);
#4254 = DEFINITIONAL_REPRESENTATION('',(#4255),#4259);
#4255 = LINE('',#4256,#4257);
#4256 = CARTESIAN_POINT('',(0.,0.));
#4257 = VECTOR('',#4258,1.);
#4258 = DIRECTION('',(0.,-1.));
#4259 = ( GEOMETRIC_REPRESENTATION_CONTEXT(2) 
PARAMETRIC_REPRESENTATION_CONTEXT() REPRESENTATION_CONTEXT('2D SPACE',''
  ) );
#4260 = PCURVE('',#3665,#4261);
#4261 = DEFINITIONAL_REPRESENTATION('',(#4262),#4266);
#4262 = LINE('',#4263,#4264);
#4263 = CARTESIAN_POINT('',(1.,0.));
#4264 = VECTOR('',#4265,1.);
#4265 = DIRECTION('',(0.,-1.));
#4266 = ( GEOMETRIC_REPRESENTATION_CONTEXT(2) 
PARAMETRIC_REPRESENTATION_CONTEXT() REPRESENTATION_CONTEXT('2D SPACE',''
  ) );
#4267 = ORIENTED_EDGE('',*,*,#4268,.T.);
#4268 = EDGE_CURVE('',#4246,#4142,#4269,.T.);
#4269 = SURFACE_CURVE('',#4270,(#4274,#4281),.PCURVE_S1.);
#4270 = LINE('',#4271,#4272);
#4271 = CARTESIAN_POINT('',(6.,14.040031454909,-1.637979424984));
#4272 = VECTOR('',#4273,1.);
#4273 = DIRECTION('',(0.,-0.993098315141,0.117284851808));
#4274 = PCURVE('',#3696,#4275);
#4275 = DEFINITIONAL_REPRESENTATION('',(#4276),#4280);
#4276 = LINE('',#4277,#4278);
#4277 = CARTESIAN_POINT('',(-1.790139452881E-15,-6.));
#4278 = VECTOR('',#4279,1.);
#4279 = DIRECTION('',(1.,0.));
#4280 = ( GEOMETRIC_REPRESENTATION_CONTEXT(2) 
PARAMETRIC_REPRESENTATION_CONTEXT() REPRESENTATION_CONTEXT('2D SPACE',''
  ) );
#4281 = PCURVE('',#3898,#4282);
#4282 = DEFINITIONAL_REPRESENTATION('',(#4283),#4287);
#4283 = LINE('',#4284,#4285);
#4284 = CARTESIAN_POINT('',(-1.637979424984,-14.0400314549));
#4285 = VECTOR('',#4286,1.);
#4286 = DIRECTION('',(0.117284851808,0.993098315141));
#4287 = ( GEOMETRIC_REPRESENTATION_CONTEXT(2) 
PARAMETRIC_REPRESENTATION_CONTEXT() REPRESENTATION_CONTEXT('2D SPACE',''
  ) );
#4288 = ORIENTED_EDGE('',*,*,#4141,.F.);
#4289 = ORIENTED_EDGE('',*,*,#3680,.F.);
#4290 = ADVANCED_FACE('',(#4291),#200,.F.);
#4291 = FACE_BOUND('',#4292,.F.);
#4292 = EDGE_LOOP('',(#4293,#4294,#4319,#4340));
#4293 = ORIENTED_EDGE('',*,*,#4220,.T.);
#4294 = ORIENTED_EDGE('',*,*,#4295,.T.);
#4295 = EDGE_CURVE('',#4197,#4296,#4298,.T.);
#4296 = VERTEX_POINT('',#4297);
#4297 = CARTESIAN_POINT('',(6.,13.908784709413,5.742624560372));
#4298 = SURFACE_CURVE('',#4299,(#4304,#4311),.PCURVE_S1.);
#4299 = B_SPLINE_CURVE_WITH_KNOTS('',3,(#4300,#4301,#4302,#4303),
  .UNSPECIFIED.,.F.,.F.,(4,4),(0.,1.),.PIECEWISE_BEZIER_KNOTS.);
#4300 = CARTESIAN_POINT('',(6.,16.68627109302,5.274311046028));
#4301 = CARTESIAN_POINT('',(6.,15.483971650669,5.681023558521));
#4302 = CARTESIAN_POINT('',(6.,14.546294900587,5.763260904156));
#4303 = CARTESIAN_POINT('',(6.,13.908784709413,5.742624560372));
#4304 = PCURVE('',#200,#4305);
#4305 = DEFINITIONAL_REPRESENTATION('',(#4306),#4310);
#4306 = LINE('',#4307,#4308);
#4307 = CARTESIAN_POINT('',(0.,-6.));
#4308 = VECTOR('',#4309,1.);
#4309 = DIRECTION('',(1.,0.));
#4310 = ( GEOMETRIC_REPRESENTATION_CONTEXT(2) 
PARAMETRIC_REPRESENTATION_CONTEXT() REPRESENTATION_CONTEXT('2D SPACE',''
  ) );
#4311 = PCURVE('',#3898,#4312);
#4312 = DEFINITIONAL_REPRESENTATION('',(#4313),#4318);
#4313 = B_SPLINE_CURVE_WITH_KNOTS('',3,(#4314,#4315,#4316,#4317),
  .UNSPECIFIED.,.F.,.F.,(4,4),(0.,1.),.PIECEWISE_BEZIER_KNOTS.);
#4314 = CARTESIAN_POINT('',(5.274311046028,-16.68627109302));
#4315 = CARTESIAN_POINT('',(5.681023558521,-15.48397165066));
#4316 = CARTESIAN_POINT('',(5.763260904156,-14.54629490058));
#4317 = CARTESIAN_POINT('',(5.742624560372,-13.90878470941));
#4318 = ( GEOMETRIC_REPRESENTATION_CONTEXT(2) 
PARAMETRIC_REPRESENTATION_CONTEXT() REPRESENTATION_CONTEXT('2D SPACE',''
  ) );
#4319 = ORIENTED_EDGE('',*,*,#4320,.F.);
#4320 = EDGE_CURVE('',#183,#4296,#4321,.T.);
#4321 = SURFACE_CURVE('',#4322,(#4326,#4333),.PCURVE_S1.);
#4322 = LINE('',#4323,#4324);
#4323 = CARTESIAN_POINT('',(0.,13.908784709413,5.742624560372));
#4324 = VECTOR('',#4325,1.);
#4325 = DIRECTION('',(1.,0.,0.));
#4326 = PCURVE('',#200,#4327);
#4327 = DEFINITIONAL_REPRESENTATION('',(#4328),#4332);
#4328 = LINE('',#4329,#4330);
#4329 = CARTESIAN_POINT('',(1.,0.));
#4330 = VECTOR('',#4331,1.);
#4331 = DIRECTION('',(0.,-1.));
#4332 = ( GEOMETRIC_REPRESENTATION_CONTEXT(2) 
PARAMETRIC_REPRESENTATION_CONTEXT() REPRESENTATION_CONTEXT('2D SPACE',''
  ) );
#4333 = PCURVE('',#233,#4334);
#4334 = DEFINITIONAL_REPRESENTATION('',(#4335),#4339);
#4335 = LINE('',#4336,#4337);
#4336 = CARTESIAN_POINT('',(0.,0.));
#4337 = VECTOR('',#4338,1.);
#4338 = DIRECTION('',(0.,-1.));
#4339 = ( GEOMETRIC_REPRESENTATION_CONTEXT(2) 
PARAMETRIC_REPRESENTATION_CONTEXT() REPRESENTATION_CONTEXT('2D SPACE',''
  ) );
#4340 = ORIENTED_EDGE('',*,*,#182,.F.);
#4341 = ADVANCED_FACE('',(#4342),#3665,.F.);
#4342 = FACE_BOUND('',#4343,.F.);
#4343 = EDGE_LOOP('',(#4344,#4367,#4390,#4391));
#4344 = ORIENTED_EDGE('',*,*,#4345,.T.);
#4345 = EDGE_CURVE('',#3615,#4346,#4348,.T.);
#4346 = VERTEX_POINT('',#4347);
#4347 = CARTESIAN_POINT('',(6.,14.916673174306,-1.981133601028));
#4348 = SURFACE_CURVE('',#4349,(#4353,#4360),.PCURVE_S1.);
#4349 = LINE('',#4350,#4351);
#4350 = CARTESIAN_POINT('',(0.,14.916673174306,-1.981133601028));
#4351 = VECTOR('',#4352,1.);
#4352 = DIRECTION('',(1.,0.,0.));
#4353 = PCURVE('',#3665,#4354);
#4354 = DEFINITIONAL_REPRESENTATION('',(#4355),#4359);
#4355 = LINE('',#4356,#4357);
#4356 = CARTESIAN_POINT('',(0.,0.));
#4357 = VECTOR('',#4358,1.);
#4358 = DIRECTION('',(0.,-1.));
#4359 = ( GEOMETRIC_REPRESENTATION_CONTEXT(2) 
PARAMETRIC_REPRESENTATION_CONTEXT() REPRESENTATION_CONTEXT('2D SPACE',''
  ) );
#4360 = PCURVE('',#3632,#4361);
#4361 = DEFINITIONAL_REPRESENTATION('',(#4362),#4366);
#4362 = LINE('',#4363,#4364);
#4363 = CARTESIAN_POINT('',(1.,0.));
#4364 = VECTOR('',#4365,1.);
#4365 = DIRECTION('',(0.,-1.));
#4366 = ( GEOMETRIC_REPRESENTATION_CONTEXT(2) 
PARAMETRIC_REPRESENTATION_CONTEXT() REPRESENTATION_CONTEXT('2D SPACE',''
  ) );
#4367 = ORIENTED_EDGE('',*,*,#4368,.T.);
#4368 = EDGE_CURVE('',#4346,#4246,#4369,.T.);
#4369 = SURFACE_CURVE('',#4370,(#4375,#4382),.PCURVE_S1.);
#4370 = B_SPLINE_CURVE_WITH_KNOTS('',3,(#4371,#4372,#4373,#4374),
  .UNSPECIFIED.,.F.,.F.,(4,4),(0.,1.),.PIECEWISE_BEZIER_KNOTS.);
#4371 = CARTESIAN_POINT('',(6.,14.916673174306,-1.981133601028));
#4372 = CARTESIAN_POINT('',(6.,14.443392331625,-1.73131935964));
#4373 = CARTESIAN_POINT('',(6.,14.141798238642,-1.657626700485));
#4374 = CARTESIAN_POINT('',(6.,14.040031454909,-1.637979424984));
#4375 = PCURVE('',#3665,#4376);
#4376 = DEFINITIONAL_REPRESENTATION('',(#4377),#4381);
#4377 = LINE('',#4378,#4379);
#4378 = CARTESIAN_POINT('',(0.,-6.));
#4379 = VECTOR('',#4380,1.);
#4380 = DIRECTION('',(1.,0.));
#4381 = ( GEOMETRIC_REPRESENTATION_CONTEXT(2) 
PARAMETRIC_REPRESENTATION_CONTEXT() REPRESENTATION_CONTEXT('2D SPACE',''
  ) );
#4382 = PCURVE('',#3898,#4383);
#4383 = DEFINITIONAL_REPRESENTATION('',(#4384),#4389);
#4384 = B_SPLINE_CURVE_WITH_KNOTS('',3,(#4385,#4386,#4387,#4388),
  .UNSPECIFIED.,.F.,.F.,(4,4),(0.,1.),.PIECEWISE_BEZIER_KNOTS.);
#4385 = CARTESIAN_POINT('',(-1.981133601028,-14.9166731743));
#4386 = CARTESIAN_POINT('',(-1.73131935964,-14.44339233162));
#4387 = CARTESIAN_POINT('',(-1.657626700485,-14.14179823864));
#4388 = CARTESIAN_POINT('',(-1.637979424984,-14.0400314549));
#4389 = ( GEOMETRIC_REPRESENTATION_CONTEXT(2) 
PARAMETRIC_REPRESENTATION_CONTEXT() REPRESENTATION_CONTEXT('2D SPACE',''
  ) );
#4390 = ORIENTED_EDGE('',*,*,#4245,.F.);
#4391 = ORIENTED_EDGE('',*,*,#3647,.F.);
#4392 = ADVANCED_FACE('',(#4393),#233,.F.);
#4393 = FACE_BOUND('',#4394,.F.);
#4394 = EDGE_LOOP('',(#4395,#4396,#4421,#4442));
#4395 = ORIENTED_EDGE('',*,*,#4320,.T.);
#4396 = ORIENTED_EDGE('',*,*,#4397,.T.);
#4397 = EDGE_CURVE('',#4296,#4398,#4400,.T.);
#4398 = VERTEX_POINT('',#4399);
#4399 = CARTESIAN_POINT('',(6.,12.978013622375,5.601483934542));
#4400 = SURFACE_CURVE('',#4401,(#4406,#4413),.PCURVE_S1.);
#4401 = B_SPLINE_CURVE_WITH_KNOTS('',3,(#4402,#4403,#4404,#4405),
  .UNSPECIFIED.,.F.,.F.,(4,4),(0.,1.),.PIECEWISE_BEZIER_KNOTS.);
#4402 = CARTESIAN_POINT('',(6.,13.908784709413,5.742624560372));
#4403 = CARTESIAN_POINT('',(6.,13.374004355833,5.7223296183));
#4404 = CARTESIAN_POINT('',(6.,13.0759698801,5.635352286709));
#4405 = CARTESIAN_POINT('',(6.,12.978013622375,5.601483934542));
#4406 = PCURVE('',#233,#4407);
#4407 = DEFINITIONAL_REPRESENTATION('',(#4408),#4412);
#4408 = LINE('',#4409,#4410);
#4409 = CARTESIAN_POINT('',(0.,-6.));
#4410 = VECTOR('',#4411,1.);
#4411 = DIRECTION('',(1.,0.));
#4412 = ( GEOMETRIC_REPRESENTATION_CONTEXT(2) 
PARAMETRIC_REPRESENTATION_CONTEXT() REPRESENTATION_CONTEXT('2D SPACE',''
  ) );
#4413 = PCURVE('',#3898,#4414);
#4414 = DEFINITIONAL_REPRESENTATION('',(#4415),#4420);
#4415 = B_SPLINE_CURVE_WITH_KNOTS('',3,(#4416,#4417,#4418,#4419),
  .UNSPECIFIED.,.F.,.F.,(4,4),(0.,1.),.PIECEWISE_BEZIER_KNOTS.);
#4416 = CARTESIAN_POINT('',(5.742624560372,-13.90878470941));
#4417 = CARTESIAN_POINT('',(5.7223296183,-13.37400435583));
#4418 = CARTESIAN_POINT('',(5.635352286709,-13.0759698801));
#4419 = CARTESIAN_POINT('',(5.601483934542,-12.97801362237));
#4420 = ( GEOMETRIC_REPRESENTATION_CONTEXT(2) 
PARAMETRIC_REPRESENTATION_CONTEXT() REPRESENTATION_CONTEXT('2D SPACE',''
  ) );
#4421 = ORIENTED_EDGE('',*,*,#4422,.F.);
#4422 = EDGE_CURVE('',#216,#4398,#4423,.T.);
#4423 = SURFACE_CURVE('',#4424,(#4428,#4435),.PCURVE_S1.);
#4424 = LINE('',#4425,#4426);
#4425 = CARTESIAN_POINT('',(0.,12.978013622375,5.601483934542));
#4426 = VECTOR('',#4427,1.);
#4427 = DIRECTION('',(1.,0.,0.));
#4428 = PCURVE('',#233,#4429);
#4429 = DEFINITIONAL_REPRESENTATION('',(#4430),#4434);
#4430 = LINE('',#4431,#4432);
#4431 = CARTESIAN_POINT('',(1.,0.));
#4432 = VECTOR('',#4433,1.);
#4433 = DIRECTION('',(0.,-1.));
#4434 = ( GEOMETRIC_REPRESENTATION_CONTEXT(2) 
PARAMETRIC_REPRESENTATION_CONTEXT() REPRESENTATION_CONTEXT('2D SPACE',''
  ) );
#4435 = PCURVE('',#264,#4436);
#4436 = DEFINITIONAL_REPRESENTATION('',(#4437),#4441);
#4437 = LINE('',#4438,#4439);
#4438 = CARTESIAN_POINT('',(0.,0.));
#4439 = VECTOR('',#4440,1.);
#4440 = DIRECTION('',(0.,-1.));
#4441 = ( GEOMETRIC_REPRESENTATION_CONTEXT(2) 
PARAMETRIC_REPRESENTATION_CONTEXT() REPRESENTATION_CONTEXT('2D SPACE',''
  ) );
#4442 = ORIENTED_EDGE('',*,*,#215,.F.);
#4443 = ADVANCED_FACE('',(#4444),#3632,.F.);
#4444 = FACE_BOUND('',#4445,.F.);
#4445 = EDGE_LOOP('',(#4446,#4469,#4492,#4493));
#4446 = ORIENTED_EDGE('',*,*,#4447,.T.);
#4447 = EDGE_CURVE('',#3586,#4448,#4450,.T.);
#4448 = VERTEX_POINT('',#4449);
#4449 = CARTESIAN_POINT('',(6.,17.087890184003,-3.775448193189));
#4450 = SURFACE_CURVE('',#4451,(#4455,#4462),.PCURVE_S1.);
#4451 = LINE('',#4452,#4453);
#4452 = CARTESIAN_POINT('',(0.,17.087890184003,-3.775448193189));
#4453 = VECTOR('',#4454,1.);
#4454 = DIRECTION('',(1.,0.,0.));
#4455 = PCURVE('',#3632,#4456);
#4456 = DEFINITIONAL_REPRESENTATION('',(#4457),#4461);
#4457 = LINE('',#4458,#4459);
#4458 = CARTESIAN_POINT('',(0.,0.));
#4459 = VECTOR('',#4460,1.);
#4460 = DIRECTION('',(0.,-1.));
#4461 = ( GEOMETRIC_REPRESENTATION_CONTEXT(2) 
PARAMETRIC_REPRESENTATION_CONTEXT() REPRESENTATION_CONTEXT('2D SPACE',''
  ) );
#4462 = PCURVE('',#3602,#4463);
#4463 = DEFINITIONAL_REPRESENTATION('',(#4464),#4468);
#4464 = LINE('',#4465,#4466);
#4465 = CARTESIAN_POINT('',(-8.861549654829E-02,0.));
#4466 = VECTOR('',#4467,1.);
#4467 = DIRECTION('',(-0.,-1.));
#4468 = ( GEOMETRIC_REPRESENTATION_CONTEXT(2) 
PARAMETRIC_REPRESENTATION_CONTEXT() REPRESENTATION_CONTEXT('2D SPACE',''
  ) );
#4469 = ORIENTED_EDGE('',*,*,#4470,.T.);
#4470 = EDGE_CURVE('',#4448,#4346,#4471,.T.);
#4471 = SURFACE_CURVE('',#4472,(#4477,#4484),.PCURVE_S1.);
#4472 = B_SPLINE_CURVE_WITH_KNOTS('',3,(#4473,#4474,#4475,#4476),
  .UNSPECIFIED.,.F.,.F.,(4,4),(0.,1.),.PIECEWISE_BEZIER_KNOTS.);
#4473 = CARTESIAN_POINT('',(6.,17.087890184003,-3.775448193189));
#4474 = CARTESIAN_POINT('',(6.,16.250024580218,-2.822075104157));
#4475 = CARTESIAN_POINT('',(6.,15.479091366926,-2.282017098656));
#4476 = CARTESIAN_POINT('',(6.,14.916673174306,-1.981133601028));
#4477 = PCURVE('',#3632,#4478);
#4478 = DEFINITIONAL_REPRESENTATION('',(#4479),#4483);
#4479 = LINE('',#4480,#4481);
#4480 = CARTESIAN_POINT('',(0.,-6.));
#4481 = VECTOR('',#4482,1.);
#4482 = DIRECTION('',(1.,0.));
#4483 = ( GEOMETRIC_REPRESENTATION_CONTEXT(2) 
PARAMETRIC_REPRESENTATION_CONTEXT() REPRESENTATION_CONTEXT('2D SPACE',''
  ) );
#4484 = PCURVE('',#3898,#4485);
#4485 = DEFINITIONAL_REPRESENTATION('',(#4486),#4491);
#4486 = B_SPLINE_CURVE_WITH_KNOTS('',3,(#4487,#4488,#4489,#4490),
  .UNSPECIFIED.,.F.,.F.,(4,4),(0.,1.),.PIECEWISE_BEZIER_KNOTS.);
#4487 = CARTESIAN_POINT('',(-3.775448193189,-17.087890184));
#4488 = CARTESIAN_POINT('',(-2.822075104157,-16.25002458021));
#4489 = CARTESIAN_POINT('',(-2.282017098656,-15.47909136692));
#4490 = CARTESIAN_POINT('',(-1.981133601028,-14.9166731743));
#4491 = ( GEOMETRIC_REPRESENTATION_CONTEXT(2) 
PARAMETRIC_REPRESENTATION_CONTEXT() REPRESENTATION_CONTEXT('2D SPACE',''
  ) );
#4492 = ORIENTED_EDGE('',*,*,#4345,.F.);
#4493 = ORIENTED_EDGE('',*,*,#3614,.F.);
#4494 = ADVANCED_FACE('',(#4495),#264,.F.);
#4495 = FACE_BOUND('',#4496,.F.);
#4496 = EDGE_LOOP('',(#4497,#4498,#4521,#4542));
#4497 = ORIENTED_EDGE('',*,*,#4422,.T.);
#4498 = ORIENTED_EDGE('',*,*,#4499,.T.);
#4499 = EDGE_CURVE('',#4398,#4500,#4502,.T.);
#4500 = VERTEX_POINT('',#4501);
#4501 = CARTESIAN_POINT('',(6.,11.774292242467,5.083961761165));
#4502 = SURFACE_CURVE('',#4503,(#4507,#4514),.PCURVE_S1.);
#4503 = LINE('',#4504,#4505);
#4504 = CARTESIAN_POINT('',(6.,12.978013622375,5.601483934542));
#4505 = VECTOR('',#4506,1.);
#4506 = DIRECTION('',(0.,-0.918690795272,-0.394977496426));
#4507 = PCURVE('',#264,#4508);
#4508 = DEFINITIONAL_REPRESENTATION('',(#4509),#4513);
#4509 = LINE('',#4510,#4511);
#4510 = CARTESIAN_POINT('',(-1.631922677475E-15,-6.));
#4511 = VECTOR('',#4512,1.);
#4512 = DIRECTION('',(1.,0.));
#4513 = ( GEOMETRIC_REPRESENTATION_CONTEXT(2) 
PARAMETRIC_REPRESENTATION_CONTEXT() REPRESENTATION_CONTEXT('2D SPACE',''
  ) );
#4514 = PCURVE('',#3898,#4515);
#4515 = DEFINITIONAL_REPRESENTATION('',(#4516),#4520);
#4516 = LINE('',#4517,#4518);
#4517 = CARTESIAN_POINT('',(5.601483934542,-12.97801362237));
#4518 = VECTOR('',#4519,1.);
#4519 = DIRECTION('',(-0.394977496426,0.918690795272));
#4520 = ( GEOMETRIC_REPRESENTATION_CONTEXT(2) 
PARAMETRIC_REPRESENTATION_CONTEXT() REPRESENTATION_CONTEXT('2D SPACE',''
  ) );
#4521 = ORIENTED_EDGE('',*,*,#4522,.F.);
#4522 = EDGE_CURVE('',#249,#4500,#4523,.T.);
#4523 = SURFACE_CURVE('',#4524,(#4528,#4535),.PCURVE_S1.);
#4524 = LINE('',#4525,#4526);
#4525 = CARTESIAN_POINT('',(0.,11.774292242467,5.083961761165));
#4526 = VECTOR('',#4527,1.);
#4527 = DIRECTION('',(1.,0.,0.));
#4528 = PCURVE('',#264,#4529);
#4529 = DEFINITIONAL_REPRESENTATION('',(#4530),#4534);
#4530 = LINE('',#4531,#4532);
#4531 = CARTESIAN_POINT('',(1.310257364179,0.));
#4532 = VECTOR('',#4533,1.);
#4533 = DIRECTION('',(0.,-1.));
#4534 = ( GEOMETRIC_REPRESENTATION_CONTEXT(2) 
PARAMETRIC_REPRESENTATION_CONTEXT() REPRESENTATION_CONTEXT('2D SPACE',''
  ) );
#4535 = PCURVE('',#297,#4536);
#4536 = DEFINITIONAL_REPRESENTATION('',(#4537),#4541);
#4537 = LINE('',#4538,#4539);
#4538 = CARTESIAN_POINT('',(0.,0.));
#4539 = VECTOR('',#4540,1.);
#4540 = DIRECTION('',(0.,-1.));
#4541 = ( GEOMETRIC_REPRESENTATION_CONTEXT(2) 
PARAMETRIC_REPRESENTATION_CONTEXT() REPRESENTATION_CONTEXT('2D SPACE',''
  ) );
#4542 = ORIENTED_EDGE('',*,*,#248,.F.);
#4543 = ADVANCED_FACE('',(#4544),#3602,.T.);
#4544 = FACE_BOUND('',#4545,.F.);
#4545 = EDGE_LOOP('',(#4546,#4569,#4591,#4592));
#4546 = ORIENTED_EDGE('',*,*,#4547,.T.);
#4547 = EDGE_CURVE('',#3553,#4548,#4550,.T.);
#4548 = VERTEX_POINT('',#4549);
#4549 = CARTESIAN_POINT('',(6.,16.690025903421,-5.273787929875));
#4550 = SURFACE_CURVE('',#4551,(#4555,#4562),.PCURVE_S1.);
#4551 = LINE('',#4552,#4553);
#4552 = CARTESIAN_POINT('',(0.,16.690025903421,-5.273787929875));
#4553 = VECTOR('',#4554,1.);
#4554 = DIRECTION('',(1.,0.,0.));
#4555 = PCURVE('',#3602,#4556);
#4556 = DEFINITIONAL_REPRESENTATION('',(#4557),#4561);
#4557 = LINE('',#4558,#4559);
#4558 = CARTESIAN_POINT('',(-0.,0.));
#4559 = VECTOR('',#4560,1.);
#4560 = DIRECTION('',(-0.,-1.));
#4561 = ( GEOMETRIC_REPRESENTATION_CONTEXT(2) 
PARAMETRIC_REPRESENTATION_CONTEXT() REPRESENTATION_CONTEXT('2D SPACE',''
  ) );
#4562 = PCURVE('',#3570,#4563);
#4563 = DEFINITIONAL_REPRESENTATION('',(#4564),#4568);
#4564 = LINE('',#4565,#4566);
#4565 = CARTESIAN_POINT('',(1.,0.));
#4566 = VECTOR('',#4567,1.);
#4567 = DIRECTION('',(0.,-1.));
#4568 = ( GEOMETRIC_REPRESENTATION_CONTEXT(2) 
PARAMETRIC_REPRESENTATION_CONTEXT() REPRESENTATION_CONTEXT('2D SPACE',''
  ) );
#4569 = ORIENTED_EDGE('',*,*,#4570,.T.);
#4570 = EDGE_CURVE('',#4548,#4448,#4571,.T.);
#4571 = SURFACE_CURVE('',#4572,(#4577,#4584),.PCURVE_S1.);
#4572 = CIRCLE('',#4573,17.5);
#4573 = AXIS2_PLACEMENT_3D('',#4574,#4575,#4576);
#4574 = CARTESIAN_POINT('',(6.,-8.302196816938E-03,-3.7774307203E-02));
#4575 = DIRECTION('',(1.,-0.,0.));
#4576 = DIRECTION('',(0.,0.954190177156,-0.299200778438));
#4577 = PCURVE('',#3602,#4578);
#4578 = DEFINITIONAL_REPRESENTATION('',(#4579),#4583);
#4579 = LINE('',#4580,#4581);
#4580 = CARTESIAN_POINT('',(-0.,-6.));
#4581 = VECTOR('',#4582,1.);
#4582 = DIRECTION('',(-1.,0.));
#4583 = ( GEOMETRIC_REPRESENTATION_CONTEXT(2) 
PARAMETRIC_REPRESENTATION_CONTEXT() REPRESENTATION_CONTEXT('2D SPACE',''
  ) );
#4584 = PCURVE('',#3898,#4585);
#4585 = DEFINITIONAL_REPRESENTATION('',(#4586),#4590);
#4586 = CIRCLE('',#4587,17.5);
#4587 = AXIS2_PLACEMENT_2D('',#4588,#4589);
#4588 = CARTESIAN_POINT('',(-3.777430720299E-02,8.302196816935E-03));
#4589 = DIRECTION('',(-0.299200778438,-0.954190177156));
#4590 = ( GEOMETRIC_REPRESENTATION_CONTEXT(2) 
PARAMETRIC_REPRESENTATION_CONTEXT() REPRESENTATION_CONTEXT('2D SPACE',''
  ) );
#4591 = ORIENTED_EDGE('',*,*,#4447,.F.);
#4592 = ORIENTED_EDGE('',*,*,#3585,.F.);
#4593 = ADVANCED_FACE('',(#4594),#297,.F.);
#4594 = FACE_BOUND('',#4595,.F.);
#4595 = EDGE_LOOP('',(#4596,#4597,#4625,#4646));
#4596 = ORIENTED_EDGE('',*,*,#4522,.T.);
#4597 = ORIENTED_EDGE('',*,*,#4598,.T.);
#4598 = EDGE_CURVE('',#4500,#4599,#4601,.T.);
#4599 = VERTEX_POINT('',#4600);
#4600 = CARTESIAN_POINT('',(6.,10.524593667194,5.499868465742));
#4601 = SURFACE_CURVE('',#4602,(#4607,#4614),.PCURVE_S1.);
#4602 = CIRCLE('',#4603,0.95);
#4603 = AXIS2_PLACEMENT_3D('',#4604,#4605,#4606);
#4604 = CARTESIAN_POINT('',(6.,11.365656605287,5.941584589701));
#4605 = DIRECTION('',(-1.,0.,0.));
#4606 = DIRECTION('',(0.,0.430142775978,-0.902760872144));
#4607 = PCURVE('',#297,#4608);
#4608 = DEFINITIONAL_REPRESENTATION('',(#4609),#4613);
#4609 = LINE('',#4610,#4611);
#4610 = CARTESIAN_POINT('',(0.,-6.));
#4611 = VECTOR('',#4612,1.);
#4612 = DIRECTION('',(1.,0.));
#4613 = ( GEOMETRIC_REPRESENTATION_CONTEXT(2) 
PARAMETRIC_REPRESENTATION_CONTEXT() REPRESENTATION_CONTEXT('2D SPACE',''
  ) );
#4614 = PCURVE('',#3898,#4615);
#4615 = DEFINITIONAL_REPRESENTATION('',(#4616),#4624);
#4616 = ( BOUNDED_CURVE() B_SPLINE_CURVE(2,(#4617,#4618,#4619,#4620,
#4621,#4622,#4623),.UNSPECIFIED.,.T.,.F.) B_SPLINE_CURVE_WITH_KNOTS((1,2
    ,2,2,2,1),(-2.094395102393,0.,2.094395102393,4.188790204786,
6.28318530718,8.377580409573),.UNSPECIFIED.) CURVE() 
GEOMETRIC_REPRESENTATION_ITEM() RATIONAL_B_SPLINE_CURVE((1.,0.5,1.,0.5,
1.,0.5,1.)) REPRESENTATION_ITEM('') );
#4617 = CARTESIAN_POINT('',(5.083961761165,-11.77429224246));
#4618 = CARTESIAN_POINT('',(4.376184075787,-10.28884592971));
#4619 = CARTESIAN_POINT('',(6.01650716128,-10.41861563032));
#4620 = CARTESIAN_POINT('',(7.656830246774,-10.54838533092));
#4621 = CARTESIAN_POINT('',(6.724284846659,-11.90406194307));
#4622 = CARTESIAN_POINT('',(5.791739446543,-13.25973855522));
#4623 = CARTESIAN_POINT('',(5.083961761165,-11.77429224246));
#4624 = ( GEOMETRIC_REPRESENTATION_CONTEXT(2) 
PARAMETRIC_REPRESENTATION_CONTEXT() REPRESENTATION_CONTEXT('2D SPACE',''
  ) );
#4625 = ORIENTED_EDGE('',*,*,#4626,.F.);
#4626 = EDGE_CURVE('',#277,#4599,#4627,.T.);
#4627 = SURFACE_CURVE('',#4628,(#4632,#4639),.PCURVE_S1.);
#4628 = LINE('',#4629,#4630);
#4629 = CARTESIAN_POINT('',(0.,10.524593667194,5.499868465742));
#4630 = VECTOR('',#4631,1.);
#4631 = DIRECTION('',(1.,0.,0.));
#4632 = PCURVE('',#297,#4633);
#4633 = DEFINITIONAL_REPRESENTATION('',(#4634),#4638);
#4634 = LINE('',#4635,#4636);
#4635 = CARTESIAN_POINT('',(1.531852919448,0.));
#4636 = VECTOR('',#4637,1.);
#4637 = DIRECTION('',(0.,-1.));
#4638 = ( GEOMETRIC_REPRESENTATION_CONTEXT(2) 
PARAMETRIC_REPRESENTATION_CONTEXT() REPRESENTATION_CONTEXT('2D SPACE',''
  ) );
#4639 = PCURVE('',#326,#4640);
#4640 = DEFINITIONAL_REPRESENTATION('',(#4641),#4645);
#4641 = LINE('',#4642,#4643);
#4642 = CARTESIAN_POINT('',(-0.,0.));
#4643 = VECTOR('',#4644,1.);
#4644 = DIRECTION('',(-0.,-1.));
#4645 = ( GEOMETRIC_REPRESENTATION_CONTEXT(2) 
PARAMETRIC_REPRESENTATION_CONTEXT() REPRESENTATION_CONTEXT('2D SPACE',''
  ) );
#4646 = ORIENTED_EDGE('',*,*,#276,.F.);
#4647 = ADVANCED_FACE('',(#4648),#3570,.F.);
#4648 = FACE_BOUND('',#4649,.F.);
#4649 = EDGE_LOOP('',(#4650,#4673,#4696,#4697));
#4650 = ORIENTED_EDGE('',*,*,#4651,.T.);
#4651 = EDGE_CURVE('',#3520,#4652,#4654,.T.);
#4652 = VERTEX_POINT('',#4653);
#4653 = CARTESIAN_POINT('',(6.,13.908784709413,-5.742624560372));
#4654 = SURFACE_CURVE('',#4655,(#4659,#4666),.PCURVE_S1.);
#4655 = LINE('',#4656,#4657);
#4656 = CARTESIAN_POINT('',(0.,13.908784709413,-5.742624560372));
#4657 = VECTOR('',#4658,1.);
#4658 = DIRECTION('',(1.,0.,0.));
#4659 = PCURVE('',#3570,#4660);
#4660 = DEFINITIONAL_REPRESENTATION('',(#4661),#4665);
#4661 = LINE('',#4662,#4663);
#4662 = CARTESIAN_POINT('',(0.,0.));
#4663 = VECTOR('',#4664,1.);
#4664 = DIRECTION('',(0.,-1.));
#4665 = ( GEOMETRIC_REPRESENTATION_CONTEXT(2) 
PARAMETRIC_REPRESENTATION_CONTEXT() REPRESENTATION_CONTEXT('2D SPACE',''
  ) );
#4666 = PCURVE('',#3537,#4667);
#4667 = DEFINITIONAL_REPRESENTATION('',(#4668),#4672);
#4668 = LINE('',#4669,#4670);
#4669 = CARTESIAN_POINT('',(1.,0.));
#4670 = VECTOR('',#4671,1.);
#4671 = DIRECTION('',(0.,-1.));
#4672 = ( GEOMETRIC_REPRESENTATION_CONTEXT(2) 
PARAMETRIC_REPRESENTATION_CONTEXT() REPRESENTATION_CONTEXT('2D SPACE',''
  ) );
#4673 = ORIENTED_EDGE('',*,*,#4674,.T.);
#4674 = EDGE_CURVE('',#4652,#4548,#4675,.T.);
#4675 = SURFACE_CURVE('',#4676,(#4681,#4688),.PCURVE_S1.);
#4676 = B_SPLINE_CURVE_WITH_KNOTS('',3,(#4677,#4678,#4679,#4680),
  .UNSPECIFIED.,.F.,.F.,(4,4),(0.,1.),.PIECEWISE_BEZIER_KNOTS.);
#4677 = CARTESIAN_POINT('',(6.,13.908784709413,-5.742624560372));
#4678 = CARTESIAN_POINT('',(6.,14.546294900587,-5.763260904156));
#4679 = CARTESIAN_POINT('',(6.,15.483971650669,-5.681023558521));
#4680 = CARTESIAN_POINT('',(6.,16.690025903421,-5.273787929875));
#4681 = PCURVE('',#3570,#4682);
#4682 = DEFINITIONAL_REPRESENTATION('',(#4683),#4687);
#4683 = LINE('',#4684,#4685);
#4684 = CARTESIAN_POINT('',(0.,-6.));
#4685 = VECTOR('',#4686,1.);
#4686 = DIRECTION('',(1.,0.));
#4687 = ( GEOMETRIC_REPRESENTATION_CONTEXT(2) 
PARAMETRIC_REPRESENTATION_CONTEXT() REPRESENTATION_CONTEXT('2D SPACE',''
  ) );
#4688 = PCURVE('',#3898,#4689);
#4689 = DEFINITIONAL_REPRESENTATION('',(#4690),#4695);
#4690 = B_SPLINE_CURVE_WITH_KNOTS('',3,(#4691,#4692,#4693,#4694),
  .UNSPECIFIED.,.F.,.F.,(4,4),(0.,1.),.PIECEWISE_BEZIER_KNOTS.);
#4691 = CARTESIAN_POINT('',(-5.742624560372,-13.90878470941));
#4692 = CARTESIAN_POINT('',(-5.763260904156,-14.54629490058));
#4693 = CARTESIAN_POINT('',(-5.681023558521,-15.48397165066));
#4694 = CARTESIAN_POINT('',(-5.273787929875,-16.69002590342));
#4695 = ( GEOMETRIC_REPRESENTATION_CONTEXT(2) 
PARAMETRIC_REPRESENTATION_CONTEXT() REPRESENTATION_CONTEXT('2D SPACE',''
  ) );
#4696 = ORIENTED_EDGE('',*,*,#4547,.F.);
#4697 = ORIENTED_EDGE('',*,*,#3552,.F.);
#4698 = ADVANCED_FACE('',(#4699),#326,.T.);
#4699 = FACE_BOUND('',#4700,.F.);
#4700 = EDGE_LOOP('',(#4701,#4702,#4726,#4747));
#4701 = ORIENTED_EDGE('',*,*,#4626,.T.);
#4702 = ORIENTED_EDGE('',*,*,#4703,.T.);
#4703 = EDGE_CURVE('',#4599,#4704,#4706,.T.);
#4704 = VERTEX_POINT('',#4705);
#4705 = CARTESIAN_POINT('',(6.,10.025322642402,6.364631247428));
#4706 = SURFACE_CURVE('',#4707,(#4712,#4719),.PCURVE_S1.);
#4707 = CIRCLE('',#4708,11.874999999998);
#4708 = AXIS2_PLACEMENT_3D('',#4709,#4710,#4711);
#4709 = CARTESIAN_POINT('',(6.,1.76473546019E-12,1.039051984479E-12));
#4710 = DIRECTION('',(1.,0.,-0.));
#4711 = DIRECTION('',(0.,0.886281571974,0.463146818168));
#4712 = PCURVE('',#326,#4713);
#4713 = DEFINITIONAL_REPRESENTATION('',(#4714),#4718);
#4714 = LINE('',#4715,#4716);
#4715 = CARTESIAN_POINT('',(-0.,-6.));
#4716 = VECTOR('',#4717,1.);
#4717 = DIRECTION('',(-1.,0.));
#4718 = ( GEOMETRIC_REPRESENTATION_CONTEXT(2) 
PARAMETRIC_REPRESENTATION_CONTEXT() REPRESENTATION_CONTEXT('2D SPACE',''
  ) );
#4719 = PCURVE('',#3898,#4720);
#4720 = DEFINITIONAL_REPRESENTATION('',(#4721),#4725);
#4721 = CIRCLE('',#4722,11.874999999998);
#4722 = AXIS2_PLACEMENT_2D('',#4723,#4724);
#4723 = CARTESIAN_POINT('',(1.040251984479E-12,-1.76758546019E-12));
#4724 = DIRECTION('',(0.463146818168,-0.886281571974));
#4725 = ( GEOMETRIC_REPRESENTATION_CONTEXT(2) 
PARAMETRIC_REPRESENTATION_CONTEXT() REPRESENTATION_CONTEXT('2D SPACE',''
  ) );
#4726 = ORIENTED_EDGE('',*,*,#4727,.F.);
#4727 = EDGE_CURVE('',#310,#4704,#4728,.T.);
#4728 = SURFACE_CURVE('',#4729,(#4733,#4740),.PCURVE_S1.);
#4729 = LINE('',#4730,#4731);
#4730 = CARTESIAN_POINT('',(0.,10.025322642402,6.364631247428));
#4731 = VECTOR('',#4732,1.);
#4732 = DIRECTION('',(1.,0.,0.));
#4733 = PCURVE('',#326,#4734);
#4734 = DEFINITIONAL_REPRESENTATION('',(#4735),#4739);
#4735 = LINE('',#4736,#4737);
#4736 = CARTESIAN_POINT('',(-8.411254474861E-02,0.));
#4737 = VECTOR('',#4738,1.);
#4738 = DIRECTION('',(-0.,-1.));
#4739 = ( GEOMETRIC_REPRESENTATION_CONTEXT(2) 
PARAMETRIC_REPRESENTATION_CONTEXT() REPRESENTATION_CONTEXT('2D SPACE',''
  ) );
#4740 = PCURVE('',#359,#4741);
#4741 = DEFINITIONAL_REPRESENTATION('',(#4742),#4746);
#4742 = LINE('',#4743,#4744);
#4743 = CARTESIAN_POINT('',(0.,0.));
#4744 = VECTOR('',#4745,1.);
#4745 = DIRECTION('',(0.,-1.));
#4746 = ( GEOMETRIC_REPRESENTATION_CONTEXT(2) 
PARAMETRIC_REPRESENTATION_CONTEXT() REPRESENTATION_CONTEXT('2D SPACE',''
  ) );
#4747 = ORIENTED_EDGE('',*,*,#309,.F.);
#4748 = ADVANCED_FACE('',(#4749),#3537,.F.);
#4749 = FACE_BOUND('',#4750,.F.);
#4750 = EDGE_LOOP('',(#4751,#4774,#4797,#4798));
#4751 = ORIENTED_EDGE('',*,*,#4752,.T.);
#4752 = EDGE_CURVE('',#3492,#4753,#4755,.T.);
#4753 = VERTEX_POINT('',#4754);
#4754 = CARTESIAN_POINT('',(6.,12.978013622375,-5.601483934542));
#4755 = SURFACE_CURVE('',#4756,(#4760,#4767),.PCURVE_S1.);
#4756 = LINE('',#4757,#4758);
#4757 = CARTESIAN_POINT('',(0.,12.978013622375,-5.601483934542));
#4758 = VECTOR('',#4759,1.);
#4759 = DIRECTION('',(1.,0.,0.));
#4760 = PCURVE('',#3537,#4761);
#4761 = DEFINITIONAL_REPRESENTATION('',(#4762),#4766);
#4762 = LINE('',#4763,#4764);
#4763 = CARTESIAN_POINT('',(0.,0.));
#4764 = VECTOR('',#4765,1.);
#4765 = DIRECTION('',(0.,-1.));
#4766 = ( GEOMETRIC_REPRESENTATION_CONTEXT(2) 
PARAMETRIC_REPRESENTATION_CONTEXT() REPRESENTATION_CONTEXT('2D SPACE',''
  ) );
#4767 = PCURVE('',#3507,#4768);
#4768 = DEFINITIONAL_REPRESENTATION('',(#4769),#4773);
#4769 = LINE('',#4770,#4771);
#4770 = CARTESIAN_POINT('',(1.310257364179,0.));
#4771 = VECTOR('',#4772,1.);
#4772 = DIRECTION('',(0.,-1.));
#4773 = ( GEOMETRIC_REPRESENTATION_CONTEXT(2) 
PARAMETRIC_REPRESENTATION_CONTEXT() REPRESENTATION_CONTEXT('2D SPACE',''
  ) );
#4774 = ORIENTED_EDGE('',*,*,#4775,.T.);
#4775 = EDGE_CURVE('',#4753,#4652,#4776,.T.);
#4776 = SURFACE_CURVE('',#4777,(#4782,#4789),.PCURVE_S1.);
#4777 = B_SPLINE_CURVE_WITH_KNOTS('',3,(#4778,#4779,#4780,#4781),
  .UNSPECIFIED.,.F.,.F.,(4,4),(0.,1.),.PIECEWISE_BEZIER_KNOTS.);
#4778 = CARTESIAN_POINT('',(6.,12.978013622375,-5.601483934542));
#4779 = CARTESIAN_POINT('',(6.,13.0759698801,-5.635352286709));
#4780 = CARTESIAN_POINT('',(6.,13.374004355833,-5.7223296183));
#4781 = CARTESIAN_POINT('',(6.,13.908784709413,-5.742624560372));
#4782 = PCURVE('',#3537,#4783);
#4783 = DEFINITIONAL_REPRESENTATION('',(#4784),#4788);
#4784 = LINE('',#4785,#4786);
#4785 = CARTESIAN_POINT('',(0.,-6.));
#4786 = VECTOR('',#4787,1.);
#4787 = DIRECTION('',(1.,0.));
#4788 = ( GEOMETRIC_REPRESENTATION_CONTEXT(2) 
PARAMETRIC_REPRESENTATION_CONTEXT() REPRESENTATION_CONTEXT('2D SPACE',''
  ) );
#4789 = PCURVE('',#3898,#4790);
#4790 = DEFINITIONAL_REPRESENTATION('',(#4791),#4796);
#4791 = B_SPLINE_CURVE_WITH_KNOTS('',3,(#4792,#4793,#4794,#4795),
  .UNSPECIFIED.,.F.,.F.,(4,4),(0.,1.),.PIECEWISE_BEZIER_KNOTS.);
#4792 = CARTESIAN_POINT('',(-5.601483934542,-12.97801362237));
#4793 = CARTESIAN_POINT('',(-5.635352286709,-13.0759698801));
#4794 = CARTESIAN_POINT('',(-5.7223296183,-13.37400435583));
#4795 = CARTESIAN_POINT('',(-5.742624560372,-13.90878470941));
#4796 = ( GEOMETRIC_REPRESENTATION_CONTEXT(2) 
PARAMETRIC_REPRESENTATION_CONTEXT() REPRESENTATION_CONTEXT('2D SPACE',''
  ) );
#4797 = ORIENTED_EDGE('',*,*,#4651,.F.);
#4798 = ORIENTED_EDGE('',*,*,#3519,.F.);
#4799 = ADVANCED_FACE('',(#4800),#359,.F.);
#4800 = FACE_BOUND('',#4801,.F.);
#4801 = EDGE_LOOP('',(#4802,#4803,#4831,#4852));
#4802 = ORIENTED_EDGE('',*,*,#4727,.T.);
#4803 = ORIENTED_EDGE('',*,*,#4804,.T.);
#4804 = EDGE_CURVE('',#4704,#4805,#4807,.T.);
#4805 = VERTEX_POINT('',#4806);
#4806 = CARTESIAN_POINT('',(6.,10.289986158271,7.654855312976));
#4807 = SURFACE_CURVE('',#4808,(#4813,#4820),.PCURVE_S1.);
#4808 = CIRCLE('',#4809,0.95);
#4809 = AXIS2_PLACEMENT_3D('',#4810,#4811,#4812);
#4810 = CARTESIAN_POINT('',(6.,10.828391496059,6.872155056019));
#4811 = DIRECTION('',(-1.,0.,0.));
#4812 = DIRECTION('',(-0.,-0.845335635428,-0.534235587991));
#4813 = PCURVE('',#359,#4814);
#4814 = DEFINITIONAL_REPRESENTATION('',(#4815),#4819);
#4815 = LINE('',#4816,#4817);
#4816 = CARTESIAN_POINT('',(0.,-6.));
#4817 = VECTOR('',#4818,1.);
#4818 = DIRECTION('',(1.,0.));
#4819 = ( GEOMETRIC_REPRESENTATION_CONTEXT(2) 
PARAMETRIC_REPRESENTATION_CONTEXT() REPRESENTATION_CONTEXT('2D SPACE',''
  ) );
#4820 = PCURVE('',#3898,#4821);
#4821 = DEFINITIONAL_REPRESENTATION('',(#4822),#4830);
#4822 = ( BOUNDED_CURVE() B_SPLINE_CURVE(2,(#4823,#4824,#4825,#4826,
#4827,#4828,#4829),.UNSPECIFIED.,.T.,.F.) B_SPLINE_CURVE_WITH_KNOTS((1,2
    ,2,2,2,1),(-2.094395102393,0.,2.094395102393,4.188790204786,
6.28318530718,8.377580409573),.UNSPECIFIED.) CURVE() 
GEOMETRIC_REPRESENTATION_ITEM() RATIONAL_B_SPLINE_CURVE((1.,0.5,1.,0.5,
1.,0.5,1.)) REPRESENTATION_ITEM('') );
#4823 = CARTESIAN_POINT('',(6.364631247428,-10.0253226424));
#4824 = CARTESIAN_POINT('',(7.755587303937,-9.146265619872));
#4825 = CARTESIAN_POINT('',(7.821394988569,-10.79039741162));
#4826 = CARTESIAN_POINT('',(7.887202673201,-12.43452920337));
#4827 = CARTESIAN_POINT('',(6.430438932059,-11.66945443415));
#4828 = CARTESIAN_POINT('',(4.973675190918,-10.90437966493));
#4829 = CARTESIAN_POINT('',(6.364631247428,-10.0253226424));
#4830 = ( GEOMETRIC_REPRESENTATION_CONTEXT(2) 
PARAMETRIC_REPRESENTATION_CONTEXT() REPRESENTATION_CONTEXT('2D SPACE',''
  ) );
#4831 = ORIENTED_EDGE('',*,*,#4832,.F.);
#4832 = EDGE_CURVE('',#339,#4805,#4833,.T.);
#4833 = SURFACE_CURVE('',#4834,(#4838,#4845),.PCURVE_S1.);
#4834 = LINE('',#4835,#4836);
#4835 = CARTESIAN_POINT('',(0.,10.289986158271,7.654855312976));
#4836 = VECTOR('',#4837,1.);
#4837 = DIRECTION('',(1.,0.,0.));
#4838 = PCURVE('',#359,#4839);
#4839 = DEFINITIONAL_REPRESENTATION('',(#4840),#4844);
#4840 = LINE('',#4841,#4842);
#4841 = CARTESIAN_POINT('',(1.531852919448,0.));
#4842 = VECTOR('',#4843,1.);
#4843 = DIRECTION('',(0.,-1.));
#4844 = ( GEOMETRIC_REPRESENTATION_CONTEXT(2) 
PARAMETRIC_REPRESENTATION_CONTEXT() REPRESENTATION_CONTEXT('2D SPACE',''
  ) );
#4845 = PCURVE('',#387,#4846);
#4846 = DEFINITIONAL_REPRESENTATION('',(#4847),#4851);
#4847 = LINE('',#4848,#4849);
#4848 = CARTESIAN_POINT('',(0.,0.));
#4849 = VECTOR('',#4850,1.);
#4850 = DIRECTION('',(0.,-1.));
#4851 = ( GEOMETRIC_REPRESENTATION_CONTEXT(2) 
PARAMETRIC_REPRESENTATION_CONTEXT() REPRESENTATION_CONTEXT('2D SPACE',''
  ) );
#4852 = ORIENTED_EDGE('',*,*,#338,.F.);
#4853 = ADVANCED_FACE('',(#4854),#3507,.F.);
#4854 = FACE_BOUND('',#4855,.F.);
#4855 = EDGE_LOOP('',(#4856,#4879,#4900,#4901));
#4856 = ORIENTED_EDGE('',*,*,#4857,.T.);
#4857 = EDGE_CURVE('',#3459,#4858,#4860,.T.);
#4858 = VERTEX_POINT('',#4859);
#4859 = CARTESIAN_POINT('',(6.,11.774292242467,-5.083961761165));
#4860 = SURFACE_CURVE('',#4861,(#4865,#4872),.PCURVE_S1.);
#4861 = LINE('',#4862,#4863);
#4862 = CARTESIAN_POINT('',(0.,11.774292242467,-5.083961761165));
#4863 = VECTOR('',#4864,1.);
#4864 = DIRECTION('',(1.,0.,0.));
#4865 = PCURVE('',#3507,#4866);
#4866 = DEFINITIONAL_REPRESENTATION('',(#4867),#4871);
#4867 = LINE('',#4868,#4869);
#4868 = CARTESIAN_POINT('',(0.,0.));
#4869 = VECTOR('',#4870,1.);
#4870 = DIRECTION('',(0.,-1.));
#4871 = ( GEOMETRIC_REPRESENTATION_CONTEXT(2) 
PARAMETRIC_REPRESENTATION_CONTEXT() REPRESENTATION_CONTEXT('2D SPACE',''
  ) );
#4872 = PCURVE('',#3479,#4873);
#4873 = DEFINITIONAL_REPRESENTATION('',(#4874),#4878);
#4874 = LINE('',#4875,#4876);
#4875 = CARTESIAN_POINT('',(1.531852919448,0.));
#4876 = VECTOR('',#4877,1.);
#4877 = DIRECTION('',(0.,-1.));
#4878 = ( GEOMETRIC_REPRESENTATION_CONTEXT(2) 
PARAMETRIC_REPRESENTATION_CONTEXT() REPRESENTATION_CONTEXT('2D SPACE',''
  ) );
#4879 = ORIENTED_EDGE('',*,*,#4880,.T.);
#4880 = EDGE_CURVE('',#4858,#4753,#4881,.T.);
#4881 = SURFACE_CURVE('',#4882,(#4886,#4893),.PCURVE_S1.);
#4882 = LINE('',#4883,#4884);
#4883 = CARTESIAN_POINT('',(6.,11.774292242467,-5.083961761165));
#4884 = VECTOR('',#4885,1.);
#4885 = DIRECTION('',(0.,0.918690795272,-0.394977496426));
#4886 = PCURVE('',#3507,#4887);
#4887 = DEFINITIONAL_REPRESENTATION('',(#4888),#4892);
#4888 = LINE('',#4889,#4890);
#4889 = CARTESIAN_POINT('',(-1.631922677475E-15,-6.));
#4890 = VECTOR('',#4891,1.);
#4891 = DIRECTION('',(1.,0.));
#4892 = ( GEOMETRIC_REPRESENTATION_CONTEXT(2) 
PARAMETRIC_REPRESENTATION_CONTEXT() REPRESENTATION_CONTEXT('2D SPACE',''
  ) );
#4893 = PCURVE('',#3898,#4894);
#4894 = DEFINITIONAL_REPRESENTATION('',(#4895),#4899);
#4895 = LINE('',#4896,#4897);
#4896 = CARTESIAN_POINT('',(-5.083961761165,-11.77429224246));
#4897 = VECTOR('',#4898,1.);
#4898 = DIRECTION('',(-0.394977496426,-0.918690795272));
#4899 = ( GEOMETRIC_REPRESENTATION_CONTEXT(2) 
PARAMETRIC_REPRESENTATION_CONTEXT() REPRESENTATION_CONTEXT('2D SPACE',''
  ) );
#4900 = ORIENTED_EDGE('',*,*,#4752,.F.);
#4901 = ORIENTED_EDGE('',*,*,#3491,.F.);
#4902 = ADVANCED_FACE('',(#4903),#387,.F.);
#4903 = FACE_BOUND('',#4904,.F.);
#4904 = EDGE_LOOP('',(#4905,#4906,#4929,#4950));
#4905 = ORIENTED_EDGE('',*,*,#4832,.T.);
#4906 = ORIENTED_EDGE('',*,*,#4907,.T.);
#4907 = EDGE_CURVE('',#4805,#4908,#4910,.T.);
#4908 = VERTEX_POINT('',#4909);
#4909 = CARTESIAN_POINT('',(6.,11.340034197391,8.438547520367));
#4910 = SURFACE_CURVE('',#4911,(#4915,#4922),.PCURVE_S1.);
#4911 = LINE('',#4912,#4913);
#4912 = CARTESIAN_POINT('',(6.,10.289986158271,7.654855312976));
#4913 = VECTOR('',#4914,1.);
#4914 = DIRECTION('',(0.,0.801405943464,0.598120818715));
#4915 = PCURVE('',#387,#4916);
#4916 = DEFINITIONAL_REPRESENTATION('',(#4917),#4921);
#4917 = LINE('',#4918,#4919);
#4918 = CARTESIAN_POINT('',(0.,-6.));
#4919 = VECTOR('',#4920,1.);
#4920 = DIRECTION('',(1.,0.));
#4921 = ( GEOMETRIC_REPRESENTATION_CONTEXT(2) 
PARAMETRIC_REPRESENTATION_CONTEXT() REPRESENTATION_CONTEXT('2D SPACE',''
  ) );
#4922 = PCURVE('',#3898,#4923);
#4923 = DEFINITIONAL_REPRESENTATION('',(#4924),#4928);
#4924 = LINE('',#4925,#4926);
#4925 = CARTESIAN_POINT('',(7.654855312976,-10.28998615827));
#4926 = VECTOR('',#4927,1.);
#4927 = DIRECTION('',(0.598120818715,-0.801405943464));
#4928 = ( GEOMETRIC_REPRESENTATION_CONTEXT(2) 
PARAMETRIC_REPRESENTATION_CONTEXT() REPRESENTATION_CONTEXT('2D SPACE',''
  ) );
#4929 = ORIENTED_EDGE('',*,*,#4930,.F.);
#4930 = EDGE_CURVE('',#372,#4908,#4931,.T.);
#4931 = SURFACE_CURVE('',#4932,(#4936,#4943),.PCURVE_S1.);
#4932 = LINE('',#4933,#4934);
#4933 = CARTESIAN_POINT('',(0.,11.340034197391,8.438547520367));
#4934 = VECTOR('',#4935,1.);
#4935 = DIRECTION('',(1.,0.,0.));
#4936 = PCURVE('',#387,#4937);
#4937 = DEFINITIONAL_REPRESENTATION('',(#4938),#4942);
#4938 = LINE('',#4939,#4940);
#4939 = CARTESIAN_POINT('',(1.310257364179,0.));
#4940 = VECTOR('',#4941,1.);
#4941 = DIRECTION('',(0.,-1.));
#4942 = ( GEOMETRIC_REPRESENTATION_CONTEXT(2) 
PARAMETRIC_REPRESENTATION_CONTEXT() REPRESENTATION_CONTEXT('2D SPACE',''
  ) );
#4943 = PCURVE('',#417,#4944);
#4944 = DEFINITIONAL_REPRESENTATION('',(#4945),#4949);
#4945 = LINE('',#4946,#4947);
#4946 = CARTESIAN_POINT('',(0.,0.));
#4947 = VECTOR('',#4948,1.);
#4948 = DIRECTION('',(0.,-1.));
#4949 = ( GEOMETRIC_REPRESENTATION_CONTEXT(2) 
PARAMETRIC_REPRESENTATION_CONTEXT() REPRESENTATION_CONTEXT('2D SPACE',''
  ) );
#4950 = ORIENTED_EDGE('',*,*,#371,.F.);
#4951 = ADVANCED_FACE('',(#4952),#3479,.F.);
#4952 = FACE_BOUND('',#4953,.F.);
#4953 = EDGE_LOOP('',(#4954,#4977,#5003,#5004));
#4954 = ORIENTED_EDGE('',*,*,#4955,.T.);
#4955 = EDGE_CURVE('',#3430,#4956,#4958,.T.);
#4956 = VERTEX_POINT('',#4957);
#4957 = CARTESIAN_POINT('',(6.,10.524593667194,-5.499868465742));
#4958 = SURFACE_CURVE('',#4959,(#4963,#4970),.PCURVE_S1.);
#4959 = LINE('',#4960,#4961);
#4960 = CARTESIAN_POINT('',(0.,10.524593667194,-5.499868465742));
#4961 = VECTOR('',#4962,1.);
#4962 = DIRECTION('',(1.,0.,0.));
#4963 = PCURVE('',#3479,#4964);
#4964 = DEFINITIONAL_REPRESENTATION('',(#4965),#4969);
#4965 = LINE('',#4966,#4967);
#4966 = CARTESIAN_POINT('',(0.,0.));
#4967 = VECTOR('',#4968,1.);
#4968 = DIRECTION('',(0.,-1.));
#4969 = ( GEOMETRIC_REPRESENTATION_CONTEXT(2) 
PARAMETRIC_REPRESENTATION_CONTEXT() REPRESENTATION_CONTEXT('2D SPACE',''
  ) );
#4970 = PCURVE('',#3446,#4971);
#4971 = DEFINITIONAL_REPRESENTATION('',(#4972),#4976);
#4972 = LINE('',#4973,#4974);
#4973 = CARTESIAN_POINT('',(-8.41125447486E-02,0.));
#4974 = VECTOR('',#4975,1.);
#4975 = DIRECTION('',(-0.,-1.));
#4976 = ( GEOMETRIC_REPRESENTATION_CONTEXT(2) 
PARAMETRIC_REPRESENTATION_CONTEXT() REPRESENTATION_CONTEXT('2D SPACE',''
  ) );
#4977 = ORIENTED_EDGE('',*,*,#4978,.T.);
#4978 = EDGE_CURVE('',#4956,#4858,#4979,.T.);
#4979 = SURFACE_CURVE('',#4980,(#4985,#4992),.PCURVE_S1.);
#4980 = CIRCLE('',#4981,0.95);
#4981 = AXIS2_PLACEMENT_3D('',#4982,#4983,#4984);
#4982 = CARTESIAN_POINT('',(6.,11.365656605287,-5.941584589701));
#4983 = DIRECTION('',(-1.,0.,0.));
#4984 = DIRECTION('',(0.,-0.885329408519,0.46496434101));
#4985 = PCURVE('',#3479,#4986);
#4986 = DEFINITIONAL_REPRESENTATION('',(#4987),#4991);
#4987 = LINE('',#4988,#4989);
#4988 = CARTESIAN_POINT('',(0.,-6.));
#4989 = VECTOR('',#4990,1.);
#4990 = DIRECTION('',(1.,0.));
#4991 = ( GEOMETRIC_REPRESENTATION_CONTEXT(2) 
PARAMETRIC_REPRESENTATION_CONTEXT() REPRESENTATION_CONTEXT('2D SPACE',''
  ) );
#4992 = PCURVE('',#3898,#4993);
#4993 = DEFINITIONAL_REPRESENTATION('',(#4994),#5002);
#4994 = ( BOUNDED_CURVE() B_SPLINE_CURVE(2,(#4995,#4996,#4997,#4998,
#4999,#5000,#5001),.UNSPECIFIED.,.T.,.F.) B_SPLINE_CURVE_WITH_KNOTS((1,2
    ,2,2,2,1),(-2.094395102393,0.,2.094395102393,4.188790204786,
6.28318530718,8.377580409573),.UNSPECIFIED.) CURVE() 
GEOMETRIC_REPRESENTATION_ITEM() RATIONAL_B_SPLINE_CURVE((1.,0.5,1.,0.5,
1.,0.5,1.)) REPRESENTATION_ITEM('') );
#4995 = CARTESIAN_POINT('',(-5.499868465742,-10.52459366719));
#4996 = CARTESIAN_POINT('',(-4.043104724601,-11.28966843641));
#4997 = CARTESIAN_POINT('',(-5.43406078111,-12.16872545894));
#4998 = CARTESIAN_POINT('',(-6.82501683762,-13.04778248147));
#4999 = CARTESIAN_POINT('',(-6.890824522251,-11.40365068972));
#5000 = CARTESIAN_POINT('',(-6.956632206883,-9.759518897974));
#5001 = CARTESIAN_POINT('',(-5.499868465742,-10.52459366719));
#5002 = ( GEOMETRIC_REPRESENTATION_CONTEXT(2) 
PARAMETRIC_REPRESENTATION_CONTEXT() REPRESENTATION_CONTEXT('2D SPACE',''
  ) );
#5003 = ORIENTED_EDGE('',*,*,#4857,.F.);
#5004 = ORIENTED_EDGE('',*,*,#3458,.F.);
#5005 = ADVANCED_FACE('',(#5006),#417,.F.);
#5006 = FACE_BOUND('',#5007,.F.);
#5007 = EDGE_LOOP('',(#5008,#5009,#5034,#5055));
#5008 = ORIENTED_EDGE('',*,*,#4930,.T.);
#5009 = ORIENTED_EDGE('',*,*,#5010,.T.);
#5010 = EDGE_CURVE('',#4908,#5011,#5013,.T.);
#5011 = VERTEX_POINT('',#5012);
#5012 = CARTESIAN_POINT('',(6.,11.927651108385,9.174048613935));
#5013 = SURFACE_CURVE('',#5014,(#5019,#5026),.PCURVE_S1.);
#5014 = B_SPLINE_CURVE_WITH_KNOTS('',3,(#5015,#5016,#5017,#5018),
  .UNSPECIFIED.,.F.,.F.,(4,4),(0.,1.),.PIECEWISE_BEZIER_KNOTS.);
#5015 = CARTESIAN_POINT('',(6.,11.340034197391,8.438547520367));
#5016 = CARTESIAN_POINT('',(6.,11.418343179615,8.506445951932));
#5017 = CARTESIAN_POINT('',(6.,11.642684996192,8.721062713325));
#5018 = CARTESIAN_POINT('',(6.,11.927651108385,9.174048613935));
#5019 = PCURVE('',#417,#5020);
#5020 = DEFINITIONAL_REPRESENTATION('',(#5021),#5025);
#5021 = LINE('',#5022,#5023);
#5022 = CARTESIAN_POINT('',(0.,-6.));
#5023 = VECTOR('',#5024,1.);
#5024 = DIRECTION('',(1.,0.));
#5025 = ( GEOMETRIC_REPRESENTATION_CONTEXT(2) 
PARAMETRIC_REPRESENTATION_CONTEXT() REPRESENTATION_CONTEXT('2D SPACE',''
  ) );
#5026 = PCURVE('',#3898,#5027);
#5027 = DEFINITIONAL_REPRESENTATION('',(#5028),#5033);
#5028 = B_SPLINE_CURVE_WITH_KNOTS('',3,(#5029,#5030,#5031,#5032),
  .UNSPECIFIED.,.F.,.F.,(4,4),(0.,1.),.PIECEWISE_BEZIER_KNOTS.);
#5029 = CARTESIAN_POINT('',(8.438547520367,-11.34003419739));
#5030 = CARTESIAN_POINT('',(8.506445951932,-11.41834317961));
#5031 = CARTESIAN_POINT('',(8.721062713325,-11.64268499619));
#5032 = CARTESIAN_POINT('',(9.174048613935,-11.92765110838));
#5033 = ( GEOMETRIC_REPRESENTATION_CONTEXT(2) 
PARAMETRIC_REPRESENTATION_CONTEXT() REPRESENTATION_CONTEXT('2D SPACE',''
  ) );
#5034 = ORIENTED_EDGE('',*,*,#5035,.F.);
#5035 = EDGE_CURVE('',#400,#5011,#5036,.T.);
#5036 = SURFACE_CURVE('',#5037,(#5041,#5048),.PCURVE_S1.);
#5037 = LINE('',#5038,#5039);
#5038 = CARTESIAN_POINT('',(0.,11.927651108385,9.174048613935));
#5039 = VECTOR('',#5040,1.);
#5040 = DIRECTION('',(1.,0.,0.));
#5041 = PCURVE('',#417,#5042);
#5042 = DEFINITIONAL_REPRESENTATION('',(#5043),#5047);
#5043 = LINE('',#5044,#5045);
#5044 = CARTESIAN_POINT('',(1.,0.));
#5045 = VECTOR('',#5046,1.);
#5046 = DIRECTION('',(0.,-1.));
#5047 = ( GEOMETRIC_REPRESENTATION_CONTEXT(2) 
PARAMETRIC_REPRESENTATION_CONTEXT() REPRESENTATION_CONTEXT('2D SPACE',''
  ) );
#5048 = PCURVE('',#450,#5049);
#5049 = DEFINITIONAL_REPRESENTATION('',(#5050),#5054);
#5050 = LINE('',#5051,#5052);
#5051 = CARTESIAN_POINT('',(0.,0.));
#5052 = VECTOR('',#5053,1.);
#5053 = DIRECTION('',(0.,-1.));
#5054 = ( GEOMETRIC_REPRESENTATION_CONTEXT(2) 
PARAMETRIC_REPRESENTATION_CONTEXT() REPRESENTATION_CONTEXT('2D SPACE',''
  ) );
#5055 = ORIENTED_EDGE('',*,*,#399,.F.);
#5056 = ADVANCED_FACE('',(#5057),#3446,.T.);
#5057 = FACE_BOUND('',#5058,.F.);
#5058 = EDGE_LOOP('',(#5059,#5082,#5104,#5105));
#5059 = ORIENTED_EDGE('',*,*,#5060,.T.);
#5060 = EDGE_CURVE('',#3397,#5061,#5063,.T.);
#5061 = VERTEX_POINT('',#5062);
#5062 = CARTESIAN_POINT('',(6.,10.025322642402,-6.364631247428));
#5063 = SURFACE_CURVE('',#5064,(#5068,#5075),.PCURVE_S1.);
#5064 = LINE('',#5065,#5066);
#5065 = CARTESIAN_POINT('',(0.,10.025322642402,-6.364631247428));
#5066 = VECTOR('',#5067,1.);
#5067 = DIRECTION('',(1.,0.,0.));
#5068 = PCURVE('',#3446,#5069);
#5069 = DEFINITIONAL_REPRESENTATION('',(#5070),#5074);
#5070 = LINE('',#5071,#5072);
#5071 = CARTESIAN_POINT('',(-0.,0.));
#5072 = VECTOR('',#5073,1.);
#5073 = DIRECTION('',(-0.,-1.));
#5074 = ( GEOMETRIC_REPRESENTATION_CONTEXT(2) 
PARAMETRIC_REPRESENTATION_CONTEXT() REPRESENTATION_CONTEXT('2D SPACE',''
  ) );
#5075 = PCURVE('',#3417,#5076);
#5076 = DEFINITIONAL_REPRESENTATION('',(#5077),#5081);
#5077 = LINE('',#5078,#5079);
#5078 = CARTESIAN_POINT('',(1.531852919448,0.));
#5079 = VECTOR('',#5080,1.);
#5080 = DIRECTION('',(0.,-1.));
#5081 = ( GEOMETRIC_REPRESENTATION_CONTEXT(2) 
PARAMETRIC_REPRESENTATION_CONTEXT() REPRESENTATION_CONTEXT('2D SPACE',''
  ) );
#5082 = ORIENTED_EDGE('',*,*,#5083,.T.);
#5083 = EDGE_CURVE('',#5061,#4956,#5084,.T.);
#5084 = SURFACE_CURVE('',#5085,(#5090,#5097),.PCURVE_S1.);
#5085 = CIRCLE('',#5086,11.874999999999);
#5086 = AXIS2_PLACEMENT_3D('',#5087,#5088,#5089);
#5087 = CARTESIAN_POINT('',(6.,5.404901808828E-13,-2.910273644681E-13));
#5088 = DIRECTION('',(1.,-0.,0.));
#5089 = DIRECTION('',(0.,0.844237696202,-0.535968947152));
#5090 = PCURVE('',#3446,#5091);
#5091 = DEFINITIONAL_REPRESENTATION('',(#5092),#5096);
#5092 = LINE('',#5093,#5094);
#5093 = CARTESIAN_POINT('',(-0.,-6.));
#5094 = VECTOR('',#5095,1.);
#5095 = DIRECTION('',(-1.,0.));
#5096 = ( GEOMETRIC_REPRESENTATION_CONTEXT(2) 
PARAMETRIC_REPRESENTATION_CONTEXT() REPRESENTATION_CONTEXT('2D SPACE',''
  ) );
#5097 = PCURVE('',#3898,#5098);
#5098 = DEFINITIONAL_REPRESENTATION('',(#5099),#5103);
#5099 = CIRCLE('',#5100,11.874999999999);
#5100 = AXIS2_PLACEMENT_2D('',#5101,#5102);
#5101 = CARTESIAN_POINT('',(-2.898273644681E-13,-5.433401808828E-13));
#5102 = DIRECTION('',(-0.535968947152,-0.844237696202));
#5103 = ( GEOMETRIC_REPRESENTATION_CONTEXT(2) 
PARAMETRIC_REPRESENTATION_CONTEXT() REPRESENTATION_CONTEXT('2D SPACE',''
  ) );
#5104 = ORIENTED_EDGE('',*,*,#4955,.F.);
#5105 = ORIENTED_EDGE('',*,*,#3429,.F.);
#5106 = ADVANCED_FACE('',(#5107),#450,.F.);
#5107 = FACE_BOUND('',#5108,.F.);
#5108 = EDGE_LOOP('',(#5109,#5110,#5135,#5156));
#5109 = ORIENTED_EDGE('',*,*,#5035,.T.);
#5110 = ORIENTED_EDGE('',*,*,#5111,.T.);
#5111 = EDGE_CURVE('',#5011,#5112,#5114,.T.);
#5112 = VERTEX_POINT('',#5113);
#5113 = CARTESIAN_POINT('',(6.,12.912247273154,11.817092457245));
#5114 = SURFACE_CURVE('',#5115,(#5120,#5127),.PCURVE_S1.);
#5115 = B_SPLINE_CURVE_WITH_KNOTS('',3,(#5116,#5117,#5118,#5119),
  .UNSPECIFIED.,.F.,.F.,(4,4),(0.,1.),.PIECEWISE_BEZIER_KNOTS.);
#5116 = CARTESIAN_POINT('',(6.,11.927651108385,9.174048613935));
#5117 = CARTESIAN_POINT('',(6.,12.26427780193,9.71583046277));
#5118 = CARTESIAN_POINT('',(6.,12.661896546512,10.569001021696));
#5119 = CARTESIAN_POINT('',(6.,12.912247273154,11.817092457245));
#5120 = PCURVE('',#450,#5121);
#5121 = DEFINITIONAL_REPRESENTATION('',(#5122),#5126);
#5122 = LINE('',#5123,#5124);
#5123 = CARTESIAN_POINT('',(0.,-6.));
#5124 = VECTOR('',#5125,1.);
#5125 = DIRECTION('',(1.,0.));
#5126 = ( GEOMETRIC_REPRESENTATION_CONTEXT(2) 
PARAMETRIC_REPRESENTATION_CONTEXT() REPRESENTATION_CONTEXT('2D SPACE',''
  ) );
#5127 = PCURVE('',#3898,#5128);
#5128 = DEFINITIONAL_REPRESENTATION('',(#5129),#5134);
#5129 = B_SPLINE_CURVE_WITH_KNOTS('',3,(#5130,#5131,#5132,#5133),
  .UNSPECIFIED.,.F.,.F.,(4,4),(0.,1.),.PIECEWISE_BEZIER_KNOTS.);
#5130 = CARTESIAN_POINT('',(9.174048613935,-11.92765110838));
#5131 = CARTESIAN_POINT('',(9.71583046277,-12.26427780193));
#5132 = CARTESIAN_POINT('',(10.569001021696,-12.66189654651));
#5133 = CARTESIAN_POINT('',(11.817092457245,-12.91224727315));
#5134 = ( GEOMETRIC_REPRESENTATION_CONTEXT(2) 
PARAMETRIC_REPRESENTATION_CONTEXT() REPRESENTATION_CONTEXT('2D SPACE',''
  ) );
#5135 = ORIENTED_EDGE('',*,*,#5136,.F.);
#5136 = EDGE_CURVE('',#433,#5112,#5137,.T.);
#5137 = SURFACE_CURVE('',#5138,(#5142,#5149),.PCURVE_S1.);
#5138 = LINE('',#5139,#5140);
#5139 = CARTESIAN_POINT('',(0.,12.912247273154,11.817092457245));
#5140 = VECTOR('',#5141,1.);
#5141 = DIRECTION('',(1.,0.,0.));
#5142 = PCURVE('',#450,#5143);
#5143 = DEFINITIONAL_REPRESENTATION('',(#5144),#5148);
#5144 = LINE('',#5145,#5146);
#5145 = CARTESIAN_POINT('',(1.,0.));
#5146 = VECTOR('',#5147,1.);
#5147 = DIRECTION('',(0.,-1.));
#5148 = ( GEOMETRIC_REPRESENTATION_CONTEXT(2) 
PARAMETRIC_REPRESENTATION_CONTEXT() REPRESENTATION_CONTEXT('2D SPACE',''
  ) );
#5149 = PCURVE('',#482,#5150);
#5150 = DEFINITIONAL_REPRESENTATION('',(#5151),#5155);
#5151 = LINE('',#5152,#5153);
#5152 = CARTESIAN_POINT('',(-0.,0.));
#5153 = VECTOR('',#5154,1.);
#5154 = DIRECTION('',(-0.,-1.));
#5155 = ( GEOMETRIC_REPRESENTATION_CONTEXT(2) 
PARAMETRIC_REPRESENTATION_CONTEXT() REPRESENTATION_CONTEXT('2D SPACE',''
  ) );
#5156 = ORIENTED_EDGE('',*,*,#432,.F.);
#5157 = ADVANCED_FACE('',(#5158),#3417,.F.);
#5158 = FACE_BOUND('',#5159,.F.);
#5159 = EDGE_LOOP('',(#5160,#5183,#5209,#5210));
#5160 = ORIENTED_EDGE('',*,*,#5161,.T.);
#5161 = EDGE_CURVE('',#3369,#5162,#5164,.T.);
#5162 = VERTEX_POINT('',#5163);
#5163 = CARTESIAN_POINT('',(6.,10.289986158271,-7.654855312976));
#5164 = SURFACE_CURVE('',#5165,(#5169,#5176),.PCURVE_S1.);
#5165 = LINE('',#5166,#5167);
#5166 = CARTESIAN_POINT('',(0.,10.289986158271,-7.654855312976));
#5167 = VECTOR('',#5168,1.);
#5168 = DIRECTION('',(1.,0.,0.));
#5169 = PCURVE('',#3417,#5170);
#5170 = DEFINITIONAL_REPRESENTATION('',(#5171),#5175);
#5171 = LINE('',#5172,#5173);
#5172 = CARTESIAN_POINT('',(0.,0.));
#5173 = VECTOR('',#5174,1.);
#5174 = DIRECTION('',(0.,-1.));
#5175 = ( GEOMETRIC_REPRESENTATION_CONTEXT(2) 
PARAMETRIC_REPRESENTATION_CONTEXT() REPRESENTATION_CONTEXT('2D SPACE',''
  ) );
#5176 = PCURVE('',#3384,#5177);
#5177 = DEFINITIONAL_REPRESENTATION('',(#5178),#5182);
#5178 = LINE('',#5179,#5180);
#5179 = CARTESIAN_POINT('',(1.310257364179,0.));
#5180 = VECTOR('',#5181,1.);
#5181 = DIRECTION('',(0.,-1.));
#5182 = ( GEOMETRIC_REPRESENTATION_CONTEXT(2) 
PARAMETRIC_REPRESENTATION_CONTEXT() REPRESENTATION_CONTEXT('2D SPACE',''
  ) );
#5183 = ORIENTED_EDGE('',*,*,#5184,.T.);
#5184 = EDGE_CURVE('',#5162,#5061,#5185,.T.);
#5185 = SURFACE_CURVE('',#5186,(#5191,#5198),.PCURVE_S1.);
#5186 = CIRCLE('',#5187,0.95);
#5187 = AXIS2_PLACEMENT_3D('',#5188,#5189,#5190);
#5188 = CARTESIAN_POINT('',(6.,10.828391496059,-6.872155056019));
#5189 = DIRECTION('',(-1.,0.,0.));
#5190 = DIRECTION('',(-0.,-0.56674246083,-0.823895007324));
#5191 = PCURVE('',#3417,#5192);
#5192 = DEFINITIONAL_REPRESENTATION('',(#5193),#5197);
#5193 = LINE('',#5194,#5195);
#5194 = CARTESIAN_POINT('',(0.,-6.));
#5195 = VECTOR('',#5196,1.);
#5196 = DIRECTION('',(1.,0.));
#5197 = ( GEOMETRIC_REPRESENTATION_CONTEXT(2) 
PARAMETRIC_REPRESENTATION_CONTEXT() REPRESENTATION_CONTEXT('2D SPACE',''
  ) );
#5198 = PCURVE('',#3898,#5199);
#5199 = DEFINITIONAL_REPRESENTATION('',(#5200),#5208);
#5200 = ( BOUNDED_CURVE() B_SPLINE_CURVE(2,(#5201,#5202,#5203,#5204,
#5205,#5206,#5207),.UNSPECIFIED.,.T.,.F.) B_SPLINE_CURVE_WITH_KNOTS((1,2
    ,2,2,2,1),(-2.094395102393,0.,2.094395102393,4.188790204786,
6.28318530718,8.377580409573),.UNSPECIFIED.) CURVE() 
GEOMETRIC_REPRESENTATION_ITEM() RATIONAL_B_SPLINE_CURVE((1.,0.5,1.,0.5,
1.,0.5,1.)) REPRESENTATION_ITEM('') );
#5201 = CARTESIAN_POINT('',(-7.654855312976,-10.28998615827));
#5202 = CARTESIAN_POINT('',(-6.72230991286,-8.934309546123));
#5203 = CARTESIAN_POINT('',(-6.014532227482,-10.41975585888));
#5204 = CARTESIAN_POINT('',(-5.306754542104,-11.90520217163));
#5205 = CARTESIAN_POINT('',(-6.947077627598,-11.77543247102));
#5206 = CARTESIAN_POINT('',(-8.587400713092,-11.64566277041));
#5207 = CARTESIAN_POINT('',(-7.654855312976,-10.28998615827));
#5208 = ( GEOMETRIC_REPRESENTATION_CONTEXT(2) 
PARAMETRIC_REPRESENTATION_CONTEXT() REPRESENTATION_CONTEXT('2D SPACE',''
  ) );
#5209 = ORIENTED_EDGE('',*,*,#5060,.F.);
#5210 = ORIENTED_EDGE('',*,*,#3396,.F.);
#5211 = ADVANCED_FACE('',(#5212),#482,.T.);
#5212 = FACE_BOUND('',#5213,.F.);
#5213 = EDGE_LOOP('',(#5214,#5215,#5239,#5260));
#5214 = ORIENTED_EDGE('',*,*,#5136,.T.);
#5215 = ORIENTED_EDGE('',*,*,#5216,.T.);
#5216 = EDGE_CURVE('',#5112,#5217,#5219,.T.);
#5217 = VERTEX_POINT('',#5218);
#5218 = CARTESIAN_POINT('',(6.,11.813579137975,12.910822899831));
#5219 = SURFACE_CURVE('',#5220,(#5225,#5232),.PCURVE_S1.);
#5220 = CIRCLE('',#5221,17.500000000002);
#5221 = AXIS2_PLACEMENT_3D('',#5222,#5223,#5224);
#5222 = CARTESIAN_POINT('',(6.,2.856241123781E-02,-2.607706695404E-02));
#5223 = DIRECTION('',(1.,0.,-0.));
#5224 = DIRECTION('',(0.,0.736210563538,0.67675254424));
#5225 = PCURVE('',#482,#5226);
#5226 = DEFINITIONAL_REPRESENTATION('',(#5227),#5231);
#5227 = LINE('',#5228,#5229);
#5228 = CARTESIAN_POINT('',(-0.,-6.));
#5229 = VECTOR('',#5230,1.);
#5230 = DIRECTION('',(-1.,0.));
#5231 = ( GEOMETRIC_REPRESENTATION_CONTEXT(2) 
PARAMETRIC_REPRESENTATION_CONTEXT() REPRESENTATION_CONTEXT('2D SPACE',''
  ) );
#5232 = PCURVE('',#3898,#5233);
#5233 = DEFINITIONAL_REPRESENTATION('',(#5234),#5238);
#5234 = CIRCLE('',#5235,17.500000000002);
#5235 = AXIS2_PLACEMENT_2D('',#5236,#5237);
#5236 = CARTESIAN_POINT('',(-2.607706695404E-02,-2.856241123782E-02));
#5237 = DIRECTION('',(0.67675254424,-0.736210563538));
#5238 = ( GEOMETRIC_REPRESENTATION_CONTEXT(2) 
PARAMETRIC_REPRESENTATION_CONTEXT() REPRESENTATION_CONTEXT('2D SPACE',''
  ) );
#5239 = ORIENTED_EDGE('',*,*,#5240,.F.);
#5240 = EDGE_CURVE('',#466,#5217,#5241,.T.);
#5241 = SURFACE_CURVE('',#5242,(#5246,#5253),.PCURVE_S1.);
#5242 = LINE('',#5243,#5244);
#5243 = CARTESIAN_POINT('',(0.,11.813579137975,12.910822899831));
#5244 = VECTOR('',#5245,1.);
#5245 = DIRECTION('',(1.,0.,0.));
#5246 = PCURVE('',#482,#5247);
#5247 = DEFINITIONAL_REPRESENTATION('',(#5248),#5252);
#5248 = LINE('',#5249,#5250);
#5249 = CARTESIAN_POINT('',(-8.861549654827E-02,0.));
#5250 = VECTOR('',#5251,1.);
#5251 = DIRECTION('',(-0.,-1.));
#5252 = ( GEOMETRIC_REPRESENTATION_CONTEXT(2) 
PARAMETRIC_REPRESENTATION_CONTEXT() REPRESENTATION_CONTEXT('2D SPACE',''
  ) );
#5253 = PCURVE('',#512,#5254);
#5254 = DEFINITIONAL_REPRESENTATION('',(#5255),#5259);
#5255 = LINE('',#5256,#5257);
#5256 = CARTESIAN_POINT('',(0.,0.));
#5257 = VECTOR('',#5258,1.);
#5258 = DIRECTION('',(0.,-1.));
#5259 = ( GEOMETRIC_REPRESENTATION_CONTEXT(2) 
PARAMETRIC_REPRESENTATION_CONTEXT() REPRESENTATION_CONTEXT('2D SPACE',''
  ) );
#5260 = ORIENTED_EDGE('',*,*,#465,.F.);
#5261 = ADVANCED_FACE('',(#5262),#3384,.F.);
#5262 = FACE_BOUND('',#5263,.F.);
#5263 = EDGE_LOOP('',(#5264,#5287,#5308,#5309));
#5264 = ORIENTED_EDGE('',*,*,#5265,.T.);
#5265 = EDGE_CURVE('',#3336,#5266,#5268,.T.);
#5266 = VERTEX_POINT('',#5267);
#5267 = CARTESIAN_POINT('',(6.,11.340034197391,-8.438547520367));
#5268 = SURFACE_CURVE('',#5269,(#5273,#5280),.PCURVE_S1.);
#5269 = LINE('',#5270,#5271);
#5270 = CARTESIAN_POINT('',(0.,11.340034197391,-8.438547520367));
#5271 = VECTOR('',#5272,1.);
#5272 = DIRECTION('',(1.,0.,0.));
#5273 = PCURVE('',#3384,#5274);
#5274 = DEFINITIONAL_REPRESENTATION('',(#5275),#5279);
#5275 = LINE('',#5276,#5277);
#5276 = CARTESIAN_POINT('',(0.,0.));
#5277 = VECTOR('',#5278,1.);
#5278 = DIRECTION('',(0.,-1.));
#5279 = ( GEOMETRIC_REPRESENTATION_CONTEXT(2) 
PARAMETRIC_REPRESENTATION_CONTEXT() REPRESENTATION_CONTEXT('2D SPACE',''
  ) );
#5280 = PCURVE('',#3353,#5281);
#5281 = DEFINITIONAL_REPRESENTATION('',(#5282),#5286);
#5282 = LINE('',#5283,#5284);
#5283 = CARTESIAN_POINT('',(1.,0.));
#5284 = VECTOR('',#5285,1.);
#5285 = DIRECTION('',(0.,-1.));
#5286 = ( GEOMETRIC_REPRESENTATION_CONTEXT(2) 
PARAMETRIC_REPRESENTATION_CONTEXT() REPRESENTATION_CONTEXT('2D SPACE',''
  ) );
#5287 = ORIENTED_EDGE('',*,*,#5288,.T.);
#5288 = EDGE_CURVE('',#5266,#5162,#5289,.T.);
#5289 = SURFACE_CURVE('',#5290,(#5294,#5301),.PCURVE_S1.);
#5290 = LINE('',#5291,#5292);
#5291 = CARTESIAN_POINT('',(6.,11.340034197391,-8.438547520367));
#5292 = VECTOR('',#5293,1.);
#5293 = DIRECTION('',(0.,-0.801405943464,0.598120818715));
#5294 = PCURVE('',#3384,#5295);
#5295 = DEFINITIONAL_REPRESENTATION('',(#5296),#5300);
#5296 = LINE('',#5297,#5298);
#5297 = CARTESIAN_POINT('',(2.486058935921E-15,-6.));
#5298 = VECTOR('',#5299,1.);
#5299 = DIRECTION('',(1.,0.));
#5300 = ( GEOMETRIC_REPRESENTATION_CONTEXT(2) 
PARAMETRIC_REPRESENTATION_CONTEXT() REPRESENTATION_CONTEXT('2D SPACE',''
  ) );
#5301 = PCURVE('',#3898,#5302);
#5302 = DEFINITIONAL_REPRESENTATION('',(#5303),#5307);
#5303 = LINE('',#5304,#5305);
#5304 = CARTESIAN_POINT('',(-8.438547520367,-11.34003419739));
#5305 = VECTOR('',#5306,1.);
#5306 = DIRECTION('',(0.598120818715,0.801405943464));
#5307 = ( GEOMETRIC_REPRESENTATION_CONTEXT(2) 
PARAMETRIC_REPRESENTATION_CONTEXT() REPRESENTATION_CONTEXT('2D SPACE',''
  ) );
#5308 = ORIENTED_EDGE('',*,*,#5161,.F.);
#5309 = ORIENTED_EDGE('',*,*,#3368,.F.);
#5310 = ADVANCED_FACE('',(#5311),#512,.F.);
#5311 = FACE_BOUND('',#5312,.F.);
#5312 = EDGE_LOOP('',(#5313,#5314,#5339,#5360));
#5313 = ORIENTED_EDGE('',*,*,#5240,.T.);
#5314 = ORIENTED_EDGE('',*,*,#5315,.T.);
#5315 = EDGE_CURVE('',#5217,#5316,#5318,.T.);
#5316 = VERTEX_POINT('',#5317);
#5317 = CARTESIAN_POINT('',(6.,9.174048613935,11.927651108385));
#5318 = SURFACE_CURVE('',#5319,(#5324,#5331),.PCURVE_S1.);
#5319 = B_SPLINE_CURVE_WITH_KNOTS('',3,(#5320,#5321,#5322,#5323),
  .UNSPECIFIED.,.F.,.F.,(4,4),(0.,1.),.PIECEWISE_BEZIER_KNOTS.);
#5320 = CARTESIAN_POINT('',(6.,11.813579137975,12.910822899831));
#5321 = CARTESIAN_POINT('',(6.,10.569001021696,12.661896546512));
#5322 = CARTESIAN_POINT('',(6.,9.71583046277,12.26427780193));
#5323 = CARTESIAN_POINT('',(6.,9.174048613935,11.927651108385));
#5324 = PCURVE('',#512,#5325);
#5325 = DEFINITIONAL_REPRESENTATION('',(#5326),#5330);
#5326 = LINE('',#5327,#5328);
#5327 = CARTESIAN_POINT('',(0.,-6.));
#5328 = VECTOR('',#5329,1.);
#5329 = DIRECTION('',(1.,0.));
#5330 = ( GEOMETRIC_REPRESENTATION_CONTEXT(2) 
PARAMETRIC_REPRESENTATION_CONTEXT() REPRESENTATION_CONTEXT('2D SPACE',''
  ) );
#5331 = PCURVE('',#3898,#5332);
#5332 = DEFINITIONAL_REPRESENTATION('',(#5333),#5338);
#5333 = B_SPLINE_CURVE_WITH_KNOTS('',3,(#5334,#5335,#5336,#5337),
  .UNSPECIFIED.,.F.,.F.,(4,4),(0.,1.),.PIECEWISE_BEZIER_KNOTS.);
#5334 = CARTESIAN_POINT('',(12.910822899831,-11.81357913797));
#5335 = CARTESIAN_POINT('',(12.661896546512,-10.56900102169));
#5336 = CARTESIAN_POINT('',(12.26427780193,-9.71583046277));
#5337 = CARTESIAN_POINT('',(11.927651108385,-9.174048613935));
#5338 = ( GEOMETRIC_REPRESENTATION_CONTEXT(2) 
PARAMETRIC_REPRESENTATION_CONTEXT() REPRESENTATION_CONTEXT('2D SPACE',''
  ) );
#5339 = ORIENTED_EDGE('',*,*,#5340,.F.);
#5340 = EDGE_CURVE('',#495,#5316,#5341,.T.);
#5341 = SURFACE_CURVE('',#5342,(#5346,#5353),.PCURVE_S1.);
#5342 = LINE('',#5343,#5344);
#5343 = CARTESIAN_POINT('',(0.,9.174048613935,11.927651108385));
#5344 = VECTOR('',#5345,1.);
#5345 = DIRECTION('',(1.,0.,0.));
#5346 = PCURVE('',#512,#5347);
#5347 = DEFINITIONAL_REPRESENTATION('',(#5348),#5352);
#5348 = LINE('',#5349,#5350);
#5349 = CARTESIAN_POINT('',(1.,0.));
#5350 = VECTOR('',#5351,1.);
#5351 = DIRECTION('',(0.,-1.));
#5352 = ( GEOMETRIC_REPRESENTATION_CONTEXT(2) 
PARAMETRIC_REPRESENTATION_CONTEXT() REPRESENTATION_CONTEXT('2D SPACE',''
  ) );
#5353 = PCURVE('',#545,#5354);
#5354 = DEFINITIONAL_REPRESENTATION('',(#5355),#5359);
#5355 = LINE('',#5356,#5357);
#5356 = CARTESIAN_POINT('',(0.,0.));
#5357 = VECTOR('',#5358,1.);
#5358 = DIRECTION('',(0.,-1.));
#5359 = ( GEOMETRIC_REPRESENTATION_CONTEXT(2) 
PARAMETRIC_REPRESENTATION_CONTEXT() REPRESENTATION_CONTEXT('2D SPACE',''
  ) );
#5360 = ORIENTED_EDGE('',*,*,#494,.F.);
#5361 = ADVANCED_FACE('',(#5362),#3353,.F.);
#5362 = FACE_BOUND('',#5363,.F.);
#5363 = EDGE_LOOP('',(#5364,#5387,#5410,#5411));
#5364 = ORIENTED_EDGE('',*,*,#5365,.T.);
#5365 = EDGE_CURVE('',#3303,#5366,#5368,.T.);
#5366 = VERTEX_POINT('',#5367);
#5367 = CARTESIAN_POINT('',(6.,11.927651108385,-9.174048613935));
#5368 = SURFACE_CURVE('',#5369,(#5373,#5380),.PCURVE_S1.);
#5369 = LINE('',#5370,#5371);
#5370 = CARTESIAN_POINT('',(0.,11.927651108385,-9.174048613935));
#5371 = VECTOR('',#5372,1.);
#5372 = DIRECTION('',(1.,0.,0.));
#5373 = PCURVE('',#3353,#5374);
#5374 = DEFINITIONAL_REPRESENTATION('',(#5375),#5379);
#5375 = LINE('',#5376,#5377);
#5376 = CARTESIAN_POINT('',(0.,0.));
#5377 = VECTOR('',#5378,1.);
#5378 = DIRECTION('',(0.,-1.));
#5379 = ( GEOMETRIC_REPRESENTATION_CONTEXT(2) 
PARAMETRIC_REPRESENTATION_CONTEXT() REPRESENTATION_CONTEXT('2D SPACE',''
  ) );
#5380 = PCURVE('',#3320,#5381);
#5381 = DEFINITIONAL_REPRESENTATION('',(#5382),#5386);
#5382 = LINE('',#5383,#5384);
#5383 = CARTESIAN_POINT('',(1.,0.));
#5384 = VECTOR('',#5385,1.);
#5385 = DIRECTION('',(0.,-1.));
#5386 = ( GEOMETRIC_REPRESENTATION_CONTEXT(2) 
PARAMETRIC_REPRESENTATION_CONTEXT() REPRESENTATION_CONTEXT('2D SPACE',''
  ) );
#5387 = ORIENTED_EDGE('',*,*,#5388,.T.);
#5388 = EDGE_CURVE('',#5366,#5266,#5389,.T.);
#5389 = SURFACE_CURVE('',#5390,(#5395,#5402),.PCURVE_S1.);
#5390 = B_SPLINE_CURVE_WITH_KNOTS('',3,(#5391,#5392,#5393,#5394),
  .UNSPECIFIED.,.F.,.F.,(4,4),(0.,1.),.PIECEWISE_BEZIER_KNOTS.);
#5391 = CARTESIAN_POINT('',(6.,11.927651108385,-9.174048613935));
#5392 = CARTESIAN_POINT('',(6.,11.642684996192,-8.721062713325));
#5393 = CARTESIAN_POINT('',(6.,11.418343179615,-8.506445951932));
#5394 = CARTESIAN_POINT('',(6.,11.340034197391,-8.438547520367));
#5395 = PCURVE('',#3353,#5396);
#5396 = DEFINITIONAL_REPRESENTATION('',(#5397),#5401);
#5397 = LINE('',#5398,#5399);
#5398 = CARTESIAN_POINT('',(0.,-6.));
#5399 = VECTOR('',#5400,1.);
#5400 = DIRECTION('',(1.,0.));
#5401 = ( GEOMETRIC_REPRESENTATION_CONTEXT(2) 
PARAMETRIC_REPRESENTATION_CONTEXT() REPRESENTATION_CONTEXT('2D SPACE',''
  ) );
#5402 = PCURVE('',#3898,#5403);
#5403 = DEFINITIONAL_REPRESENTATION('',(#5404),#5409);
#5404 = B_SPLINE_CURVE_WITH_KNOTS('',3,(#5405,#5406,#5407,#5408),
  .UNSPECIFIED.,.F.,.F.,(4,4),(0.,1.),.PIECEWISE_BEZIER_KNOTS.);
#5405 = CARTESIAN_POINT('',(-9.174048613935,-11.92765110838));
#5406 = CARTESIAN_POINT('',(-8.721062713325,-11.64268499619));
#5407 = CARTESIAN_POINT('',(-8.506445951932,-11.41834317961));
#5408 = CARTESIAN_POINT('',(-8.438547520367,-11.34003419739));
#5409 = ( GEOMETRIC_REPRESENTATION_CONTEXT(2) 
PARAMETRIC_REPRESENTATION_CONTEXT() REPRESENTATION_CONTEXT('2D SPACE',''
  ) );
#5410 = ORIENTED_EDGE('',*,*,#5265,.F.);
#5411 = ORIENTED_EDGE('',*,*,#3335,.F.);
#5412 = ADVANCED_FACE('',(#5413),#545,.F.);
#5413 = FACE_BOUND('',#5414,.F.);
#5414 = EDGE_LOOP('',(#5415,#5416,#5441,#5462));
#5415 = ORIENTED_EDGE('',*,*,#5340,.T.);
#5416 = ORIENTED_EDGE('',*,*,#5417,.T.);
#5417 = EDGE_CURVE('',#5316,#5418,#5420,.T.);
#5418 = VERTEX_POINT('',#5419);
#5419 = CARTESIAN_POINT('',(6.,8.438547520367,11.340034197391));
#5420 = SURFACE_CURVE('',#5421,(#5426,#5433),.PCURVE_S1.);
#5421 = B_SPLINE_CURVE_WITH_KNOTS('',3,(#5422,#5423,#5424,#5425),
  .UNSPECIFIED.,.F.,.F.,(4,4),(0.,1.),.PIECEWISE_BEZIER_KNOTS.);
#5422 = CARTESIAN_POINT('',(6.,9.174048613935,11.927651108385));
#5423 = CARTESIAN_POINT('',(6.,8.721062713325,11.642684996192));
#5424 = CARTESIAN_POINT('',(6.,8.506445951932,11.418343179615));
#5425 = CARTESIAN_POINT('',(6.,8.438547520367,11.340034197391));
#5426 = PCURVE('',#545,#5427);
#5427 = DEFINITIONAL_REPRESENTATION('',(#5428),#5432);
#5428 = LINE('',#5429,#5430);
#5429 = CARTESIAN_POINT('',(0.,-6.));
#5430 = VECTOR('',#5431,1.);
#5431 = DIRECTION('',(1.,0.));
#5432 = ( GEOMETRIC_REPRESENTATION_CONTEXT(2) 
PARAMETRIC_REPRESENTATION_CONTEXT() REPRESENTATION_CONTEXT('2D SPACE',''
  ) );
#5433 = PCURVE('',#3898,#5434);
#5434 = DEFINITIONAL_REPRESENTATION('',(#5435),#5440);
#5435 = B_SPLINE_CURVE_WITH_KNOTS('',3,(#5436,#5437,#5438,#5439),
  .UNSPECIFIED.,.F.,.F.,(4,4),(0.,1.),.PIECEWISE_BEZIER_KNOTS.);
#5436 = CARTESIAN_POINT('',(11.927651108385,-9.174048613935));
#5437 = CARTESIAN_POINT('',(11.642684996192,-8.721062713325));
#5438 = CARTESIAN_POINT('',(11.418343179615,-8.506445951932));
#5439 = CARTESIAN_POINT('',(11.340034197391,-8.438547520367));
#5440 = ( GEOMETRIC_REPRESENTATION_CONTEXT(2) 
PARAMETRIC_REPRESENTATION_CONTEXT() REPRESENTATION_CONTEXT('2D SPACE',''
  ) );
#5441 = ORIENTED_EDGE('',*,*,#5442,.F.);
#5442 = EDGE_CURVE('',#528,#5418,#5443,.T.);
#5443 = SURFACE_CURVE('',#5444,(#5448,#5455),.PCURVE_S1.);
#5444 = LINE('',#5445,#5446);
#5445 = CARTESIAN_POINT('',(0.,8.438547520367,11.340034197391));
#5446 = VECTOR('',#5447,1.);
#5447 = DIRECTION('',(1.,0.,0.));
#5448 = PCURVE('',#545,#5449);
#5449 = DEFINITIONAL_REPRESENTATION('',(#5450),#5454);
#5450 = LINE('',#5451,#5452);
#5451 = CARTESIAN_POINT('',(1.,0.));
#5452 = VECTOR('',#5453,1.);
#5453 = DIRECTION('',(0.,-1.));
#5454 = ( GEOMETRIC_REPRESENTATION_CONTEXT(2) 
PARAMETRIC_REPRESENTATION_CONTEXT() REPRESENTATION_CONTEXT('2D SPACE',''
  ) );
#5455 = PCURVE('',#576,#5456);
#5456 = DEFINITIONAL_REPRESENTATION('',(#5457),#5461);
#5457 = LINE('',#5458,#5459);
#5458 = CARTESIAN_POINT('',(0.,0.));
#5459 = VECTOR('',#5460,1.);
#5460 = DIRECTION('',(0.,-1.));
#5461 = ( GEOMETRIC_REPRESENTATION_CONTEXT(2) 
PARAMETRIC_REPRESENTATION_CONTEXT() REPRESENTATION_CONTEXT('2D SPACE',''
  ) );
#5462 = ORIENTED_EDGE('',*,*,#527,.F.);
#5463 = ADVANCED_FACE('',(#5464),#3320,.F.);
#5464 = FACE_BOUND('',#5465,.F.);
#5465 = EDGE_LOOP('',(#5466,#5489,#5512,#5513));
#5466 = ORIENTED_EDGE('',*,*,#5467,.T.);
#5467 = EDGE_CURVE('',#3274,#5468,#5470,.T.);
#5468 = VERTEX_POINT('',#5469);
#5469 = CARTESIAN_POINT('',(6.,12.910822899831,-11.81357913797));
#5470 = SURFACE_CURVE('',#5471,(#5475,#5482),.PCURVE_S1.);
#5471 = LINE('',#5472,#5473);
#5472 = CARTESIAN_POINT('',(0.,12.910822899831,-11.81357913797));
#5473 = VECTOR('',#5474,1.);
#5474 = DIRECTION('',(1.,0.,0.));
#5475 = PCURVE('',#3320,#5476);
#5476 = DEFINITIONAL_REPRESENTATION('',(#5477),#5481);
#5477 = LINE('',#5478,#5479);
#5478 = CARTESIAN_POINT('',(0.,0.));
#5479 = VECTOR('',#5480,1.);
#5480 = DIRECTION('',(0.,-1.));
#5481 = ( GEOMETRIC_REPRESENTATION_CONTEXT(2) 
PARAMETRIC_REPRESENTATION_CONTEXT() REPRESENTATION_CONTEXT('2D SPACE',''
  ) );
#5482 = PCURVE('',#3290,#5483);
#5483 = DEFINITIONAL_REPRESENTATION('',(#5484),#5488);
#5484 = LINE('',#5485,#5486);
#5485 = CARTESIAN_POINT('',(-8.861549654827E-02,0.));
#5486 = VECTOR('',#5487,1.);
#5487 = DIRECTION('',(-0.,-1.));
#5488 = ( GEOMETRIC_REPRESENTATION_CONTEXT(2) 
PARAMETRIC_REPRESENTATION_CONTEXT() REPRESENTATION_CONTEXT('2D SPACE',''
  ) );
#5489 = ORIENTED_EDGE('',*,*,#5490,.T.);
#5490 = EDGE_CURVE('',#5468,#5366,#5491,.T.);
#5491 = SURFACE_CURVE('',#5492,(#5497,#5504),.PCURVE_S1.);
#5492 = B_SPLINE_CURVE_WITH_KNOTS('',3,(#5493,#5494,#5495,#5496),
  .UNSPECIFIED.,.F.,.F.,(4,4),(0.,1.),.PIECEWISE_BEZIER_KNOTS.);
#5493 = CARTESIAN_POINT('',(6.,12.910822899831,-11.81357913797));
#5494 = CARTESIAN_POINT('',(6.,12.661896546512,-10.56900102169));
#5495 = CARTESIAN_POINT('',(6.,12.26427780193,-9.71583046277));
#5496 = CARTESIAN_POINT('',(6.,11.927651108385,-9.174048613935));
#5497 = PCURVE('',#3320,#5498);
#5498 = DEFINITIONAL_REPRESENTATION('',(#5499),#5503);
#5499 = LINE('',#5500,#5501);
#5500 = CARTESIAN_POINT('',(0.,-6.));
#5501 = VECTOR('',#5502,1.);
#5502 = DIRECTION('',(1.,0.));
#5503 = ( GEOMETRIC_REPRESENTATION_CONTEXT(2) 
PARAMETRIC_REPRESENTATION_CONTEXT() REPRESENTATION_CONTEXT('2D SPACE',''
  ) );
#5504 = PCURVE('',#3898,#5505);
#5505 = DEFINITIONAL_REPRESENTATION('',(#5506),#5511);
#5506 = B_SPLINE_CURVE_WITH_KNOTS('',3,(#5507,#5508,#5509,#5510),
  .UNSPECIFIED.,.F.,.F.,(4,4),(0.,1.),.PIECEWISE_BEZIER_KNOTS.);
#5507 = CARTESIAN_POINT('',(-11.81357913797,-12.91082289983));
#5508 = CARTESIAN_POINT('',(-10.56900102169,-12.66189654651));
#5509 = CARTESIAN_POINT('',(-9.71583046277,-12.26427780193));
#5510 = CARTESIAN_POINT('',(-9.174048613935,-11.92765110838));
#5511 = ( GEOMETRIC_REPRESENTATION_CONTEXT(2) 
PARAMETRIC_REPRESENTATION_CONTEXT() REPRESENTATION_CONTEXT('2D SPACE',''
  ) );
#5512 = ORIENTED_EDGE('',*,*,#5365,.F.);
#5513 = ORIENTED_EDGE('',*,*,#3302,.F.);
#5514 = ADVANCED_FACE('',(#5515),#576,.F.);
#5515 = FACE_BOUND('',#5516,.F.);
#5516 = EDGE_LOOP('',(#5517,#5518,#5541,#5562));
#5517 = ORIENTED_EDGE('',*,*,#5442,.T.);
#5518 = ORIENTED_EDGE('',*,*,#5519,.T.);
#5519 = EDGE_CURVE('',#5418,#5520,#5522,.T.);
#5520 = VERTEX_POINT('',#5521);
#5521 = CARTESIAN_POINT('',(6.,7.654855312976,10.289986158271));
#5522 = SURFACE_CURVE('',#5523,(#5527,#5534),.PCURVE_S1.);
#5523 = LINE('',#5524,#5525);
#5524 = CARTESIAN_POINT('',(6.,8.438547520367,11.340034197391));
#5525 = VECTOR('',#5526,1.);
#5526 = DIRECTION('',(0.,-0.598120818715,-0.801405943464));
#5527 = PCURVE('',#576,#5528);
#5528 = DEFINITIONAL_REPRESENTATION('',(#5529),#5533);
#5529 = LINE('',#5530,#5531);
#5530 = CARTESIAN_POINT('',(0.,-6.));
#5531 = VECTOR('',#5532,1.);
#5532 = DIRECTION('',(1.,0.));
#5533 = ( GEOMETRIC_REPRESENTATION_CONTEXT(2) 
PARAMETRIC_REPRESENTATION_CONTEXT() REPRESENTATION_CONTEXT('2D SPACE',''
  ) );
#5534 = PCURVE('',#3898,#5535);
#5535 = DEFINITIONAL_REPRESENTATION('',(#5536),#5540);
#5536 = LINE('',#5537,#5538);
#5537 = CARTESIAN_POINT('',(11.340034197391,-8.438547520367));
#5538 = VECTOR('',#5539,1.);
#5539 = DIRECTION('',(-0.801405943464,0.598120818715));
#5540 = ( GEOMETRIC_REPRESENTATION_CONTEXT(2) 
PARAMETRIC_REPRESENTATION_CONTEXT() REPRESENTATION_CONTEXT('2D SPACE',''
  ) );
#5541 = ORIENTED_EDGE('',*,*,#5542,.F.);
#5542 = EDGE_CURVE('',#561,#5520,#5543,.T.);
#5543 = SURFACE_CURVE('',#5544,(#5548,#5555),.PCURVE_S1.);
#5544 = LINE('',#5545,#5546);
#5545 = CARTESIAN_POINT('',(0.,7.654855312976,10.289986158271));
#5546 = VECTOR('',#5547,1.);
#5547 = DIRECTION('',(1.,0.,0.));
#5548 = PCURVE('',#576,#5549);
#5549 = DEFINITIONAL_REPRESENTATION('',(#5550),#5554);
#5550 = LINE('',#5551,#5552);
#5551 = CARTESIAN_POINT('',(1.310257364179,0.));
#5552 = VECTOR('',#5553,1.);
#5553 = DIRECTION('',(0.,-1.));
#5554 = ( GEOMETRIC_REPRESENTATION_CONTEXT(2) 
PARAMETRIC_REPRESENTATION_CONTEXT() REPRESENTATION_CONTEXT('2D SPACE',''
  ) );
#5555 = PCURVE('',#609,#5556);
#5556 = DEFINITIONAL_REPRESENTATION('',(#5557),#5561);
#5557 = LINE('',#5558,#5559);
#5558 = CARTESIAN_POINT('',(0.,0.));
#5559 = VECTOR('',#5560,1.);
#5560 = DIRECTION('',(0.,-1.));
#5561 = ( GEOMETRIC_REPRESENTATION_CONTEXT(2) 
PARAMETRIC_REPRESENTATION_CONTEXT() REPRESENTATION_CONTEXT('2D SPACE',''
  ) );
#5562 = ORIENTED_EDGE('',*,*,#560,.F.);
#5563 = ADVANCED_FACE('',(#5564),#3290,.T.);
#5564 = FACE_BOUND('',#5565,.F.);
#5565 = EDGE_LOOP('',(#5566,#5589,#5611,#5612));
#5566 = ORIENTED_EDGE('',*,*,#5567,.T.);
#5567 = EDGE_CURVE('',#3241,#5568,#5570,.T.);
#5568 = VERTEX_POINT('',#5569);
#5569 = CARTESIAN_POINT('',(6.,11.817092457245,-12.91224727315));
#5570 = SURFACE_CURVE('',#5571,(#5575,#5582),.PCURVE_S1.);
#5571 = LINE('',#5572,#5573);
#5572 = CARTESIAN_POINT('',(0.,11.817092457245,-12.91224727315));
#5573 = VECTOR('',#5574,1.);
#5574 = DIRECTION('',(1.,0.,0.));
#5575 = PCURVE('',#3290,#5576);
#5576 = DEFINITIONAL_REPRESENTATION('',(#5577),#5581);
#5577 = LINE('',#5578,#5579);
#5578 = CARTESIAN_POINT('',(-0.,0.));
#5579 = VECTOR('',#5580,1.);
#5580 = DIRECTION('',(-0.,-1.));
#5581 = ( GEOMETRIC_REPRESENTATION_CONTEXT(2) 
PARAMETRIC_REPRESENTATION_CONTEXT() REPRESENTATION_CONTEXT('2D SPACE',''
  ) );
#5582 = PCURVE('',#3258,#5583);
#5583 = DEFINITIONAL_REPRESENTATION('',(#5584),#5588);
#5584 = LINE('',#5585,#5586);
#5585 = CARTESIAN_POINT('',(1.,0.));
#5586 = VECTOR('',#5587,1.);
#5587 = DIRECTION('',(0.,-1.));
#5588 = ( GEOMETRIC_REPRESENTATION_CONTEXT(2) 
PARAMETRIC_REPRESENTATION_CONTEXT() REPRESENTATION_CONTEXT('2D SPACE',''
  ) );
#5589 = ORIENTED_EDGE('',*,*,#5590,.T.);
#5590 = EDGE_CURVE('',#5568,#5468,#5591,.T.);
#5591 = SURFACE_CURVE('',#5592,(#5597,#5604),.PCURVE_S1.);
#5592 = CIRCLE('',#5593,17.500000000003);
#5593 = AXIS2_PLACEMENT_3D('',#5594,#5595,#5596);
#5594 = CARTESIAN_POINT('',(6.,-2.607706695485E-02,-2.856241123702E-02)
  );
#5595 = DIRECTION('',(1.,-0.,0.));
#5596 = DIRECTION('',(0.,0.67675254424,-0.736210563538));
#5597 = PCURVE('',#3290,#5598);
#5598 = DEFINITIONAL_REPRESENTATION('',(#5599),#5603);
#5599 = LINE('',#5600,#5601);
#5600 = CARTESIAN_POINT('',(-0.,-6.));
#5601 = VECTOR('',#5602,1.);
#5602 = DIRECTION('',(-1.,0.));
#5603 = ( GEOMETRIC_REPRESENTATION_CONTEXT(2) 
PARAMETRIC_REPRESENTATION_CONTEXT() REPRESENTATION_CONTEXT('2D SPACE',''
  ) );
#5604 = PCURVE('',#3898,#5605);
#5605 = DEFINITIONAL_REPRESENTATION('',(#5606),#5610);
#5606 = CIRCLE('',#5607,17.500000000003);
#5607 = AXIS2_PLACEMENT_2D('',#5608,#5609);
#5608 = CARTESIAN_POINT('',(-2.856241123702E-02,2.607706695484E-02));
#5609 = DIRECTION('',(-0.736210563538,-0.67675254424));
#5610 = ( GEOMETRIC_REPRESENTATION_CONTEXT(2) 
PARAMETRIC_REPRESENTATION_CONTEXT() REPRESENTATION_CONTEXT('2D SPACE',''
  ) );
#5611 = ORIENTED_EDGE('',*,*,#5467,.F.);
#5612 = ORIENTED_EDGE('',*,*,#3273,.F.);
#5613 = ADVANCED_FACE('',(#5614),#609,.F.);
#5614 = FACE_BOUND('',#5615,.F.);
#5615 = EDGE_LOOP('',(#5616,#5617,#5645,#5666));
#5616 = ORIENTED_EDGE('',*,*,#5542,.T.);
#5617 = ORIENTED_EDGE('',*,*,#5618,.T.);
#5618 = EDGE_CURVE('',#5520,#5619,#5621,.T.);
#5619 = VERTEX_POINT('',#5620);
#5620 = CARTESIAN_POINT('',(6.,6.364631247428,10.025322642402));
#5621 = SURFACE_CURVE('',#5622,(#5627,#5634),.PCURVE_S1.);
#5622 = CIRCLE('',#5623,0.95);
#5623 = AXIS2_PLACEMENT_3D('',#5624,#5625,#5626);
#5624 = CARTESIAN_POINT('',(6.,6.872155056019,10.828391496059));
#5625 = DIRECTION('',(-1.,0.,-0.));
#5626 = DIRECTION('',(0.,0.823895007324,-0.56674246083));
#5627 = PCURVE('',#609,#5628);
#5628 = DEFINITIONAL_REPRESENTATION('',(#5629),#5633);
#5629 = LINE('',#5630,#5631);
#5630 = CARTESIAN_POINT('',(0.,-6.));
#5631 = VECTOR('',#5632,1.);
#5632 = DIRECTION('',(1.,0.));
#5633 = ( GEOMETRIC_REPRESENTATION_CONTEXT(2) 
PARAMETRIC_REPRESENTATION_CONTEXT() REPRESENTATION_CONTEXT('2D SPACE',''
  ) );
#5634 = PCURVE('',#3898,#5635);
#5635 = DEFINITIONAL_REPRESENTATION('',(#5636),#5644);
#5636 = ( BOUNDED_CURVE() B_SPLINE_CURVE(2,(#5637,#5638,#5639,#5640,
#5641,#5642,#5643),.UNSPECIFIED.,.T.,.F.) B_SPLINE_CURVE_WITH_KNOTS((1,2
    ,2,2,2,1),(-2.094395102393,0.,2.094395102393,4.188790204786,
6.28318530718,8.377580409573),.UNSPECIFIED.) CURVE() 
GEOMETRIC_REPRESENTATION_ITEM() RATIONAL_B_SPLINE_CURVE((1.,0.5,1.,0.5,
1.,0.5,1.)) REPRESENTATION_ITEM('') );
#5637 = CARTESIAN_POINT('',(10.289986158271,-7.654855312976));
#5638 = CARTESIAN_POINT('',(8.934309546123,-6.72230991286));
#5639 = CARTESIAN_POINT('',(10.41975585888,-6.014532227482));
#5640 = CARTESIAN_POINT('',(11.905202171636,-5.306754542104));
#5641 = CARTESIAN_POINT('',(11.775432471027,-6.947077627598));
#5642 = CARTESIAN_POINT('',(11.645662770418,-8.587400713092));
#5643 = CARTESIAN_POINT('',(10.289986158271,-7.654855312976));
#5644 = ( GEOMETRIC_REPRESENTATION_CONTEXT(2) 
PARAMETRIC_REPRESENTATION_CONTEXT() REPRESENTATION_CONTEXT('2D SPACE',''
  ) );
#5645 = ORIENTED_EDGE('',*,*,#5646,.F.);
#5646 = EDGE_CURVE('',#589,#5619,#5647,.T.);
#5647 = SURFACE_CURVE('',#5648,(#5652,#5659),.PCURVE_S1.);
#5648 = LINE('',#5649,#5650);
#5649 = CARTESIAN_POINT('',(0.,6.364631247428,10.025322642402));
#5650 = VECTOR('',#5651,1.);
#5651 = DIRECTION('',(1.,0.,0.));
#5652 = PCURVE('',#609,#5653);
#5653 = DEFINITIONAL_REPRESENTATION('',(#5654),#5658);
#5654 = LINE('',#5655,#5656);
#5655 = CARTESIAN_POINT('',(1.531852919448,0.));
#5656 = VECTOR('',#5657,1.);
#5657 = DIRECTION('',(0.,-1.));
#5658 = ( GEOMETRIC_REPRESENTATION_CONTEXT(2) 
PARAMETRIC_REPRESENTATION_CONTEXT() REPRESENTATION_CONTEXT('2D SPACE',''
  ) );
#5659 = PCURVE('',#638,#5660);
#5660 = DEFINITIONAL_REPRESENTATION('',(#5661),#5665);
#5661 = LINE('',#5662,#5663);
#5662 = CARTESIAN_POINT('',(-0.,0.));
#5663 = VECTOR('',#5664,1.);
#5664 = DIRECTION('',(-0.,-1.));
#5665 = ( GEOMETRIC_REPRESENTATION_CONTEXT(2) 
PARAMETRIC_REPRESENTATION_CONTEXT() REPRESENTATION_CONTEXT('2D SPACE',''
  ) );
#5666 = ORIENTED_EDGE('',*,*,#588,.F.);
#5667 = ADVANCED_FACE('',(#5668),#3258,.F.);
#5668 = FACE_BOUND('',#5669,.F.);
#5669 = EDGE_LOOP('',(#5670,#5693,#5716,#5717));
#5670 = ORIENTED_EDGE('',*,*,#5671,.T.);
#5671 = EDGE_CURVE('',#3208,#5672,#5674,.T.);
#5672 = VERTEX_POINT('',#5673);
#5673 = CARTESIAN_POINT('',(6.,9.174048613935,-11.92765110838));
#5674 = SURFACE_CURVE('',#5675,(#5679,#5686),.PCURVE_S1.);
#5675 = LINE('',#5676,#5677);
#5676 = CARTESIAN_POINT('',(0.,9.174048613935,-11.92765110838));
#5677 = VECTOR('',#5678,1.);
#5678 = DIRECTION('',(1.,0.,0.));
#5679 = PCURVE('',#3258,#5680);
#5680 = DEFINITIONAL_REPRESENTATION('',(#5681),#5685);
#5681 = LINE('',#5682,#5683);
#5682 = CARTESIAN_POINT('',(0.,0.));
#5683 = VECTOR('',#5684,1.);
#5684 = DIRECTION('',(0.,-1.));
#5685 = ( GEOMETRIC_REPRESENTATION_CONTEXT(2) 
PARAMETRIC_REPRESENTATION_CONTEXT() REPRESENTATION_CONTEXT('2D SPACE',''
  ) );
#5686 = PCURVE('',#3225,#5687);
#5687 = DEFINITIONAL_REPRESENTATION('',(#5688),#5692);
#5688 = LINE('',#5689,#5690);
#5689 = CARTESIAN_POINT('',(1.,0.));
#5690 = VECTOR('',#5691,1.);
#5691 = DIRECTION('',(0.,-1.));
#5692 = ( GEOMETRIC_REPRESENTATION_CONTEXT(2) 
PARAMETRIC_REPRESENTATION_CONTEXT() REPRESENTATION_CONTEXT('2D SPACE',''
  ) );
#5693 = ORIENTED_EDGE('',*,*,#5694,.T.);
#5694 = EDGE_CURVE('',#5672,#5568,#5695,.T.);
#5695 = SURFACE_CURVE('',#5696,(#5701,#5708),.PCURVE_S1.);
#5696 = B_SPLINE_CURVE_WITH_KNOTS('',3,(#5697,#5698,#5699,#5700),
  .UNSPECIFIED.,.F.,.F.,(4,4),(0.,1.),.PIECEWISE_BEZIER_KNOTS.);
#5697 = CARTESIAN_POINT('',(6.,9.174048613935,-11.92765110838));
#5698 = CARTESIAN_POINT('',(6.,9.71583046277,-12.26427780193));
#5699 = CARTESIAN_POINT('',(6.,10.569001021696,-12.66189654651));
#5700 = CARTESIAN_POINT('',(6.,11.817092457245,-12.91224727315));
#5701 = PCURVE('',#3258,#5702);
#5702 = DEFINITIONAL_REPRESENTATION('',(#5703),#5707);
#5703 = LINE('',#5704,#5705);
#5704 = CARTESIAN_POINT('',(0.,-6.));
#5705 = VECTOR('',#5706,1.);
#5706 = DIRECTION('',(1.,0.));
#5707 = ( GEOMETRIC_REPRESENTATION_CONTEXT(2) 
PARAMETRIC_REPRESENTATION_CONTEXT() REPRESENTATION_CONTEXT('2D SPACE',''
  ) );
#5708 = PCURVE('',#3898,#5709);
#5709 = DEFINITIONAL_REPRESENTATION('',(#5710),#5715);
#5710 = B_SPLINE_CURVE_WITH_KNOTS('',3,(#5711,#5712,#5713,#5714),
  .UNSPECIFIED.,.F.,.F.,(4,4),(0.,1.),.PIECEWISE_BEZIER_KNOTS.);
#5711 = CARTESIAN_POINT('',(-11.92765110838,-9.174048613935));
#5712 = CARTESIAN_POINT('',(-12.26427780193,-9.71583046277));
#5713 = CARTESIAN_POINT('',(-12.66189654651,-10.56900102169));
#5714 = CARTESIAN_POINT('',(-12.91224727315,-11.81709245724));
#5715 = ( GEOMETRIC_REPRESENTATION_CONTEXT(2) 
PARAMETRIC_REPRESENTATION_CONTEXT() REPRESENTATION_CONTEXT('2D SPACE',''
  ) );
#5716 = ORIENTED_EDGE('',*,*,#5567,.F.);
#5717 = ORIENTED_EDGE('',*,*,#3240,.F.);
#5718 = ADVANCED_FACE('',(#5719),#638,.T.);
#5719 = FACE_BOUND('',#5720,.F.);
#5720 = EDGE_LOOP('',(#5721,#5722,#5746,#5767));
#5721 = ORIENTED_EDGE('',*,*,#5646,.T.);
#5722 = ORIENTED_EDGE('',*,*,#5723,.T.);
#5723 = EDGE_CURVE('',#5619,#5724,#5726,.T.);
#5724 = VERTEX_POINT('',#5725);
#5725 = CARTESIAN_POINT('',(6.,5.499868465742,10.524593667194));
#5726 = SURFACE_CURVE('',#5727,(#5732,#5739),.PCURVE_S1.);
#5727 = CIRCLE('',#5728,11.875000000001);
#5728 = AXIS2_PLACEMENT_3D('',#5729,#5730,#5731);
#5729 = CARTESIAN_POINT('',(6.,-5.846046311501E-13,-9.547801573335E-13)
  );
#5730 = DIRECTION('',(1.,0.,-0.));
#5731 = DIRECTION('',(0.,0.535968947152,0.844237696202));
#5732 = PCURVE('',#638,#5733);
#5733 = DEFINITIONAL_REPRESENTATION('',(#5734),#5738);
#5734 = LINE('',#5735,#5736);
#5735 = CARTESIAN_POINT('',(-0.,-6.));
#5736 = VECTOR('',#5737,1.);
#5737 = DIRECTION('',(-1.,0.));
#5738 = ( GEOMETRIC_REPRESENTATION_CONTEXT(2) 
PARAMETRIC_REPRESENTATION_CONTEXT() REPRESENTATION_CONTEXT('2D SPACE',''
  ) );
#5739 = PCURVE('',#3898,#5740);
#5740 = DEFINITIONAL_REPRESENTATION('',(#5741),#5745);
#5741 = CIRCLE('',#5742,11.875000000001);
#5742 = AXIS2_PLACEMENT_2D('',#5743,#5744);
#5743 = CARTESIAN_POINT('',(-9.535801573335E-13,5.817546311501E-13));
#5744 = DIRECTION('',(0.844237696202,-0.535968947152));
#5745 = ( GEOMETRIC_REPRESENTATION_CONTEXT(2) 
PARAMETRIC_REPRESENTATION_CONTEXT() REPRESENTATION_CONTEXT('2D SPACE',''
  ) );
#5746 = ORIENTED_EDGE('',*,*,#5747,.F.);
#5747 = EDGE_CURVE('',#622,#5724,#5748,.T.);
#5748 = SURFACE_CURVE('',#5749,(#5753,#5760),.PCURVE_S1.);
#5749 = LINE('',#5750,#5751);
#5750 = CARTESIAN_POINT('',(0.,5.499868465742,10.524593667194));
#5751 = VECTOR('',#5752,1.);
#5752 = DIRECTION('',(1.,0.,0.));
#5753 = PCURVE('',#638,#5754);
#5754 = DEFINITIONAL_REPRESENTATION('',(#5755),#5759);
#5755 = LINE('',#5756,#5757);
#5756 = CARTESIAN_POINT('',(-8.411254474859E-02,0.));
#5757 = VECTOR('',#5758,1.);
#5758 = DIRECTION('',(-0.,-1.));
#5759 = ( GEOMETRIC_REPRESENTATION_CONTEXT(2) 
PARAMETRIC_REPRESENTATION_CONTEXT() REPRESENTATION_CONTEXT('2D SPACE',''
  ) );
#5760 = PCURVE('',#671,#5761);
#5761 = DEFINITIONAL_REPRESENTATION('',(#5762),#5766);
#5762 = LINE('',#5763,#5764);
#5763 = CARTESIAN_POINT('',(0.,0.));
#5764 = VECTOR('',#5765,1.);
#5765 = DIRECTION('',(0.,-1.));
#5766 = ( GEOMETRIC_REPRESENTATION_CONTEXT(2) 
PARAMETRIC_REPRESENTATION_CONTEXT() REPRESENTATION_CONTEXT('2D SPACE',''
  ) );
#5767 = ORIENTED_EDGE('',*,*,#621,.F.);
#5768 = ADVANCED_FACE('',(#5769),#3225,.F.);
#5769 = FACE_BOUND('',#5770,.F.);
#5770 = EDGE_LOOP('',(#5771,#5794,#5817,#5818));
#5771 = ORIENTED_EDGE('',*,*,#5772,.T.);
#5772 = EDGE_CURVE('',#3180,#5773,#5775,.T.);
#5773 = VERTEX_POINT('',#5774);
#5774 = CARTESIAN_POINT('',(6.,8.438547520367,-11.34003419739));
#5775 = SURFACE_CURVE('',#5776,(#5780,#5787),.PCURVE_S1.);
#5776 = LINE('',#5777,#5778);
#5777 = CARTESIAN_POINT('',(0.,8.438547520367,-11.34003419739));
#5778 = VECTOR('',#5779,1.);
#5779 = DIRECTION('',(1.,0.,0.));
#5780 = PCURVE('',#3225,#5781);
#5781 = DEFINITIONAL_REPRESENTATION('',(#5782),#5786);
#5782 = LINE('',#5783,#5784);
#5783 = CARTESIAN_POINT('',(0.,0.));
#5784 = VECTOR('',#5785,1.);
#5785 = DIRECTION('',(0.,-1.));
#5786 = ( GEOMETRIC_REPRESENTATION_CONTEXT(2) 
PARAMETRIC_REPRESENTATION_CONTEXT() REPRESENTATION_CONTEXT('2D SPACE',''
  ) );
#5787 = PCURVE('',#3195,#5788);
#5788 = DEFINITIONAL_REPRESENTATION('',(#5789),#5793);
#5789 = LINE('',#5790,#5791);
#5790 = CARTESIAN_POINT('',(1.310257364179,0.));
#5791 = VECTOR('',#5792,1.);
#5792 = DIRECTION('',(0.,-1.));
#5793 = ( GEOMETRIC_REPRESENTATION_CONTEXT(2) 
PARAMETRIC_REPRESENTATION_CONTEXT() REPRESENTATION_CONTEXT('2D SPACE',''
  ) );
#5794 = ORIENTED_EDGE('',*,*,#5795,.T.);
#5795 = EDGE_CURVE('',#5773,#5672,#5796,.T.);
#5796 = SURFACE_CURVE('',#5797,(#5802,#5809),.PCURVE_S1.);
#5797 = B_SPLINE_CURVE_WITH_KNOTS('',3,(#5798,#5799,#5800,#5801),
  .UNSPECIFIED.,.F.,.F.,(4,4),(0.,1.),.PIECEWISE_BEZIER_KNOTS.);
#5798 = CARTESIAN_POINT('',(6.,8.438547520367,-11.34003419739));
#5799 = CARTESIAN_POINT('',(6.,8.506445951932,-11.41834317961));
#5800 = CARTESIAN_POINT('',(6.,8.721062713325,-11.64268499619));
#5801 = CARTESIAN_POINT('',(6.,9.174048613935,-11.92765110838));
#5802 = PCURVE('',#3225,#5803);
#5803 = DEFINITIONAL_REPRESENTATION('',(#5804),#5808);
#5804 = LINE('',#5805,#5806);
#5805 = CARTESIAN_POINT('',(0.,-6.));
#5806 = VECTOR('',#5807,1.);
#5807 = DIRECTION('',(1.,0.));
#5808 = ( GEOMETRIC_REPRESENTATION_CONTEXT(2) 
PARAMETRIC_REPRESENTATION_CONTEXT() REPRESENTATION_CONTEXT('2D SPACE',''
  ) );
#5809 = PCURVE('',#3898,#5810);
#5810 = DEFINITIONAL_REPRESENTATION('',(#5811),#5816);
#5811 = B_SPLINE_CURVE_WITH_KNOTS('',3,(#5812,#5813,#5814,#5815),
  .UNSPECIFIED.,.F.,.F.,(4,4),(0.,1.),.PIECEWISE_BEZIER_KNOTS.);
#5812 = CARTESIAN_POINT('',(-11.34003419739,-8.438547520367));
#5813 = CARTESIAN_POINT('',(-11.41834317961,-8.506445951932));
#5814 = CARTESIAN_POINT('',(-11.64268499619,-8.721062713325));
#5815 = CARTESIAN_POINT('',(-11.92765110838,-9.174048613935));
#5816 = ( GEOMETRIC_REPRESENTATION_CONTEXT(2) 
PARAMETRIC_REPRESENTATION_CONTEXT() REPRESENTATION_CONTEXT('2D SPACE',''
  ) );
#5817 = ORIENTED_EDGE('',*,*,#5671,.F.);
#5818 = ORIENTED_EDGE('',*,*,#3207,.F.);
#5819 = ADVANCED_FACE('',(#5820),#671,.F.);
#5820 = FACE_BOUND('',#5821,.F.);
#5821 = EDGE_LOOP('',(#5822,#5823,#5851,#5872));
#5822 = ORIENTED_EDGE('',*,*,#5747,.T.);
#5823 = ORIENTED_EDGE('',*,*,#5824,.T.);
#5824 = EDGE_CURVE('',#5724,#5825,#5827,.T.);
#5825 = VERTEX_POINT('',#5826);
#5826 = CARTESIAN_POINT('',(6.,5.083961761165,11.774292242467));
#5827 = SURFACE_CURVE('',#5828,(#5833,#5840),.PCURVE_S1.);
#5828 = CIRCLE('',#5829,0.95);
#5829 = AXIS2_PLACEMENT_3D('',#5830,#5831,#5832);
#5830 = CARTESIAN_POINT('',(6.,5.941584589701,11.365656605287));
#5831 = DIRECTION('',(-1.,0.,0.));
#5832 = DIRECTION('',(-0.,-0.46496434101,-0.885329408519));
#5833 = PCURVE('',#671,#5834);
#5834 = DEFINITIONAL_REPRESENTATION('',(#5835),#5839);
#5835 = LINE('',#5836,#5837);
#5836 = CARTESIAN_POINT('',(0.,-6.));
#5837 = VECTOR('',#5838,1.);
#5838 = DIRECTION('',(1.,0.));
#5839 = ( GEOMETRIC_REPRESENTATION_CONTEXT(2) 
PARAMETRIC_REPRESENTATION_CONTEXT() REPRESENTATION_CONTEXT('2D SPACE',''
  ) );
#5840 = PCURVE('',#3898,#5841);
#5841 = DEFINITIONAL_REPRESENTATION('',(#5842),#5850);
#5842 = ( BOUNDED_CURVE() B_SPLINE_CURVE(2,(#5843,#5844,#5845,#5846,
#5847,#5848,#5849),.UNSPECIFIED.,.T.,.F.) B_SPLINE_CURVE_WITH_KNOTS((1,2
    ,2,2,2,1),(-2.094395102393,0.,2.094395102393,4.188790204786,
6.28318530718,8.377580409573),.UNSPECIFIED.) CURVE() 
GEOMETRIC_REPRESENTATION_ITEM() RATIONAL_B_SPLINE_CURVE((1.,0.5,1.,0.5,
1.,0.5,1.)) REPRESENTATION_ITEM('') );
#5843 = CARTESIAN_POINT('',(10.524593667194,-5.499868465742));
#5844 = CARTESIAN_POINT('',(11.289668436413,-4.043104724601));
#5845 = CARTESIAN_POINT('',(12.168725458944,-5.43406078111));
#5846 = CARTESIAN_POINT('',(13.047782481474,-6.82501683762));
#5847 = CARTESIAN_POINT('',(11.403650689724,-6.890824522251));
#5848 = CARTESIAN_POINT('',(9.759518897974,-6.956632206883));
#5849 = CARTESIAN_POINT('',(10.524593667194,-5.499868465742));
#5850 = ( GEOMETRIC_REPRESENTATION_CONTEXT(2) 
PARAMETRIC_REPRESENTATION_CONTEXT() REPRESENTATION_CONTEXT('2D SPACE',''
  ) );
#5851 = ORIENTED_EDGE('',*,*,#5852,.F.);
#5852 = EDGE_CURVE('',#651,#5825,#5853,.T.);
#5853 = SURFACE_CURVE('',#5854,(#5858,#5865),.PCURVE_S1.);
#5854 = LINE('',#5855,#5856);
#5855 = CARTESIAN_POINT('',(0.,5.083961761165,11.774292242467));
#5856 = VECTOR('',#5857,1.);
#5857 = DIRECTION('',(1.,0.,0.));
#5858 = PCURVE('',#671,#5859);
#5859 = DEFINITIONAL_REPRESENTATION('',(#5860),#5864);
#5860 = LINE('',#5861,#5862);
#5861 = CARTESIAN_POINT('',(1.531852919448,0.));
#5862 = VECTOR('',#5863,1.);
#5863 = DIRECTION('',(0.,-1.));
#5864 = ( GEOMETRIC_REPRESENTATION_CONTEXT(2) 
PARAMETRIC_REPRESENTATION_CONTEXT() REPRESENTATION_CONTEXT('2D SPACE',''
  ) );
#5865 = PCURVE('',#699,#5866);
#5866 = DEFINITIONAL_REPRESENTATION('',(#5867),#5871);
#5867 = LINE('',#5868,#5869);
#5868 = CARTESIAN_POINT('',(0.,0.));
#5869 = VECTOR('',#5870,1.);
#5870 = DIRECTION('',(0.,-1.));
#5871 = ( GEOMETRIC_REPRESENTATION_CONTEXT(2) 
PARAMETRIC_REPRESENTATION_CONTEXT() REPRESENTATION_CONTEXT('2D SPACE',''
  ) );
#5872 = ORIENTED_EDGE('',*,*,#650,.F.);
#5873 = ADVANCED_FACE('',(#5874),#3195,.F.);
#5874 = FACE_BOUND('',#5875,.F.);
#5875 = EDGE_LOOP('',(#5876,#5899,#5920,#5921));
#5876 = ORIENTED_EDGE('',*,*,#5877,.T.);
#5877 = EDGE_CURVE('',#3147,#5878,#5880,.T.);
#5878 = VERTEX_POINT('',#5879);
#5879 = CARTESIAN_POINT('',(6.,7.654855312976,-10.28998615827));
#5880 = SURFACE_CURVE('',#5881,(#5885,#5892),.PCURVE_S1.);
#5881 = LINE('',#5882,#5883);
#5882 = CARTESIAN_POINT('',(0.,7.654855312976,-10.28998615827));
#5883 = VECTOR('',#5884,1.);
#5884 = DIRECTION('',(1.,0.,0.));
#5885 = PCURVE('',#3195,#5886);
#5886 = DEFINITIONAL_REPRESENTATION('',(#5887),#5891);
#5887 = LINE('',#5888,#5889);
#5888 = CARTESIAN_POINT('',(0.,0.));
#5889 = VECTOR('',#5890,1.);
#5890 = DIRECTION('',(0.,-1.));
#5891 = ( GEOMETRIC_REPRESENTATION_CONTEXT(2) 
PARAMETRIC_REPRESENTATION_CONTEXT() REPRESENTATION_CONTEXT('2D SPACE',''
  ) );
#5892 = PCURVE('',#3167,#5893);
#5893 = DEFINITIONAL_REPRESENTATION('',(#5894),#5898);
#5894 = LINE('',#5895,#5896);
#5895 = CARTESIAN_POINT('',(1.531852919448,0.));
#5896 = VECTOR('',#5897,1.);
#5897 = DIRECTION('',(0.,-1.));
#5898 = ( GEOMETRIC_REPRESENTATION_CONTEXT(2) 
PARAMETRIC_REPRESENTATION_CONTEXT() REPRESENTATION_CONTEXT('2D SPACE',''
  ) );
#5899 = ORIENTED_EDGE('',*,*,#5900,.T.);
#5900 = EDGE_CURVE('',#5878,#5773,#5901,.T.);
#5901 = SURFACE_CURVE('',#5902,(#5906,#5913),.PCURVE_S1.);
#5902 = LINE('',#5903,#5904);
#5903 = CARTESIAN_POINT('',(6.,7.654855312976,-10.28998615827));
#5904 = VECTOR('',#5905,1.);
#5905 = DIRECTION('',(0.,0.598120818715,-0.801405943464));
#5906 = PCURVE('',#3195,#5907);
#5907 = DEFINITIONAL_REPRESENTATION('',(#5908),#5912);
#5908 = LINE('',#5909,#5910);
#5909 = CARTESIAN_POINT('',(-1.954820932364E-15,-6.));
#5910 = VECTOR('',#5911,1.);
#5911 = DIRECTION('',(1.,0.));
#5912 = ( GEOMETRIC_REPRESENTATION_CONTEXT(2) 
PARAMETRIC_REPRESENTATION_CONTEXT() REPRESENTATION_CONTEXT('2D SPACE',''
  ) );
#5913 = PCURVE('',#3898,#5914);
#5914 = DEFINITIONAL_REPRESENTATION('',(#5915),#5919);
#5915 = LINE('',#5916,#5917);
#5916 = CARTESIAN_POINT('',(-10.28998615827,-7.654855312976));
#5917 = VECTOR('',#5918,1.);
#5918 = DIRECTION('',(-0.801405943464,-0.598120818715));
#5919 = ( GEOMETRIC_REPRESENTATION_CONTEXT(2) 
PARAMETRIC_REPRESENTATION_CONTEXT() REPRESENTATION_CONTEXT('2D SPACE',''
  ) );
#5920 = ORIENTED_EDGE('',*,*,#5772,.F.);
#5921 = ORIENTED_EDGE('',*,*,#3179,.F.);
#5922 = ADVANCED_FACE('',(#5923),#699,.F.);
#5923 = FACE_BOUND('',#5924,.F.);
#5924 = EDGE_LOOP('',(#5925,#5926,#5949,#5970));
#5925 = ORIENTED_EDGE('',*,*,#5852,.T.);
#5926 = ORIENTED_EDGE('',*,*,#5927,.T.);
#5927 = EDGE_CURVE('',#5825,#5928,#5930,.T.);
#5928 = VERTEX_POINT('',#5929);
#5929 = CARTESIAN_POINT('',(6.,5.601483934542,12.978013622375));
#5930 = SURFACE_CURVE('',#5931,(#5935,#5942),.PCURVE_S1.);
#5931 = LINE('',#5932,#5933);
#5932 = CARTESIAN_POINT('',(6.,5.083961761165,11.774292242467));
#5933 = VECTOR('',#5934,1.);
#5934 = DIRECTION('',(0.,0.394977496426,0.918690795272));
#5935 = PCURVE('',#699,#5936);
#5936 = DEFINITIONAL_REPRESENTATION('',(#5937),#5941);
#5937 = LINE('',#5938,#5939);
#5938 = CARTESIAN_POINT('',(-1.631922677475E-15,-6.));
#5939 = VECTOR('',#5940,1.);
#5940 = DIRECTION('',(1.,0.));
#5941 = ( GEOMETRIC_REPRESENTATION_CONTEXT(2) 
PARAMETRIC_REPRESENTATION_CONTEXT() REPRESENTATION_CONTEXT('2D SPACE',''
  ) );
#5942 = PCURVE('',#3898,#5943);
#5943 = DEFINITIONAL_REPRESENTATION('',(#5944),#5948);
#5944 = LINE('',#5945,#5946);
#5945 = CARTESIAN_POINT('',(11.774292242467,-5.083961761165));
#5946 = VECTOR('',#5947,1.);
#5947 = DIRECTION('',(0.918690795272,-0.394977496426));
#5948 = ( GEOMETRIC_REPRESENTATION_CONTEXT(2) 
PARAMETRIC_REPRESENTATION_CONTEXT() REPRESENTATION_CONTEXT('2D SPACE',''
  ) );
#5949 = ORIENTED_EDGE('',*,*,#5950,.F.);
#5950 = EDGE_CURVE('',#684,#5928,#5951,.T.);
#5951 = SURFACE_CURVE('',#5952,(#5956,#5963),.PCURVE_S1.);
#5952 = LINE('',#5953,#5954);
#5953 = CARTESIAN_POINT('',(0.,5.601483934542,12.978013622375));
#5954 = VECTOR('',#5955,1.);
#5955 = DIRECTION('',(1.,0.,0.));
#5956 = PCURVE('',#699,#5957);
#5957 = DEFINITIONAL_REPRESENTATION('',(#5958),#5962);
#5958 = LINE('',#5959,#5960);
#5959 = CARTESIAN_POINT('',(1.310257364179,0.));
#5960 = VECTOR('',#5961,1.);
#5961 = DIRECTION('',(0.,-1.));
#5962 = ( GEOMETRIC_REPRESENTATION_CONTEXT(2) 
PARAMETRIC_REPRESENTATION_CONTEXT() REPRESENTATION_CONTEXT('2D SPACE',''
  ) );
#5963 = PCURVE('',#729,#5964);
#5964 = DEFINITIONAL_REPRESENTATION('',(#5965),#5969);
#5965 = LINE('',#5966,#5967);
#5966 = CARTESIAN_POINT('',(0.,0.));
#5967 = VECTOR('',#5968,1.);
#5968 = DIRECTION('',(0.,-1.));
#5969 = ( GEOMETRIC_REPRESENTATION_CONTEXT(2) 
PARAMETRIC_REPRESENTATION_CONTEXT() REPRESENTATION_CONTEXT('2D SPACE',''
  ) );
#5970 = ORIENTED_EDGE('',*,*,#683,.F.);
#5971 = ADVANCED_FACE('',(#5972),#3167,.F.);
#5972 = FACE_BOUND('',#5973,.F.);
#5973 = EDGE_LOOP('',(#5974,#5997,#6023,#6024));
#5974 = ORIENTED_EDGE('',*,*,#5975,.T.);
#5975 = EDGE_CURVE('',#3118,#5976,#5978,.T.);
#5976 = VERTEX_POINT('',#5977);
#5977 = CARTESIAN_POINT('',(6.,6.364631247428,-10.0253226424));
#5978 = SURFACE_CURVE('',#5979,(#5983,#5990),.PCURVE_S1.);
#5979 = LINE('',#5980,#5981);
#5980 = CARTESIAN_POINT('',(0.,6.364631247428,-10.0253226424));
#5981 = VECTOR('',#5982,1.);
#5982 = DIRECTION('',(1.,0.,0.));
#5983 = PCURVE('',#3167,#5984);
#5984 = DEFINITIONAL_REPRESENTATION('',(#5985),#5989);
#5985 = LINE('',#5986,#5987);
#5986 = CARTESIAN_POINT('',(0.,0.));
#5987 = VECTOR('',#5988,1.);
#5988 = DIRECTION('',(0.,-1.));
#5989 = ( GEOMETRIC_REPRESENTATION_CONTEXT(2) 
PARAMETRIC_REPRESENTATION_CONTEXT() REPRESENTATION_CONTEXT('2D SPACE',''
  ) );
#5990 = PCURVE('',#3134,#5991);
#5991 = DEFINITIONAL_REPRESENTATION('',(#5992),#5996);
#5992 = LINE('',#5993,#5994);
#5993 = CARTESIAN_POINT('',(-8.411254474861E-02,0.));
#5994 = VECTOR('',#5995,1.);
#5995 = DIRECTION('',(-0.,-1.));
#5996 = ( GEOMETRIC_REPRESENTATION_CONTEXT(2) 
PARAMETRIC_REPRESENTATION_CONTEXT() REPRESENTATION_CONTEXT('2D SPACE',''
  ) );
#5997 = ORIENTED_EDGE('',*,*,#5998,.T.);
#5998 = EDGE_CURVE('',#5976,#5878,#5999,.T.);
#5999 = SURFACE_CURVE('',#6000,(#6005,#6012),.PCURVE_S1.);
#6000 = CIRCLE('',#6001,0.95);
#6001 = AXIS2_PLACEMENT_3D('',#6002,#6003,#6004);
#6002 = CARTESIAN_POINT('',(6.,6.872155056019,-10.82839149605));
#6003 = DIRECTION('',(-1.,0.,0.));
#6004 = DIRECTION('',(0.,-0.534235587991,0.845335635428));
#6005 = PCURVE('',#3167,#6006);
#6006 = DEFINITIONAL_REPRESENTATION('',(#6007),#6011);
#6007 = LINE('',#6008,#6009);
#6008 = CARTESIAN_POINT('',(0.,-6.));
#6009 = VECTOR('',#6010,1.);
#6010 = DIRECTION('',(1.,0.));
#6011 = ( GEOMETRIC_REPRESENTATION_CONTEXT(2) 
PARAMETRIC_REPRESENTATION_CONTEXT() REPRESENTATION_CONTEXT('2D SPACE',''
  ) );
#6012 = PCURVE('',#3898,#6013);
#6013 = DEFINITIONAL_REPRESENTATION('',(#6014),#6022);
#6014 = ( BOUNDED_CURVE() B_SPLINE_CURVE(2,(#6015,#6016,#6017,#6018,
#6019,#6020,#6021),.UNSPECIFIED.,.T.,.F.) B_SPLINE_CURVE_WITH_KNOTS((1,2
    ,2,2,2,1),(-2.094395102393,0.,2.094395102393,4.188790204786,
6.28318530718,8.377580409573),.UNSPECIFIED.) CURVE() 
GEOMETRIC_REPRESENTATION_ITEM() RATIONAL_B_SPLINE_CURVE((1.,0.5,1.,0.5,
1.,0.5,1.)) REPRESENTATION_ITEM('') );
#6015 = CARTESIAN_POINT('',(-10.0253226424,-6.364631247428));
#6016 = CARTESIAN_POINT('',(-9.146265619872,-7.755587303937));
#6017 = CARTESIAN_POINT('',(-10.79039741162,-7.821394988569));
#6018 = CARTESIAN_POINT('',(-12.43452920337,-7.887202673201));
#6019 = CARTESIAN_POINT('',(-11.66945443415,-6.430438932059));
#6020 = CARTESIAN_POINT('',(-10.90437966493,-4.973675190918));
#6021 = CARTESIAN_POINT('',(-10.0253226424,-6.364631247428));
#6022 = ( GEOMETRIC_REPRESENTATION_CONTEXT(2) 
PARAMETRIC_REPRESENTATION_CONTEXT() REPRESENTATION_CONTEXT('2D SPACE',''
  ) );
#6023 = ORIENTED_EDGE('',*,*,#5877,.F.);
#6024 = ORIENTED_EDGE('',*,*,#3146,.F.);
#6025 = ADVANCED_FACE('',(#6026),#729,.F.);
#6026 = FACE_BOUND('',#6027,.F.);
#6027 = EDGE_LOOP('',(#6028,#6029,#6054,#6075));
#6028 = ORIENTED_EDGE('',*,*,#5950,.T.);
#6029 = ORIENTED_EDGE('',*,*,#6030,.T.);
#6030 = EDGE_CURVE('',#5928,#6031,#6033,.T.);
#6031 = VERTEX_POINT('',#6032);
#6032 = CARTESIAN_POINT('',(6.,5.742624560372,13.908784709413));
#6033 = SURFACE_CURVE('',#6034,(#6039,#6046),.PCURVE_S1.);
#6034 = B_SPLINE_CURVE_WITH_KNOTS('',3,(#6035,#6036,#6037,#6038),
  .UNSPECIFIED.,.F.,.F.,(4,4),(0.,1.),.PIECEWISE_BEZIER_KNOTS.);
#6035 = CARTESIAN_POINT('',(6.,5.601483934542,12.978013622375));
#6036 = CARTESIAN_POINT('',(6.,5.635352286709,13.0759698801));
#6037 = CARTESIAN_POINT('',(6.,5.7223296183,13.374004355833));
#6038 = CARTESIAN_POINT('',(6.,5.742624560372,13.908784709413));
#6039 = PCURVE('',#729,#6040);
#6040 = DEFINITIONAL_REPRESENTATION('',(#6041),#6045);
#6041 = LINE('',#6042,#6043);
#6042 = CARTESIAN_POINT('',(0.,-6.));
#6043 = VECTOR('',#6044,1.);
#6044 = DIRECTION('',(1.,0.));
#6045 = ( GEOMETRIC_REPRESENTATION_CONTEXT(2) 
PARAMETRIC_REPRESENTATION_CONTEXT() REPRESENTATION_CONTEXT('2D SPACE',''
  ) );
#6046 = PCURVE('',#3898,#6047);
#6047 = DEFINITIONAL_REPRESENTATION('',(#6048),#6053);
#6048 = B_SPLINE_CURVE_WITH_KNOTS('',3,(#6049,#6050,#6051,#6052),
  .UNSPECIFIED.,.F.,.F.,(4,4),(0.,1.),.PIECEWISE_BEZIER_KNOTS.);
#6049 = CARTESIAN_POINT('',(12.978013622375,-5.601483934542));
#6050 = CARTESIAN_POINT('',(13.0759698801,-5.635352286709));
#6051 = CARTESIAN_POINT('',(13.374004355833,-5.7223296183));
#6052 = CARTESIAN_POINT('',(13.908784709413,-5.742624560372));
#6053 = ( GEOMETRIC_REPRESENTATION_CONTEXT(2) 
PARAMETRIC_REPRESENTATION_CONTEXT() REPRESENTATION_CONTEXT('2D SPACE',''
  ) );
#6054 = ORIENTED_EDGE('',*,*,#6055,.F.);
#6055 = EDGE_CURVE('',#712,#6031,#6056,.T.);
#6056 = SURFACE_CURVE('',#6057,(#6061,#6068),.PCURVE_S1.);
#6057 = LINE('',#6058,#6059);
#6058 = CARTESIAN_POINT('',(0.,5.742624560372,13.908784709413));
#6059 = VECTOR('',#6060,1.);
#6060 = DIRECTION('',(1.,0.,0.));
#6061 = PCURVE('',#729,#6062);
#6062 = DEFINITIONAL_REPRESENTATION('',(#6063),#6067);
#6063 = LINE('',#6064,#6065);
#6064 = CARTESIAN_POINT('',(1.,0.));
#6065 = VECTOR('',#6066,1.);
#6066 = DIRECTION('',(0.,-1.));
#6067 = ( GEOMETRIC_REPRESENTATION_CONTEXT(2) 
PARAMETRIC_REPRESENTATION_CONTEXT() REPRESENTATION_CONTEXT('2D SPACE',''
  ) );
#6068 = PCURVE('',#762,#6069);
#6069 = DEFINITIONAL_REPRESENTATION('',(#6070),#6074);
#6070 = LINE('',#6071,#6072);
#6071 = CARTESIAN_POINT('',(0.,0.));
#6072 = VECTOR('',#6073,1.);
#6073 = DIRECTION('',(0.,-1.));
#6074 = ( GEOMETRIC_REPRESENTATION_CONTEXT(2) 
PARAMETRIC_REPRESENTATION_CONTEXT() REPRESENTATION_CONTEXT('2D SPACE',''
  ) );
#6075 = ORIENTED_EDGE('',*,*,#711,.F.);
#6076 = ADVANCED_FACE('',(#6077),#3134,.T.);
#6077 = FACE_BOUND('',#6078,.F.);
#6078 = EDGE_LOOP('',(#6079,#6102,#6124,#6125));
#6079 = ORIENTED_EDGE('',*,*,#6080,.T.);
#6080 = EDGE_CURVE('',#3085,#6081,#6083,.T.);
#6081 = VERTEX_POINT('',#6082);
#6082 = CARTESIAN_POINT('',(6.,5.499868465742,-10.52459366719));
#6083 = SURFACE_CURVE('',#6084,(#6088,#6095),.PCURVE_S1.);
#6084 = LINE('',#6085,#6086);
#6085 = CARTESIAN_POINT('',(0.,5.499868465742,-10.52459366719));
#6086 = VECTOR('',#6087,1.);
#6087 = DIRECTION('',(1.,0.,0.));
#6088 = PCURVE('',#3134,#6089);
#6089 = DEFINITIONAL_REPRESENTATION('',(#6090),#6094);
#6090 = LINE('',#6091,#6092);
#6091 = CARTESIAN_POINT('',(-0.,0.));
#6092 = VECTOR('',#6093,1.);
#6093 = DIRECTION('',(-0.,-1.));
#6094 = ( GEOMETRIC_REPRESENTATION_CONTEXT(2) 
PARAMETRIC_REPRESENTATION_CONTEXT() REPRESENTATION_CONTEXT('2D SPACE',''
  ) );
#6095 = PCURVE('',#3105,#6096);
#6096 = DEFINITIONAL_REPRESENTATION('',(#6097),#6101);
#6097 = LINE('',#6098,#6099);
#6098 = CARTESIAN_POINT('',(1.531852919448,0.));
#6099 = VECTOR('',#6100,1.);
#6100 = DIRECTION('',(0.,-1.));
#6101 = ( GEOMETRIC_REPRESENTATION_CONTEXT(2) 
PARAMETRIC_REPRESENTATION_CONTEXT() REPRESENTATION_CONTEXT('2D SPACE',''
  ) );
#6102 = ORIENTED_EDGE('',*,*,#6103,.T.);
#6103 = EDGE_CURVE('',#6081,#5976,#6104,.T.);
#6104 = SURFACE_CURVE('',#6105,(#6110,#6117),.PCURVE_S1.);
#6105 = CIRCLE('',#6106,11.874999999998);
#6106 = AXIS2_PLACEMENT_3D('',#6107,#6108,#6109);
#6107 = CARTESIAN_POINT('',(6.,1.091928917877E-12,-1.859995820857E-12));
#6108 = DIRECTION('',(1.,-0.,0.));
#6109 = DIRECTION('',(0.,0.463146818168,-0.886281571974));
#6110 = PCURVE('',#3134,#6111);
#6111 = DEFINITIONAL_REPRESENTATION('',(#6112),#6116);
#6112 = LINE('',#6113,#6114);
#6113 = CARTESIAN_POINT('',(-0.,-6.));
#6114 = VECTOR('',#6115,1.);
#6115 = DIRECTION('',(-1.,0.));
#6116 = ( GEOMETRIC_REPRESENTATION_CONTEXT(2) 
PARAMETRIC_REPRESENTATION_CONTEXT() REPRESENTATION_CONTEXT('2D SPACE',''
  ) );
#6117 = PCURVE('',#3898,#6118);
#6118 = DEFINITIONAL_REPRESENTATION('',(#6119),#6123);
#6119 = CIRCLE('',#6120,11.874999999998);
#6120 = AXIS2_PLACEMENT_2D('',#6121,#6122);
#6121 = CARTESIAN_POINT('',(-1.858795820857E-12,-1.094778917877E-12));
#6122 = DIRECTION('',(-0.886281571974,-0.463146818168));
#6123 = ( GEOMETRIC_REPRESENTATION_CONTEXT(2) 
PARAMETRIC_REPRESENTATION_CONTEXT() REPRESENTATION_CONTEXT('2D SPACE',''
  ) );
#6124 = ORIENTED_EDGE('',*,*,#5975,.F.);
#6125 = ORIENTED_EDGE('',*,*,#3117,.F.);
#6126 = ADVANCED_FACE('',(#6127),#762,.F.);
#6127 = FACE_BOUND('',#6128,.F.);
#6128 = EDGE_LOOP('',(#6129,#6130,#6155,#6176));
#6129 = ORIENTED_EDGE('',*,*,#6055,.T.);
#6130 = ORIENTED_EDGE('',*,*,#6131,.T.);
#6131 = EDGE_CURVE('',#6031,#6132,#6134,.T.);
#6132 = VERTEX_POINT('',#6133);
#6133 = CARTESIAN_POINT('',(6.,5.273787929875,16.690025903421));
#6134 = SURFACE_CURVE('',#6135,(#6140,#6147),.PCURVE_S1.);
#6135 = B_SPLINE_CURVE_WITH_KNOTS('',3,(#6136,#6137,#6138,#6139),
  .UNSPECIFIED.,.F.,.F.,(4,4),(0.,1.),.PIECEWISE_BEZIER_KNOTS.);
#6136 = CARTESIAN_POINT('',(6.,5.742624560372,13.908784709413));
#6137 = CARTESIAN_POINT('',(6.,5.763260904156,14.546294900587));
#6138 = CARTESIAN_POINT('',(6.,5.681023558521,15.483971650669));
#6139 = CARTESIAN_POINT('',(6.,5.273787929875,16.690025903421));
#6140 = PCURVE('',#762,#6141);
#6141 = DEFINITIONAL_REPRESENTATION('',(#6142),#6146);
#6142 = LINE('',#6143,#6144);
#6143 = CARTESIAN_POINT('',(0.,-6.));
#6144 = VECTOR('',#6145,1.);
#6145 = DIRECTION('',(1.,0.));
#6146 = ( GEOMETRIC_REPRESENTATION_CONTEXT(2) 
PARAMETRIC_REPRESENTATION_CONTEXT() REPRESENTATION_CONTEXT('2D SPACE',''
  ) );
#6147 = PCURVE('',#3898,#6148);
#6148 = DEFINITIONAL_REPRESENTATION('',(#6149),#6154);
#6149 = B_SPLINE_CURVE_WITH_KNOTS('',3,(#6150,#6151,#6152,#6153),
  .UNSPECIFIED.,.F.,.F.,(4,4),(0.,1.),.PIECEWISE_BEZIER_KNOTS.);
#6150 = CARTESIAN_POINT('',(13.908784709413,-5.742624560372));
#6151 = CARTESIAN_POINT('',(14.546294900587,-5.763260904156));
#6152 = CARTESIAN_POINT('',(15.483971650669,-5.681023558521));
#6153 = CARTESIAN_POINT('',(16.690025903421,-5.273787929875));
#6154 = ( GEOMETRIC_REPRESENTATION_CONTEXT(2) 
PARAMETRIC_REPRESENTATION_CONTEXT() REPRESENTATION_CONTEXT('2D SPACE',''
  ) );
#6155 = ORIENTED_EDGE('',*,*,#6156,.F.);
#6156 = EDGE_CURVE('',#745,#6132,#6157,.T.);
#6157 = SURFACE_CURVE('',#6158,(#6162,#6169),.PCURVE_S1.);
#6158 = LINE('',#6159,#6160);
#6159 = CARTESIAN_POINT('',(0.,5.273787929875,16.690025903421));
#6160 = VECTOR('',#6161,1.);
#6161 = DIRECTION('',(1.,0.,0.));
#6162 = PCURVE('',#762,#6163);
#6163 = DEFINITIONAL_REPRESENTATION('',(#6164),#6168);
#6164 = LINE('',#6165,#6166);
#6165 = CARTESIAN_POINT('',(1.,0.));
#6166 = VECTOR('',#6167,1.);
#6167 = DIRECTION('',(0.,-1.));
#6168 = ( GEOMETRIC_REPRESENTATION_CONTEXT(2) 
PARAMETRIC_REPRESENTATION_CONTEXT() REPRESENTATION_CONTEXT('2D SPACE',''
  ) );
#6169 = PCURVE('',#794,#6170);
#6170 = DEFINITIONAL_REPRESENTATION('',(#6171),#6175);
#6171 = LINE('',#6172,#6173);
#6172 = CARTESIAN_POINT('',(-0.,0.));
#6173 = VECTOR('',#6174,1.);
#6174 = DIRECTION('',(-0.,-1.));
#6175 = ( GEOMETRIC_REPRESENTATION_CONTEXT(2) 
PARAMETRIC_REPRESENTATION_CONTEXT() REPRESENTATION_CONTEXT('2D SPACE',''
  ) );
#6176 = ORIENTED_EDGE('',*,*,#744,.F.);
#6177 = ADVANCED_FACE('',(#6178),#3105,.F.);
#6178 = FACE_BOUND('',#6179,.F.);
#6179 = EDGE_LOOP('',(#6180,#6203,#6229,#6230));
#6180 = ORIENTED_EDGE('',*,*,#6181,.T.);
#6181 = EDGE_CURVE('',#3057,#6182,#6184,.T.);
#6182 = VERTEX_POINT('',#6183);
#6183 = CARTESIAN_POINT('',(6.,5.083961761165,-11.77429224246));
#6184 = SURFACE_CURVE('',#6185,(#6189,#6196),.PCURVE_S1.);
#6185 = LINE('',#6186,#6187);
#6186 = CARTESIAN_POINT('',(0.,5.083961761165,-11.77429224246));
#6187 = VECTOR('',#6188,1.);
#6188 = DIRECTION('',(1.,0.,0.));
#6189 = PCURVE('',#3105,#6190);
#6190 = DEFINITIONAL_REPRESENTATION('',(#6191),#6195);
#6191 = LINE('',#6192,#6193);
#6192 = CARTESIAN_POINT('',(0.,0.));
#6193 = VECTOR('',#6194,1.);
#6194 = DIRECTION('',(0.,-1.));
#6195 = ( GEOMETRIC_REPRESENTATION_CONTEXT(2) 
PARAMETRIC_REPRESENTATION_CONTEXT() REPRESENTATION_CONTEXT('2D SPACE',''
  ) );
#6196 = PCURVE('',#3072,#6197);
#6197 = DEFINITIONAL_REPRESENTATION('',(#6198),#6202);
#6198 = LINE('',#6199,#6200);
#6199 = CARTESIAN_POINT('',(1.310257364179,0.));
#6200 = VECTOR('',#6201,1.);
#6201 = DIRECTION('',(0.,-1.));
#6202 = ( GEOMETRIC_REPRESENTATION_CONTEXT(2) 
PARAMETRIC_REPRESENTATION_CONTEXT() REPRESENTATION_CONTEXT('2D SPACE',''
  ) );
#6203 = ORIENTED_EDGE('',*,*,#6204,.T.);
#6204 = EDGE_CURVE('',#6182,#6081,#6205,.T.);
#6205 = SURFACE_CURVE('',#6206,(#6211,#6218),.PCURVE_S1.);
#6206 = CIRCLE('',#6207,0.95);
#6207 = AXIS2_PLACEMENT_3D('',#6208,#6209,#6210);
#6208 = CARTESIAN_POINT('',(6.,5.941584589701,-11.36565660528));
#6209 = DIRECTION('',(-1.,0.,0.));
#6210 = DIRECTION('',(-0.,-0.902760872144,-0.430142775978));
#6211 = PCURVE('',#3105,#6212);
#6212 = DEFINITIONAL_REPRESENTATION('',(#6213),#6217);
#6213 = LINE('',#6214,#6215);
#6214 = CARTESIAN_POINT('',(0.,-6.));
#6215 = VECTOR('',#6216,1.);
#6216 = DIRECTION('',(1.,0.));
#6217 = ( GEOMETRIC_REPRESENTATION_CONTEXT(2) 
PARAMETRIC_REPRESENTATION_CONTEXT() REPRESENTATION_CONTEXT('2D SPACE',''
  ) );
#6218 = PCURVE('',#3898,#6219);
#6219 = DEFINITIONAL_REPRESENTATION('',(#6220),#6228);
#6220 = ( BOUNDED_CURVE() B_SPLINE_CURVE(2,(#6221,#6222,#6223,#6224,
#6225,#6226,#6227),.UNSPECIFIED.,.T.,.F.) B_SPLINE_CURVE_WITH_KNOTS((1,2
    ,2,2,2,1),(-2.094395102393,0.,2.094395102393,4.188790204786,
6.28318530718,8.377580409573),.UNSPECIFIED.) CURVE() 
GEOMETRIC_REPRESENTATION_ITEM() RATIONAL_B_SPLINE_CURVE((1.,0.5,1.,0.5,
1.,0.5,1.)) REPRESENTATION_ITEM('') );
#6221 = CARTESIAN_POINT('',(-11.77429224246,-5.083961761165));
#6222 = CARTESIAN_POINT('',(-10.28884592971,-4.376184075787));
#6223 = CARTESIAN_POINT('',(-10.41861563032,-6.01650716128));
#6224 = CARTESIAN_POINT('',(-10.54838533092,-7.656830246774));
#6225 = CARTESIAN_POINT('',(-11.90406194307,-6.724284846659));
#6226 = CARTESIAN_POINT('',(-13.25973855522,-5.791739446543));
#6227 = CARTESIAN_POINT('',(-11.77429224246,-5.083961761165));
#6228 = ( GEOMETRIC_REPRESENTATION_CONTEXT(2) 
PARAMETRIC_REPRESENTATION_CONTEXT() REPRESENTATION_CONTEXT('2D SPACE',''
  ) );
#6229 = ORIENTED_EDGE('',*,*,#6080,.F.);
#6230 = ORIENTED_EDGE('',*,*,#3084,.F.);
#6231 = ADVANCED_FACE('',(#6232),#794,.T.);
#6232 = FACE_BOUND('',#6233,.F.);
#6233 = EDGE_LOOP('',(#6234,#6235,#6259,#6280));
#6234 = ORIENTED_EDGE('',*,*,#6156,.T.);
#6235 = ORIENTED_EDGE('',*,*,#6236,.T.);
#6236 = EDGE_CURVE('',#6132,#6237,#6239,.T.);
#6237 = VERTEX_POINT('',#6238);
#6238 = CARTESIAN_POINT('',(6.,3.775448193189,17.087890184003));
#6239 = SURFACE_CURVE('',#6240,(#6245,#6252),.PCURVE_S1.);
#6240 = CIRCLE('',#6241,17.499999999999);
#6241 = AXIS2_PLACEMENT_3D('',#6242,#6243,#6244);
#6242 = CARTESIAN_POINT('',(6.,3.777430720303E-02,-8.30219681671E-03));
#6243 = DIRECTION('',(1.,0.,-0.));
#6244 = DIRECTION('',(0.,0.299200778438,0.954190177156));
#6245 = PCURVE('',#794,#6246);
#6246 = DEFINITIONAL_REPRESENTATION('',(#6247),#6251);
#6247 = LINE('',#6248,#6249);
#6248 = CARTESIAN_POINT('',(-0.,-6.));
#6249 = VECTOR('',#6250,1.);
#6250 = DIRECTION('',(-1.,0.));
#6251 = ( GEOMETRIC_REPRESENTATION_CONTEXT(2) 
PARAMETRIC_REPRESENTATION_CONTEXT() REPRESENTATION_CONTEXT('2D SPACE',''
  ) );
#6252 = PCURVE('',#3898,#6253);
#6253 = DEFINITIONAL_REPRESENTATION('',(#6254),#6258);
#6254 = CIRCLE('',#6255,17.499999999999);
#6255 = AXIS2_PLACEMENT_2D('',#6256,#6257);
#6256 = CARTESIAN_POINT('',(-8.302196816709E-03,-3.777430720303E-02));
#6257 = DIRECTION('',(0.954190177156,-0.299200778438));
#6258 = ( GEOMETRIC_REPRESENTATION_CONTEXT(2) 
PARAMETRIC_REPRESENTATION_CONTEXT() REPRESENTATION_CONTEXT('2D SPACE',''
  ) );
#6259 = ORIENTED_EDGE('',*,*,#6260,.F.);
#6260 = EDGE_CURVE('',#778,#6237,#6261,.T.);
#6261 = SURFACE_CURVE('',#6262,(#6266,#6273),.PCURVE_S1.);
#6262 = LINE('',#6263,#6264);
#6263 = CARTESIAN_POINT('',(0.,3.775448193189,17.087890184003));
#6264 = VECTOR('',#6265,1.);
#6265 = DIRECTION('',(1.,0.,0.));
#6266 = PCURVE('',#794,#6267);
#6267 = DEFINITIONAL_REPRESENTATION('',(#6268),#6272);
#6268 = LINE('',#6269,#6270);
#6269 = CARTESIAN_POINT('',(-8.861549654829E-02,0.));
#6270 = VECTOR('',#6271,1.);
#6271 = DIRECTION('',(-0.,-1.));
#6272 = ( GEOMETRIC_REPRESENTATION_CONTEXT(2) 
PARAMETRIC_REPRESENTATION_CONTEXT() REPRESENTATION_CONTEXT('2D SPACE',''
  ) );
#6273 = PCURVE('',#824,#6274);
#6274 = DEFINITIONAL_REPRESENTATION('',(#6275),#6279);
#6275 = LINE('',#6276,#6277);
#6276 = CARTESIAN_POINT('',(0.,0.));
#6277 = VECTOR('',#6278,1.);
#6278 = DIRECTION('',(0.,-1.));
#6279 = ( GEOMETRIC_REPRESENTATION_CONTEXT(2) 
PARAMETRIC_REPRESENTATION_CONTEXT() REPRESENTATION_CONTEXT('2D SPACE',''
  ) );
#6280 = ORIENTED_EDGE('',*,*,#777,.F.);
#6281 = ADVANCED_FACE('',(#6282),#3072,.F.);
#6282 = FACE_BOUND('',#6283,.F.);
#6283 = EDGE_LOOP('',(#6284,#6307,#6328,#6329));
#6284 = ORIENTED_EDGE('',*,*,#6285,.T.);
#6285 = EDGE_CURVE('',#3024,#6286,#6288,.T.);
#6286 = VERTEX_POINT('',#6287);
#6287 = CARTESIAN_POINT('',(6.,5.601483934542,-12.97801362237));
#6288 = SURFACE_CURVE('',#6289,(#6293,#6300),.PCURVE_S1.);
#6289 = LINE('',#6290,#6291);
#6290 = CARTESIAN_POINT('',(0.,5.601483934542,-12.97801362237));
#6291 = VECTOR('',#6292,1.);
#6292 = DIRECTION('',(1.,0.,0.));
#6293 = PCURVE('',#3072,#6294);
#6294 = DEFINITIONAL_REPRESENTATION('',(#6295),#6299);
#6295 = LINE('',#6296,#6297);
#6296 = CARTESIAN_POINT('',(0.,0.));
#6297 = VECTOR('',#6298,1.);
#6298 = DIRECTION('',(0.,-1.));
#6299 = ( GEOMETRIC_REPRESENTATION_CONTEXT(2) 
PARAMETRIC_REPRESENTATION_CONTEXT() REPRESENTATION_CONTEXT('2D SPACE',''
  ) );
#6300 = PCURVE('',#3041,#6301);
#6301 = DEFINITIONAL_REPRESENTATION('',(#6302),#6306);
#6302 = LINE('',#6303,#6304);
#6303 = CARTESIAN_POINT('',(1.,0.));
#6304 = VECTOR('',#6305,1.);
#6305 = DIRECTION('',(0.,-1.));
#6306 = ( GEOMETRIC_REPRESENTATION_CONTEXT(2) 
PARAMETRIC_REPRESENTATION_CONTEXT() REPRESENTATION_CONTEXT('2D SPACE',''
  ) );
#6307 = ORIENTED_EDGE('',*,*,#6308,.T.);
#6308 = EDGE_CURVE('',#6286,#6182,#6309,.T.);
#6309 = SURFACE_CURVE('',#6310,(#6314,#6321),.PCURVE_S1.);
#6310 = LINE('',#6311,#6312);
#6311 = CARTESIAN_POINT('',(6.,5.601483934542,-12.97801362237));
#6312 = VECTOR('',#6313,1.);
#6313 = DIRECTION('',(0.,-0.394977496426,0.918690795272));
#6314 = PCURVE('',#3072,#6315);
#6315 = DEFINITIONAL_REPRESENTATION('',(#6316),#6320);
#6316 = LINE('',#6317,#6318);
#6317 = CARTESIAN_POINT('',(0.,-6.));
#6318 = VECTOR('',#6319,1.);
#6319 = DIRECTION('',(1.,0.));
#6320 = ( GEOMETRIC_REPRESENTATION_CONTEXT(2) 
PARAMETRIC_REPRESENTATION_CONTEXT() REPRESENTATION_CONTEXT('2D SPACE',''
  ) );
#6321 = PCURVE('',#3898,#6322);
#6322 = DEFINITIONAL_REPRESENTATION('',(#6323),#6327);
#6323 = LINE('',#6324,#6325);
#6324 = CARTESIAN_POINT('',(-12.97801362237,-5.601483934542));
#6325 = VECTOR('',#6326,1.);
#6326 = DIRECTION('',(0.918690795272,0.394977496426));
#6327 = ( GEOMETRIC_REPRESENTATION_CONTEXT(2) 
PARAMETRIC_REPRESENTATION_CONTEXT() REPRESENTATION_CONTEXT('2D SPACE',''
  ) );
#6328 = ORIENTED_EDGE('',*,*,#6181,.F.);
#6329 = ORIENTED_EDGE('',*,*,#3056,.F.);
#6330 = ADVANCED_FACE('',(#6331),#824,.F.);
#6331 = FACE_BOUND('',#6332,.F.);
#6332 = EDGE_LOOP('',(#6333,#6334,#6359,#6380));
#6333 = ORIENTED_EDGE('',*,*,#6260,.T.);
#6334 = ORIENTED_EDGE('',*,*,#6335,.T.);
#6335 = EDGE_CURVE('',#6237,#6336,#6338,.T.);
#6336 = VERTEX_POINT('',#6337);
#6337 = CARTESIAN_POINT('',(6.,1.981133601028,14.916673174306));
#6338 = SURFACE_CURVE('',#6339,(#6344,#6351),.PCURVE_S1.);
#6339 = B_SPLINE_CURVE_WITH_KNOTS('',3,(#6340,#6341,#6342,#6343),
  .UNSPECIFIED.,.F.,.F.,(4,4),(0.,1.),.PIECEWISE_BEZIER_KNOTS.);
#6340 = CARTESIAN_POINT('',(6.,3.775448193189,17.087890184003));
#6341 = CARTESIAN_POINT('',(6.,2.822075104157,16.250024580218));
#6342 = CARTESIAN_POINT('',(6.,2.282017098656,15.479091366926));
#6343 = CARTESIAN_POINT('',(6.,1.981133601028,14.916673174306));
#6344 = PCURVE('',#824,#6345);
#6345 = DEFINITIONAL_REPRESENTATION('',(#6346),#6350);
#6346 = LINE('',#6347,#6348);
#6347 = CARTESIAN_POINT('',(0.,-6.));
#6348 = VECTOR('',#6349,1.);
#6349 = DIRECTION('',(1.,0.));
#6350 = ( GEOMETRIC_REPRESENTATION_CONTEXT(2) 
PARAMETRIC_REPRESENTATION_CONTEXT() REPRESENTATION_CONTEXT('2D SPACE',''
  ) );
#6351 = PCURVE('',#3898,#6352);
#6352 = DEFINITIONAL_REPRESENTATION('',(#6353),#6358);
#6353 = B_SPLINE_CURVE_WITH_KNOTS('',3,(#6354,#6355,#6356,#6357),
  .UNSPECIFIED.,.F.,.F.,(4,4),(0.,1.),.PIECEWISE_BEZIER_KNOTS.);
#6354 = CARTESIAN_POINT('',(17.087890184003,-3.775448193189));
#6355 = CARTESIAN_POINT('',(16.250024580218,-2.822075104157));
#6356 = CARTESIAN_POINT('',(15.479091366926,-2.282017098656));
#6357 = CARTESIAN_POINT('',(14.916673174306,-1.981133601028));
#6358 = ( GEOMETRIC_REPRESENTATION_CONTEXT(2) 
PARAMETRIC_REPRESENTATION_CONTEXT() REPRESENTATION_CONTEXT('2D SPACE',''
  ) );
#6359 = ORIENTED_EDGE('',*,*,#6360,.F.);
#6360 = EDGE_CURVE('',#807,#6336,#6361,.T.);
#6361 = SURFACE_CURVE('',#6362,(#6366,#6373),.PCURVE_S1.);
#6362 = LINE('',#6363,#6364);
#6363 = CARTESIAN_POINT('',(0.,1.981133601028,14.916673174306));
#6364 = VECTOR('',#6365,1.);
#6365 = DIRECTION('',(1.,0.,0.));
#6366 = PCURVE('',#824,#6367);
#6367 = DEFINITIONAL_REPRESENTATION('',(#6368),#6372);
#6368 = LINE('',#6369,#6370);
#6369 = CARTESIAN_POINT('',(1.,0.));
#6370 = VECTOR('',#6371,1.);
#6371 = DIRECTION('',(0.,-1.));
#6372 = ( GEOMETRIC_REPRESENTATION_CONTEXT(2) 
PARAMETRIC_REPRESENTATION_CONTEXT() REPRESENTATION_CONTEXT('2D SPACE',''
  ) );
#6373 = PCURVE('',#857,#6374);
#6374 = DEFINITIONAL_REPRESENTATION('',(#6375),#6379);
#6375 = LINE('',#6376,#6377);
#6376 = CARTESIAN_POINT('',(0.,0.));
#6377 = VECTOR('',#6378,1.);
#6378 = DIRECTION('',(0.,-1.));
#6379 = ( GEOMETRIC_REPRESENTATION_CONTEXT(2) 
PARAMETRIC_REPRESENTATION_CONTEXT() REPRESENTATION_CONTEXT('2D SPACE',''
  ) );
#6380 = ORIENTED_EDGE('',*,*,#806,.F.);
#6381 = ADVANCED_FACE('',(#6382),#3041,.F.);
#6382 = FACE_BOUND('',#6383,.F.);
#6383 = EDGE_LOOP('',(#6384,#6407,#6430,#6431));
#6384 = ORIENTED_EDGE('',*,*,#6385,.T.);
#6385 = EDGE_CURVE('',#2991,#6386,#6388,.T.);
#6386 = VERTEX_POINT('',#6387);
#6387 = CARTESIAN_POINT('',(6.,5.742624560372,-13.90878470941));
#6388 = SURFACE_CURVE('',#6389,(#6393,#6400),.PCURVE_S1.);
#6389 = LINE('',#6390,#6391);
#6390 = CARTESIAN_POINT('',(0.,5.742624560372,-13.90878470941));
#6391 = VECTOR('',#6392,1.);
#6392 = DIRECTION('',(1.,0.,0.));
#6393 = PCURVE('',#3041,#6394);
#6394 = DEFINITIONAL_REPRESENTATION('',(#6395),#6399);
#6395 = LINE('',#6396,#6397);
#6396 = CARTESIAN_POINT('',(0.,0.));
#6397 = VECTOR('',#6398,1.);
#6398 = DIRECTION('',(0.,-1.));
#6399 = ( GEOMETRIC_REPRESENTATION_CONTEXT(2) 
PARAMETRIC_REPRESENTATION_CONTEXT() REPRESENTATION_CONTEXT('2D SPACE',''
  ) );
#6400 = PCURVE('',#3008,#6401);
#6401 = DEFINITIONAL_REPRESENTATION('',(#6402),#6406);
#6402 = LINE('',#6403,#6404);
#6403 = CARTESIAN_POINT('',(1.,0.));
#6404 = VECTOR('',#6405,1.);
#6405 = DIRECTION('',(0.,-1.));
#6406 = ( GEOMETRIC_REPRESENTATION_CONTEXT(2) 
PARAMETRIC_REPRESENTATION_CONTEXT() REPRESENTATION_CONTEXT('2D SPACE',''
  ) );
#6407 = ORIENTED_EDGE('',*,*,#6408,.T.);
#6408 = EDGE_CURVE('',#6386,#6286,#6409,.T.);
#6409 = SURFACE_CURVE('',#6410,(#6415,#6422),.PCURVE_S1.);
#6410 = B_SPLINE_CURVE_WITH_KNOTS('',3,(#6411,#6412,#6413,#6414),
  .UNSPECIFIED.,.F.,.F.,(4,4),(0.,1.),.PIECEWISE_BEZIER_KNOTS.);
#6411 = CARTESIAN_POINT('',(6.,5.742624560372,-13.90878470941));
#6412 = CARTESIAN_POINT('',(6.,5.7223296183,-13.37400435583));
#6413 = CARTESIAN_POINT('',(6.,5.635352286709,-13.0759698801));
#6414 = CARTESIAN_POINT('',(6.,5.601483934542,-12.97801362237));
#6415 = PCURVE('',#3041,#6416);
#6416 = DEFINITIONAL_REPRESENTATION('',(#6417),#6421);
#6417 = LINE('',#6418,#6419);
#6418 = CARTESIAN_POINT('',(0.,-6.));
#6419 = VECTOR('',#6420,1.);
#6420 = DIRECTION('',(1.,0.));
#6421 = ( GEOMETRIC_REPRESENTATION_CONTEXT(2) 
PARAMETRIC_REPRESENTATION_CONTEXT() REPRESENTATION_CONTEXT('2D SPACE',''
  ) );
#6422 = PCURVE('',#3898,#6423);
#6423 = DEFINITIONAL_REPRESENTATION('',(#6424),#6429);
#6424 = B_SPLINE_CURVE_WITH_KNOTS('',3,(#6425,#6426,#6427,#6428),
  .UNSPECIFIED.,.F.,.F.,(4,4),(0.,1.),.PIECEWISE_BEZIER_KNOTS.);
#6425 = CARTESIAN_POINT('',(-13.90878470941,-5.742624560372));
#6426 = CARTESIAN_POINT('',(-13.37400435583,-5.7223296183));
#6427 = CARTESIAN_POINT('',(-13.0759698801,-5.635352286709));
#6428 = CARTESIAN_POINT('',(-12.97801362237,-5.601483934542));
#6429 = ( GEOMETRIC_REPRESENTATION_CONTEXT(2) 
PARAMETRIC_REPRESENTATION_CONTEXT() REPRESENTATION_CONTEXT('2D SPACE',''
  ) );
#6430 = ORIENTED_EDGE('',*,*,#6285,.F.);
#6431 = ORIENTED_EDGE('',*,*,#3023,.F.);
#6432 = ADVANCED_FACE('',(#6433),#857,.F.);
#6433 = FACE_BOUND('',#6434,.F.);
#6434 = EDGE_LOOP('',(#6435,#6436,#6461,#6482));
#6435 = ORIENTED_EDGE('',*,*,#6360,.T.);
#6436 = ORIENTED_EDGE('',*,*,#6437,.T.);
#6437 = EDGE_CURVE('',#6336,#6438,#6440,.T.);
#6438 = VERTEX_POINT('',#6439);
#6439 = CARTESIAN_POINT('',(6.,1.637979424984,14.040031454909));
#6440 = SURFACE_CURVE('',#6441,(#6446,#6453),.PCURVE_S1.);
#6441 = B_SPLINE_CURVE_WITH_KNOTS('',3,(#6442,#6443,#6444,#6445),
  .UNSPECIFIED.,.F.,.F.,(4,4),(0.,1.),.PIECEWISE_BEZIER_KNOTS.);
#6442 = CARTESIAN_POINT('',(6.,1.981133601028,14.916673174306));
#6443 = CARTESIAN_POINT('',(6.,1.73131935964,14.443392331625));
#6444 = CARTESIAN_POINT('',(6.,1.657626700485,14.141798238642));
#6445 = CARTESIAN_POINT('',(6.,1.637979424984,14.040031454909));
#6446 = PCURVE('',#857,#6447);
#6447 = DEFINITIONAL_REPRESENTATION('',(#6448),#6452);
#6448 = LINE('',#6449,#6450);
#6449 = CARTESIAN_POINT('',(0.,-6.));
#6450 = VECTOR('',#6451,1.);
#6451 = DIRECTION('',(1.,0.));
#6452 = ( GEOMETRIC_REPRESENTATION_CONTEXT(2) 
PARAMETRIC_REPRESENTATION_CONTEXT() REPRESENTATION_CONTEXT('2D SPACE',''
  ) );
#6453 = PCURVE('',#3898,#6454);
#6454 = DEFINITIONAL_REPRESENTATION('',(#6455),#6460);
#6455 = B_SPLINE_CURVE_WITH_KNOTS('',3,(#6456,#6457,#6458,#6459),
  .UNSPECIFIED.,.F.,.F.,(4,4),(0.,1.),.PIECEWISE_BEZIER_KNOTS.);
#6456 = CARTESIAN_POINT('',(14.916673174306,-1.981133601028));
#6457 = CARTESIAN_POINT('',(14.443392331625,-1.73131935964));
#6458 = CARTESIAN_POINT('',(14.141798238642,-1.657626700485));
#6459 = CARTESIAN_POINT('',(14.040031454909,-1.637979424984));
#6460 = ( GEOMETRIC_REPRESENTATION_CONTEXT(2) 
PARAMETRIC_REPRESENTATION_CONTEXT() REPRESENTATION_CONTEXT('2D SPACE',''
  ) );
#6461 = ORIENTED_EDGE('',*,*,#6462,.F.);
#6462 = EDGE_CURVE('',#840,#6438,#6463,.T.);
#6463 = SURFACE_CURVE('',#6464,(#6468,#6475),.PCURVE_S1.);
#6464 = LINE('',#6465,#6466);
#6465 = CARTESIAN_POINT('',(0.,1.637979424984,14.040031454909));
#6466 = VECTOR('',#6467,1.);
#6467 = DIRECTION('',(1.,0.,0.));
#6468 = PCURVE('',#857,#6469);
#6469 = DEFINITIONAL_REPRESENTATION('',(#6470),#6474);
#6470 = LINE('',#6471,#6472);
#6471 = CARTESIAN_POINT('',(1.,0.));
#6472 = VECTOR('',#6473,1.);
#6473 = DIRECTION('',(0.,-1.));
#6474 = ( GEOMETRIC_REPRESENTATION_CONTEXT(2) 
PARAMETRIC_REPRESENTATION_CONTEXT() REPRESENTATION_CONTEXT('2D SPACE',''
  ) );
#6475 = PCURVE('',#888,#6476);
#6476 = DEFINITIONAL_REPRESENTATION('',(#6477),#6481);
#6477 = LINE('',#6478,#6479);
#6478 = CARTESIAN_POINT('',(0.,0.));
#6479 = VECTOR('',#6480,1.);
#6480 = DIRECTION('',(0.,-1.));
#6481 = ( GEOMETRIC_REPRESENTATION_CONTEXT(2) 
PARAMETRIC_REPRESENTATION_CONTEXT() REPRESENTATION_CONTEXT('2D SPACE',''
  ) );
#6482 = ORIENTED_EDGE('',*,*,#839,.F.);
#6483 = ADVANCED_FACE('',(#6484),#3008,.F.);
#6484 = FACE_BOUND('',#6485,.F.);
#6485 = EDGE_LOOP('',(#6486,#6509,#6532,#6533));
#6486 = ORIENTED_EDGE('',*,*,#6487,.T.);
#6487 = EDGE_CURVE('',#2962,#6488,#6490,.T.);
#6488 = VERTEX_POINT('',#6489);
#6489 = CARTESIAN_POINT('',(6.,5.274311046028,-16.68627109302));
#6490 = SURFACE_CURVE('',#6491,(#6495,#6502),.PCURVE_S1.);
#6491 = LINE('',#6492,#6493);
#6492 = CARTESIAN_POINT('',(0.,5.274311046028,-16.68627109302));
#6493 = VECTOR('',#6494,1.);
#6494 = DIRECTION('',(1.,0.,0.));
#6495 = PCURVE('',#3008,#6496);
#6496 = DEFINITIONAL_REPRESENTATION('',(#6497),#6501);
#6497 = LINE('',#6498,#6499);
#6498 = CARTESIAN_POINT('',(0.,0.));
#6499 = VECTOR('',#6500,1.);
#6500 = DIRECTION('',(0.,-1.));
#6501 = ( GEOMETRIC_REPRESENTATION_CONTEXT(2) 
PARAMETRIC_REPRESENTATION_CONTEXT() REPRESENTATION_CONTEXT('2D SPACE',''
  ) );
#6502 = PCURVE('',#2978,#6503);
#6503 = DEFINITIONAL_REPRESENTATION('',(#6504),#6508);
#6504 = LINE('',#6505,#6506);
#6505 = CARTESIAN_POINT('',(-8.861549654828E-02,0.));
#6506 = VECTOR('',#6507,1.);
#6507 = DIRECTION('',(-0.,-1.));
#6508 = ( GEOMETRIC_REPRESENTATION_CONTEXT(2) 
PARAMETRIC_REPRESENTATION_CONTEXT() REPRESENTATION_CONTEXT('2D SPACE',''
  ) );
#6509 = ORIENTED_EDGE('',*,*,#6510,.T.);
#6510 = EDGE_CURVE('',#6488,#6386,#6511,.T.);
#6511 = SURFACE_CURVE('',#6512,(#6517,#6524),.PCURVE_S1.);
#6512 = B_SPLINE_CURVE_WITH_KNOTS('',3,(#6513,#6514,#6515,#6516),
  .UNSPECIFIED.,.F.,.F.,(4,4),(0.,1.),.PIECEWISE_BEZIER_KNOTS.);
#6513 = CARTESIAN_POINT('',(6.,5.274311046028,-16.68627109302));
#6514 = CARTESIAN_POINT('',(6.,5.681023558521,-15.48397165066));
#6515 = CARTESIAN_POINT('',(6.,5.763260904156,-14.54629490058));
#6516 = CARTESIAN_POINT('',(6.,5.742624560372,-13.90878470941));
#6517 = PCURVE('',#3008,#6518);
#6518 = DEFINITIONAL_REPRESENTATION('',(#6519),#6523);
#6519 = LINE('',#6520,#6521);
#6520 = CARTESIAN_POINT('',(0.,-6.));
#6521 = VECTOR('',#6522,1.);
#6522 = DIRECTION('',(1.,0.));
#6523 = ( GEOMETRIC_REPRESENTATION_CONTEXT(2) 
PARAMETRIC_REPRESENTATION_CONTEXT() REPRESENTATION_CONTEXT('2D SPACE',''
  ) );
#6524 = PCURVE('',#3898,#6525);
#6525 = DEFINITIONAL_REPRESENTATION('',(#6526),#6531);
#6526 = B_SPLINE_CURVE_WITH_KNOTS('',3,(#6527,#6528,#6529,#6530),
  .UNSPECIFIED.,.F.,.F.,(4,4),(0.,1.),.PIECEWISE_BEZIER_KNOTS.);
#6527 = CARTESIAN_POINT('',(-16.68627109302,-5.274311046028));
#6528 = CARTESIAN_POINT('',(-15.48397165066,-5.681023558521));
#6529 = CARTESIAN_POINT('',(-14.54629490058,-5.763260904156));
#6530 = CARTESIAN_POINT('',(-13.90878470941,-5.742624560372));
#6531 = ( GEOMETRIC_REPRESENTATION_CONTEXT(2) 
PARAMETRIC_REPRESENTATION_CONTEXT() REPRESENTATION_CONTEXT('2D SPACE',''
  ) );
#6532 = ORIENTED_EDGE('',*,*,#6385,.F.);
#6533 = ORIENTED_EDGE('',*,*,#2990,.F.);
#6534 = ADVANCED_FACE('',(#6535),#888,.F.);
#6535 = FACE_BOUND('',#6536,.F.);
#6536 = EDGE_LOOP('',(#6537,#6538,#6561,#6582));
#6537 = ORIENTED_EDGE('',*,*,#6462,.T.);
#6538 = ORIENTED_EDGE('',*,*,#6539,.T.);
#6539 = EDGE_CURVE('',#6438,#6540,#6542,.T.);
#6540 = VERTEX_POINT('',#6541);
#6541 = CARTESIAN_POINT('',(6.,1.484306084196,12.738817074141));
#6542 = SURFACE_CURVE('',#6543,(#6547,#6554),.PCURVE_S1.);
#6543 = LINE('',#6544,#6545);
#6544 = CARTESIAN_POINT('',(6.,1.637979424984,14.040031454909));
#6545 = VECTOR('',#6546,1.);
#6546 = DIRECTION('',(0.,-0.117284851808,-0.993098315141));
#6547 = PCURVE('',#888,#6548);
#6548 = DEFINITIONAL_REPRESENTATION('',(#6549),#6553);
#6549 = LINE('',#6550,#6551);
#6550 = CARTESIAN_POINT('',(0.,-6.));
#6551 = VECTOR('',#6552,1.);
#6552 = DIRECTION('',(1.,0.));
#6553 = ( GEOMETRIC_REPRESENTATION_CONTEXT(2) 
PARAMETRIC_REPRESENTATION_CONTEXT() REPRESENTATION_CONTEXT('2D SPACE',''
  ) );
#6554 = PCURVE('',#3898,#6555);
#6555 = DEFINITIONAL_REPRESENTATION('',(#6556),#6560);
#6556 = LINE('',#6557,#6558);
#6557 = CARTESIAN_POINT('',(14.040031454909,-1.637979424984));
#6558 = VECTOR('',#6559,1.);
#6559 = DIRECTION('',(-0.993098315141,0.117284851808));
#6560 = ( GEOMETRIC_REPRESENTATION_CONTEXT(2) 
PARAMETRIC_REPRESENTATION_CONTEXT() REPRESENTATION_CONTEXT('2D SPACE',''
  ) );
#6561 = ORIENTED_EDGE('',*,*,#6562,.F.);
#6562 = EDGE_CURVE('',#873,#6540,#6563,.T.);
#6563 = SURFACE_CURVE('',#6564,(#6568,#6575),.PCURVE_S1.);
#6564 = LINE('',#6565,#6566);
#6565 = CARTESIAN_POINT('',(0.,1.484306084196,12.738817074141));
#6566 = VECTOR('',#6567,1.);
#6567 = DIRECTION('',(1.,0.,0.));
#6568 = PCURVE('',#888,#6569);
#6569 = DEFINITIONAL_REPRESENTATION('',(#6570),#6574);
#6570 = LINE('',#6571,#6572);
#6571 = CARTESIAN_POINT('',(1.310257364179,0.));
#6572 = VECTOR('',#6573,1.);
#6573 = DIRECTION('',(0.,-1.));
#6574 = ( GEOMETRIC_REPRESENTATION_CONTEXT(2) 
PARAMETRIC_REPRESENTATION_CONTEXT() REPRESENTATION_CONTEXT('2D SPACE',''
  ) );
#6575 = PCURVE('',#921,#6576);
#6576 = DEFINITIONAL_REPRESENTATION('',(#6577),#6581);
#6577 = LINE('',#6578,#6579);
#6578 = CARTESIAN_POINT('',(0.,0.));
#6579 = VECTOR('',#6580,1.);
#6580 = DIRECTION('',(0.,-1.));
#6581 = ( GEOMETRIC_REPRESENTATION_CONTEXT(2) 
PARAMETRIC_REPRESENTATION_CONTEXT() REPRESENTATION_CONTEXT('2D SPACE',''
  ) );
#6582 = ORIENTED_EDGE('',*,*,#872,.F.);
#6583 = ADVANCED_FACE('',(#6584),#2978,.T.);
#6584 = FACE_BOUND('',#6585,.F.);
#6585 = EDGE_LOOP('',(#6586,#6609,#6631,#6632));
#6586 = ORIENTED_EDGE('',*,*,#6587,.T.);
#6587 = EDGE_CURVE('',#2929,#6588,#6590,.T.);
#6588 = VERTEX_POINT('',#6589);
#6589 = CARTESIAN_POINT('',(6.,3.777778630267,-17.09088038712));
#6590 = SURFACE_CURVE('',#6591,(#6595,#6602),.PCURVE_S1.);
#6591 = LINE('',#6592,#6593);
#6592 = CARTESIAN_POINT('',(0.,3.777778630267,-17.09088038712));
#6593 = VECTOR('',#6594,1.);
#6594 = DIRECTION('',(1.,0.,0.));
#6595 = PCURVE('',#2978,#6596);
#6596 = DEFINITIONAL_REPRESENTATION('',(#6597),#6601);
#6597 = LINE('',#6598,#6599);
#6598 = CARTESIAN_POINT('',(-0.,0.));
#6599 = VECTOR('',#6600,1.);
#6600 = DIRECTION('',(-0.,-1.));
#6601 = ( GEOMETRIC_REPRESENTATION_CONTEXT(2) 
PARAMETRIC_REPRESENTATION_CONTEXT() REPRESENTATION_CONTEXT('2D SPACE',''
  ) );
#6602 = PCURVE('',#2946,#6603);
#6603 = DEFINITIONAL_REPRESENTATION('',(#6604),#6608);
#6604 = LINE('',#6605,#6606);
#6605 = CARTESIAN_POINT('',(1.,0.));
#6606 = VECTOR('',#6607,1.);
#6607 = DIRECTION('',(0.,-1.));
#6608 = ( GEOMETRIC_REPRESENTATION_CONTEXT(2) 
PARAMETRIC_REPRESENTATION_CONTEXT() REPRESENTATION_CONTEXT('2D SPACE',''
  ) );
#6609 = ORIENTED_EDGE('',*,*,#6610,.T.);
#6610 = EDGE_CURVE('',#6588,#6488,#6611,.T.);
#6611 = SURFACE_CURVE('',#6612,(#6617,#6624),.PCURVE_S1.);
#6612 = CIRCLE('',#6613,17.5);
#6613 = AXIS2_PLACEMENT_3D('',#6614,#6615,#6616);
#6614 = CARTESIAN_POINT('',(6.,-3.686460805682E-02,-1.169724025008E-02)
  );
#6615 = DIRECTION('',(1.,-0.,0.));
#6616 = DIRECTION('',(0.,0.217979613618,-0.975953322678));
#6617 = PCURVE('',#2978,#6618);
#6618 = DEFINITIONAL_REPRESENTATION('',(#6619),#6623);
#6619 = LINE('',#6620,#6621);
#6620 = CARTESIAN_POINT('',(-0.,-6.));
#6621 = VECTOR('',#6622,1.);
#6622 = DIRECTION('',(-1.,0.));
#6623 = ( GEOMETRIC_REPRESENTATION_CONTEXT(2) 
PARAMETRIC_REPRESENTATION_CONTEXT() REPRESENTATION_CONTEXT('2D SPACE',''
  ) );
#6624 = PCURVE('',#3898,#6625);
#6625 = DEFINITIONAL_REPRESENTATION('',(#6626),#6630);
#6626 = CIRCLE('',#6627,17.5);
#6627 = AXIS2_PLACEMENT_2D('',#6628,#6629);
#6628 = CARTESIAN_POINT('',(-1.169724025007E-02,3.686460805682E-02));
#6629 = DIRECTION('',(-0.975953322678,-0.217979613618));
#6630 = ( GEOMETRIC_REPRESENTATION_CONTEXT(2) 
PARAMETRIC_REPRESENTATION_CONTEXT() REPRESENTATION_CONTEXT('2D SPACE',''
  ) );
#6631 = ORIENTED_EDGE('',*,*,#6487,.F.);
#6632 = ORIENTED_EDGE('',*,*,#2961,.F.);
#6633 = ADVANCED_FACE('',(#6634),#921,.F.);
#6634 = FACE_BOUND('',#6635,.F.);
#6635 = EDGE_LOOP('',(#6636,#6637,#6665,#6686));
#6636 = ORIENTED_EDGE('',*,*,#6562,.T.);
#6637 = ORIENTED_EDGE('',*,*,#6638,.T.);
#6638 = EDGE_CURVE('',#6540,#6639,#6641,.T.);
#6639 = VERTEX_POINT('',#6640);
#6640 = CARTESIAN_POINT('',(6.,0.499271024791,11.86449971317));
#6641 = SURFACE_CURVE('',#6642,(#6647,#6654),.PCURVE_S1.);
#6642 = CIRCLE('',#6643,0.95);
#6643 = AXIS2_PLACEMENT_3D('',#6644,#6645,#6646);
#6644 = CARTESIAN_POINT('',(6.,0.537265109228,12.81373964572));
#6645 = DIRECTION('',(-1.,0.,0.));
#6646 = DIRECTION('',(0.,0.996885236808,-7.886586482015E-02));
#6647 = PCURVE('',#921,#6648);
#6648 = DEFINITIONAL_REPRESENTATION('',(#6649),#6653);
#6649 = LINE('',#6650,#6651);
#6650 = CARTESIAN_POINT('',(0.,-6.));
#6651 = VECTOR('',#6652,1.);
#6652 = DIRECTION('',(1.,0.));
#6653 = ( GEOMETRIC_REPRESENTATION_CONTEXT(2) 
PARAMETRIC_REPRESENTATION_CONTEXT() REPRESENTATION_CONTEXT('2D SPACE',''
  ) );
#6654 = PCURVE('',#3898,#6655);
#6655 = DEFINITIONAL_REPRESENTATION('',(#6656),#6664);
#6656 = ( BOUNDED_CURVE() B_SPLINE_CURVE(2,(#6657,#6658,#6659,#6660,
#6661,#6662,#6663),.UNSPECIFIED.,.T.,.F.) B_SPLINE_CURVE_WITH_KNOTS((1,2
    ,2,2,2,1),(-2.094395102393,0.,2.094395102393,4.188790204786,
6.28318530718,8.377580409573),.UNSPECIFIED.) CURVE() 
GEOMETRIC_REPRESENTATION_ITEM() RATIONAL_B_SPLINE_CURVE((1.,0.5,1.,0.5,
1.,0.5,1.)) REPRESENTATION_ITEM('') );
#6657 = CARTESIAN_POINT('',(12.738817074141,-1.484306084196));
#6658 = CARTESIAN_POINT('',(11.098493988647,-1.354536383587));
#6659 = CARTESIAN_POINT('',(12.031039388763,1.140228560074E-03));
#6660 = CARTESIAN_POINT('',(12.963584788878,1.356816840707));
#6661 = CARTESIAN_POINT('',(13.671362474256,-0.128629472049));
#6662 = CARTESIAN_POINT('',(14.379140159635,-1.614075784805));
#6663 = CARTESIAN_POINT('',(12.738817074141,-1.484306084196));
#6664 = ( GEOMETRIC_REPRESENTATION_CONTEXT(2) 
PARAMETRIC_REPRESENTATION_CONTEXT() REPRESENTATION_CONTEXT('2D SPACE',''
  ) );
#6665 = ORIENTED_EDGE('',*,*,#6666,.F.);
#6666 = EDGE_CURVE('',#901,#6639,#6667,.T.);
#6667 = SURFACE_CURVE('',#6668,(#6672,#6679),.PCURVE_S1.);
#6668 = LINE('',#6669,#6670);
#6669 = CARTESIAN_POINT('',(0.,0.499271024791,11.86449971317));
#6670 = VECTOR('',#6671,1.);
#6671 = DIRECTION('',(1.,0.,0.));
#6672 = PCURVE('',#921,#6673);
#6673 = DEFINITIONAL_REPRESENTATION('',(#6674),#6678);
#6674 = LINE('',#6675,#6676);
#6675 = CARTESIAN_POINT('',(1.531852919448,0.));
#6676 = VECTOR('',#6677,1.);
#6677 = DIRECTION('',(0.,-1.));
#6678 = ( GEOMETRIC_REPRESENTATION_CONTEXT(2) 
PARAMETRIC_REPRESENTATION_CONTEXT() REPRESENTATION_CONTEXT('2D SPACE',''
  ) );
#6679 = PCURVE('',#950,#6680);
#6680 = DEFINITIONAL_REPRESENTATION('',(#6681),#6685);
#6681 = LINE('',#6682,#6683);
#6682 = CARTESIAN_POINT('',(-0.,0.));
#6683 = VECTOR('',#6684,1.);
#6684 = DIRECTION('',(-0.,-1.));
#6685 = ( GEOMETRIC_REPRESENTATION_CONTEXT(2) 
PARAMETRIC_REPRESENTATION_CONTEXT() REPRESENTATION_CONTEXT('2D SPACE',''
  ) );
#6686 = ORIENTED_EDGE('',*,*,#900,.F.);
#6687 = ADVANCED_FACE('',(#6688),#2946,.F.);
#6688 = FACE_BOUND('',#6689,.F.);
#6689 = EDGE_LOOP('',(#6690,#6713,#6736,#6737));
#6690 = ORIENTED_EDGE('',*,*,#6691,.T.);
#6691 = EDGE_CURVE('',#2896,#6692,#6694,.T.);
#6692 = VERTEX_POINT('',#6693);
#6693 = CARTESIAN_POINT('',(6.,1.981133601028,-14.9166731743));
#6694 = SURFACE_CURVE('',#6695,(#6699,#6706),.PCURVE_S1.);
#6695 = LINE('',#6696,#6697);
#6696 = CARTESIAN_POINT('',(0.,1.981133601028,-14.9166731743));
#6697 = VECTOR('',#6698,1.);
#6698 = DIRECTION('',(1.,0.,0.));
#6699 = PCURVE('',#2946,#6700);
#6700 = DEFINITIONAL_REPRESENTATION('',(#6701),#6705);
#6701 = LINE('',#6702,#6703);
#6702 = CARTESIAN_POINT('',(0.,0.));
#6703 = VECTOR('',#6704,1.);
#6704 = DIRECTION('',(0.,-1.));
#6705 = ( GEOMETRIC_REPRESENTATION_CONTEXT(2) 
PARAMETRIC_REPRESENTATION_CONTEXT() REPRESENTATION_CONTEXT('2D SPACE',''
  ) );
#6706 = PCURVE('',#2913,#6707);
#6707 = DEFINITIONAL_REPRESENTATION('',(#6708),#6712);
#6708 = LINE('',#6709,#6710);
#6709 = CARTESIAN_POINT('',(1.,0.));
#6710 = VECTOR('',#6711,1.);
#6711 = DIRECTION('',(0.,-1.));
#6712 = ( GEOMETRIC_REPRESENTATION_CONTEXT(2) 
PARAMETRIC_REPRESENTATION_CONTEXT() REPRESENTATION_CONTEXT('2D SPACE',''
  ) );
#6713 = ORIENTED_EDGE('',*,*,#6714,.T.);
#6714 = EDGE_CURVE('',#6692,#6588,#6715,.T.);
#6715 = SURFACE_CURVE('',#6716,(#6721,#6728),.PCURVE_S1.);
#6716 = B_SPLINE_CURVE_WITH_KNOTS('',3,(#6717,#6718,#6719,#6720),
  .UNSPECIFIED.,.F.,.F.,(4,4),(0.,1.),.PIECEWISE_BEZIER_KNOTS.);
#6717 = CARTESIAN_POINT('',(6.,1.981133601028,-14.9166731743));
#6718 = CARTESIAN_POINT('',(6.,2.282017098656,-15.47909136692));
#6719 = CARTESIAN_POINT('',(6.,2.822075104157,-16.25002458021));
#6720 = CARTESIAN_POINT('',(6.,3.777778630267,-17.09088038712));
#6721 = PCURVE('',#2946,#6722);
#6722 = DEFINITIONAL_REPRESENTATION('',(#6723),#6727);
#6723 = LINE('',#6724,#6725);
#6724 = CARTESIAN_POINT('',(0.,-6.));
#6725 = VECTOR('',#6726,1.);
#6726 = DIRECTION('',(1.,0.));
#6727 = ( GEOMETRIC_REPRESENTATION_CONTEXT(2) 
PARAMETRIC_REPRESENTATION_CONTEXT() REPRESENTATION_CONTEXT('2D SPACE',''
  ) );
#6728 = PCURVE('',#3898,#6729);
#6729 = DEFINITIONAL_REPRESENTATION('',(#6730),#6735);
#6730 = B_SPLINE_CURVE_WITH_KNOTS('',3,(#6731,#6732,#6733,#6734),
  .UNSPECIFIED.,.F.,.F.,(4,4),(0.,1.),.PIECEWISE_BEZIER_KNOTS.);
#6731 = CARTESIAN_POINT('',(-14.9166731743,-1.981133601028));
#6732 = CARTESIAN_POINT('',(-15.47909136692,-2.282017098656));
#6733 = CARTESIAN_POINT('',(-16.25002458021,-2.822075104157));
#6734 = CARTESIAN_POINT('',(-17.09088038712,-3.777778630267));
#6735 = ( GEOMETRIC_REPRESENTATION_CONTEXT(2) 
PARAMETRIC_REPRESENTATION_CONTEXT() REPRESENTATION_CONTEXT('2D SPACE',''
  ) );
#6736 = ORIENTED_EDGE('',*,*,#6587,.F.);
#6737 = ORIENTED_EDGE('',*,*,#2928,.F.);
#6738 = ADVANCED_FACE('',(#6739),#950,.T.);
#6739 = FACE_BOUND('',#6740,.F.);
#6740 = EDGE_LOOP('',(#6741,#6742,#6766,#6787));
#6741 = ORIENTED_EDGE('',*,*,#6666,.T.);
#6742 = ORIENTED_EDGE('',*,*,#6743,.T.);
#6743 = EDGE_CURVE('',#6639,#6744,#6746,.T.);
#6744 = VERTEX_POINT('',#6745);
#6745 = CARTESIAN_POINT('',(6.,-0.499271024791,11.86449971317));
#6746 = SURFACE_CURVE('',#6747,(#6752,#6759),.PCURVE_S1.);
#6747 = CIRCLE('',#6748,11.875000000003);
#6748 = AXIS2_PLACEMENT_3D('',#6749,#6750,#6751);
#6749 = CARTESIAN_POINT('',(6.,-2.398748056291E-14,-3.082191546996E-12)
  );
#6750 = DIRECTION('',(1.,0.,-0.));
#6751 = DIRECTION('',(0.,4.204387577189E-02,0.99911576532));
#6752 = PCURVE('',#950,#6753);
#6753 = DEFINITIONAL_REPRESENTATION('',(#6754),#6758);
#6754 = LINE('',#6755,#6756);
#6755 = CARTESIAN_POINT('',(-0.,-6.));
#6756 = VECTOR('',#6757,1.);
#6757 = DIRECTION('',(-1.,0.));
#6758 = ( GEOMETRIC_REPRESENTATION_CONTEXT(2) 
PARAMETRIC_REPRESENTATION_CONTEXT() REPRESENTATION_CONTEXT('2D SPACE',''
  ) );
#6759 = PCURVE('',#3898,#6760);
#6760 = DEFINITIONAL_REPRESENTATION('',(#6761),#6765);
#6761 = CIRCLE('',#6762,11.875000000003);
#6762 = AXIS2_PLACEMENT_2D('',#6763,#6764);
#6763 = CARTESIAN_POINT('',(-3.080991546996E-12,2.113748056291E-14));
#6764 = DIRECTION('',(0.99911576532,-4.204387577189E-02));
#6765 = ( GEOMETRIC_REPRESENTATION_CONTEXT(2) 
PARAMETRIC_REPRESENTATION_CONTEXT() REPRESENTATION_CONTEXT('2D SPACE',''
  ) );
#6766 = ORIENTED_EDGE('',*,*,#6767,.F.);
#6767 = EDGE_CURVE('',#934,#6744,#6768,.T.);
#6768 = SURFACE_CURVE('',#6769,(#6773,#6780),.PCURVE_S1.);
#6769 = LINE('',#6770,#6771);
#6770 = CARTESIAN_POINT('',(0.,-0.499271024791,11.86449971317));
#6771 = VECTOR('',#6772,1.);
#6772 = DIRECTION('',(1.,0.,0.));
#6773 = PCURVE('',#950,#6774);
#6774 = DEFINITIONAL_REPRESENTATION('',(#6775),#6779);
#6775 = LINE('',#6776,#6777);
#6776 = CARTESIAN_POINT('',(-8.411254474857E-02,0.));
#6777 = VECTOR('',#6778,1.);
#6778 = DIRECTION('',(-0.,-1.));
#6779 = ( GEOMETRIC_REPRESENTATION_CONTEXT(2) 
PARAMETRIC_REPRESENTATION_CONTEXT() REPRESENTATION_CONTEXT('2D SPACE',''
  ) );
#6780 = PCURVE('',#983,#6781);
#6781 = DEFINITIONAL_REPRESENTATION('',(#6782),#6786);
#6782 = LINE('',#6783,#6784);
#6783 = CARTESIAN_POINT('',(0.,0.));
#6784 = VECTOR('',#6785,1.);
#6785 = DIRECTION('',(0.,-1.));
#6786 = ( GEOMETRIC_REPRESENTATION_CONTEXT(2) 
PARAMETRIC_REPRESENTATION_CONTEXT() REPRESENTATION_CONTEXT('2D SPACE',''
  ) );
#6787 = ORIENTED_EDGE('',*,*,#933,.F.);
#6788 = ADVANCED_FACE('',(#6789),#2913,.F.);
#6789 = FACE_BOUND('',#6790,.F.);
#6790 = EDGE_LOOP('',(#6791,#6814,#6837,#6838));
#6791 = ORIENTED_EDGE('',*,*,#6792,.T.);
#6792 = EDGE_CURVE('',#2868,#6793,#6795,.T.);
#6793 = VERTEX_POINT('',#6794);
#6794 = CARTESIAN_POINT('',(6.,1.637979424984,-14.0400314549));
#6795 = SURFACE_CURVE('',#6796,(#6800,#6807),.PCURVE_S1.);
#6796 = LINE('',#6797,#6798);
#6797 = CARTESIAN_POINT('',(0.,1.637979424984,-14.0400314549));
#6798 = VECTOR('',#6799,1.);
#6799 = DIRECTION('',(1.,0.,0.));
#6800 = PCURVE('',#2913,#6801);
#6801 = DEFINITIONAL_REPRESENTATION('',(#6802),#6806);
#6802 = LINE('',#6803,#6804);
#6803 = CARTESIAN_POINT('',(0.,0.));
#6804 = VECTOR('',#6805,1.);
#6805 = DIRECTION('',(0.,-1.));
#6806 = ( GEOMETRIC_REPRESENTATION_CONTEXT(2) 
PARAMETRIC_REPRESENTATION_CONTEXT() REPRESENTATION_CONTEXT('2D SPACE',''
  ) );
#6807 = PCURVE('',#2883,#6808);
#6808 = DEFINITIONAL_REPRESENTATION('',(#6809),#6813);
#6809 = LINE('',#6810,#6811);
#6810 = CARTESIAN_POINT('',(1.310257364179,0.));
#6811 = VECTOR('',#6812,1.);
#6812 = DIRECTION('',(0.,-1.));
#6813 = ( GEOMETRIC_REPRESENTATION_CONTEXT(2) 
PARAMETRIC_REPRESENTATION_CONTEXT() REPRESENTATION_CONTEXT('2D SPACE',''
  ) );
#6814 = ORIENTED_EDGE('',*,*,#6815,.T.);
#6815 = EDGE_CURVE('',#6793,#6692,#6816,.T.);
#6816 = SURFACE_CURVE('',#6817,(#6822,#6829),.PCURVE_S1.);
#6817 = B_SPLINE_CURVE_WITH_KNOTS('',3,(#6818,#6819,#6820,#6821),
  .UNSPECIFIED.,.F.,.F.,(4,4),(0.,1.),.PIECEWISE_BEZIER_KNOTS.);
#6818 = CARTESIAN_POINT('',(6.,1.637979424984,-14.0400314549));
#6819 = CARTESIAN_POINT('',(6.,1.657626700485,-14.14179823864));
#6820 = CARTESIAN_POINT('',(6.,1.73131935964,-14.44339233162));
#6821 = CARTESIAN_POINT('',(6.,1.981133601028,-14.9166731743));
#6822 = PCURVE('',#2913,#6823);
#6823 = DEFINITIONAL_REPRESENTATION('',(#6824),#6828);
#6824 = LINE('',#6825,#6826);
#6825 = CARTESIAN_POINT('',(0.,-6.));
#6826 = VECTOR('',#6827,1.);
#6827 = DIRECTION('',(1.,0.));
#6828 = ( GEOMETRIC_REPRESENTATION_CONTEXT(2) 
PARAMETRIC_REPRESENTATION_CONTEXT() REPRESENTATION_CONTEXT('2D SPACE',''
  ) );
#6829 = PCURVE('',#3898,#6830);
#6830 = DEFINITIONAL_REPRESENTATION('',(#6831),#6836);
#6831 = B_SPLINE_CURVE_WITH_KNOTS('',3,(#6832,#6833,#6834,#6835),
  .UNSPECIFIED.,.F.,.F.,(4,4),(0.,1.),.PIECEWISE_BEZIER_KNOTS.);
#6832 = CARTESIAN_POINT('',(-14.0400314549,-1.637979424984));
#6833 = CARTESIAN_POINT('',(-14.14179823864,-1.657626700485));
#6834 = CARTESIAN_POINT('',(-14.44339233162,-1.73131935964));
#6835 = CARTESIAN_POINT('',(-14.9166731743,-1.981133601028));
#6836 = ( GEOMETRIC_REPRESENTATION_CONTEXT(2) 
PARAMETRIC_REPRESENTATION_CONTEXT() REPRESENTATION_CONTEXT('2D SPACE',''
  ) );
#6837 = ORIENTED_EDGE('',*,*,#6691,.F.);
#6838 = ORIENTED_EDGE('',*,*,#2895,.F.);
#6839 = ADVANCED_FACE('',(#6840),#983,.F.);
#6840 = FACE_BOUND('',#6841,.F.);
#6841 = EDGE_LOOP('',(#6842,#6843,#6871,#6892));
#6842 = ORIENTED_EDGE('',*,*,#6767,.T.);
#6843 = ORIENTED_EDGE('',*,*,#6844,.T.);
#6844 = EDGE_CURVE('',#6744,#6845,#6847,.T.);
#6845 = VERTEX_POINT('',#6846);
#6846 = CARTESIAN_POINT('',(6.,-1.484306084196,12.738817074141));
#6847 = SURFACE_CURVE('',#6848,(#6853,#6860),.PCURVE_S1.);
#6848 = CIRCLE('',#6849,0.95);
#6849 = AXIS2_PLACEMENT_3D('',#6850,#6851,#6852);
#6850 = CARTESIAN_POINT('',(6.,-0.537265109228,12.81373964572));
#6851 = DIRECTION('',(-1.,-0.,0.));
#6852 = DIRECTION('',(-0.,3.999377309151E-02,-0.999199929));
#6853 = PCURVE('',#983,#6854);
#6854 = DEFINITIONAL_REPRESENTATION('',(#6855),#6859);
#6855 = LINE('',#6856,#6857);
#6856 = CARTESIAN_POINT('',(0.,-6.));
#6857 = VECTOR('',#6858,1.);
#6858 = DIRECTION('',(1.,0.));
#6859 = ( GEOMETRIC_REPRESENTATION_CONTEXT(2) 
PARAMETRIC_REPRESENTATION_CONTEXT() REPRESENTATION_CONTEXT('2D SPACE',''
  ) );
#6860 = PCURVE('',#3898,#6861);
#6861 = DEFINITIONAL_REPRESENTATION('',(#6862),#6870);
#6862 = ( BOUNDED_CURVE() B_SPLINE_CURVE(2,(#6863,#6864,#6865,#6866,
#6867,#6868,#6869),.UNSPECIFIED.,.T.,.F.) B_SPLINE_CURVE_WITH_KNOTS((1,2
    ,2,2,2,1),(-2.094395102393,0.,2.094395102393,4.188790204786,
6.28318530718,8.377580409573),.UNSPECIFIED.) CURVE() 
GEOMETRIC_REPRESENTATION_ITEM() RATIONAL_B_SPLINE_CURVE((1.,0.5,1.,0.5,
1.,0.5,1.)) REPRESENTATION_ITEM('') );
#6863 = CARTESIAN_POINT('',(11.86449971317,0.499271024791));
#6864 = CARTESIAN_POINT('',(11.798692028538,2.143402816541));
#6865 = CARTESIAN_POINT('',(13.255455769679,1.378328047322));
#6866 = CARTESIAN_POINT('',(14.71221951082,0.613253278102));
#6867 = CARTESIAN_POINT('',(13.321263454311,-0.265803744428));
#6868 = CARTESIAN_POINT('',(11.930307397802,-1.144860766959));
#6869 = CARTESIAN_POINT('',(11.86449971317,0.499271024791));
#6870 = ( GEOMETRIC_REPRESENTATION_CONTEXT(2) 
PARAMETRIC_REPRESENTATION_CONTEXT() REPRESENTATION_CONTEXT('2D SPACE',''
  ) );
#6871 = ORIENTED_EDGE('',*,*,#6872,.F.);
#6872 = EDGE_CURVE('',#963,#6845,#6873,.T.);
#6873 = SURFACE_CURVE('',#6874,(#6878,#6885),.PCURVE_S1.);
#6874 = LINE('',#6875,#6876);
#6875 = CARTESIAN_POINT('',(0.,-1.484306084196,12.738817074141));
#6876 = VECTOR('',#6877,1.);
#6877 = DIRECTION('',(1.,0.,0.));
#6878 = PCURVE('',#983,#6879);
#6879 = DEFINITIONAL_REPRESENTATION('',(#6880),#6884);
#6880 = LINE('',#6881,#6882);
#6881 = CARTESIAN_POINT('',(1.531852919448,0.));
#6882 = VECTOR('',#6883,1.);
#6883 = DIRECTION('',(0.,-1.));
#6884 = ( GEOMETRIC_REPRESENTATION_CONTEXT(2) 
PARAMETRIC_REPRESENTATION_CONTEXT() REPRESENTATION_CONTEXT('2D SPACE',''
  ) );
#6885 = PCURVE('',#1011,#6886);
#6886 = DEFINITIONAL_REPRESENTATION('',(#6887),#6891);
#6887 = LINE('',#6888,#6889);
#6888 = CARTESIAN_POINT('',(0.,0.));
#6889 = VECTOR('',#6890,1.);
#6890 = DIRECTION('',(0.,-1.));
#6891 = ( GEOMETRIC_REPRESENTATION_CONTEXT(2) 
PARAMETRIC_REPRESENTATION_CONTEXT() REPRESENTATION_CONTEXT('2D SPACE',''
  ) );
#6892 = ORIENTED_EDGE('',*,*,#962,.F.);
#6893 = ADVANCED_FACE('',(#6894),#2883,.F.);
#6894 = FACE_BOUND('',#6895,.F.);
#6895 = EDGE_LOOP('',(#6896,#6919,#6940,#6941));
#6896 = ORIENTED_EDGE('',*,*,#6897,.T.);
#6897 = EDGE_CURVE('',#2835,#6898,#6900,.T.);
#6898 = VERTEX_POINT('',#6899);
#6899 = CARTESIAN_POINT('',(6.,1.484306084196,-12.73881707414));
#6900 = SURFACE_CURVE('',#6901,(#6905,#6912),.PCURVE_S1.);
#6901 = LINE('',#6902,#6903);
#6902 = CARTESIAN_POINT('',(0.,1.484306084196,-12.73881707414));
#6903 = VECTOR('',#6904,1.);
#6904 = DIRECTION('',(1.,0.,0.));
#6905 = PCURVE('',#2883,#6906);
#6906 = DEFINITIONAL_REPRESENTATION('',(#6907),#6911);
#6907 = LINE('',#6908,#6909);
#6908 = CARTESIAN_POINT('',(0.,0.));
#6909 = VECTOR('',#6910,1.);
#6910 = DIRECTION('',(0.,-1.));
#6911 = ( GEOMETRIC_REPRESENTATION_CONTEXT(2) 
PARAMETRIC_REPRESENTATION_CONTEXT() REPRESENTATION_CONTEXT('2D SPACE',''
  ) );
#6912 = PCURVE('',#2855,#6913);
#6913 = DEFINITIONAL_REPRESENTATION('',(#6914),#6918);
#6914 = LINE('',#6915,#6916);
#6915 = CARTESIAN_POINT('',(1.531852919448,0.));
#6916 = VECTOR('',#6917,1.);
#6917 = DIRECTION('',(0.,-1.));
#6918 = ( GEOMETRIC_REPRESENTATION_CONTEXT(2) 
PARAMETRIC_REPRESENTATION_CONTEXT() REPRESENTATION_CONTEXT('2D SPACE',''
  ) );
#6919 = ORIENTED_EDGE('',*,*,#6920,.T.);
#6920 = EDGE_CURVE('',#6898,#6793,#6921,.T.);
#6921 = SURFACE_CURVE('',#6922,(#6926,#6933),.PCURVE_S1.);
#6922 = LINE('',#6923,#6924);
#6923 = CARTESIAN_POINT('',(6.,1.484306084196,-12.73881707414));
#6924 = VECTOR('',#6925,1.);
#6925 = DIRECTION('',(0.,0.117284851808,-0.993098315141));
#6926 = PCURVE('',#2883,#6927);
#6927 = DEFINITIONAL_REPRESENTATION('',(#6928),#6932);
#6928 = LINE('',#6929,#6930);
#6929 = CARTESIAN_POINT('',(0.,-6.));
#6930 = VECTOR('',#6931,1.);
#6931 = DIRECTION('',(1.,0.));
#6932 = ( GEOMETRIC_REPRESENTATION_CONTEXT(2) 
PARAMETRIC_REPRESENTATION_CONTEXT() REPRESENTATION_CONTEXT('2D SPACE',''
  ) );
#6933 = PCURVE('',#3898,#6934);
#6934 = DEFINITIONAL_REPRESENTATION('',(#6935),#6939);
#6935 = LINE('',#6936,#6937);
#6936 = CARTESIAN_POINT('',(-12.73881707414,-1.484306084196));
#6937 = VECTOR('',#6938,1.);
#6938 = DIRECTION('',(-0.993098315141,-0.117284851808));
#6939 = ( GEOMETRIC_REPRESENTATION_CONTEXT(2) 
PARAMETRIC_REPRESENTATION_CONTEXT() REPRESENTATION_CONTEXT('2D SPACE',''
  ) );
#6940 = ORIENTED_EDGE('',*,*,#6792,.F.);
#6941 = ORIENTED_EDGE('',*,*,#2867,.F.);
#6942 = ADVANCED_FACE('',(#6943),#1011,.F.);
#6943 = FACE_BOUND('',#6944,.F.);
#6944 = EDGE_LOOP('',(#6945,#6946,#6969,#6990));
#6945 = ORIENTED_EDGE('',*,*,#6872,.T.);
#6946 = ORIENTED_EDGE('',*,*,#6947,.T.);
#6947 = EDGE_CURVE('',#6845,#6948,#6950,.T.);
#6948 = VERTEX_POINT('',#6949);
#6949 = CARTESIAN_POINT('',(6.,-1.637979424984,14.040031454909));
#6950 = SURFACE_CURVE('',#6951,(#6955,#6962),.PCURVE_S1.);
#6951 = LINE('',#6952,#6953);
#6952 = CARTESIAN_POINT('',(6.,-1.484306084196,12.738817074141));
#6953 = VECTOR('',#6954,1.);
#6954 = DIRECTION('',(0.,-0.117284851808,0.993098315141));
#6955 = PCURVE('',#1011,#6956);
#6956 = DEFINITIONAL_REPRESENTATION('',(#6957),#6961);
#6957 = LINE('',#6958,#6959);
#6958 = CARTESIAN_POINT('',(0.,-6.));
#6959 = VECTOR('',#6960,1.);
#6960 = DIRECTION('',(1.,0.));
#6961 = ( GEOMETRIC_REPRESENTATION_CONTEXT(2) 
PARAMETRIC_REPRESENTATION_CONTEXT() REPRESENTATION_CONTEXT('2D SPACE',''
  ) );
#6962 = PCURVE('',#3898,#6963);
#6963 = DEFINITIONAL_REPRESENTATION('',(#6964),#6968);
#6964 = LINE('',#6965,#6966);
#6965 = CARTESIAN_POINT('',(12.738817074141,1.484306084196));
#6966 = VECTOR('',#6967,1.);
#6967 = DIRECTION('',(0.993098315141,0.117284851808));
#6968 = ( GEOMETRIC_REPRESENTATION_CONTEXT(2) 
PARAMETRIC_REPRESENTATION_CONTEXT() REPRESENTATION_CONTEXT('2D SPACE',''
  ) );
#6969 = ORIENTED_EDGE('',*,*,#6970,.F.);
#6970 = EDGE_CURVE('',#996,#6948,#6971,.T.);
#6971 = SURFACE_CURVE('',#6972,(#6976,#6983),.PCURVE_S1.);
#6972 = LINE('',#6973,#6974);
#6973 = CARTESIAN_POINT('',(0.,-1.637979424984,14.040031454909));
#6974 = VECTOR('',#6975,1.);
#6975 = DIRECTION('',(1.,0.,0.));
#6976 = PCURVE('',#1011,#6977);
#6977 = DEFINITIONAL_REPRESENTATION('',(#6978),#6982);
#6978 = LINE('',#6979,#6980);
#6979 = CARTESIAN_POINT('',(1.310257364179,0.));
#6980 = VECTOR('',#6981,1.);
#6981 = DIRECTION('',(0.,-1.));
#6982 = ( GEOMETRIC_REPRESENTATION_CONTEXT(2) 
PARAMETRIC_REPRESENTATION_CONTEXT() REPRESENTATION_CONTEXT('2D SPACE',''
  ) );
#6983 = PCURVE('',#1041,#6984);
#6984 = DEFINITIONAL_REPRESENTATION('',(#6985),#6989);
#6985 = LINE('',#6986,#6987);
#6986 = CARTESIAN_POINT('',(0.,0.));
#6987 = VECTOR('',#6988,1.);
#6988 = DIRECTION('',(0.,-1.));
#6989 = ( GEOMETRIC_REPRESENTATION_CONTEXT(2) 
PARAMETRIC_REPRESENTATION_CONTEXT() REPRESENTATION_CONTEXT('2D SPACE',''
  ) );
#6990 = ORIENTED_EDGE('',*,*,#995,.F.);
#6991 = ADVANCED_FACE('',(#6992),#2855,.F.);
#6992 = FACE_BOUND('',#6993,.F.);
#6993 = EDGE_LOOP('',(#6994,#7017,#7043,#7044));
#6994 = ORIENTED_EDGE('',*,*,#6995,.T.);
#6995 = EDGE_CURVE('',#2806,#6996,#6998,.T.);
#6996 = VERTEX_POINT('',#6997);
#6997 = CARTESIAN_POINT('',(6.,0.499271024791,-11.86449971317));
#6998 = SURFACE_CURVE('',#6999,(#7003,#7010),.PCURVE_S1.);
#6999 = LINE('',#7000,#7001);
#7000 = CARTESIAN_POINT('',(0.,0.499271024791,-11.86449971317));
#7001 = VECTOR('',#7002,1.);
#7002 = DIRECTION('',(1.,0.,0.));
#7003 = PCURVE('',#2855,#7004);
#7004 = DEFINITIONAL_REPRESENTATION('',(#7005),#7009);
#7005 = LINE('',#7006,#7007);
#7006 = CARTESIAN_POINT('',(0.,0.));
#7007 = VECTOR('',#7008,1.);
#7008 = DIRECTION('',(0.,-1.));
#7009 = ( GEOMETRIC_REPRESENTATION_CONTEXT(2) 
PARAMETRIC_REPRESENTATION_CONTEXT() REPRESENTATION_CONTEXT('2D SPACE',''
  ) );
#7010 = PCURVE('',#2822,#7011);
#7011 = DEFINITIONAL_REPRESENTATION('',(#7012),#7016);
#7012 = LINE('',#7013,#7014);
#7013 = CARTESIAN_POINT('',(-8.411254474859E-02,0.));
#7014 = VECTOR('',#7015,1.);
#7015 = DIRECTION('',(-0.,-1.));
#7016 = ( GEOMETRIC_REPRESENTATION_CONTEXT(2) 
PARAMETRIC_REPRESENTATION_CONTEXT() REPRESENTATION_CONTEXT('2D SPACE',''
  ) );
#7017 = ORIENTED_EDGE('',*,*,#7018,.T.);
#7018 = EDGE_CURVE('',#6996,#6898,#7019,.T.);
#7019 = SURFACE_CURVE('',#7020,(#7025,#7032),.PCURVE_S1.);
#7020 = CIRCLE('',#7021,0.95);
#7021 = AXIS2_PLACEMENT_3D('',#7022,#7023,#7024);
#7022 = CARTESIAN_POINT('',(6.,0.537265109228,-12.81373964572));
#7023 = DIRECTION('',(-1.,0.,0.));
#7024 = DIRECTION('',(0.,-3.99937730915E-02,0.999199929));
#7025 = PCURVE('',#2855,#7026);
#7026 = DEFINITIONAL_REPRESENTATION('',(#7027),#7031);
#7027 = LINE('',#7028,#7029);
#7028 = CARTESIAN_POINT('',(0.,-6.));
#7029 = VECTOR('',#7030,1.);
#7030 = DIRECTION('',(1.,0.));
#7031 = ( GEOMETRIC_REPRESENTATION_CONTEXT(2) 
PARAMETRIC_REPRESENTATION_CONTEXT() REPRESENTATION_CONTEXT('2D SPACE',''
  ) );
#7032 = PCURVE('',#3898,#7033);
#7033 = DEFINITIONAL_REPRESENTATION('',(#7034),#7042);
#7034 = ( BOUNDED_CURVE() B_SPLINE_CURVE(2,(#7035,#7036,#7037,#7038,
#7039,#7040,#7041),.UNSPECIFIED.,.T.,.F.) B_SPLINE_CURVE_WITH_KNOTS((1,2
    ,2,2,2,1),(-2.094395102393,0.,2.094395102393,4.188790204786,
6.28318530718,8.377580409573),.UNSPECIFIED.) CURVE() 
GEOMETRIC_REPRESENTATION_ITEM() RATIONAL_B_SPLINE_CURVE((1.,0.5,1.,0.5,
1.,0.5,1.)) REPRESENTATION_ITEM('') );
#7035 = CARTESIAN_POINT('',(-11.86449971317,-0.499271024791));
#7036 = CARTESIAN_POINT('',(-11.79869202853,-2.143402816541));
#7037 = CARTESIAN_POINT('',(-13.25545576967,-1.378328047322));
#7038 = CARTESIAN_POINT('',(-14.71221951082,-0.613253278102));
#7039 = CARTESIAN_POINT('',(-13.32126345431,0.265803744428));
#7040 = CARTESIAN_POINT('',(-11.9303073978,1.144860766959));
#7041 = CARTESIAN_POINT('',(-11.86449971317,-0.499271024791));
#7042 = ( GEOMETRIC_REPRESENTATION_CONTEXT(2) 
PARAMETRIC_REPRESENTATION_CONTEXT() REPRESENTATION_CONTEXT('2D SPACE',''
  ) );
#7043 = ORIENTED_EDGE('',*,*,#6897,.F.);
#7044 = ORIENTED_EDGE('',*,*,#2834,.F.);
#7045 = ADVANCED_FACE('',(#7046),#1041,.F.);
#7046 = FACE_BOUND('',#7047,.F.);
#7047 = EDGE_LOOP('',(#7048,#7049,#7074,#7095));
#7048 = ORIENTED_EDGE('',*,*,#6970,.T.);
#7049 = ORIENTED_EDGE('',*,*,#7050,.T.);
#7050 = EDGE_CURVE('',#6948,#7051,#7053,.T.);
#7051 = VERTEX_POINT('',#7052);
#7052 = CARTESIAN_POINT('',(6.,-1.981133601028,14.916673174306));
#7053 = SURFACE_CURVE('',#7054,(#7059,#7066),.PCURVE_S1.);
#7054 = B_SPLINE_CURVE_WITH_KNOTS('',3,(#7055,#7056,#7057,#7058),
  .UNSPECIFIED.,.F.,.F.,(4,4),(0.,1.),.PIECEWISE_BEZIER_KNOTS.);
#7055 = CARTESIAN_POINT('',(6.,-1.637979424984,14.040031454909));
#7056 = CARTESIAN_POINT('',(6.,-1.657626700485,14.141798238642));
#7057 = CARTESIAN_POINT('',(6.,-1.73131935964,14.443392331625));
#7058 = CARTESIAN_POINT('',(6.,-1.981133601028,14.916673174306));
#7059 = PCURVE('',#1041,#7060);
#7060 = DEFINITIONAL_REPRESENTATION('',(#7061),#7065);
#7061 = LINE('',#7062,#7063);
#7062 = CARTESIAN_POINT('',(0.,-6.));
#7063 = VECTOR('',#7064,1.);
#7064 = DIRECTION('',(1.,0.));
#7065 = ( GEOMETRIC_REPRESENTATION_CONTEXT(2) 
PARAMETRIC_REPRESENTATION_CONTEXT() REPRESENTATION_CONTEXT('2D SPACE',''
  ) );
#7066 = PCURVE('',#3898,#7067);
#7067 = DEFINITIONAL_REPRESENTATION('',(#7068),#7073);
#7068 = B_SPLINE_CURVE_WITH_KNOTS('',3,(#7069,#7070,#7071,#7072),
  .UNSPECIFIED.,.F.,.F.,(4,4),(0.,1.),.PIECEWISE_BEZIER_KNOTS.);
#7069 = CARTESIAN_POINT('',(14.040031454909,1.637979424984));
#7070 = CARTESIAN_POINT('',(14.141798238642,1.657626700485));
#7071 = CARTESIAN_POINT('',(14.443392331625,1.73131935964));
#7072 = CARTESIAN_POINT('',(14.916673174306,1.981133601028));
#7073 = ( GEOMETRIC_REPRESENTATION_CONTEXT(2) 
PARAMETRIC_REPRESENTATION_CONTEXT() REPRESENTATION_CONTEXT('2D SPACE',''
  ) );
#7074 = ORIENTED_EDGE('',*,*,#7075,.F.);
#7075 = EDGE_CURVE('',#1024,#7051,#7076,.T.);
#7076 = SURFACE_CURVE('',#7077,(#7081,#7088),.PCURVE_S1.);
#7077 = LINE('',#7078,#7079);
#7078 = CARTESIAN_POINT('',(0.,-1.981133601028,14.916673174306));
#7079 = VECTOR('',#7080,1.);
#7080 = DIRECTION('',(1.,0.,0.));
#7081 = PCURVE('',#1041,#7082);
#7082 = DEFINITIONAL_REPRESENTATION('',(#7083),#7087);
#7083 = LINE('',#7084,#7085);
#7084 = CARTESIAN_POINT('',(1.,0.));
#7085 = VECTOR('',#7086,1.);
#7086 = DIRECTION('',(0.,-1.));
#7087 = ( GEOMETRIC_REPRESENTATION_CONTEXT(2) 
PARAMETRIC_REPRESENTATION_CONTEXT() REPRESENTATION_CONTEXT('2D SPACE',''
  ) );
#7088 = PCURVE('',#1074,#7089);
#7089 = DEFINITIONAL_REPRESENTATION('',(#7090),#7094);
#7090 = LINE('',#7091,#7092);
#7091 = CARTESIAN_POINT('',(0.,0.));
#7092 = VECTOR('',#7093,1.);
#7093 = DIRECTION('',(0.,-1.));
#7094 = ( GEOMETRIC_REPRESENTATION_CONTEXT(2) 
PARAMETRIC_REPRESENTATION_CONTEXT() REPRESENTATION_CONTEXT('2D SPACE',''
  ) );
#7095 = ORIENTED_EDGE('',*,*,#1023,.F.);
#7096 = ADVANCED_FACE('',(#7097),#2822,.T.);
#7097 = FACE_BOUND('',#7098,.F.);
#7098 = EDGE_LOOP('',(#7099,#7122,#7144,#7145));
#7099 = ORIENTED_EDGE('',*,*,#7100,.T.);
#7100 = EDGE_CURVE('',#2773,#7101,#7103,.T.);
#7101 = VERTEX_POINT('',#7102);
#7102 = CARTESIAN_POINT('',(6.,-0.499271024791,-11.86449971317));
#7103 = SURFACE_CURVE('',#7104,(#7108,#7115),.PCURVE_S1.);
#7104 = LINE('',#7105,#7106);
#7105 = CARTESIAN_POINT('',(0.,-0.499271024791,-11.86449971317));
#7106 = VECTOR('',#7107,1.);
#7107 = DIRECTION('',(1.,0.,0.));
#7108 = PCURVE('',#2822,#7109);
#7109 = DEFINITIONAL_REPRESENTATION('',(#7110),#7114);
#7110 = LINE('',#7111,#7112);
#7111 = CARTESIAN_POINT('',(-0.,0.));
#7112 = VECTOR('',#7113,1.);
#7113 = DIRECTION('',(-0.,-1.));
#7114 = ( GEOMETRIC_REPRESENTATION_CONTEXT(2) 
PARAMETRIC_REPRESENTATION_CONTEXT() REPRESENTATION_CONTEXT('2D SPACE',''
  ) );
#7115 = PCURVE('',#2793,#7116);
#7116 = DEFINITIONAL_REPRESENTATION('',(#7117),#7121);
#7117 = LINE('',#7118,#7119);
#7118 = CARTESIAN_POINT('',(1.531852919448,0.));
#7119 = VECTOR('',#7120,1.);
#7120 = DIRECTION('',(0.,-1.));
#7121 = ( GEOMETRIC_REPRESENTATION_CONTEXT(2) 
PARAMETRIC_REPRESENTATION_CONTEXT() REPRESENTATION_CONTEXT('2D SPACE',''
  ) );
#7122 = ORIENTED_EDGE('',*,*,#7123,.T.);
#7123 = EDGE_CURVE('',#7101,#6996,#7124,.T.);
#7124 = SURFACE_CURVE('',#7125,(#7130,#7137),.PCURVE_S1.);
#7125 = CIRCLE('',#7126,11.875);
#7126 = AXIS2_PLACEMENT_3D('',#7127,#7128,#7129);
#7127 = CARTESIAN_POINT('',(6.,1.880712800627E-14,3.802027370182E-13));
#7128 = DIRECTION('',(1.,0.,0.));
#7129 = DIRECTION('',(0.,-4.20438757719E-02,-0.99911576532));
#7130 = PCURVE('',#2822,#7131);
#7131 = DEFINITIONAL_REPRESENTATION('',(#7132),#7136);
#7132 = LINE('',#7133,#7134);
#7133 = CARTESIAN_POINT('',(-0.,-6.));
#7134 = VECTOR('',#7135,1.);
#7135 = DIRECTION('',(-1.,0.));
#7136 = ( GEOMETRIC_REPRESENTATION_CONTEXT(2) 
PARAMETRIC_REPRESENTATION_CONTEXT() REPRESENTATION_CONTEXT('2D SPACE',''
  ) );
#7137 = PCURVE('',#3898,#7138);
#7138 = DEFINITIONAL_REPRESENTATION('',(#7139),#7143);
#7139 = CIRCLE('',#7140,11.875);
#7140 = AXIS2_PLACEMENT_2D('',#7141,#7142);
#7141 = CARTESIAN_POINT('',(3.814027370182E-13,-2.165712800627E-14));
#7142 = DIRECTION('',(-0.99911576532,4.20438757719E-02));
#7143 = ( GEOMETRIC_REPRESENTATION_CONTEXT(2) 
PARAMETRIC_REPRESENTATION_CONTEXT() REPRESENTATION_CONTEXT('2D SPACE',''
  ) );
#7144 = ORIENTED_EDGE('',*,*,#6995,.F.);
#7145 = ORIENTED_EDGE('',*,*,#2805,.F.);
#7146 = ADVANCED_FACE('',(#7147),#1074,.F.);
#7147 = FACE_BOUND('',#7148,.F.);
#7148 = EDGE_LOOP('',(#7149,#7150,#7175,#7196));
#7149 = ORIENTED_EDGE('',*,*,#7075,.T.);
#7150 = ORIENTED_EDGE('',*,*,#7151,.T.);
#7151 = EDGE_CURVE('',#7051,#7152,#7154,.T.);
#7152 = VERTEX_POINT('',#7153);
#7153 = CARTESIAN_POINT('',(6.,-3.777778630267,17.09088038712));
#7154 = SURFACE_CURVE('',#7155,(#7160,#7167),.PCURVE_S1.);
#7155 = B_SPLINE_CURVE_WITH_KNOTS('',3,(#7156,#7157,#7158,#7159),
  .UNSPECIFIED.,.F.,.F.,(4,4),(0.,1.),.PIECEWISE_BEZIER_KNOTS.);
#7156 = CARTESIAN_POINT('',(6.,-1.981133601028,14.916673174306));
#7157 = CARTESIAN_POINT('',(6.,-2.282017098656,15.479091366926));
#7158 = CARTESIAN_POINT('',(6.,-2.822075104157,16.250024580218));
#7159 = CARTESIAN_POINT('',(6.,-3.777778630267,17.09088038712));
#7160 = PCURVE('',#1074,#7161);
#7161 = DEFINITIONAL_REPRESENTATION('',(#7162),#7166);
#7162 = LINE('',#7163,#7164);
#7163 = CARTESIAN_POINT('',(0.,-6.));
#7164 = VECTOR('',#7165,1.);
#7165 = DIRECTION('',(1.,0.));
#7166 = ( GEOMETRIC_REPRESENTATION_CONTEXT(2) 
PARAMETRIC_REPRESENTATION_CONTEXT() REPRESENTATION_CONTEXT('2D SPACE',''
  ) );
#7167 = PCURVE('',#3898,#7168);
#7168 = DEFINITIONAL_REPRESENTATION('',(#7169),#7174);
#7169 = B_SPLINE_CURVE_WITH_KNOTS('',3,(#7170,#7171,#7172,#7173),
  .UNSPECIFIED.,.F.,.F.,(4,4),(0.,1.),.PIECEWISE_BEZIER_KNOTS.);
#7170 = CARTESIAN_POINT('',(14.916673174306,1.981133601028));
#7171 = CARTESIAN_POINT('',(15.479091366926,2.282017098656));
#7172 = CARTESIAN_POINT('',(16.250024580218,2.822075104157));
#7173 = CARTESIAN_POINT('',(17.09088038712,3.777778630267));
#7174 = ( GEOMETRIC_REPRESENTATION_CONTEXT(2) 
PARAMETRIC_REPRESENTATION_CONTEXT() REPRESENTATION_CONTEXT('2D SPACE',''
  ) );
#7175 = ORIENTED_EDGE('',*,*,#7176,.F.);
#7176 = EDGE_CURVE('',#1057,#7152,#7177,.T.);
#7177 = SURFACE_CURVE('',#7178,(#7182,#7189),.PCURVE_S1.);
#7178 = LINE('',#7179,#7180);
#7179 = CARTESIAN_POINT('',(0.,-3.777778630267,17.09088038712));
#7180 = VECTOR('',#7181,1.);
#7181 = DIRECTION('',(1.,0.,0.));
#7182 = PCURVE('',#1074,#7183);
#7183 = DEFINITIONAL_REPRESENTATION('',(#7184),#7188);
#7184 = LINE('',#7185,#7186);
#7185 = CARTESIAN_POINT('',(1.,0.));
#7186 = VECTOR('',#7187,1.);
#7187 = DIRECTION('',(0.,-1.));
#7188 = ( GEOMETRIC_REPRESENTATION_CONTEXT(2) 
PARAMETRIC_REPRESENTATION_CONTEXT() REPRESENTATION_CONTEXT('2D SPACE',''
  ) );
#7189 = PCURVE('',#1106,#7190);
#7190 = DEFINITIONAL_REPRESENTATION('',(#7191),#7195);
#7191 = LINE('',#7192,#7193);
#7192 = CARTESIAN_POINT('',(-0.,0.));
#7193 = VECTOR('',#7194,1.);
#7194 = DIRECTION('',(-0.,-1.));
#7195 = ( GEOMETRIC_REPRESENTATION_CONTEXT(2) 
PARAMETRIC_REPRESENTATION_CONTEXT() REPRESENTATION_CONTEXT('2D SPACE',''
  ) );
#7196 = ORIENTED_EDGE('',*,*,#1056,.F.);
#7197 = ADVANCED_FACE('',(#7198),#2793,.F.);
#7198 = FACE_BOUND('',#7199,.F.);
#7199 = EDGE_LOOP('',(#7200,#7223,#7249,#7250));
#7200 = ORIENTED_EDGE('',*,*,#7201,.T.);
#7201 = EDGE_CURVE('',#2745,#7202,#7204,.T.);
#7202 = VERTEX_POINT('',#7203);
#7203 = CARTESIAN_POINT('',(6.,-1.484306084196,-12.73881707414));
#7204 = SURFACE_CURVE('',#7205,(#7209,#7216),.PCURVE_S1.);
#7205 = LINE('',#7206,#7207);
#7206 = CARTESIAN_POINT('',(0.,-1.484306084196,-12.73881707414));
#7207 = VECTOR('',#7208,1.);
#7208 = DIRECTION('',(1.,0.,0.));
#7209 = PCURVE('',#2793,#7210);
#7210 = DEFINITIONAL_REPRESENTATION('',(#7211),#7215);
#7211 = LINE('',#7212,#7213);
#7212 = CARTESIAN_POINT('',(0.,0.));
#7213 = VECTOR('',#7214,1.);
#7214 = DIRECTION('',(0.,-1.));
#7215 = ( GEOMETRIC_REPRESENTATION_CONTEXT(2) 
PARAMETRIC_REPRESENTATION_CONTEXT() REPRESENTATION_CONTEXT('2D SPACE',''
  ) );
#7216 = PCURVE('',#2760,#7217);
#7217 = DEFINITIONAL_REPRESENTATION('',(#7218),#7222);
#7218 = LINE('',#7219,#7220);
#7219 = CARTESIAN_POINT('',(1.310257364179,0.));
#7220 = VECTOR('',#7221,1.);
#7221 = DIRECTION('',(0.,-1.));
#7222 = ( GEOMETRIC_REPRESENTATION_CONTEXT(2) 
PARAMETRIC_REPRESENTATION_CONTEXT() REPRESENTATION_CONTEXT('2D SPACE',''
  ) );
#7223 = ORIENTED_EDGE('',*,*,#7224,.T.);
#7224 = EDGE_CURVE('',#7202,#7101,#7225,.T.);
#7225 = SURFACE_CURVE('',#7226,(#7231,#7238),.PCURVE_S1.);
#7226 = CIRCLE('',#7227,0.95);
#7227 = AXIS2_PLACEMENT_3D('',#7228,#7229,#7230);
#7228 = CARTESIAN_POINT('',(6.,-0.537265109228,-12.81373964572));
#7229 = DIRECTION('',(-1.,0.,0.));
#7230 = DIRECTION('',(0.,-0.996885236808,7.886586482015E-02));
#7231 = PCURVE('',#2793,#7232);
#7232 = DEFINITIONAL_REPRESENTATION('',(#7233),#7237);
#7233 = LINE('',#7234,#7235);
#7234 = CARTESIAN_POINT('',(0.,-6.));
#7235 = VECTOR('',#7236,1.);
#7236 = DIRECTION('',(1.,0.));
#7237 = ( GEOMETRIC_REPRESENTATION_CONTEXT(2) 
PARAMETRIC_REPRESENTATION_CONTEXT() REPRESENTATION_CONTEXT('2D SPACE',''
  ) );
#7238 = PCURVE('',#3898,#7239);
#7239 = DEFINITIONAL_REPRESENTATION('',(#7240),#7248);
#7240 = ( BOUNDED_CURVE() B_SPLINE_CURVE(2,(#7241,#7242,#7243,#7244,
#7245,#7246,#7247),.UNSPECIFIED.,.T.,.F.) B_SPLINE_CURVE_WITH_KNOTS((1,2
    ,2,2,2,1),(-2.094395102393,0.,2.094395102393,4.188790204786,
6.28318530718,8.377580409573),.UNSPECIFIED.) CURVE() 
GEOMETRIC_REPRESENTATION_ITEM() RATIONAL_B_SPLINE_CURVE((1.,0.5,1.,0.5,
1.,0.5,1.)) REPRESENTATION_ITEM('') );
#7241 = CARTESIAN_POINT('',(-12.73881707414,1.484306084196));
#7242 = CARTESIAN_POINT('',(-11.09849398864,1.354536383587));
#7243 = CARTESIAN_POINT('',(-12.03103938876,-1.140228560069E-03));
#7244 = CARTESIAN_POINT('',(-12.96358478887,-1.356816840707));
#7245 = CARTESIAN_POINT('',(-13.67136247425,0.128629472049));
#7246 = CARTESIAN_POINT('',(-14.37914015963,1.614075784805));
#7247 = CARTESIAN_POINT('',(-12.73881707414,1.484306084196));
#7248 = ( GEOMETRIC_REPRESENTATION_CONTEXT(2) 
PARAMETRIC_REPRESENTATION_CONTEXT() REPRESENTATION_CONTEXT('2D SPACE',''
  ) );
#7249 = ORIENTED_EDGE('',*,*,#7100,.F.);
#7250 = ORIENTED_EDGE('',*,*,#2772,.F.);
#7251 = ADVANCED_FACE('',(#7252),#1106,.T.);
#7252 = FACE_BOUND('',#7253,.F.);
#7253 = EDGE_LOOP('',(#7254,#7255,#7279,#7300));
#7254 = ORIENTED_EDGE('',*,*,#7176,.T.);
#7255 = ORIENTED_EDGE('',*,*,#7256,.T.);
#7256 = EDGE_CURVE('',#7152,#7257,#7259,.T.);
#7257 = VERTEX_POINT('',#7258);
#7258 = CARTESIAN_POINT('',(6.,-5.274311046028,16.68627109302));
#7259 = SURFACE_CURVE('',#7260,(#7265,#7272),.PCURVE_S1.);
#7260 = CIRCLE('',#7261,17.5);
#7261 = AXIS2_PLACEMENT_3D('',#7262,#7263,#7264);
#7262 = CARTESIAN_POINT('',(6.,3.686460805682E-02,1.169724025008E-02));
#7263 = DIRECTION('',(1.,0.,0.));
#7264 = DIRECTION('',(0.,-0.217979613618,0.975953322678));
#7265 = PCURVE('',#1106,#7266);
#7266 = DEFINITIONAL_REPRESENTATION('',(#7267),#7271);
#7267 = LINE('',#7268,#7269);
#7268 = CARTESIAN_POINT('',(-0.,-6.));
#7269 = VECTOR('',#7270,1.);
#7270 = DIRECTION('',(-1.,0.));
#7271 = ( GEOMETRIC_REPRESENTATION_CONTEXT(2) 
PARAMETRIC_REPRESENTATION_CONTEXT() REPRESENTATION_CONTEXT('2D SPACE',''
  ) );
#7272 = PCURVE('',#3898,#7273);
#7273 = DEFINITIONAL_REPRESENTATION('',(#7274),#7278);
#7274 = CIRCLE('',#7275,17.5);
#7275 = AXIS2_PLACEMENT_2D('',#7276,#7277);
#7276 = CARTESIAN_POINT('',(1.169724025008E-02,-3.686460805682E-02));
#7277 = DIRECTION('',(0.975953322678,0.217979613618));
#7278 = ( GEOMETRIC_REPRESENTATION_CONTEXT(2) 
PARAMETRIC_REPRESENTATION_CONTEXT() REPRESENTATION_CONTEXT('2D SPACE',''
  ) );
#7279 = ORIENTED_EDGE('',*,*,#7280,.F.);
#7280 = EDGE_CURVE('',#1090,#7257,#7281,.T.);
#7281 = SURFACE_CURVE('',#7282,(#7286,#7293),.PCURVE_S1.);
#7282 = LINE('',#7283,#7284);
#7283 = CARTESIAN_POINT('',(0.,-5.274311046028,16.68627109302));
#7284 = VECTOR('',#7285,1.);
#7285 = DIRECTION('',(1.,0.,0.));
#7286 = PCURVE('',#1106,#7287);
#7287 = DEFINITIONAL_REPRESENTATION('',(#7288),#7292);
#7288 = LINE('',#7289,#7290);
#7289 = CARTESIAN_POINT('',(-8.861549654828E-02,0.));
#7290 = VECTOR('',#7291,1.);
#7291 = DIRECTION('',(-0.,-1.));
#7292 = ( GEOMETRIC_REPRESENTATION_CONTEXT(2) 
PARAMETRIC_REPRESENTATION_CONTEXT() REPRESENTATION_CONTEXT('2D SPACE',''
  ) );
#7293 = PCURVE('',#1136,#7294);
#7294 = DEFINITIONAL_REPRESENTATION('',(#7295),#7299);
#7295 = LINE('',#7296,#7297);
#7296 = CARTESIAN_POINT('',(0.,0.));
#7297 = VECTOR('',#7298,1.);
#7298 = DIRECTION('',(0.,-1.));
#7299 = ( GEOMETRIC_REPRESENTATION_CONTEXT(2) 
PARAMETRIC_REPRESENTATION_CONTEXT() REPRESENTATION_CONTEXT('2D SPACE',''
  ) );
#7300 = ORIENTED_EDGE('',*,*,#1089,.F.);
#7301 = ADVANCED_FACE('',(#7302),#2760,.F.);
#7302 = FACE_BOUND('',#7303,.F.);
#7303 = EDGE_LOOP('',(#7304,#7327,#7348,#7349));
#7304 = ORIENTED_EDGE('',*,*,#7305,.T.);
#7305 = EDGE_CURVE('',#2712,#7306,#7308,.T.);
#7306 = VERTEX_POINT('',#7307);
#7307 = CARTESIAN_POINT('',(6.,-1.637979424984,-14.0400314549));
#7308 = SURFACE_CURVE('',#7309,(#7313,#7320),.PCURVE_S1.);
#7309 = LINE('',#7310,#7311);
#7310 = CARTESIAN_POINT('',(0.,-1.637979424984,-14.0400314549));
#7311 = VECTOR('',#7312,1.);
#7312 = DIRECTION('',(1.,0.,0.));
#7313 = PCURVE('',#2760,#7314);
#7314 = DEFINITIONAL_REPRESENTATION('',(#7315),#7319);
#7315 = LINE('',#7316,#7317);
#7316 = CARTESIAN_POINT('',(0.,0.));
#7317 = VECTOR('',#7318,1.);
#7318 = DIRECTION('',(0.,-1.));
#7319 = ( GEOMETRIC_REPRESENTATION_CONTEXT(2) 
PARAMETRIC_REPRESENTATION_CONTEXT() REPRESENTATION_CONTEXT('2D SPACE',''
  ) );
#7320 = PCURVE('',#2729,#7321);
#7321 = DEFINITIONAL_REPRESENTATION('',(#7322),#7326);
#7322 = LINE('',#7323,#7324);
#7323 = CARTESIAN_POINT('',(1.,0.));
#7324 = VECTOR('',#7325,1.);
#7325 = DIRECTION('',(0.,-1.));
#7326 = ( GEOMETRIC_REPRESENTATION_CONTEXT(2) 
PARAMETRIC_REPRESENTATION_CONTEXT() REPRESENTATION_CONTEXT('2D SPACE',''
  ) );
#7327 = ORIENTED_EDGE('',*,*,#7328,.T.);
#7328 = EDGE_CURVE('',#7306,#7202,#7329,.T.);
#7329 = SURFACE_CURVE('',#7330,(#7334,#7341),.PCURVE_S1.);
#7330 = LINE('',#7331,#7332);
#7331 = CARTESIAN_POINT('',(6.,-1.637979424984,-14.0400314549));
#7332 = VECTOR('',#7333,1.);
#7333 = DIRECTION('',(0.,0.117284851808,0.993098315141));
#7334 = PCURVE('',#2760,#7335);
#7335 = DEFINITIONAL_REPRESENTATION('',(#7336),#7340);
#7336 = LINE('',#7337,#7338);
#7337 = CARTESIAN_POINT('',(-1.790139452881E-15,-6.));
#7338 = VECTOR('',#7339,1.);
#7339 = DIRECTION('',(1.,0.));
#7340 = ( GEOMETRIC_REPRESENTATION_CONTEXT(2) 
PARAMETRIC_REPRESENTATION_CONTEXT() REPRESENTATION_CONTEXT('2D SPACE',''
  ) );
#7341 = PCURVE('',#3898,#7342);
#7342 = DEFINITIONAL_REPRESENTATION('',(#7343),#7347);
#7343 = LINE('',#7344,#7345);
#7344 = CARTESIAN_POINT('',(-14.0400314549,1.637979424984));
#7345 = VECTOR('',#7346,1.);
#7346 = DIRECTION('',(0.993098315141,-0.117284851808));
#7347 = ( GEOMETRIC_REPRESENTATION_CONTEXT(2) 
PARAMETRIC_REPRESENTATION_CONTEXT() REPRESENTATION_CONTEXT('2D SPACE',''
  ) );
#7348 = ORIENTED_EDGE('',*,*,#7201,.F.);
#7349 = ORIENTED_EDGE('',*,*,#2744,.F.);
#7350 = ADVANCED_FACE('',(#7351),#1136,.F.);
#7351 = FACE_BOUND('',#7352,.F.);
#7352 = EDGE_LOOP('',(#7353,#7354,#7379,#7400));
#7353 = ORIENTED_EDGE('',*,*,#7280,.T.);
#7354 = ORIENTED_EDGE('',*,*,#7355,.T.);
#7355 = EDGE_CURVE('',#7257,#7356,#7358,.T.);
#7356 = VERTEX_POINT('',#7357);
#7357 = CARTESIAN_POINT('',(6.,-5.742624560372,13.908784709413));
#7358 = SURFACE_CURVE('',#7359,(#7364,#7371),.PCURVE_S1.);
#7359 = B_SPLINE_CURVE_WITH_KNOTS('',3,(#7360,#7361,#7362,#7363),
  .UNSPECIFIED.,.F.,.F.,(4,4),(0.,1.),.PIECEWISE_BEZIER_KNOTS.);
#7360 = CARTESIAN_POINT('',(6.,-5.274311046028,16.68627109302));
#7361 = CARTESIAN_POINT('',(6.,-5.681023558521,15.483971650669));
#7362 = CARTESIAN_POINT('',(6.,-5.763260904156,14.546294900587));
#7363 = CARTESIAN_POINT('',(6.,-5.742624560372,13.908784709413));
#7364 = PCURVE('',#1136,#7365);
#7365 = DEFINITIONAL_REPRESENTATION('',(#7366),#7370);
#7366 = LINE('',#7367,#7368);
#7367 = CARTESIAN_POINT('',(0.,-6.));
#7368 = VECTOR('',#7369,1.);
#7369 = DIRECTION('',(1.,0.));
#7370 = ( GEOMETRIC_REPRESENTATION_CONTEXT(2) 
PARAMETRIC_REPRESENTATION_CONTEXT() REPRESENTATION_CONTEXT('2D SPACE',''
  ) );
#7371 = PCURVE('',#3898,#7372);
#7372 = DEFINITIONAL_REPRESENTATION('',(#7373),#7378);
#7373 = B_SPLINE_CURVE_WITH_KNOTS('',3,(#7374,#7375,#7376,#7377),
  .UNSPECIFIED.,.F.,.F.,(4,4),(0.,1.),.PIECEWISE_BEZIER_KNOTS.);
#7374 = CARTESIAN_POINT('',(16.68627109302,5.274311046028));
#7375 = CARTESIAN_POINT('',(15.483971650669,5.681023558521));
#7376 = CARTESIAN_POINT('',(14.546294900587,5.763260904156));
#7377 = CARTESIAN_POINT('',(13.908784709413,5.742624560372));
#7378 = ( GEOMETRIC_REPRESENTATION_CONTEXT(2) 
PARAMETRIC_REPRESENTATION_CONTEXT() REPRESENTATION_CONTEXT('2D SPACE',''
  ) );
#7379 = ORIENTED_EDGE('',*,*,#7380,.F.);
#7380 = EDGE_CURVE('',#1119,#7356,#7381,.T.);
#7381 = SURFACE_CURVE('',#7382,(#7386,#7393),.PCURVE_S1.);
#7382 = LINE('',#7383,#7384);
#7383 = CARTESIAN_POINT('',(0.,-5.742624560372,13.908784709413));
#7384 = VECTOR('',#7385,1.);
#7385 = DIRECTION('',(1.,0.,0.));
#7386 = PCURVE('',#1136,#7387);
#7387 = DEFINITIONAL_REPRESENTATION('',(#7388),#7392);
#7388 = LINE('',#7389,#7390);
#7389 = CARTESIAN_POINT('',(1.,0.));
#7390 = VECTOR('',#7391,1.);
#7391 = DIRECTION('',(0.,-1.));
#7392 = ( GEOMETRIC_REPRESENTATION_CONTEXT(2) 
PARAMETRIC_REPRESENTATION_CONTEXT() REPRESENTATION_CONTEXT('2D SPACE',''
  ) );
#7393 = PCURVE('',#1169,#7394);
#7394 = DEFINITIONAL_REPRESENTATION('',(#7395),#7399);
#7395 = LINE('',#7396,#7397);
#7396 = CARTESIAN_POINT('',(0.,0.));
#7397 = VECTOR('',#7398,1.);
#7398 = DIRECTION('',(0.,-1.));
#7399 = ( GEOMETRIC_REPRESENTATION_CONTEXT(2) 
PARAMETRIC_REPRESENTATION_CONTEXT() REPRESENTATION_CONTEXT('2D SPACE',''
  ) );
#7400 = ORIENTED_EDGE('',*,*,#1118,.F.);
#7401 = ADVANCED_FACE('',(#7402),#2729,.F.);
#7402 = FACE_BOUND('',#7403,.F.);
#7403 = EDGE_LOOP('',(#7404,#7427,#7450,#7451));
#7404 = ORIENTED_EDGE('',*,*,#7405,.T.);
#7405 = EDGE_CURVE('',#2679,#7406,#7408,.T.);
#7406 = VERTEX_POINT('',#7407);
#7407 = CARTESIAN_POINT('',(6.,-1.981133601028,-14.9166731743));
#7408 = SURFACE_CURVE('',#7409,(#7413,#7420),.PCURVE_S1.);
#7409 = LINE('',#7410,#7411);
#7410 = CARTESIAN_POINT('',(0.,-1.981133601028,-14.9166731743));
#7411 = VECTOR('',#7412,1.);
#7412 = DIRECTION('',(1.,0.,0.));
#7413 = PCURVE('',#2729,#7414);
#7414 = DEFINITIONAL_REPRESENTATION('',(#7415),#7419);
#7415 = LINE('',#7416,#7417);
#7416 = CARTESIAN_POINT('',(0.,0.));
#7417 = VECTOR('',#7418,1.);
#7418 = DIRECTION('',(0.,-1.));
#7419 = ( GEOMETRIC_REPRESENTATION_CONTEXT(2) 
PARAMETRIC_REPRESENTATION_CONTEXT() REPRESENTATION_CONTEXT('2D SPACE',''
  ) );
#7420 = PCURVE('',#2696,#7421);
#7421 = DEFINITIONAL_REPRESENTATION('',(#7422),#7426);
#7422 = LINE('',#7423,#7424);
#7423 = CARTESIAN_POINT('',(1.,0.));
#7424 = VECTOR('',#7425,1.);
#7425 = DIRECTION('',(0.,-1.));
#7426 = ( GEOMETRIC_REPRESENTATION_CONTEXT(2) 
PARAMETRIC_REPRESENTATION_CONTEXT() REPRESENTATION_CONTEXT('2D SPACE',''
  ) );
#7427 = ORIENTED_EDGE('',*,*,#7428,.T.);
#7428 = EDGE_CURVE('',#7406,#7306,#7429,.T.);
#7429 = SURFACE_CURVE('',#7430,(#7435,#7442),.PCURVE_S1.);
#7430 = B_SPLINE_CURVE_WITH_KNOTS('',3,(#7431,#7432,#7433,#7434),
  .UNSPECIFIED.,.F.,.F.,(4,4),(0.,1.),.PIECEWISE_BEZIER_KNOTS.);
#7431 = CARTESIAN_POINT('',(6.,-1.981133601028,-14.9166731743));
#7432 = CARTESIAN_POINT('',(6.,-1.73131935964,-14.44339233162));
#7433 = CARTESIAN_POINT('',(6.,-1.657626700485,-14.14179823864));
#7434 = CARTESIAN_POINT('',(6.,-1.637979424984,-14.0400314549));
#7435 = PCURVE('',#2729,#7436);
#7436 = DEFINITIONAL_REPRESENTATION('',(#7437),#7441);
#7437 = LINE('',#7438,#7439);
#7438 = CARTESIAN_POINT('',(0.,-6.));
#7439 = VECTOR('',#7440,1.);
#7440 = DIRECTION('',(1.,0.));
#7441 = ( GEOMETRIC_REPRESENTATION_CONTEXT(2) 
PARAMETRIC_REPRESENTATION_CONTEXT() REPRESENTATION_CONTEXT('2D SPACE',''
  ) );
#7442 = PCURVE('',#3898,#7443);
#7443 = DEFINITIONAL_REPRESENTATION('',(#7444),#7449);
#7444 = B_SPLINE_CURVE_WITH_KNOTS('',3,(#7445,#7446,#7447,#7448),
  .UNSPECIFIED.,.F.,.F.,(4,4),(0.,1.),.PIECEWISE_BEZIER_KNOTS.);
#7445 = CARTESIAN_POINT('',(-14.9166731743,1.981133601028));
#7446 = CARTESIAN_POINT('',(-14.44339233162,1.73131935964));
#7447 = CARTESIAN_POINT('',(-14.14179823864,1.657626700485));
#7448 = CARTESIAN_POINT('',(-14.0400314549,1.637979424984));
#7449 = ( GEOMETRIC_REPRESENTATION_CONTEXT(2) 
PARAMETRIC_REPRESENTATION_CONTEXT() REPRESENTATION_CONTEXT('2D SPACE',''
  ) );
#7450 = ORIENTED_EDGE('',*,*,#7305,.F.);
#7451 = ORIENTED_EDGE('',*,*,#2711,.F.);
#7452 = ADVANCED_FACE('',(#7453),#1169,.F.);
#7453 = FACE_BOUND('',#7454,.F.);
#7454 = EDGE_LOOP('',(#7455,#7456,#7481,#7502));
#7455 = ORIENTED_EDGE('',*,*,#7380,.T.);
#7456 = ORIENTED_EDGE('',*,*,#7457,.T.);
#7457 = EDGE_CURVE('',#7356,#7458,#7460,.T.);
#7458 = VERTEX_POINT('',#7459);
#7459 = CARTESIAN_POINT('',(6.,-5.601483934542,12.978013622375));
#7460 = SURFACE_CURVE('',#7461,(#7466,#7473),.PCURVE_S1.);
#7461 = B_SPLINE_CURVE_WITH_KNOTS('',3,(#7462,#7463,#7464,#7465),
  .UNSPECIFIED.,.F.,.F.,(4,4),(0.,1.),.PIECEWISE_BEZIER_KNOTS.);
#7462 = CARTESIAN_POINT('',(6.,-5.742624560372,13.908784709413));
#7463 = CARTESIAN_POINT('',(6.,-5.7223296183,13.374004355833));
#7464 = CARTESIAN_POINT('',(6.,-5.635352286709,13.0759698801));
#7465 = CARTESIAN_POINT('',(6.,-5.601483934542,12.978013622375));
#7466 = PCURVE('',#1169,#7467);
#7467 = DEFINITIONAL_REPRESENTATION('',(#7468),#7472);
#7468 = LINE('',#7469,#7470);
#7469 = CARTESIAN_POINT('',(0.,-6.));
#7470 = VECTOR('',#7471,1.);
#7471 = DIRECTION('',(1.,0.));
#7472 = ( GEOMETRIC_REPRESENTATION_CONTEXT(2) 
PARAMETRIC_REPRESENTATION_CONTEXT() REPRESENTATION_CONTEXT('2D SPACE',''
  ) );
#7473 = PCURVE('',#3898,#7474);
#7474 = DEFINITIONAL_REPRESENTATION('',(#7475),#7480);
#7475 = B_SPLINE_CURVE_WITH_KNOTS('',3,(#7476,#7477,#7478,#7479),
  .UNSPECIFIED.,.F.,.F.,(4,4),(0.,1.),.PIECEWISE_BEZIER_KNOTS.);
#7476 = CARTESIAN_POINT('',(13.908784709413,5.742624560372));
#7477 = CARTESIAN_POINT('',(13.374004355833,5.7223296183));
#7478 = CARTESIAN_POINT('',(13.0759698801,5.635352286709));
#7479 = CARTESIAN_POINT('',(12.978013622375,5.601483934542));
#7480 = ( GEOMETRIC_REPRESENTATION_CONTEXT(2) 
PARAMETRIC_REPRESENTATION_CONTEXT() REPRESENTATION_CONTEXT('2D SPACE',''
  ) );
#7481 = ORIENTED_EDGE('',*,*,#7482,.F.);
#7482 = EDGE_CURVE('',#1152,#7458,#7483,.T.);
#7483 = SURFACE_CURVE('',#7484,(#7488,#7495),.PCURVE_S1.);
#7484 = LINE('',#7485,#7486);
#7485 = CARTESIAN_POINT('',(0.,-5.601483934542,12.978013622375));
#7486 = VECTOR('',#7487,1.);
#7487 = DIRECTION('',(1.,0.,0.));
#7488 = PCURVE('',#1169,#7489);
#7489 = DEFINITIONAL_REPRESENTATION('',(#7490),#7494);
#7490 = LINE('',#7491,#7492);
#7491 = CARTESIAN_POINT('',(1.,0.));
#7492 = VECTOR('',#7493,1.);
#7493 = DIRECTION('',(0.,-1.));
#7494 = ( GEOMETRIC_REPRESENTATION_CONTEXT(2) 
PARAMETRIC_REPRESENTATION_CONTEXT() REPRESENTATION_CONTEXT('2D SPACE',''
  ) );
#7495 = PCURVE('',#1200,#7496);
#7496 = DEFINITIONAL_REPRESENTATION('',(#7497),#7501);
#7497 = LINE('',#7498,#7499);
#7498 = CARTESIAN_POINT('',(0.,0.));
#7499 = VECTOR('',#7500,1.);
#7500 = DIRECTION('',(0.,-1.));
#7501 = ( GEOMETRIC_REPRESENTATION_CONTEXT(2) 
PARAMETRIC_REPRESENTATION_CONTEXT() REPRESENTATION_CONTEXT('2D SPACE',''
  ) );
#7502 = ORIENTED_EDGE('',*,*,#1151,.F.);
#7503 = ADVANCED_FACE('',(#7504),#2696,.F.);
#7504 = FACE_BOUND('',#7505,.F.);
#7505 = EDGE_LOOP('',(#7506,#7529,#7552,#7553));
#7506 = ORIENTED_EDGE('',*,*,#7507,.T.);
#7507 = EDGE_CURVE('',#2650,#7508,#7510,.T.);
#7508 = VERTEX_POINT('',#7509);
#7509 = CARTESIAN_POINT('',(6.,-3.775448193189,-17.087890184));
#7510 = SURFACE_CURVE('',#7511,(#7515,#7522),.PCURVE_S1.);
#7511 = LINE('',#7512,#7513);
#7512 = CARTESIAN_POINT('',(0.,-3.775448193189,-17.087890184));
#7513 = VECTOR('',#7514,1.);
#7514 = DIRECTION('',(1.,0.,0.));
#7515 = PCURVE('',#2696,#7516);
#7516 = DEFINITIONAL_REPRESENTATION('',(#7517),#7521);
#7517 = LINE('',#7518,#7519);
#7518 = CARTESIAN_POINT('',(0.,0.));
#7519 = VECTOR('',#7520,1.);
#7520 = DIRECTION('',(0.,-1.));
#7521 = ( GEOMETRIC_REPRESENTATION_CONTEXT(2) 
PARAMETRIC_REPRESENTATION_CONTEXT() REPRESENTATION_CONTEXT('2D SPACE',''
  ) );
#7522 = PCURVE('',#2666,#7523);
#7523 = DEFINITIONAL_REPRESENTATION('',(#7524),#7528);
#7524 = LINE('',#7525,#7526);
#7525 = CARTESIAN_POINT('',(-8.861549654829E-02,0.));
#7526 = VECTOR('',#7527,1.);
#7527 = DIRECTION('',(-0.,-1.));
#7528 = ( GEOMETRIC_REPRESENTATION_CONTEXT(2) 
PARAMETRIC_REPRESENTATION_CONTEXT() REPRESENTATION_CONTEXT('2D SPACE',''
  ) );
#7529 = ORIENTED_EDGE('',*,*,#7530,.T.);
#7530 = EDGE_CURVE('',#7508,#7406,#7531,.T.);
#7531 = SURFACE_CURVE('',#7532,(#7537,#7544),.PCURVE_S1.);
#7532 = B_SPLINE_CURVE_WITH_KNOTS('',3,(#7533,#7534,#7535,#7536),
  .UNSPECIFIED.,.F.,.F.,(4,4),(0.,1.),.PIECEWISE_BEZIER_KNOTS.);
#7533 = CARTESIAN_POINT('',(6.,-3.775448193189,-17.087890184));
#7534 = CARTESIAN_POINT('',(6.,-2.822075104157,-16.25002458021));
#7535 = CARTESIAN_POINT('',(6.,-2.282017098656,-15.47909136692));
#7536 = CARTESIAN_POINT('',(6.,-1.981133601028,-14.9166731743));
#7537 = PCURVE('',#2696,#7538);
#7538 = DEFINITIONAL_REPRESENTATION('',(#7539),#7543);
#7539 = LINE('',#7540,#7541);
#7540 = CARTESIAN_POINT('',(0.,-6.));
#7541 = VECTOR('',#7542,1.);
#7542 = DIRECTION('',(1.,0.));
#7543 = ( GEOMETRIC_REPRESENTATION_CONTEXT(2) 
PARAMETRIC_REPRESENTATION_CONTEXT() REPRESENTATION_CONTEXT('2D SPACE',''
  ) );
#7544 = PCURVE('',#3898,#7545);
#7545 = DEFINITIONAL_REPRESENTATION('',(#7546),#7551);
#7546 = B_SPLINE_CURVE_WITH_KNOTS('',3,(#7547,#7548,#7549,#7550),
  .UNSPECIFIED.,.F.,.F.,(4,4),(0.,1.),.PIECEWISE_BEZIER_KNOTS.);
#7547 = CARTESIAN_POINT('',(-17.087890184,3.775448193189));
#7548 = CARTESIAN_POINT('',(-16.25002458021,2.822075104157));
#7549 = CARTESIAN_POINT('',(-15.47909136692,2.282017098656));
#7550 = CARTESIAN_POINT('',(-14.9166731743,1.981133601028));
#7551 = ( GEOMETRIC_REPRESENTATION_CONTEXT(2) 
PARAMETRIC_REPRESENTATION_CONTEXT() REPRESENTATION_CONTEXT('2D SPACE',''
  ) );
#7552 = ORIENTED_EDGE('',*,*,#7405,.F.);
#7553 = ORIENTED_EDGE('',*,*,#2678,.F.);
#7554 = ADVANCED_FACE('',(#7555),#1200,.F.);
#7555 = FACE_BOUND('',#7556,.F.);
#7556 = EDGE_LOOP('',(#7557,#7558,#7581,#7602));
#7557 = ORIENTED_EDGE('',*,*,#7482,.T.);
#7558 = ORIENTED_EDGE('',*,*,#7559,.T.);
#7559 = EDGE_CURVE('',#7458,#7560,#7562,.T.);
#7560 = VERTEX_POINT('',#7561);
#7561 = CARTESIAN_POINT('',(6.,-5.083961761165,11.774292242467));
#7562 = SURFACE_CURVE('',#7563,(#7567,#7574),.PCURVE_S1.);
#7563 = LINE('',#7564,#7565);
#7564 = CARTESIAN_POINT('',(6.,-5.601483934542,12.978013622375));
#7565 = VECTOR('',#7566,1.);
#7566 = DIRECTION('',(0.,0.394977496426,-0.918690795272));
#7567 = PCURVE('',#1200,#7568);
#7568 = DEFINITIONAL_REPRESENTATION('',(#7569),#7573);
#7569 = LINE('',#7570,#7571);
#7570 = CARTESIAN_POINT('',(0.,-6.));
#7571 = VECTOR('',#7572,1.);
#7572 = DIRECTION('',(1.,0.));
#7573 = ( GEOMETRIC_REPRESENTATION_CONTEXT(2) 
PARAMETRIC_REPRESENTATION_CONTEXT() REPRESENTATION_CONTEXT('2D SPACE',''
  ) );
#7574 = PCURVE('',#3898,#7575);
#7575 = DEFINITIONAL_REPRESENTATION('',(#7576),#7580);
#7576 = LINE('',#7577,#7578);
#7577 = CARTESIAN_POINT('',(12.978013622375,5.601483934542));
#7578 = VECTOR('',#7579,1.);
#7579 = DIRECTION('',(-0.918690795272,-0.394977496426));
#7580 = ( GEOMETRIC_REPRESENTATION_CONTEXT(2) 
PARAMETRIC_REPRESENTATION_CONTEXT() REPRESENTATION_CONTEXT('2D SPACE',''
  ) );
#7581 = ORIENTED_EDGE('',*,*,#7582,.F.);
#7582 = EDGE_CURVE('',#1185,#7560,#7583,.T.);
#7583 = SURFACE_CURVE('',#7584,(#7588,#7595),.PCURVE_S1.);
#7584 = LINE('',#7585,#7586);
#7585 = CARTESIAN_POINT('',(0.,-5.083961761165,11.774292242467));
#7586 = VECTOR('',#7587,1.);
#7587 = DIRECTION('',(1.,0.,0.));
#7588 = PCURVE('',#1200,#7589);
#7589 = DEFINITIONAL_REPRESENTATION('',(#7590),#7594);
#7590 = LINE('',#7591,#7592);
#7591 = CARTESIAN_POINT('',(1.310257364179,0.));
#7592 = VECTOR('',#7593,1.);
#7593 = DIRECTION('',(0.,-1.));
#7594 = ( GEOMETRIC_REPRESENTATION_CONTEXT(2) 
PARAMETRIC_REPRESENTATION_CONTEXT() REPRESENTATION_CONTEXT('2D SPACE',''
  ) );
#7595 = PCURVE('',#1233,#7596);
#7596 = DEFINITIONAL_REPRESENTATION('',(#7597),#7601);
#7597 = LINE('',#7598,#7599);
#7598 = CARTESIAN_POINT('',(0.,0.));
#7599 = VECTOR('',#7600,1.);
#7600 = DIRECTION('',(0.,-1.));
#7601 = ( GEOMETRIC_REPRESENTATION_CONTEXT(2) 
PARAMETRIC_REPRESENTATION_CONTEXT() REPRESENTATION_CONTEXT('2D SPACE',''
  ) );
#7602 = ORIENTED_EDGE('',*,*,#1184,.F.);
#7603 = ADVANCED_FACE('',(#7604),#2666,.T.);
#7604 = FACE_BOUND('',#7605,.F.);
#7605 = EDGE_LOOP('',(#7606,#7629,#7651,#7652));
#7606 = ORIENTED_EDGE('',*,*,#7607,.T.);
#7607 = EDGE_CURVE('',#2617,#7608,#7610,.T.);
#7608 = VERTEX_POINT('',#7609);
#7609 = CARTESIAN_POINT('',(6.,-5.273787929875,-16.69002590342));
#7610 = SURFACE_CURVE('',#7611,(#7615,#7622),.PCURVE_S1.);
#7611 = LINE('',#7612,#7613);
#7612 = CARTESIAN_POINT('',(0.,-5.273787929875,-16.69002590342));
#7613 = VECTOR('',#7614,1.);
#7614 = DIRECTION('',(1.,0.,0.));
#7615 = PCURVE('',#2666,#7616);
#7616 = DEFINITIONAL_REPRESENTATION('',(#7617),#7621);
#7617 = LINE('',#7618,#7619);
#7618 = CARTESIAN_POINT('',(-0.,0.));
#7619 = VECTOR('',#7620,1.);
#7620 = DIRECTION('',(-0.,-1.));
#7621 = ( GEOMETRIC_REPRESENTATION_CONTEXT(2) 
PARAMETRIC_REPRESENTATION_CONTEXT() REPRESENTATION_CONTEXT('2D SPACE',''
  ) );
#7622 = PCURVE('',#2634,#7623);
#7623 = DEFINITIONAL_REPRESENTATION('',(#7624),#7628);
#7624 = LINE('',#7625,#7626);
#7625 = CARTESIAN_POINT('',(1.,0.));
#7626 = VECTOR('',#7627,1.);
#7627 = DIRECTION('',(0.,-1.));
#7628 = ( GEOMETRIC_REPRESENTATION_CONTEXT(2) 
PARAMETRIC_REPRESENTATION_CONTEXT() REPRESENTATION_CONTEXT('2D SPACE',''
  ) );
#7629 = ORIENTED_EDGE('',*,*,#7630,.T.);
#7630 = EDGE_CURVE('',#7608,#7508,#7631,.T.);
#7631 = SURFACE_CURVE('',#7632,(#7637,#7644),.PCURVE_S1.);
#7632 = CIRCLE('',#7633,17.5);
#7633 = AXIS2_PLACEMENT_3D('',#7634,#7635,#7636);
#7634 = CARTESIAN_POINT('',(6.,-3.7774307203E-02,8.302196816938E-03));
#7635 = DIRECTION('',(1.,0.,0.));
#7636 = DIRECTION('',(0.,-0.299200778438,-0.954190177156));
#7637 = PCURVE('',#2666,#7638);
#7638 = DEFINITIONAL_REPRESENTATION('',(#7639),#7643);
#7639 = LINE('',#7640,#7641);
#7640 = CARTESIAN_POINT('',(-0.,-6.));
#7641 = VECTOR('',#7642,1.);
#7642 = DIRECTION('',(-1.,0.));
#7643 = ( GEOMETRIC_REPRESENTATION_CONTEXT(2) 
PARAMETRIC_REPRESENTATION_CONTEXT() REPRESENTATION_CONTEXT('2D SPACE',''
  ) );
#7644 = PCURVE('',#3898,#7645);
#7645 = DEFINITIONAL_REPRESENTATION('',(#7646),#7650);
#7646 = CIRCLE('',#7647,17.5);
#7647 = AXIS2_PLACEMENT_2D('',#7648,#7649);
#7648 = CARTESIAN_POINT('',(8.302196816939E-03,3.777430720299E-02));
#7649 = DIRECTION('',(-0.954190177156,0.299200778438));
#7650 = ( GEOMETRIC_REPRESENTATION_CONTEXT(2) 
PARAMETRIC_REPRESENTATION_CONTEXT() REPRESENTATION_CONTEXT('2D SPACE',''
  ) );
#7651 = ORIENTED_EDGE('',*,*,#7507,.F.);
#7652 = ORIENTED_EDGE('',*,*,#2649,.F.);
#7653 = ADVANCED_FACE('',(#7654),#1233,.F.);
#7654 = FACE_BOUND('',#7655,.F.);
#7655 = EDGE_LOOP('',(#7656,#7657,#7685,#7706));
#7656 = ORIENTED_EDGE('',*,*,#7582,.T.);
#7657 = ORIENTED_EDGE('',*,*,#7658,.T.);
#7658 = EDGE_CURVE('',#7560,#7659,#7661,.T.);
#7659 = VERTEX_POINT('',#7660);
#7660 = CARTESIAN_POINT('',(6.,-5.499868465742,10.524593667194));
#7661 = SURFACE_CURVE('',#7662,(#7667,#7674),.PCURVE_S1.);
#7662 = CIRCLE('',#7663,0.95);
#7663 = AXIS2_PLACEMENT_3D('',#7664,#7665,#7666);
#7664 = CARTESIAN_POINT('',(6.,-5.941584589701,11.365656605287));
#7665 = DIRECTION('',(-1.,0.,0.));
#7666 = DIRECTION('',(0.,0.902760872144,0.430142775978));
#7667 = PCURVE('',#1233,#7668);
#7668 = DEFINITIONAL_REPRESENTATION('',(#7669),#7673);
#7669 = LINE('',#7670,#7671);
#7670 = CARTESIAN_POINT('',(0.,-6.));
#7671 = VECTOR('',#7672,1.);
#7672 = DIRECTION('',(1.,0.));
#7673 = ( GEOMETRIC_REPRESENTATION_CONTEXT(2) 
PARAMETRIC_REPRESENTATION_CONTEXT() REPRESENTATION_CONTEXT('2D SPACE',''
  ) );
#7674 = PCURVE('',#3898,#7675);
#7675 = DEFINITIONAL_REPRESENTATION('',(#7676),#7684);
#7676 = ( BOUNDED_CURVE() B_SPLINE_CURVE(2,(#7677,#7678,#7679,#7680,
#7681,#7682,#7683),.UNSPECIFIED.,.T.,.F.) B_SPLINE_CURVE_WITH_KNOTS((1,2
    ,2,2,2,1),(-2.094395102393,0.,2.094395102393,4.188790204786,
6.28318530718,8.377580409573),.UNSPECIFIED.) CURVE() 
GEOMETRIC_REPRESENTATION_ITEM() RATIONAL_B_SPLINE_CURVE((1.,0.5,1.,0.5,
1.,0.5,1.)) REPRESENTATION_ITEM('') );
#7677 = CARTESIAN_POINT('',(11.774292242467,5.083961761165));
#7678 = CARTESIAN_POINT('',(10.288845929711,4.376184075787));
#7679 = CARTESIAN_POINT('',(10.41861563032,6.01650716128));
#7680 = CARTESIAN_POINT('',(10.548385330928,7.656830246774));
#7681 = CARTESIAN_POINT('',(11.904061943076,6.724284846659));
#7682 = CARTESIAN_POINT('',(13.259738555223,5.791739446543));
#7683 = CARTESIAN_POINT('',(11.774292242467,5.083961761165));
#7684 = ( GEOMETRIC_REPRESENTATION_CONTEXT(2) 
PARAMETRIC_REPRESENTATION_CONTEXT() REPRESENTATION_CONTEXT('2D SPACE',''
  ) );
#7685 = ORIENTED_EDGE('',*,*,#7686,.F.);
#7686 = EDGE_CURVE('',#1213,#7659,#7687,.T.);
#7687 = SURFACE_CURVE('',#7688,(#7692,#7699),.PCURVE_S1.);
#7688 = LINE('',#7689,#7690);
#7689 = CARTESIAN_POINT('',(0.,-5.499868465742,10.524593667194));
#7690 = VECTOR('',#7691,1.);
#7691 = DIRECTION('',(1.,0.,0.));
#7692 = PCURVE('',#1233,#7693);
#7693 = DEFINITIONAL_REPRESENTATION('',(#7694),#7698);
#7694 = LINE('',#7695,#7696);
#7695 = CARTESIAN_POINT('',(1.531852919448,0.));
#7696 = VECTOR('',#7697,1.);
#7697 = DIRECTION('',(0.,-1.));
#7698 = ( GEOMETRIC_REPRESENTATION_CONTEXT(2) 
PARAMETRIC_REPRESENTATION_CONTEXT() REPRESENTATION_CONTEXT('2D SPACE',''
  ) );
#7699 = PCURVE('',#1262,#7700);
#7700 = DEFINITIONAL_REPRESENTATION('',(#7701),#7705);
#7701 = LINE('',#7702,#7703);
#7702 = CARTESIAN_POINT('',(-0.,0.));
#7703 = VECTOR('',#7704,1.);
#7704 = DIRECTION('',(-0.,-1.));
#7705 = ( GEOMETRIC_REPRESENTATION_CONTEXT(2) 
PARAMETRIC_REPRESENTATION_CONTEXT() REPRESENTATION_CONTEXT('2D SPACE',''
  ) );
#7706 = ORIENTED_EDGE('',*,*,#1212,.F.);
#7707 = ADVANCED_FACE('',(#7708),#2634,.F.);
#7708 = FACE_BOUND('',#7709,.F.);
#7709 = EDGE_LOOP('',(#7710,#7733,#7756,#7757));
#7710 = ORIENTED_EDGE('',*,*,#7711,.T.);
#7711 = EDGE_CURVE('',#2584,#7712,#7714,.T.);
#7712 = VERTEX_POINT('',#7713);
#7713 = CARTESIAN_POINT('',(6.,-5.742624560372,-13.90878470941));
#7714 = SURFACE_CURVE('',#7715,(#7719,#7726),.PCURVE_S1.);
#7715 = LINE('',#7716,#7717);
#7716 = CARTESIAN_POINT('',(0.,-5.742624560372,-13.90878470941));
#7717 = VECTOR('',#7718,1.);
#7718 = DIRECTION('',(1.,0.,0.));
#7719 = PCURVE('',#2634,#7720);
#7720 = DEFINITIONAL_REPRESENTATION('',(#7721),#7725);
#7721 = LINE('',#7722,#7723);
#7722 = CARTESIAN_POINT('',(0.,0.));
#7723 = VECTOR('',#7724,1.);
#7724 = DIRECTION('',(0.,-1.));
#7725 = ( GEOMETRIC_REPRESENTATION_CONTEXT(2) 
PARAMETRIC_REPRESENTATION_CONTEXT() REPRESENTATION_CONTEXT('2D SPACE',''
  ) );
#7726 = PCURVE('',#2601,#7727);
#7727 = DEFINITIONAL_REPRESENTATION('',(#7728),#7732);
#7728 = LINE('',#7729,#7730);
#7729 = CARTESIAN_POINT('',(1.,0.));
#7730 = VECTOR('',#7731,1.);
#7731 = DIRECTION('',(0.,-1.));
#7732 = ( GEOMETRIC_REPRESENTATION_CONTEXT(2) 
PARAMETRIC_REPRESENTATION_CONTEXT() REPRESENTATION_CONTEXT('2D SPACE',''
  ) );
#7733 = ORIENTED_EDGE('',*,*,#7734,.T.);
#7734 = EDGE_CURVE('',#7712,#7608,#7735,.T.);
#7735 = SURFACE_CURVE('',#7736,(#7741,#7748),.PCURVE_S1.);
#7736 = B_SPLINE_CURVE_WITH_KNOTS('',3,(#7737,#7738,#7739,#7740),
  .UNSPECIFIED.,.F.,.F.,(4,4),(0.,1.),.PIECEWISE_BEZIER_KNOTS.);
#7737 = CARTESIAN_POINT('',(6.,-5.742624560372,-13.90878470941));
#7738 = CARTESIAN_POINT('',(6.,-5.763260904156,-14.54629490058));
#7739 = CARTESIAN_POINT('',(6.,-5.681023558521,-15.48397165066));
#7740 = CARTESIAN_POINT('',(6.,-5.273787929875,-16.69002590342));
#7741 = PCURVE('',#2634,#7742);
#7742 = DEFINITIONAL_REPRESENTATION('',(#7743),#7747);
#7743 = LINE('',#7744,#7745);
#7744 = CARTESIAN_POINT('',(0.,-6.));
#7745 = VECTOR('',#7746,1.);
#7746 = DIRECTION('',(1.,0.));
#7747 = ( GEOMETRIC_REPRESENTATION_CONTEXT(2) 
PARAMETRIC_REPRESENTATION_CONTEXT() REPRESENTATION_CONTEXT('2D SPACE',''
  ) );
#7748 = PCURVE('',#3898,#7749);
#7749 = DEFINITIONAL_REPRESENTATION('',(#7750),#7755);
#7750 = B_SPLINE_CURVE_WITH_KNOTS('',3,(#7751,#7752,#7753,#7754),
  .UNSPECIFIED.,.F.,.F.,(4,4),(0.,1.),.PIECEWISE_BEZIER_KNOTS.);
#7751 = CARTESIAN_POINT('',(-13.90878470941,5.742624560372));
#7752 = CARTESIAN_POINT('',(-14.54629490058,5.763260904156));
#7753 = CARTESIAN_POINT('',(-15.48397165066,5.681023558521));
#7754 = CARTESIAN_POINT('',(-16.69002590342,5.273787929875));
#7755 = ( GEOMETRIC_REPRESENTATION_CONTEXT(2) 
PARAMETRIC_REPRESENTATION_CONTEXT() REPRESENTATION_CONTEXT('2D SPACE',''
  ) );
#7756 = ORIENTED_EDGE('',*,*,#7607,.F.);
#7757 = ORIENTED_EDGE('',*,*,#2616,.F.);
#7758 = ADVANCED_FACE('',(#7759),#1262,.T.);
#7759 = FACE_BOUND('',#7760,.F.);
#7760 = EDGE_LOOP('',(#7761,#7762,#7786,#7807));
#7761 = ORIENTED_EDGE('',*,*,#7686,.T.);
#7762 = ORIENTED_EDGE('',*,*,#7763,.T.);
#7763 = EDGE_CURVE('',#7659,#7764,#7766,.T.);
#7764 = VERTEX_POINT('',#7765);
#7765 = CARTESIAN_POINT('',(6.,-6.364631247428,10.025322642402));
#7766 = SURFACE_CURVE('',#7767,(#7772,#7779),.PCURVE_S1.);
#7767 = CIRCLE('',#7768,11.874999999998);
#7768 = AXIS2_PLACEMENT_3D('',#7769,#7770,#7771);
#7769 = CARTESIAN_POINT('',(6.,-1.038192310493E-12,1.76496580914E-12));
#7770 = DIRECTION('',(1.,0.,0.));
#7771 = DIRECTION('',(0.,-0.463146818168,0.886281571974));
#7772 = PCURVE('',#1262,#7773);
#7773 = DEFINITIONAL_REPRESENTATION('',(#7774),#7778);
#7774 = LINE('',#7775,#7776);
#7775 = CARTESIAN_POINT('',(-0.,-6.));
#7776 = VECTOR('',#7777,1.);
#7777 = DIRECTION('',(-1.,0.));
#7778 = ( GEOMETRIC_REPRESENTATION_CONTEXT(2) 
PARAMETRIC_REPRESENTATION_CONTEXT() REPRESENTATION_CONTEXT('2D SPACE',''
  ) );
#7779 = PCURVE('',#3898,#7780);
#7780 = DEFINITIONAL_REPRESENTATION('',(#7781),#7785);
#7781 = CIRCLE('',#7782,11.874999999998);
#7782 = AXIS2_PLACEMENT_2D('',#7783,#7784);
#7783 = CARTESIAN_POINT('',(1.76616580914E-12,1.035342310493E-12));
#7784 = DIRECTION('',(0.886281571974,0.463146818168));
#7785 = ( GEOMETRIC_REPRESENTATION_CONTEXT(2) 
PARAMETRIC_REPRESENTATION_CONTEXT() REPRESENTATION_CONTEXT('2D SPACE',''
  ) );
#7786 = ORIENTED_EDGE('',*,*,#7787,.F.);
#7787 = EDGE_CURVE('',#1246,#7764,#7788,.T.);
#7788 = SURFACE_CURVE('',#7789,(#7793,#7800),.PCURVE_S1.);
#7789 = LINE('',#7790,#7791);
#7790 = CARTESIAN_POINT('',(0.,-6.364631247428,10.025322642402));
#7791 = VECTOR('',#7792,1.);
#7792 = DIRECTION('',(1.,0.,0.));
#7793 = PCURVE('',#1262,#7794);
#7794 = DEFINITIONAL_REPRESENTATION('',(#7795),#7799);
#7795 = LINE('',#7796,#7797);
#7796 = CARTESIAN_POINT('',(-8.411254474861E-02,0.));
#7797 = VECTOR('',#7798,1.);
#7798 = DIRECTION('',(-0.,-1.));
#7799 = ( GEOMETRIC_REPRESENTATION_CONTEXT(2) 
PARAMETRIC_REPRESENTATION_CONTEXT() REPRESENTATION_CONTEXT('2D SPACE',''
  ) );
#7800 = PCURVE('',#1295,#7801);
#7801 = DEFINITIONAL_REPRESENTATION('',(#7802),#7806);
#7802 = LINE('',#7803,#7804);
#7803 = CARTESIAN_POINT('',(0.,0.));
#7804 = VECTOR('',#7805,1.);
#7805 = DIRECTION('',(0.,-1.));
#7806 = ( GEOMETRIC_REPRESENTATION_CONTEXT(2) 
PARAMETRIC_REPRESENTATION_CONTEXT() REPRESENTATION_CONTEXT('2D SPACE',''
  ) );
#7807 = ORIENTED_EDGE('',*,*,#1245,.F.);
#7808 = ADVANCED_FACE('',(#7809),#2601,.F.);
#7809 = FACE_BOUND('',#7810,.F.);
#7810 = EDGE_LOOP('',(#7811,#7834,#7857,#7858));
#7811 = ORIENTED_EDGE('',*,*,#7812,.T.);
#7812 = EDGE_CURVE('',#2556,#7813,#7815,.T.);
#7813 = VERTEX_POINT('',#7814);
#7814 = CARTESIAN_POINT('',(6.,-5.601483934542,-12.97801362237));
#7815 = SURFACE_CURVE('',#7816,(#7820,#7827),.PCURVE_S1.);
#7816 = LINE('',#7817,#7818);
#7817 = CARTESIAN_POINT('',(0.,-5.601483934542,-12.97801362237));
#7818 = VECTOR('',#7819,1.);
#7819 = DIRECTION('',(1.,0.,0.));
#7820 = PCURVE('',#2601,#7821);
#7821 = DEFINITIONAL_REPRESENTATION('',(#7822),#7826);
#7822 = LINE('',#7823,#7824);
#7823 = CARTESIAN_POINT('',(0.,0.));
#7824 = VECTOR('',#7825,1.);
#7825 = DIRECTION('',(0.,-1.));
#7826 = ( GEOMETRIC_REPRESENTATION_CONTEXT(2) 
PARAMETRIC_REPRESENTATION_CONTEXT() REPRESENTATION_CONTEXT('2D SPACE',''
  ) );
#7827 = PCURVE('',#2571,#7828);
#7828 = DEFINITIONAL_REPRESENTATION('',(#7829),#7833);
#7829 = LINE('',#7830,#7831);
#7830 = CARTESIAN_POINT('',(1.310257364179,0.));
#7831 = VECTOR('',#7832,1.);
#7832 = DIRECTION('',(0.,-1.));
#7833 = ( GEOMETRIC_REPRESENTATION_CONTEXT(2) 
PARAMETRIC_REPRESENTATION_CONTEXT() REPRESENTATION_CONTEXT('2D SPACE',''
  ) );
#7834 = ORIENTED_EDGE('',*,*,#7835,.T.);
#7835 = EDGE_CURVE('',#7813,#7712,#7836,.T.);
#7836 = SURFACE_CURVE('',#7837,(#7842,#7849),.PCURVE_S1.);
#7837 = B_SPLINE_CURVE_WITH_KNOTS('',3,(#7838,#7839,#7840,#7841),
  .UNSPECIFIED.,.F.,.F.,(4,4),(0.,1.),.PIECEWISE_BEZIER_KNOTS.);
#7838 = CARTESIAN_POINT('',(6.,-5.601483934542,-12.97801362237));
#7839 = CARTESIAN_POINT('',(6.,-5.635352286709,-13.0759698801));
#7840 = CARTESIAN_POINT('',(6.,-5.7223296183,-13.37400435583));
#7841 = CARTESIAN_POINT('',(6.,-5.742624560372,-13.90878470941));
#7842 = PCURVE('',#2601,#7843);
#7843 = DEFINITIONAL_REPRESENTATION('',(#7844),#7848);
#7844 = LINE('',#7845,#7846);
#7845 = CARTESIAN_POINT('',(0.,-6.));
#7846 = VECTOR('',#7847,1.);
#7847 = DIRECTION('',(1.,0.));
#7848 = ( GEOMETRIC_REPRESENTATION_CONTEXT(2) 
PARAMETRIC_REPRESENTATION_CONTEXT() REPRESENTATION_CONTEXT('2D SPACE',''
  ) );
#7849 = PCURVE('',#3898,#7850);
#7850 = DEFINITIONAL_REPRESENTATION('',(#7851),#7856);
#7851 = B_SPLINE_CURVE_WITH_KNOTS('',3,(#7852,#7853,#7854,#7855),
  .UNSPECIFIED.,.F.,.F.,(4,4),(0.,1.),.PIECEWISE_BEZIER_KNOTS.);
#7852 = CARTESIAN_POINT('',(-12.97801362237,5.601483934542));
#7853 = CARTESIAN_POINT('',(-13.0759698801,5.635352286709));
#7854 = CARTESIAN_POINT('',(-13.37400435583,5.7223296183));
#7855 = CARTESIAN_POINT('',(-13.90878470941,5.742624560372));
#7856 = ( GEOMETRIC_REPRESENTATION_CONTEXT(2) 
PARAMETRIC_REPRESENTATION_CONTEXT() REPRESENTATION_CONTEXT('2D SPACE',''
  ) );
#7857 = ORIENTED_EDGE('',*,*,#7711,.F.);
#7858 = ORIENTED_EDGE('',*,*,#2583,.F.);
#7859 = ADVANCED_FACE('',(#7860),#1295,.F.);
#7860 = FACE_BOUND('',#7861,.F.);
#7861 = EDGE_LOOP('',(#7862,#7863,#7891,#7912));
#7862 = ORIENTED_EDGE('',*,*,#7787,.T.);
#7863 = ORIENTED_EDGE('',*,*,#7864,.T.);
#7864 = EDGE_CURVE('',#7764,#7865,#7867,.T.);
#7865 = VERTEX_POINT('',#7866);
#7866 = CARTESIAN_POINT('',(6.,-7.654855312976,10.289986158271));
#7867 = SURFACE_CURVE('',#7868,(#7873,#7880),.PCURVE_S1.);
#7868 = CIRCLE('',#7869,0.95);
#7869 = AXIS2_PLACEMENT_3D('',#7870,#7871,#7872);
#7870 = CARTESIAN_POINT('',(6.,-6.872155056019,10.828391496059));
#7871 = DIRECTION('',(-1.,0.,0.));
#7872 = DIRECTION('',(0.,0.534235587991,-0.845335635428));
#7873 = PCURVE('',#1295,#7874);
#7874 = DEFINITIONAL_REPRESENTATION('',(#7875),#7879);
#7875 = LINE('',#7876,#7877);
#7876 = CARTESIAN_POINT('',(0.,-6.));
#7877 = VECTOR('',#7878,1.);
#7878 = DIRECTION('',(1.,0.));
#7879 = ( GEOMETRIC_REPRESENTATION_CONTEXT(2) 
PARAMETRIC_REPRESENTATION_CONTEXT() REPRESENTATION_CONTEXT('2D SPACE',''
  ) );
#7880 = PCURVE('',#3898,#7881);
#7881 = DEFINITIONAL_REPRESENTATION('',(#7882),#7890);
#7882 = ( BOUNDED_CURVE() B_SPLINE_CURVE(2,(#7883,#7884,#7885,#7886,
#7887,#7888,#7889),.UNSPECIFIED.,.T.,.F.) B_SPLINE_CURVE_WITH_KNOTS((1,2
    ,2,2,2,1),(-2.094395102393,0.,2.094395102393,4.188790204786,
6.28318530718,8.377580409573),.UNSPECIFIED.) CURVE() 
GEOMETRIC_REPRESENTATION_ITEM() RATIONAL_B_SPLINE_CURVE((1.,0.5,1.,0.5,
1.,0.5,1.)) REPRESENTATION_ITEM('') );
#7883 = CARTESIAN_POINT('',(10.025322642402,6.364631247428));
#7884 = CARTESIAN_POINT('',(9.146265619872,7.755587303937));
#7885 = CARTESIAN_POINT('',(10.790397411622,7.821394988569));
#7886 = CARTESIAN_POINT('',(12.434529203372,7.887202673201));
#7887 = CARTESIAN_POINT('',(11.669454434153,6.430438932059));
#7888 = CARTESIAN_POINT('',(10.904379664933,4.973675190918));
#7889 = CARTESIAN_POINT('',(10.025322642402,6.364631247428));
#7890 = ( GEOMETRIC_REPRESENTATION_CONTEXT(2) 
PARAMETRIC_REPRESENTATION_CONTEXT() REPRESENTATION_CONTEXT('2D SPACE',''
  ) );
#7891 = ORIENTED_EDGE('',*,*,#7892,.F.);
#7892 = EDGE_CURVE('',#1275,#7865,#7893,.T.);
#7893 = SURFACE_CURVE('',#7894,(#7898,#7905),.PCURVE_S1.);
#7894 = LINE('',#7895,#7896);
#7895 = CARTESIAN_POINT('',(0.,-7.654855312976,10.289986158271));
#7896 = VECTOR('',#7897,1.);
#7897 = DIRECTION('',(1.,0.,0.));
#7898 = PCURVE('',#1295,#7899);
#7899 = DEFINITIONAL_REPRESENTATION('',(#7900),#7904);
#7900 = LINE('',#7901,#7902);
#7901 = CARTESIAN_POINT('',(1.531852919448,0.));
#7902 = VECTOR('',#7903,1.);
#7903 = DIRECTION('',(0.,-1.));
#7904 = ( GEOMETRIC_REPRESENTATION_CONTEXT(2) 
PARAMETRIC_REPRESENTATION_CONTEXT() REPRESENTATION_CONTEXT('2D SPACE',''
  ) );
#7905 = PCURVE('',#1323,#7906);
#7906 = DEFINITIONAL_REPRESENTATION('',(#7907),#7911);
#7907 = LINE('',#7908,#7909);
#7908 = CARTESIAN_POINT('',(0.,0.));
#7909 = VECTOR('',#7910,1.);
#7910 = DIRECTION('',(0.,-1.));
#7911 = ( GEOMETRIC_REPRESENTATION_CONTEXT(2) 
PARAMETRIC_REPRESENTATION_CONTEXT() REPRESENTATION_CONTEXT('2D SPACE',''
  ) );
#7912 = ORIENTED_EDGE('',*,*,#1274,.F.);
#7913 = ADVANCED_FACE('',(#7914),#2571,.F.);
#7914 = FACE_BOUND('',#7915,.F.);
#7915 = EDGE_LOOP('',(#7916,#7939,#7960,#7961));
#7916 = ORIENTED_EDGE('',*,*,#7917,.T.);
#7917 = EDGE_CURVE('',#2523,#7918,#7920,.T.);
#7918 = VERTEX_POINT('',#7919);
#7919 = CARTESIAN_POINT('',(6.,-5.083961761165,-11.77429224246));
#7920 = SURFACE_CURVE('',#7921,(#7925,#7932),.PCURVE_S1.);
#7921 = LINE('',#7922,#7923);
#7922 = CARTESIAN_POINT('',(0.,-5.083961761165,-11.77429224246));
#7923 = VECTOR('',#7924,1.);
#7924 = DIRECTION('',(1.,0.,0.));
#7925 = PCURVE('',#2571,#7926);
#7926 = DEFINITIONAL_REPRESENTATION('',(#7927),#7931);
#7927 = LINE('',#7928,#7929);
#7928 = CARTESIAN_POINT('',(0.,0.));
#7929 = VECTOR('',#7930,1.);
#7930 = DIRECTION('',(0.,-1.));
#7931 = ( GEOMETRIC_REPRESENTATION_CONTEXT(2) 
PARAMETRIC_REPRESENTATION_CONTEXT() REPRESENTATION_CONTEXT('2D SPACE',''
  ) );
#7932 = PCURVE('',#2543,#7933);
#7933 = DEFINITIONAL_REPRESENTATION('',(#7934),#7938);
#7934 = LINE('',#7935,#7936);
#7935 = CARTESIAN_POINT('',(1.531852919448,0.));
#7936 = VECTOR('',#7937,1.);
#7937 = DIRECTION('',(0.,-1.));
#7938 = ( GEOMETRIC_REPRESENTATION_CONTEXT(2) 
PARAMETRIC_REPRESENTATION_CONTEXT() REPRESENTATION_CONTEXT('2D SPACE',''
  ) );
#7939 = ORIENTED_EDGE('',*,*,#7940,.T.);
#7940 = EDGE_CURVE('',#7918,#7813,#7941,.T.);
#7941 = SURFACE_CURVE('',#7942,(#7946,#7953),.PCURVE_S1.);
#7942 = LINE('',#7943,#7944);
#7943 = CARTESIAN_POINT('',(6.,-5.083961761165,-11.77429224246));
#7944 = VECTOR('',#7945,1.);
#7945 = DIRECTION('',(0.,-0.394977496426,-0.918690795272));
#7946 = PCURVE('',#2571,#7947);
#7947 = DEFINITIONAL_REPRESENTATION('',(#7948),#7952);
#7948 = LINE('',#7949,#7950);
#7949 = CARTESIAN_POINT('',(-1.631922677475E-15,-6.));
#7950 = VECTOR('',#7951,1.);
#7951 = DIRECTION('',(1.,0.));
#7952 = ( GEOMETRIC_REPRESENTATION_CONTEXT(2) 
PARAMETRIC_REPRESENTATION_CONTEXT() REPRESENTATION_CONTEXT('2D SPACE',''
  ) );
#7953 = PCURVE('',#3898,#7954);
#7954 = DEFINITIONAL_REPRESENTATION('',(#7955),#7959);
#7955 = LINE('',#7956,#7957);
#7956 = CARTESIAN_POINT('',(-11.77429224246,5.083961761165));
#7957 = VECTOR('',#7958,1.);
#7958 = DIRECTION('',(-0.918690795272,0.394977496426));
#7959 = ( GEOMETRIC_REPRESENTATION_CONTEXT(2) 
PARAMETRIC_REPRESENTATION_CONTEXT() REPRESENTATION_CONTEXT('2D SPACE',''
  ) );
#7960 = ORIENTED_EDGE('',*,*,#7812,.F.);
#7961 = ORIENTED_EDGE('',*,*,#2555,.F.);
#7962 = ADVANCED_FACE('',(#7963),#1323,.F.);
#7963 = FACE_BOUND('',#7964,.F.);
#7964 = EDGE_LOOP('',(#7965,#7966,#7989,#8010));
#7965 = ORIENTED_EDGE('',*,*,#7892,.T.);
#7966 = ORIENTED_EDGE('',*,*,#7967,.T.);
#7967 = EDGE_CURVE('',#7865,#7968,#7970,.T.);
#7968 = VERTEX_POINT('',#7969);
#7969 = CARTESIAN_POINT('',(6.,-8.438547520367,11.340034197391));
#7970 = SURFACE_CURVE('',#7971,(#7975,#7982),.PCURVE_S1.);
#7971 = LINE('',#7972,#7973);
#7972 = CARTESIAN_POINT('',(6.,-7.654855312976,10.289986158271));
#7973 = VECTOR('',#7974,1.);
#7974 = DIRECTION('',(0.,-0.598120818715,0.801405943464));
#7975 = PCURVE('',#1323,#7976);
#7976 = DEFINITIONAL_REPRESENTATION('',(#7977),#7981);
#7977 = LINE('',#7978,#7979);
#7978 = CARTESIAN_POINT('',(0.,-6.));
#7979 = VECTOR('',#7980,1.);
#7980 = DIRECTION('',(1.,0.));
#7981 = ( GEOMETRIC_REPRESENTATION_CONTEXT(2) 
PARAMETRIC_REPRESENTATION_CONTEXT() REPRESENTATION_CONTEXT('2D SPACE',''
  ) );
#7982 = PCURVE('',#3898,#7983);
#7983 = DEFINITIONAL_REPRESENTATION('',(#7984),#7988);
#7984 = LINE('',#7985,#7986);
#7985 = CARTESIAN_POINT('',(10.289986158271,7.654855312976));
#7986 = VECTOR('',#7987,1.);
#7987 = DIRECTION('',(0.801405943464,0.598120818715));
#7988 = ( GEOMETRIC_REPRESENTATION_CONTEXT(2) 
PARAMETRIC_REPRESENTATION_CONTEXT() REPRESENTATION_CONTEXT('2D SPACE',''
  ) );
#7989 = ORIENTED_EDGE('',*,*,#7990,.F.);
#7990 = EDGE_CURVE('',#1308,#7968,#7991,.T.);
#7991 = SURFACE_CURVE('',#7992,(#7996,#8003),.PCURVE_S1.);
#7992 = LINE('',#7993,#7994);
#7993 = CARTESIAN_POINT('',(0.,-8.438547520367,11.340034197391));
#7994 = VECTOR('',#7995,1.);
#7995 = DIRECTION('',(1.,0.,0.));
#7996 = PCURVE('',#1323,#7997);
#7997 = DEFINITIONAL_REPRESENTATION('',(#7998),#8002);
#7998 = LINE('',#7999,#8000);
#7999 = CARTESIAN_POINT('',(1.310257364179,0.));
#8000 = VECTOR('',#8001,1.);
#8001 = DIRECTION('',(0.,-1.));
#8002 = ( GEOMETRIC_REPRESENTATION_CONTEXT(2) 
PARAMETRIC_REPRESENTATION_CONTEXT() REPRESENTATION_CONTEXT('2D SPACE',''
  ) );
#8003 = PCURVE('',#1353,#8004);
#8004 = DEFINITIONAL_REPRESENTATION('',(#8005),#8009);
#8005 = LINE('',#8006,#8007);
#8006 = CARTESIAN_POINT('',(0.,0.));
#8007 = VECTOR('',#8008,1.);
#8008 = DIRECTION('',(0.,-1.));
#8009 = ( GEOMETRIC_REPRESENTATION_CONTEXT(2) 
PARAMETRIC_REPRESENTATION_CONTEXT() REPRESENTATION_CONTEXT('2D SPACE',''
  ) );
#8010 = ORIENTED_EDGE('',*,*,#1307,.F.);
#8011 = ADVANCED_FACE('',(#8012),#2543,.F.);
#8012 = FACE_BOUND('',#8013,.F.);
#8013 = EDGE_LOOP('',(#8014,#8037,#8063,#8064));
#8014 = ORIENTED_EDGE('',*,*,#8015,.T.);
#8015 = EDGE_CURVE('',#2494,#8016,#8018,.T.);
#8016 = VERTEX_POINT('',#8017);
#8017 = CARTESIAN_POINT('',(6.,-5.499868465742,-10.52459366719));
#8018 = SURFACE_CURVE('',#8019,(#8023,#8030),.PCURVE_S1.);
#8019 = LINE('',#8020,#8021);
#8020 = CARTESIAN_POINT('',(0.,-5.499868465742,-10.52459366719));
#8021 = VECTOR('',#8022,1.);
#8022 = DIRECTION('',(1.,0.,0.));
#8023 = PCURVE('',#2543,#8024);
#8024 = DEFINITIONAL_REPRESENTATION('',(#8025),#8029);
#8025 = LINE('',#8026,#8027);
#8026 = CARTESIAN_POINT('',(0.,0.));
#8027 = VECTOR('',#8028,1.);
#8028 = DIRECTION('',(0.,-1.));
#8029 = ( GEOMETRIC_REPRESENTATION_CONTEXT(2) 
PARAMETRIC_REPRESENTATION_CONTEXT() REPRESENTATION_CONTEXT('2D SPACE',''
  ) );
#8030 = PCURVE('',#2510,#8031);
#8031 = DEFINITIONAL_REPRESENTATION('',(#8032),#8036);
#8032 = LINE('',#8033,#8034);
#8033 = CARTESIAN_POINT('',(-8.411254474858E-02,0.));
#8034 = VECTOR('',#8035,1.);
#8035 = DIRECTION('',(-0.,-1.));
#8036 = ( GEOMETRIC_REPRESENTATION_CONTEXT(2) 
PARAMETRIC_REPRESENTATION_CONTEXT() REPRESENTATION_CONTEXT('2D SPACE',''
  ) );
#8037 = ORIENTED_EDGE('',*,*,#8038,.T.);
#8038 = EDGE_CURVE('',#8016,#7918,#8039,.T.);
#8039 = SURFACE_CURVE('',#8040,(#8045,#8052),.PCURVE_S1.);
#8040 = CIRCLE('',#8041,0.95);
#8041 = AXIS2_PLACEMENT_3D('',#8042,#8043,#8044);
#8042 = CARTESIAN_POINT('',(6.,-5.941584589701,-11.36565660528));
#8043 = DIRECTION('',(-1.,0.,0.));
#8044 = DIRECTION('',(0.,0.46496434101,0.885329408519));
#8045 = PCURVE('',#2543,#8046);
#8046 = DEFINITIONAL_REPRESENTATION('',(#8047),#8051);
#8047 = LINE('',#8048,#8049);
#8048 = CARTESIAN_POINT('',(0.,-6.));
#8049 = VECTOR('',#8050,1.);
#8050 = DIRECTION('',(1.,0.));
#8051 = ( GEOMETRIC_REPRESENTATION_CONTEXT(2) 
PARAMETRIC_REPRESENTATION_CONTEXT() REPRESENTATION_CONTEXT('2D SPACE',''
  ) );
#8052 = PCURVE('',#3898,#8053);
#8053 = DEFINITIONAL_REPRESENTATION('',(#8054),#8062);
#8054 = ( BOUNDED_CURVE() B_SPLINE_CURVE(2,(#8055,#8056,#8057,#8058,
#8059,#8060,#8061),.UNSPECIFIED.,.T.,.F.) B_SPLINE_CURVE_WITH_KNOTS((1,2
    ,2,2,2,1),(-2.094395102393,0.,2.094395102393,4.188790204786,
6.28318530718,8.377580409573),.UNSPECIFIED.) CURVE() 
GEOMETRIC_REPRESENTATION_ITEM() RATIONAL_B_SPLINE_CURVE((1.,0.5,1.,0.5,
1.,0.5,1.)) REPRESENTATION_ITEM('') );
#8055 = CARTESIAN_POINT('',(-10.52459366719,5.499868465742));
#8056 = CARTESIAN_POINT('',(-11.28966843641,4.043104724601));
#8057 = CARTESIAN_POINT('',(-12.16872545894,5.43406078111));
#8058 = CARTESIAN_POINT('',(-13.04778248147,6.82501683762));
#8059 = CARTESIAN_POINT('',(-11.40365068972,6.890824522251));
#8060 = CARTESIAN_POINT('',(-9.759518897974,6.956632206883));
#8061 = CARTESIAN_POINT('',(-10.52459366719,5.499868465742));
#8062 = ( GEOMETRIC_REPRESENTATION_CONTEXT(2) 
PARAMETRIC_REPRESENTATION_CONTEXT() REPRESENTATION_CONTEXT('2D SPACE',''
  ) );
#8063 = ORIENTED_EDGE('',*,*,#7917,.F.);
#8064 = ORIENTED_EDGE('',*,*,#2522,.F.);
#8065 = ADVANCED_FACE('',(#8066),#1353,.F.);
#8066 = FACE_BOUND('',#8067,.F.);
#8067 = EDGE_LOOP('',(#8068,#8069,#8094,#8115));
#8068 = ORIENTED_EDGE('',*,*,#7990,.T.);
#8069 = ORIENTED_EDGE('',*,*,#8070,.T.);
#8070 = EDGE_CURVE('',#7968,#8071,#8073,.T.);
#8071 = VERTEX_POINT('',#8072);
#8072 = CARTESIAN_POINT('',(6.,-9.174048613935,11.927651108385));
#8073 = SURFACE_CURVE('',#8074,(#8079,#8086),.PCURVE_S1.);
#8074 = B_SPLINE_CURVE_WITH_KNOTS('',3,(#8075,#8076,#8077,#8078),
  .UNSPECIFIED.,.F.,.F.,(4,4),(0.,1.),.PIECEWISE_BEZIER_KNOTS.);
#8075 = CARTESIAN_POINT('',(6.,-8.438547520367,11.340034197391));
#8076 = CARTESIAN_POINT('',(6.,-8.506445951932,11.418343179615));
#8077 = CARTESIAN_POINT('',(6.,-8.721062713325,11.642684996192));
#8078 = CARTESIAN_POINT('',(6.,-9.174048613935,11.927651108385));
#8079 = PCURVE('',#1353,#8080);
#8080 = DEFINITIONAL_REPRESENTATION('',(#8081),#8085);
#8081 = LINE('',#8082,#8083);
#8082 = CARTESIAN_POINT('',(0.,-6.));
#8083 = VECTOR('',#8084,1.);
#8084 = DIRECTION('',(1.,0.));
#8085 = ( GEOMETRIC_REPRESENTATION_CONTEXT(2) 
PARAMETRIC_REPRESENTATION_CONTEXT() REPRESENTATION_CONTEXT('2D SPACE',''
  ) );
#8086 = PCURVE('',#3898,#8087);
#8087 = DEFINITIONAL_REPRESENTATION('',(#8088),#8093);
#8088 = B_SPLINE_CURVE_WITH_KNOTS('',3,(#8089,#8090,#8091,#8092),
  .UNSPECIFIED.,.F.,.F.,(4,4),(0.,1.),.PIECEWISE_BEZIER_KNOTS.);
#8089 = CARTESIAN_POINT('',(11.340034197391,8.438547520367));
#8090 = CARTESIAN_POINT('',(11.418343179615,8.506445951932));
#8091 = CARTESIAN_POINT('',(11.642684996192,8.721062713325));
#8092 = CARTESIAN_POINT('',(11.927651108385,9.174048613935));
#8093 = ( GEOMETRIC_REPRESENTATION_CONTEXT(2) 
PARAMETRIC_REPRESENTATION_CONTEXT() REPRESENTATION_CONTEXT('2D SPACE',''
  ) );
#8094 = ORIENTED_EDGE('',*,*,#8095,.F.);
#8095 = EDGE_CURVE('',#1336,#8071,#8096,.T.);
#8096 = SURFACE_CURVE('',#8097,(#8101,#8108),.PCURVE_S1.);
#8097 = LINE('',#8098,#8099);
#8098 = CARTESIAN_POINT('',(0.,-9.174048613935,11.927651108385));
#8099 = VECTOR('',#8100,1.);
#8100 = DIRECTION('',(1.,0.,0.));
#8101 = PCURVE('',#1353,#8102);
#8102 = DEFINITIONAL_REPRESENTATION('',(#8103),#8107);
#8103 = LINE('',#8104,#8105);
#8104 = CARTESIAN_POINT('',(1.,0.));
#8105 = VECTOR('',#8106,1.);
#8106 = DIRECTION('',(0.,-1.));
#8107 = ( GEOMETRIC_REPRESENTATION_CONTEXT(2) 
PARAMETRIC_REPRESENTATION_CONTEXT() REPRESENTATION_CONTEXT('2D SPACE',''
  ) );
#8108 = PCURVE('',#1386,#8109);
#8109 = DEFINITIONAL_REPRESENTATION('',(#8110),#8114);
#8110 = LINE('',#8111,#8112);
#8111 = CARTESIAN_POINT('',(0.,0.));
#8112 = VECTOR('',#8113,1.);
#8113 = DIRECTION('',(0.,-1.));
#8114 = ( GEOMETRIC_REPRESENTATION_CONTEXT(2) 
PARAMETRIC_REPRESENTATION_CONTEXT() REPRESENTATION_CONTEXT('2D SPACE',''
  ) );
#8115 = ORIENTED_EDGE('',*,*,#1335,.F.);
#8116 = ADVANCED_FACE('',(#8117),#2510,.T.);
#8117 = FACE_BOUND('',#8118,.F.);
#8118 = EDGE_LOOP('',(#8119,#8142,#8164,#8165));
#8119 = ORIENTED_EDGE('',*,*,#8120,.T.);
#8120 = EDGE_CURVE('',#2461,#8121,#8123,.T.);
#8121 = VERTEX_POINT('',#8122);
#8122 = CARTESIAN_POINT('',(6.,-6.364631247428,-10.0253226424));
#8123 = SURFACE_CURVE('',#8124,(#8128,#8135),.PCURVE_S1.);
#8124 = LINE('',#8125,#8126);
#8125 = CARTESIAN_POINT('',(0.,-6.364631247428,-10.0253226424));
#8126 = VECTOR('',#8127,1.);
#8127 = DIRECTION('',(1.,0.,0.));
#8128 = PCURVE('',#2510,#8129);
#8129 = DEFINITIONAL_REPRESENTATION('',(#8130),#8134);
#8130 = LINE('',#8131,#8132);
#8131 = CARTESIAN_POINT('',(-0.,0.));
#8132 = VECTOR('',#8133,1.);
#8133 = DIRECTION('',(-0.,-1.));
#8134 = ( GEOMETRIC_REPRESENTATION_CONTEXT(2) 
PARAMETRIC_REPRESENTATION_CONTEXT() REPRESENTATION_CONTEXT('2D SPACE',''
  ) );
#8135 = PCURVE('',#2481,#8136);
#8136 = DEFINITIONAL_REPRESENTATION('',(#8137),#8141);
#8137 = LINE('',#8138,#8139);
#8138 = CARTESIAN_POINT('',(1.531852919448,0.));
#8139 = VECTOR('',#8140,1.);
#8140 = DIRECTION('',(0.,-1.));
#8141 = ( GEOMETRIC_REPRESENTATION_CONTEXT(2) 
PARAMETRIC_REPRESENTATION_CONTEXT() REPRESENTATION_CONTEXT('2D SPACE',''
  ) );
#8142 = ORIENTED_EDGE('',*,*,#8143,.T.);
#8143 = EDGE_CURVE('',#8121,#8016,#8144,.T.);
#8144 = SURFACE_CURVE('',#8145,(#8150,#8157),.PCURVE_S1.);
#8145 = CIRCLE('',#8146,11.875000000002);
#8146 = AXIS2_PLACEMENT_3D('',#8147,#8148,#8149);
#8147 = CARTESIAN_POINT('',(6.,9.143323578498E-13,1.563574124079E-12));
#8148 = DIRECTION('',(1.,0.,0.));
#8149 = DIRECTION('',(0.,-0.535968947152,-0.844237696202));
#8150 = PCURVE('',#2510,#8151);
#8151 = DEFINITIONAL_REPRESENTATION('',(#8152),#8156);
#8152 = LINE('',#8153,#8154);
#8153 = CARTESIAN_POINT('',(-0.,-6.));
#8154 = VECTOR('',#8155,1.);
#8155 = DIRECTION('',(-1.,0.));
#8156 = ( GEOMETRIC_REPRESENTATION_CONTEXT(2) 
PARAMETRIC_REPRESENTATION_CONTEXT() REPRESENTATION_CONTEXT('2D SPACE',''
  ) );
#8157 = PCURVE('',#3898,#8158);
#8158 = DEFINITIONAL_REPRESENTATION('',(#8159),#8163);
#8159 = CIRCLE('',#8160,11.875000000002);
#8160 = AXIS2_PLACEMENT_2D('',#8161,#8162);
#8161 = CARTESIAN_POINT('',(1.564774124079E-12,-9.171823578498E-13));
#8162 = DIRECTION('',(-0.844237696202,0.535968947152));
#8163 = ( GEOMETRIC_REPRESENTATION_CONTEXT(2) 
PARAMETRIC_REPRESENTATION_CONTEXT() REPRESENTATION_CONTEXT('2D SPACE',''
  ) );
#8164 = ORIENTED_EDGE('',*,*,#8015,.F.);
#8165 = ORIENTED_EDGE('',*,*,#2493,.F.);
#8166 = ADVANCED_FACE('',(#8167),#1386,.F.);
#8167 = FACE_BOUND('',#8168,.F.);
#8168 = EDGE_LOOP('',(#8169,#8170,#8195,#8216));
#8169 = ORIENTED_EDGE('',*,*,#8095,.T.);
#8170 = ORIENTED_EDGE('',*,*,#8171,.T.);
#8171 = EDGE_CURVE('',#8071,#8172,#8174,.T.);
#8172 = VERTEX_POINT('',#8173);
#8173 = CARTESIAN_POINT('',(6.,-11.81709245724,12.912247273154));
#8174 = SURFACE_CURVE('',#8175,(#8180,#8187),.PCURVE_S1.);
#8175 = B_SPLINE_CURVE_WITH_KNOTS('',3,(#8176,#8177,#8178,#8179),
  .UNSPECIFIED.,.F.,.F.,(4,4),(0.,1.),.PIECEWISE_BEZIER_KNOTS.);
#8176 = CARTESIAN_POINT('',(6.,-9.174048613935,11.927651108385));
#8177 = CARTESIAN_POINT('',(6.,-9.71583046277,12.26427780193));
#8178 = CARTESIAN_POINT('',(6.,-10.56900102169,12.661896546512));
#8179 = CARTESIAN_POINT('',(6.,-11.81709245724,12.912247273154));
#8180 = PCURVE('',#1386,#8181);
#8181 = DEFINITIONAL_REPRESENTATION('',(#8182),#8186);
#8182 = LINE('',#8183,#8184);
#8183 = CARTESIAN_POINT('',(0.,-6.));
#8184 = VECTOR('',#8185,1.);
#8185 = DIRECTION('',(1.,0.));
#8186 = ( GEOMETRIC_REPRESENTATION_CONTEXT(2) 
PARAMETRIC_REPRESENTATION_CONTEXT() REPRESENTATION_CONTEXT('2D SPACE',''
  ) );
#8187 = PCURVE('',#3898,#8188);
#8188 = DEFINITIONAL_REPRESENTATION('',(#8189),#8194);
#8189 = B_SPLINE_CURVE_WITH_KNOTS('',3,(#8190,#8191,#8192,#8193),
  .UNSPECIFIED.,.F.,.F.,(4,4),(0.,1.),.PIECEWISE_BEZIER_KNOTS.);
#8190 = CARTESIAN_POINT('',(11.927651108385,9.174048613935));
#8191 = CARTESIAN_POINT('',(12.26427780193,9.71583046277));
#8192 = CARTESIAN_POINT('',(12.661896546512,10.569001021696));
#8193 = CARTESIAN_POINT('',(12.912247273154,11.817092457245));
#8194 = ( GEOMETRIC_REPRESENTATION_CONTEXT(2) 
PARAMETRIC_REPRESENTATION_CONTEXT() REPRESENTATION_CONTEXT('2D SPACE',''
  ) );
#8195 = ORIENTED_EDGE('',*,*,#8196,.F.);
#8196 = EDGE_CURVE('',#1369,#8172,#8197,.T.);
#8197 = SURFACE_CURVE('',#8198,(#8202,#8209),.PCURVE_S1.);
#8198 = LINE('',#8199,#8200);
#8199 = CARTESIAN_POINT('',(0.,-11.81709245724,12.912247273154));
#8200 = VECTOR('',#8201,1.);
#8201 = DIRECTION('',(1.,0.,0.));
#8202 = PCURVE('',#1386,#8203);
#8203 = DEFINITIONAL_REPRESENTATION('',(#8204),#8208);
#8204 = LINE('',#8205,#8206);
#8205 = CARTESIAN_POINT('',(1.,0.));
#8206 = VECTOR('',#8207,1.);
#8207 = DIRECTION('',(0.,-1.));
#8208 = ( GEOMETRIC_REPRESENTATION_CONTEXT(2) 
PARAMETRIC_REPRESENTATION_CONTEXT() REPRESENTATION_CONTEXT('2D SPACE',''
  ) );
#8209 = PCURVE('',#1418,#8210);
#8210 = DEFINITIONAL_REPRESENTATION('',(#8211),#8215);
#8211 = LINE('',#8212,#8213);
#8212 = CARTESIAN_POINT('',(-0.,0.));
#8213 = VECTOR('',#8214,1.);
#8214 = DIRECTION('',(-0.,-1.));
#8215 = ( GEOMETRIC_REPRESENTATION_CONTEXT(2) 
PARAMETRIC_REPRESENTATION_CONTEXT() REPRESENTATION_CONTEXT('2D SPACE',''
  ) );
#8216 = ORIENTED_EDGE('',*,*,#1368,.F.);
#8217 = ADVANCED_FACE('',(#8218),#2481,.F.);
#8218 = FACE_BOUND('',#8219,.F.);
#8219 = EDGE_LOOP('',(#8220,#8243,#8269,#8270));
#8220 = ORIENTED_EDGE('',*,*,#8221,.T.);
#8221 = EDGE_CURVE('',#2433,#8222,#8224,.T.);
#8222 = VERTEX_POINT('',#8223);
#8223 = CARTESIAN_POINT('',(6.,-7.654855312976,-10.28998615827));
#8224 = SURFACE_CURVE('',#8225,(#8229,#8236),.PCURVE_S1.);
#8225 = LINE('',#8226,#8227);
#8226 = CARTESIAN_POINT('',(0.,-7.654855312976,-10.28998615827));
#8227 = VECTOR('',#8228,1.);
#8228 = DIRECTION('',(1.,0.,0.));
#8229 = PCURVE('',#2481,#8230);
#8230 = DEFINITIONAL_REPRESENTATION('',(#8231),#8235);
#8231 = LINE('',#8232,#8233);
#8232 = CARTESIAN_POINT('',(0.,0.));
#8233 = VECTOR('',#8234,1.);
#8234 = DIRECTION('',(0.,-1.));
#8235 = ( GEOMETRIC_REPRESENTATION_CONTEXT(2) 
PARAMETRIC_REPRESENTATION_CONTEXT() REPRESENTATION_CONTEXT('2D SPACE',''
  ) );
#8236 = PCURVE('',#2448,#8237);
#8237 = DEFINITIONAL_REPRESENTATION('',(#8238),#8242);
#8238 = LINE('',#8239,#8240);
#8239 = CARTESIAN_POINT('',(1.310257364179,0.));
#8240 = VECTOR('',#8241,1.);
#8241 = DIRECTION('',(0.,-1.));
#8242 = ( GEOMETRIC_REPRESENTATION_CONTEXT(2) 
PARAMETRIC_REPRESENTATION_CONTEXT() REPRESENTATION_CONTEXT('2D SPACE',''
  ) );
#8243 = ORIENTED_EDGE('',*,*,#8244,.T.);
#8244 = EDGE_CURVE('',#8222,#8121,#8245,.T.);
#8245 = SURFACE_CURVE('',#8246,(#8251,#8258),.PCURVE_S1.);
#8246 = CIRCLE('',#8247,0.95);
#8247 = AXIS2_PLACEMENT_3D('',#8248,#8249,#8250);
#8248 = CARTESIAN_POINT('',(6.,-6.872155056019,-10.82839149605));
#8249 = DIRECTION('',(-1.,0.,0.));
#8250 = DIRECTION('',(0.,-0.823895007324,0.56674246083));
#8251 = PCURVE('',#2481,#8252);
#8252 = DEFINITIONAL_REPRESENTATION('',(#8253),#8257);
#8253 = LINE('',#8254,#8255);
#8254 = CARTESIAN_POINT('',(0.,-6.));
#8255 = VECTOR('',#8256,1.);
#8256 = DIRECTION('',(1.,0.));
#8257 = ( GEOMETRIC_REPRESENTATION_CONTEXT(2) 
PARAMETRIC_REPRESENTATION_CONTEXT() REPRESENTATION_CONTEXT('2D SPACE',''
  ) );
#8258 = PCURVE('',#3898,#8259);
#8259 = DEFINITIONAL_REPRESENTATION('',(#8260),#8268);
#8260 = ( BOUNDED_CURVE() B_SPLINE_CURVE(2,(#8261,#8262,#8263,#8264,
#8265,#8266,#8267),.UNSPECIFIED.,.T.,.F.) B_SPLINE_CURVE_WITH_KNOTS((1,2
    ,2,2,2,1),(-2.094395102393,0.,2.094395102393,4.188790204786,
6.28318530718,8.377580409573),.UNSPECIFIED.) CURVE() 
GEOMETRIC_REPRESENTATION_ITEM() RATIONAL_B_SPLINE_CURVE((1.,0.5,1.,0.5,
1.,0.5,1.)) REPRESENTATION_ITEM('') );
#8261 = CARTESIAN_POINT('',(-10.28998615827,7.654855312976));
#8262 = CARTESIAN_POINT('',(-8.934309546123,6.72230991286));
#8263 = CARTESIAN_POINT('',(-10.41975585888,6.014532227482));
#8264 = CARTESIAN_POINT('',(-11.90520217163,5.306754542104));
#8265 = CARTESIAN_POINT('',(-11.77543247102,6.947077627598));
#8266 = CARTESIAN_POINT('',(-11.64566277041,8.587400713092));
#8267 = CARTESIAN_POINT('',(-10.28998615827,7.654855312976));
#8268 = ( GEOMETRIC_REPRESENTATION_CONTEXT(2) 
PARAMETRIC_REPRESENTATION_CONTEXT() REPRESENTATION_CONTEXT('2D SPACE',''
  ) );
#8269 = ORIENTED_EDGE('',*,*,#8120,.F.);
#8270 = ORIENTED_EDGE('',*,*,#2460,.F.);
#8271 = ADVANCED_FACE('',(#8272),#1418,.T.);
#8272 = FACE_BOUND('',#8273,.F.);
#8273 = EDGE_LOOP('',(#8274,#8275,#8299,#8320));
#8274 = ORIENTED_EDGE('',*,*,#8196,.T.);
#8275 = ORIENTED_EDGE('',*,*,#8276,.T.);
#8276 = EDGE_CURVE('',#8172,#8277,#8279,.T.);
#8277 = VERTEX_POINT('',#8278);
#8278 = CARTESIAN_POINT('',(6.,-12.91082289983,11.813579137975));
#8279 = SURFACE_CURVE('',#8280,(#8285,#8292),.PCURVE_S1.);
#8280 = CIRCLE('',#8281,17.500000000002);
#8281 = AXIS2_PLACEMENT_3D('',#8282,#8283,#8284);
#8282 = CARTESIAN_POINT('',(6.,2.607706695404E-02,2.856241123781E-02));
#8283 = DIRECTION('',(1.,0.,0.));
#8284 = DIRECTION('',(0.,-0.67675254424,0.736210563538));
#8285 = PCURVE('',#1418,#8286);
#8286 = DEFINITIONAL_REPRESENTATION('',(#8287),#8291);
#8287 = LINE('',#8288,#8289);
#8288 = CARTESIAN_POINT('',(-0.,-6.));
#8289 = VECTOR('',#8290,1.);
#8290 = DIRECTION('',(-1.,0.));
#8291 = ( GEOMETRIC_REPRESENTATION_CONTEXT(2) 
PARAMETRIC_REPRESENTATION_CONTEXT() REPRESENTATION_CONTEXT('2D SPACE',''
  ) );
#8292 = PCURVE('',#3898,#8293);
#8293 = DEFINITIONAL_REPRESENTATION('',(#8294),#8298);
#8294 = CIRCLE('',#8295,17.500000000002);
#8295 = AXIS2_PLACEMENT_2D('',#8296,#8297);
#8296 = CARTESIAN_POINT('',(2.856241123781E-02,-2.607706695404E-02));
#8297 = DIRECTION('',(0.736210563538,0.67675254424));
#8298 = ( GEOMETRIC_REPRESENTATION_CONTEXT(2) 
PARAMETRIC_REPRESENTATION_CONTEXT() REPRESENTATION_CONTEXT('2D SPACE',''
  ) );
#8299 = ORIENTED_EDGE('',*,*,#8300,.F.);
#8300 = EDGE_CURVE('',#1402,#8277,#8301,.T.);
#8301 = SURFACE_CURVE('',#8302,(#8306,#8313),.PCURVE_S1.);
#8302 = LINE('',#8303,#8304);
#8303 = CARTESIAN_POINT('',(0.,-12.91082289983,11.813579137975));
#8304 = VECTOR('',#8305,1.);
#8305 = DIRECTION('',(1.,0.,0.));
#8306 = PCURVE('',#1418,#8307);
#8307 = DEFINITIONAL_REPRESENTATION('',(#8308),#8312);
#8308 = LINE('',#8309,#8310);
#8309 = CARTESIAN_POINT('',(-8.861549654827E-02,0.));
#8310 = VECTOR('',#8311,1.);
#8311 = DIRECTION('',(-0.,-1.));
#8312 = ( GEOMETRIC_REPRESENTATION_CONTEXT(2) 
PARAMETRIC_REPRESENTATION_CONTEXT() REPRESENTATION_CONTEXT('2D SPACE',''
  ) );
#8313 = PCURVE('',#1448,#8314);
#8314 = DEFINITIONAL_REPRESENTATION('',(#8315),#8319);
#8315 = LINE('',#8316,#8317);
#8316 = CARTESIAN_POINT('',(0.,0.));
#8317 = VECTOR('',#8318,1.);
#8318 = DIRECTION('',(0.,-1.));
#8319 = ( GEOMETRIC_REPRESENTATION_CONTEXT(2) 
PARAMETRIC_REPRESENTATION_CONTEXT() REPRESENTATION_CONTEXT('2D SPACE',''
  ) );
#8320 = ORIENTED_EDGE('',*,*,#1401,.F.);
#8321 = ADVANCED_FACE('',(#8322),#2448,.F.);
#8322 = FACE_BOUND('',#8323,.F.);
#8323 = EDGE_LOOP('',(#8324,#8347,#8368,#8369));
#8324 = ORIENTED_EDGE('',*,*,#8325,.T.);
#8325 = EDGE_CURVE('',#2400,#8326,#8328,.T.);
#8326 = VERTEX_POINT('',#8327);
#8327 = CARTESIAN_POINT('',(6.,-8.438547520367,-11.34003419739));
#8328 = SURFACE_CURVE('',#8329,(#8333,#8340),.PCURVE_S1.);
#8329 = LINE('',#8330,#8331);
#8330 = CARTESIAN_POINT('',(0.,-8.438547520367,-11.34003419739));
#8331 = VECTOR('',#8332,1.);
#8332 = DIRECTION('',(1.,0.,0.));
#8333 = PCURVE('',#2448,#8334);
#8334 = DEFINITIONAL_REPRESENTATION('',(#8335),#8339);
#8335 = LINE('',#8336,#8337);
#8336 = CARTESIAN_POINT('',(0.,0.));
#8337 = VECTOR('',#8338,1.);
#8338 = DIRECTION('',(0.,-1.));
#8339 = ( GEOMETRIC_REPRESENTATION_CONTEXT(2) 
PARAMETRIC_REPRESENTATION_CONTEXT() REPRESENTATION_CONTEXT('2D SPACE',''
  ) );
#8340 = PCURVE('',#2417,#8341);
#8341 = DEFINITIONAL_REPRESENTATION('',(#8342),#8346);
#8342 = LINE('',#8343,#8344);
#8343 = CARTESIAN_POINT('',(1.,0.));
#8344 = VECTOR('',#8345,1.);
#8345 = DIRECTION('',(0.,-1.));
#8346 = ( GEOMETRIC_REPRESENTATION_CONTEXT(2) 
PARAMETRIC_REPRESENTATION_CONTEXT() REPRESENTATION_CONTEXT('2D SPACE',''
  ) );
#8347 = ORIENTED_EDGE('',*,*,#8348,.T.);
#8348 = EDGE_CURVE('',#8326,#8222,#8349,.T.);
#8349 = SURFACE_CURVE('',#8350,(#8354,#8361),.PCURVE_S1.);
#8350 = LINE('',#8351,#8352);
#8351 = CARTESIAN_POINT('',(6.,-8.438547520367,-11.34003419739));
#8352 = VECTOR('',#8353,1.);
#8353 = DIRECTION('',(0.,0.598120818715,0.801405943464));
#8354 = PCURVE('',#2448,#8355);
#8355 = DEFINITIONAL_REPRESENTATION('',(#8356),#8360);
#8356 = LINE('',#8357,#8358);
#8357 = CARTESIAN_POINT('',(0.,-6.));
#8358 = VECTOR('',#8359,1.);
#8359 = DIRECTION('',(1.,0.));
#8360 = ( GEOMETRIC_REPRESENTATION_CONTEXT(2) 
PARAMETRIC_REPRESENTATION_CONTEXT() REPRESENTATION_CONTEXT('2D SPACE',''
  ) );
#8361 = PCURVE('',#3898,#8362);
#8362 = DEFINITIONAL_REPRESENTATION('',(#8363),#8367);
#8363 = LINE('',#8364,#8365);
#8364 = CARTESIAN_POINT('',(-11.34003419739,8.438547520367));
#8365 = VECTOR('',#8366,1.);
#8366 = DIRECTION('',(0.801405943464,-0.598120818715));
#8367 = ( GEOMETRIC_REPRESENTATION_CONTEXT(2) 
PARAMETRIC_REPRESENTATION_CONTEXT() REPRESENTATION_CONTEXT('2D SPACE',''
  ) );
#8368 = ORIENTED_EDGE('',*,*,#8221,.F.);
#8369 = ORIENTED_EDGE('',*,*,#2432,.F.);
#8370 = ADVANCED_FACE('',(#8371),#1448,.F.);
#8371 = FACE_BOUND('',#8372,.F.);
#8372 = EDGE_LOOP('',(#8373,#8374,#8399,#8420));
#8373 = ORIENTED_EDGE('',*,*,#8300,.T.);
#8374 = ORIENTED_EDGE('',*,*,#8375,.T.);
#8375 = EDGE_CURVE('',#8277,#8376,#8378,.T.);
#8376 = VERTEX_POINT('',#8377);
#8377 = CARTESIAN_POINT('',(6.,-11.92765110838,9.174048613935));
#8378 = SURFACE_CURVE('',#8379,(#8384,#8391),.PCURVE_S1.);
#8379 = B_SPLINE_CURVE_WITH_KNOTS('',3,(#8380,#8381,#8382,#8383),
  .UNSPECIFIED.,.F.,.F.,(4,4),(0.,1.),.PIECEWISE_BEZIER_KNOTS.);
#8380 = CARTESIAN_POINT('',(6.,-12.91082289983,11.813579137975));
#8381 = CARTESIAN_POINT('',(6.,-12.66189654651,10.569001021696));
#8382 = CARTESIAN_POINT('',(6.,-12.26427780193,9.71583046277));
#8383 = CARTESIAN_POINT('',(6.,-11.92765110838,9.174048613935));
#8384 = PCURVE('',#1448,#8385);
#8385 = DEFINITIONAL_REPRESENTATION('',(#8386),#8390);
#8386 = LINE('',#8387,#8388);
#8387 = CARTESIAN_POINT('',(0.,-6.));
#8388 = VECTOR('',#8389,1.);
#8389 = DIRECTION('',(1.,0.));
#8390 = ( GEOMETRIC_REPRESENTATION_CONTEXT(2) 
PARAMETRIC_REPRESENTATION_CONTEXT() REPRESENTATION_CONTEXT('2D SPACE',''
  ) );
#8391 = PCURVE('',#3898,#8392);
#8392 = DEFINITIONAL_REPRESENTATION('',(#8393),#8398);
#8393 = B_SPLINE_CURVE_WITH_KNOTS('',3,(#8394,#8395,#8396,#8397),
  .UNSPECIFIED.,.F.,.F.,(4,4),(0.,1.),.PIECEWISE_BEZIER_KNOTS.);
#8394 = CARTESIAN_POINT('',(11.813579137975,12.910822899831));
#8395 = CARTESIAN_POINT('',(10.569001021696,12.661896546512));
#8396 = CARTESIAN_POINT('',(9.71583046277,12.26427780193));
#8397 = CARTESIAN_POINT('',(9.174048613935,11.927651108385));
#8398 = ( GEOMETRIC_REPRESENTATION_CONTEXT(2) 
PARAMETRIC_REPRESENTATION_CONTEXT() REPRESENTATION_CONTEXT('2D SPACE',''
  ) );
#8399 = ORIENTED_EDGE('',*,*,#8400,.F.);
#8400 = EDGE_CURVE('',#1431,#8376,#8401,.T.);
#8401 = SURFACE_CURVE('',#8402,(#8406,#8413),.PCURVE_S1.);
#8402 = LINE('',#8403,#8404);
#8403 = CARTESIAN_POINT('',(0.,-11.92765110838,9.174048613935));
#8404 = VECTOR('',#8405,1.);
#8405 = DIRECTION('',(1.,0.,0.));
#8406 = PCURVE('',#1448,#8407);
#8407 = DEFINITIONAL_REPRESENTATION('',(#8408),#8412);
#8408 = LINE('',#8409,#8410);
#8409 = CARTESIAN_POINT('',(1.,0.));
#8410 = VECTOR('',#8411,1.);
#8411 = DIRECTION('',(0.,-1.));
#8412 = ( GEOMETRIC_REPRESENTATION_CONTEXT(2) 
PARAMETRIC_REPRESENTATION_CONTEXT() REPRESENTATION_CONTEXT('2D SPACE',''
  ) );
#8413 = PCURVE('',#1481,#8414);
#8414 = DEFINITIONAL_REPRESENTATION('',(#8415),#8419);
#8415 = LINE('',#8416,#8417);
#8416 = CARTESIAN_POINT('',(0.,0.));
#8417 = VECTOR('',#8418,1.);
#8418 = DIRECTION('',(0.,-1.));
#8419 = ( GEOMETRIC_REPRESENTATION_CONTEXT(2) 
PARAMETRIC_REPRESENTATION_CONTEXT() REPRESENTATION_CONTEXT('2D SPACE',''
  ) );
#8420 = ORIENTED_EDGE('',*,*,#1430,.F.);
#8421 = ADVANCED_FACE('',(#8422),#2417,.F.);
#8422 = FACE_BOUND('',#8423,.F.);
#8423 = EDGE_LOOP('',(#8424,#8447,#8470,#8471));
#8424 = ORIENTED_EDGE('',*,*,#8425,.T.);
#8425 = EDGE_CURVE('',#2367,#8426,#8428,.T.);
#8426 = VERTEX_POINT('',#8427);
#8427 = CARTESIAN_POINT('',(6.,-9.174048613935,-11.92765110838));
#8428 = SURFACE_CURVE('',#8429,(#8433,#8440),.PCURVE_S1.);
#8429 = LINE('',#8430,#8431);
#8430 = CARTESIAN_POINT('',(0.,-9.174048613935,-11.92765110838));
#8431 = VECTOR('',#8432,1.);
#8432 = DIRECTION('',(1.,0.,0.));
#8433 = PCURVE('',#2417,#8434);
#8434 = DEFINITIONAL_REPRESENTATION('',(#8435),#8439);
#8435 = LINE('',#8436,#8437);
#8436 = CARTESIAN_POINT('',(0.,0.));
#8437 = VECTOR('',#8438,1.);
#8438 = DIRECTION('',(0.,-1.));
#8439 = ( GEOMETRIC_REPRESENTATION_CONTEXT(2) 
PARAMETRIC_REPRESENTATION_CONTEXT() REPRESENTATION_CONTEXT('2D SPACE',''
  ) );
#8440 = PCURVE('',#2384,#8441);
#8441 = DEFINITIONAL_REPRESENTATION('',(#8442),#8446);
#8442 = LINE('',#8443,#8444);
#8443 = CARTESIAN_POINT('',(1.,0.));
#8444 = VECTOR('',#8445,1.);
#8445 = DIRECTION('',(0.,-1.));
#8446 = ( GEOMETRIC_REPRESENTATION_CONTEXT(2) 
PARAMETRIC_REPRESENTATION_CONTEXT() REPRESENTATION_CONTEXT('2D SPACE',''
  ) );
#8447 = ORIENTED_EDGE('',*,*,#8448,.T.);
#8448 = EDGE_CURVE('',#8426,#8326,#8449,.T.);
#8449 = SURFACE_CURVE('',#8450,(#8455,#8462),.PCURVE_S1.);
#8450 = B_SPLINE_CURVE_WITH_KNOTS('',3,(#8451,#8452,#8453,#8454),
  .UNSPECIFIED.,.F.,.F.,(4,4),(0.,1.),.PIECEWISE_BEZIER_KNOTS.);
#8451 = CARTESIAN_POINT('',(6.,-9.174048613935,-11.92765110838));
#8452 = CARTESIAN_POINT('',(6.,-8.721062713325,-11.64268499619));
#8453 = CARTESIAN_POINT('',(6.,-8.506445951932,-11.41834317961));
#8454 = CARTESIAN_POINT('',(6.,-8.438547520367,-11.34003419739));
#8455 = PCURVE('',#2417,#8456);
#8456 = DEFINITIONAL_REPRESENTATION('',(#8457),#8461);
#8457 = LINE('',#8458,#8459);
#8458 = CARTESIAN_POINT('',(0.,-6.));
#8459 = VECTOR('',#8460,1.);
#8460 = DIRECTION('',(1.,0.));
#8461 = ( GEOMETRIC_REPRESENTATION_CONTEXT(2) 
PARAMETRIC_REPRESENTATION_CONTEXT() REPRESENTATION_CONTEXT('2D SPACE',''
  ) );
#8462 = PCURVE('',#3898,#8463);
#8463 = DEFINITIONAL_REPRESENTATION('',(#8464),#8469);
#8464 = B_SPLINE_CURVE_WITH_KNOTS('',3,(#8465,#8466,#8467,#8468),
  .UNSPECIFIED.,.F.,.F.,(4,4),(0.,1.),.PIECEWISE_BEZIER_KNOTS.);
#8465 = CARTESIAN_POINT('',(-11.92765110838,9.174048613935));
#8466 = CARTESIAN_POINT('',(-11.64268499619,8.721062713325));
#8467 = CARTESIAN_POINT('',(-11.41834317961,8.506445951932));
#8468 = CARTESIAN_POINT('',(-11.34003419739,8.438547520367));
#8469 = ( GEOMETRIC_REPRESENTATION_CONTEXT(2) 
PARAMETRIC_REPRESENTATION_CONTEXT() REPRESENTATION_CONTEXT('2D SPACE',''
  ) );
#8470 = ORIENTED_EDGE('',*,*,#8325,.F.);
#8471 = ORIENTED_EDGE('',*,*,#2399,.F.);
#8472 = ADVANCED_FACE('',(#8473),#1481,.F.);
#8473 = FACE_BOUND('',#8474,.F.);
#8474 = EDGE_LOOP('',(#8475,#8476,#8501,#8522));
#8475 = ORIENTED_EDGE('',*,*,#8400,.T.);
#8476 = ORIENTED_EDGE('',*,*,#8477,.T.);
#8477 = EDGE_CURVE('',#8376,#8478,#8480,.T.);
#8478 = VERTEX_POINT('',#8479);
#8479 = CARTESIAN_POINT('',(6.,-11.34003419739,8.438547520367));
#8480 = SURFACE_CURVE('',#8481,(#8486,#8493),.PCURVE_S1.);
#8481 = B_SPLINE_CURVE_WITH_KNOTS('',3,(#8482,#8483,#8484,#8485),
  .UNSPECIFIED.,.F.,.F.,(4,4),(0.,1.),.PIECEWISE_BEZIER_KNOTS.);
#8482 = CARTESIAN_POINT('',(6.,-11.92765110838,9.174048613935));
#8483 = CARTESIAN_POINT('',(6.,-11.64268499619,8.721062713325));
#8484 = CARTESIAN_POINT('',(6.,-11.41834317961,8.506445951932));
#8485 = CARTESIAN_POINT('',(6.,-11.34003419739,8.438547520367));
#8486 = PCURVE('',#1481,#8487);
#8487 = DEFINITIONAL_REPRESENTATION('',(#8488),#8492);
#8488 = LINE('',#8489,#8490);
#8489 = CARTESIAN_POINT('',(0.,-6.));
#8490 = VECTOR('',#8491,1.);
#8491 = DIRECTION('',(1.,0.));
#8492 = ( GEOMETRIC_REPRESENTATION_CONTEXT(2) 
PARAMETRIC_REPRESENTATION_CONTEXT() REPRESENTATION_CONTEXT('2D SPACE',''
  ) );
#8493 = PCURVE('',#3898,#8494);
#8494 = DEFINITIONAL_REPRESENTATION('',(#8495),#8500);
#8495 = B_SPLINE_CURVE_WITH_KNOTS('',3,(#8496,#8497,#8498,#8499),
  .UNSPECIFIED.,.F.,.F.,(4,4),(0.,1.),.PIECEWISE_BEZIER_KNOTS.);
#8496 = CARTESIAN_POINT('',(9.174048613935,11.927651108385));
#8497 = CARTESIAN_POINT('',(8.721062713325,11.642684996192));
#8498 = CARTESIAN_POINT('',(8.506445951932,11.418343179615));
#8499 = CARTESIAN_POINT('',(8.438547520367,11.340034197391));
#8500 = ( GEOMETRIC_REPRESENTATION_CONTEXT(2) 
PARAMETRIC_REPRESENTATION_CONTEXT() REPRESENTATION_CONTEXT('2D SPACE',''
  ) );
#8501 = ORIENTED_EDGE('',*,*,#8502,.F.);
#8502 = EDGE_CURVE('',#1464,#8478,#8503,.T.);
#8503 = SURFACE_CURVE('',#8504,(#8508,#8515),.PCURVE_S1.);
#8504 = LINE('',#8505,#8506);
#8505 = CARTESIAN_POINT('',(0.,-11.34003419739,8.438547520367));
#8506 = VECTOR('',#8507,1.);
#8507 = DIRECTION('',(1.,0.,0.));
#8508 = PCURVE('',#1481,#8509);
#8509 = DEFINITIONAL_REPRESENTATION('',(#8510),#8514);
#8510 = LINE('',#8511,#8512);
#8511 = CARTESIAN_POINT('',(1.,0.));
#8512 = VECTOR('',#8513,1.);
#8513 = DIRECTION('',(0.,-1.));
#8514 = ( GEOMETRIC_REPRESENTATION_CONTEXT(2) 
PARAMETRIC_REPRESENTATION_CONTEXT() REPRESENTATION_CONTEXT('2D SPACE',''
  ) );
#8515 = PCURVE('',#1512,#8516);
#8516 = DEFINITIONAL_REPRESENTATION('',(#8517),#8521);
#8517 = LINE('',#8518,#8519);
#8518 = CARTESIAN_POINT('',(0.,0.));
#8519 = VECTOR('',#8520,1.);
#8520 = DIRECTION('',(0.,-1.));
#8521 = ( GEOMETRIC_REPRESENTATION_CONTEXT(2) 
PARAMETRIC_REPRESENTATION_CONTEXT() REPRESENTATION_CONTEXT('2D SPACE',''
  ) );
#8522 = ORIENTED_EDGE('',*,*,#1463,.F.);
#8523 = ADVANCED_FACE('',(#8524),#2384,.F.);
#8524 = FACE_BOUND('',#8525,.F.);
#8525 = EDGE_LOOP('',(#8526,#8549,#8572,#8573));
#8526 = ORIENTED_EDGE('',*,*,#8527,.T.);
#8527 = EDGE_CURVE('',#2338,#8528,#8530,.T.);
#8528 = VERTEX_POINT('',#8529);
#8529 = CARTESIAN_POINT('',(6.,-11.81357913797,-12.91082289983));
#8530 = SURFACE_CURVE('',#8531,(#8535,#8542),.PCURVE_S1.);
#8531 = LINE('',#8532,#8533);
#8532 = CARTESIAN_POINT('',(0.,-11.81357913797,-12.91082289983));
#8533 = VECTOR('',#8534,1.);
#8534 = DIRECTION('',(1.,0.,0.));
#8535 = PCURVE('',#2384,#8536);
#8536 = DEFINITIONAL_REPRESENTATION('',(#8537),#8541);
#8537 = LINE('',#8538,#8539);
#8538 = CARTESIAN_POINT('',(0.,0.));
#8539 = VECTOR('',#8540,1.);
#8540 = DIRECTION('',(0.,-1.));
#8541 = ( GEOMETRIC_REPRESENTATION_CONTEXT(2) 
PARAMETRIC_REPRESENTATION_CONTEXT() REPRESENTATION_CONTEXT('2D SPACE',''
  ) );
#8542 = PCURVE('',#2354,#8543);
#8543 = DEFINITIONAL_REPRESENTATION('',(#8544),#8548);
#8544 = LINE('',#8545,#8546);
#8545 = CARTESIAN_POINT('',(-8.861549654827E-02,0.));
#8546 = VECTOR('',#8547,1.);
#8547 = DIRECTION('',(-0.,-1.));
#8548 = ( GEOMETRIC_REPRESENTATION_CONTEXT(2) 
PARAMETRIC_REPRESENTATION_CONTEXT() REPRESENTATION_CONTEXT('2D SPACE',''
  ) );
#8549 = ORIENTED_EDGE('',*,*,#8550,.T.);
#8550 = EDGE_CURVE('',#8528,#8426,#8551,.T.);
#8551 = SURFACE_CURVE('',#8552,(#8557,#8564),.PCURVE_S1.);
#8552 = B_SPLINE_CURVE_WITH_KNOTS('',3,(#8553,#8554,#8555,#8556),
  .UNSPECIFIED.,.F.,.F.,(4,4),(0.,1.),.PIECEWISE_BEZIER_KNOTS.);
#8553 = CARTESIAN_POINT('',(6.,-11.81357913797,-12.91082289983));
#8554 = CARTESIAN_POINT('',(6.,-10.56900102169,-12.66189654651));
#8555 = CARTESIAN_POINT('',(6.,-9.71583046277,-12.26427780193));
#8556 = CARTESIAN_POINT('',(6.,-9.174048613935,-11.92765110838));
#8557 = PCURVE('',#2384,#8558);
#8558 = DEFINITIONAL_REPRESENTATION('',(#8559),#8563);
#8559 = LINE('',#8560,#8561);
#8560 = CARTESIAN_POINT('',(0.,-6.));
#8561 = VECTOR('',#8562,1.);
#8562 = DIRECTION('',(1.,0.));
#8563 = ( GEOMETRIC_REPRESENTATION_CONTEXT(2) 
PARAMETRIC_REPRESENTATION_CONTEXT() REPRESENTATION_CONTEXT('2D SPACE',''
  ) );
#8564 = PCURVE('',#3898,#8565);
#8565 = DEFINITIONAL_REPRESENTATION('',(#8566),#8571);
#8566 = B_SPLINE_CURVE_WITH_KNOTS('',3,(#8567,#8568,#8569,#8570),
  .UNSPECIFIED.,.F.,.F.,(4,4),(0.,1.),.PIECEWISE_BEZIER_KNOTS.);
#8567 = CARTESIAN_POINT('',(-12.91082289983,11.813579137975));
#8568 = CARTESIAN_POINT('',(-12.66189654651,10.569001021696));
#8569 = CARTESIAN_POINT('',(-12.26427780193,9.71583046277));
#8570 = CARTESIAN_POINT('',(-11.92765110838,9.174048613935));
#8571 = ( GEOMETRIC_REPRESENTATION_CONTEXT(2) 
PARAMETRIC_REPRESENTATION_CONTEXT() REPRESENTATION_CONTEXT('2D SPACE',''
  ) );
#8572 = ORIENTED_EDGE('',*,*,#8425,.F.);
#8573 = ORIENTED_EDGE('',*,*,#2366,.F.);
#8574 = ADVANCED_FACE('',(#8575),#1512,.F.);
#8575 = FACE_BOUND('',#8576,.F.);
#8576 = EDGE_LOOP('',(#8577,#8578,#8601,#8622));
#8577 = ORIENTED_EDGE('',*,*,#8502,.T.);
#8578 = ORIENTED_EDGE('',*,*,#8579,.T.);
#8579 = EDGE_CURVE('',#8478,#8580,#8582,.T.);
#8580 = VERTEX_POINT('',#8581);
#8581 = CARTESIAN_POINT('',(6.,-10.28998615827,7.654855312976));
#8582 = SURFACE_CURVE('',#8583,(#8587,#8594),.PCURVE_S1.);
#8583 = LINE('',#8584,#8585);
#8584 = CARTESIAN_POINT('',(6.,-11.34003419739,8.438547520367));
#8585 = VECTOR('',#8586,1.);
#8586 = DIRECTION('',(0.,0.801405943464,-0.598120818715));
#8587 = PCURVE('',#1512,#8588);
#8588 = DEFINITIONAL_REPRESENTATION('',(#8589),#8593);
#8589 = LINE('',#8590,#8591);
#8590 = CARTESIAN_POINT('',(0.,-6.));
#8591 = VECTOR('',#8592,1.);
#8592 = DIRECTION('',(1.,0.));
#8593 = ( GEOMETRIC_REPRESENTATION_CONTEXT(2) 
PARAMETRIC_REPRESENTATION_CONTEXT() REPRESENTATION_CONTEXT('2D SPACE',''
  ) );
#8594 = PCURVE('',#3898,#8595);
#8595 = DEFINITIONAL_REPRESENTATION('',(#8596),#8600);
#8596 = LINE('',#8597,#8598);
#8597 = CARTESIAN_POINT('',(8.438547520367,11.340034197391));
#8598 = VECTOR('',#8599,1.);
#8599 = DIRECTION('',(-0.598120818715,-0.801405943464));
#8600 = ( GEOMETRIC_REPRESENTATION_CONTEXT(2) 
PARAMETRIC_REPRESENTATION_CONTEXT() REPRESENTATION_CONTEXT('2D SPACE',''
  ) );
#8601 = ORIENTED_EDGE('',*,*,#8602,.F.);
#8602 = EDGE_CURVE('',#1497,#8580,#8603,.T.);
#8603 = SURFACE_CURVE('',#8604,(#8608,#8615),.PCURVE_S1.);
#8604 = LINE('',#8605,#8606);
#8605 = CARTESIAN_POINT('',(0.,-10.28998615827,7.654855312976));
#8606 = VECTOR('',#8607,1.);
#8607 = DIRECTION('',(1.,0.,0.));
#8608 = PCURVE('',#1512,#8609);
#8609 = DEFINITIONAL_REPRESENTATION('',(#8610),#8614);
#8610 = LINE('',#8611,#8612);
#8611 = CARTESIAN_POINT('',(1.310257364179,0.));
#8612 = VECTOR('',#8613,1.);
#8613 = DIRECTION('',(0.,-1.));
#8614 = ( GEOMETRIC_REPRESENTATION_CONTEXT(2) 
PARAMETRIC_REPRESENTATION_CONTEXT() REPRESENTATION_CONTEXT('2D SPACE',''
  ) );
#8615 = PCURVE('',#1545,#8616);
#8616 = DEFINITIONAL_REPRESENTATION('',(#8617),#8621);
#8617 = LINE('',#8618,#8619);
#8618 = CARTESIAN_POINT('',(0.,0.));
#8619 = VECTOR('',#8620,1.);
#8620 = DIRECTION('',(0.,-1.));
#8621 = ( GEOMETRIC_REPRESENTATION_CONTEXT(2) 
PARAMETRIC_REPRESENTATION_CONTEXT() REPRESENTATION_CONTEXT('2D SPACE',''
  ) );
#8622 = ORIENTED_EDGE('',*,*,#1496,.F.);
#8623 = ADVANCED_FACE('',(#8624),#2354,.T.);
#8624 = FACE_BOUND('',#8625,.F.);
#8625 = EDGE_LOOP('',(#8626,#8649,#8671,#8672));
#8626 = ORIENTED_EDGE('',*,*,#8627,.T.);
#8627 = EDGE_CURVE('',#2305,#8628,#8630,.T.);
#8628 = VERTEX_POINT('',#8629);
#8629 = CARTESIAN_POINT('',(6.,-12.91224727315,-11.81709245724));
#8630 = SURFACE_CURVE('',#8631,(#8635,#8642),.PCURVE_S1.);
#8631 = LINE('',#8632,#8633);
#8632 = CARTESIAN_POINT('',(0.,-12.91224727315,-11.81709245724));
#8633 = VECTOR('',#8634,1.);
#8634 = DIRECTION('',(1.,0.,0.));
#8635 = PCURVE('',#2354,#8636);
#8636 = DEFINITIONAL_REPRESENTATION('',(#8637),#8641);
#8637 = LINE('',#8638,#8639);
#8638 = CARTESIAN_POINT('',(-0.,0.));
#8639 = VECTOR('',#8640,1.);
#8640 = DIRECTION('',(-0.,-1.));
#8641 = ( GEOMETRIC_REPRESENTATION_CONTEXT(2) 
PARAMETRIC_REPRESENTATION_CONTEXT() REPRESENTATION_CONTEXT('2D SPACE',''
  ) );
#8642 = PCURVE('',#2322,#8643);
#8643 = DEFINITIONAL_REPRESENTATION('',(#8644),#8648);
#8644 = LINE('',#8645,#8646);
#8645 = CARTESIAN_POINT('',(1.,0.));
#8646 = VECTOR('',#8647,1.);
#8647 = DIRECTION('',(0.,-1.));
#8648 = ( GEOMETRIC_REPRESENTATION_CONTEXT(2) 
PARAMETRIC_REPRESENTATION_CONTEXT() REPRESENTATION_CONTEXT('2D SPACE',''
  ) );
#8649 = ORIENTED_EDGE('',*,*,#8650,.T.);
#8650 = EDGE_CURVE('',#8628,#8528,#8651,.T.);
#8651 = SURFACE_CURVE('',#8652,(#8657,#8664),.PCURVE_S1.);
#8652 = CIRCLE('',#8653,17.500000000003);
#8653 = AXIS2_PLACEMENT_3D('',#8654,#8655,#8656);
#8654 = CARTESIAN_POINT('',(6.,-2.856241123702E-02,2.607706695484E-02));
#8655 = DIRECTION('',(1.,0.,0.));
#8656 = DIRECTION('',(0.,-0.736210563538,-0.67675254424));
#8657 = PCURVE('',#2354,#8658);
#8658 = DEFINITIONAL_REPRESENTATION('',(#8659),#8663);
#8659 = LINE('',#8660,#8661);
#8660 = CARTESIAN_POINT('',(-0.,-6.));
#8661 = VECTOR('',#8662,1.);
#8662 = DIRECTION('',(-1.,0.));
#8663 = ( GEOMETRIC_REPRESENTATION_CONTEXT(2) 
PARAMETRIC_REPRESENTATION_CONTEXT() REPRESENTATION_CONTEXT('2D SPACE',''
  ) );
#8664 = PCURVE('',#3898,#8665);
#8665 = DEFINITIONAL_REPRESENTATION('',(#8666),#8670);
#8666 = CIRCLE('',#8667,17.500000000003);
#8667 = AXIS2_PLACEMENT_2D('',#8668,#8669);
#8668 = CARTESIAN_POINT('',(2.607706695484E-02,2.856241123702E-02));
#8669 = DIRECTION('',(-0.67675254424,0.736210563538));
#8670 = ( GEOMETRIC_REPRESENTATION_CONTEXT(2) 
PARAMETRIC_REPRESENTATION_CONTEXT() REPRESENTATION_CONTEXT('2D SPACE',''
  ) );
#8671 = ORIENTED_EDGE('',*,*,#8527,.F.);
#8672 = ORIENTED_EDGE('',*,*,#2337,.F.);
#8673 = ADVANCED_FACE('',(#8674),#1545,.F.);
#8674 = FACE_BOUND('',#8675,.F.);
#8675 = EDGE_LOOP('',(#8676,#8677,#8705,#8726));
#8676 = ORIENTED_EDGE('',*,*,#8602,.T.);
#8677 = ORIENTED_EDGE('',*,*,#8678,.T.);
#8678 = EDGE_CURVE('',#8580,#8679,#8681,.T.);
#8679 = VERTEX_POINT('',#8680);
#8680 = CARTESIAN_POINT('',(6.,-10.0253226424,6.364631247428));
#8681 = SURFACE_CURVE('',#8682,(#8687,#8694),.PCURVE_S1.);
#8682 = CIRCLE('',#8683,0.95);
#8683 = AXIS2_PLACEMENT_3D('',#8684,#8685,#8686);
#8684 = CARTESIAN_POINT('',(6.,-10.82839149605,6.872155056019));
#8685 = DIRECTION('',(-1.,0.,0.));
#8686 = DIRECTION('',(0.,0.56674246083,0.823895007324));
#8687 = PCURVE('',#1545,#8688);
#8688 = DEFINITIONAL_REPRESENTATION('',(#8689),#8693);
#8689 = LINE('',#8690,#8691);
#8690 = CARTESIAN_POINT('',(0.,-6.));
#8691 = VECTOR('',#8692,1.);
#8692 = DIRECTION('',(1.,0.));
#8693 = ( GEOMETRIC_REPRESENTATION_CONTEXT(2) 
PARAMETRIC_REPRESENTATION_CONTEXT() REPRESENTATION_CONTEXT('2D SPACE',''
  ) );
#8694 = PCURVE('',#3898,#8695);
#8695 = DEFINITIONAL_REPRESENTATION('',(#8696),#8704);
#8696 = ( BOUNDED_CURVE() B_SPLINE_CURVE(2,(#8697,#8698,#8699,#8700,
#8701,#8702,#8703),.UNSPECIFIED.,.T.,.F.) B_SPLINE_CURVE_WITH_KNOTS((1,2
    ,2,2,2,1),(-2.094395102393,0.,2.094395102393,4.188790204786,
6.28318530718,8.377580409573),.UNSPECIFIED.) CURVE() 
GEOMETRIC_REPRESENTATION_ITEM() RATIONAL_B_SPLINE_CURVE((1.,0.5,1.,0.5,
1.,0.5,1.)) REPRESENTATION_ITEM('') );
#8697 = CARTESIAN_POINT('',(7.654855312976,10.289986158271));
#8698 = CARTESIAN_POINT('',(6.72230991286,8.934309546123));
#8699 = CARTESIAN_POINT('',(6.014532227482,10.41975585888));
#8700 = CARTESIAN_POINT('',(5.306754542104,11.905202171636));
#8701 = CARTESIAN_POINT('',(6.947077627598,11.775432471027));
#8702 = CARTESIAN_POINT('',(8.587400713092,11.645662770418));
#8703 = CARTESIAN_POINT('',(7.654855312976,10.289986158271));
#8704 = ( GEOMETRIC_REPRESENTATION_CONTEXT(2) 
PARAMETRIC_REPRESENTATION_CONTEXT() REPRESENTATION_CONTEXT('2D SPACE',''
  ) );
#8705 = ORIENTED_EDGE('',*,*,#8706,.F.);
#8706 = EDGE_CURVE('',#1525,#8679,#8707,.T.);
#8707 = SURFACE_CURVE('',#8708,(#8712,#8719),.PCURVE_S1.);
#8708 = LINE('',#8709,#8710);
#8709 = CARTESIAN_POINT('',(0.,-10.0253226424,6.364631247428));
#8710 = VECTOR('',#8711,1.);
#8711 = DIRECTION('',(1.,0.,0.));
#8712 = PCURVE('',#1545,#8713);
#8713 = DEFINITIONAL_REPRESENTATION('',(#8714),#8718);
#8714 = LINE('',#8715,#8716);
#8715 = CARTESIAN_POINT('',(1.531852919448,0.));
#8716 = VECTOR('',#8717,1.);
#8717 = DIRECTION('',(0.,-1.));
#8718 = ( GEOMETRIC_REPRESENTATION_CONTEXT(2) 
PARAMETRIC_REPRESENTATION_CONTEXT() REPRESENTATION_CONTEXT('2D SPACE',''
  ) );
#8719 = PCURVE('',#1574,#8720);
#8720 = DEFINITIONAL_REPRESENTATION('',(#8721),#8725);
#8721 = LINE('',#8722,#8723);
#8722 = CARTESIAN_POINT('',(-0.,0.));
#8723 = VECTOR('',#8724,1.);
#8724 = DIRECTION('',(-0.,-1.));
#8725 = ( GEOMETRIC_REPRESENTATION_CONTEXT(2) 
PARAMETRIC_REPRESENTATION_CONTEXT() REPRESENTATION_CONTEXT('2D SPACE',''
  ) );
#8726 = ORIENTED_EDGE('',*,*,#1524,.F.);
#8727 = ADVANCED_FACE('',(#8728),#2322,.F.);
#8728 = FACE_BOUND('',#8729,.F.);
#8729 = EDGE_LOOP('',(#8730,#8753,#8776,#8777));
#8730 = ORIENTED_EDGE('',*,*,#8731,.T.);
#8731 = EDGE_CURVE('',#2272,#8732,#8734,.T.);
#8732 = VERTEX_POINT('',#8733);
#8733 = CARTESIAN_POINT('',(6.,-11.92765110838,-9.174048613935));
#8734 = SURFACE_CURVE('',#8735,(#8739,#8746),.PCURVE_S1.);
#8735 = LINE('',#8736,#8737);
#8736 = CARTESIAN_POINT('',(0.,-11.92765110838,-9.174048613935));
#8737 = VECTOR('',#8738,1.);
#8738 = DIRECTION('',(1.,0.,0.));
#8739 = PCURVE('',#2322,#8740);
#8740 = DEFINITIONAL_REPRESENTATION('',(#8741),#8745);
#8741 = LINE('',#8742,#8743);
#8742 = CARTESIAN_POINT('',(0.,0.));
#8743 = VECTOR('',#8744,1.);
#8744 = DIRECTION('',(0.,-1.));
#8745 = ( GEOMETRIC_REPRESENTATION_CONTEXT(2) 
PARAMETRIC_REPRESENTATION_CONTEXT() REPRESENTATION_CONTEXT('2D SPACE',''
  ) );
#8746 = PCURVE('',#2289,#8747);
#8747 = DEFINITIONAL_REPRESENTATION('',(#8748),#8752);
#8748 = LINE('',#8749,#8750);
#8749 = CARTESIAN_POINT('',(1.,0.));
#8750 = VECTOR('',#8751,1.);
#8751 = DIRECTION('',(0.,-1.));
#8752 = ( GEOMETRIC_REPRESENTATION_CONTEXT(2) 
PARAMETRIC_REPRESENTATION_CONTEXT() REPRESENTATION_CONTEXT('2D SPACE',''
  ) );
#8753 = ORIENTED_EDGE('',*,*,#8754,.T.);
#8754 = EDGE_CURVE('',#8732,#8628,#8755,.T.);
#8755 = SURFACE_CURVE('',#8756,(#8761,#8768),.PCURVE_S1.);
#8756 = B_SPLINE_CURVE_WITH_KNOTS('',3,(#8757,#8758,#8759,#8760),
  .UNSPECIFIED.,.F.,.F.,(4,4),(0.,1.),.PIECEWISE_BEZIER_KNOTS.);
#8757 = CARTESIAN_POINT('',(6.,-11.92765110838,-9.174048613935));
#8758 = CARTESIAN_POINT('',(6.,-12.26427780193,-9.71583046277));
#8759 = CARTESIAN_POINT('',(6.,-12.66189654651,-10.56900102169));
#8760 = CARTESIAN_POINT('',(6.,-12.91224727315,-11.81709245724));
#8761 = PCURVE('',#2322,#8762);
#8762 = DEFINITIONAL_REPRESENTATION('',(#8763),#8767);
#8763 = LINE('',#8764,#8765);
#8764 = CARTESIAN_POINT('',(0.,-6.));
#8765 = VECTOR('',#8766,1.);
#8766 = DIRECTION('',(1.,0.));
#8767 = ( GEOMETRIC_REPRESENTATION_CONTEXT(2) 
PARAMETRIC_REPRESENTATION_CONTEXT() REPRESENTATION_CONTEXT('2D SPACE',''
  ) );
#8768 = PCURVE('',#3898,#8769);
#8769 = DEFINITIONAL_REPRESENTATION('',(#8770),#8775);
#8770 = B_SPLINE_CURVE_WITH_KNOTS('',3,(#8771,#8772,#8773,#8774),
  .UNSPECIFIED.,.F.,.F.,(4,4),(0.,1.),.PIECEWISE_BEZIER_KNOTS.);
#8771 = CARTESIAN_POINT('',(-9.174048613935,11.927651108385));
#8772 = CARTESIAN_POINT('',(-9.71583046277,12.26427780193));
#8773 = CARTESIAN_POINT('',(-10.56900102169,12.661896546512));
#8774 = CARTESIAN_POINT('',(-11.81709245724,12.912247273154));
#8775 = ( GEOMETRIC_REPRESENTATION_CONTEXT(2) 
PARAMETRIC_REPRESENTATION_CONTEXT() REPRESENTATION_CONTEXT('2D SPACE',''
  ) );
#8776 = ORIENTED_EDGE('',*,*,#8627,.F.);
#8777 = ORIENTED_EDGE('',*,*,#2304,.F.);
#8778 = ADVANCED_FACE('',(#8779),#1574,.T.);
#8779 = FACE_BOUND('',#8780,.F.);
#8780 = EDGE_LOOP('',(#8781,#8782,#8806,#8827));
#8781 = ORIENTED_EDGE('',*,*,#8706,.T.);
#8782 = ORIENTED_EDGE('',*,*,#8783,.T.);
#8783 = EDGE_CURVE('',#8679,#8784,#8786,.T.);
#8784 = VERTEX_POINT('',#8785);
#8785 = CARTESIAN_POINT('',(6.,-10.52459366719,5.499868465742));
#8786 = SURFACE_CURVE('',#8787,(#8792,#8799),.PCURVE_S1.);
#8787 = CIRCLE('',#8788,11.875);
#8788 = AXIS2_PLACEMENT_3D('',#8789,#8790,#8791);
#8789 = CARTESIAN_POINT('',(6.,2.838565023098E-13,-2.117476575938E-13));
#8790 = DIRECTION('',(1.,0.,0.));
#8791 = DIRECTION('',(0.,-0.844237696202,0.535968947152));
#8792 = PCURVE('',#1574,#8793);
#8793 = DEFINITIONAL_REPRESENTATION('',(#8794),#8798);
#8794 = LINE('',#8795,#8796);
#8795 = CARTESIAN_POINT('',(-0.,-6.));
#8796 = VECTOR('',#8797,1.);
#8797 = DIRECTION('',(-1.,0.));
#8798 = ( GEOMETRIC_REPRESENTATION_CONTEXT(2) 
PARAMETRIC_REPRESENTATION_CONTEXT() REPRESENTATION_CONTEXT('2D SPACE',''
  ) );
#8799 = PCURVE('',#3898,#8800);
#8800 = DEFINITIONAL_REPRESENTATION('',(#8801),#8805);
#8801 = CIRCLE('',#8802,11.875);
#8802 = AXIS2_PLACEMENT_2D('',#8803,#8804);
#8803 = CARTESIAN_POINT('',(-2.105476575938E-13,-2.867065023098E-13));
#8804 = DIRECTION('',(0.535968947152,0.844237696202));
#8805 = ( GEOMETRIC_REPRESENTATION_CONTEXT(2) 
PARAMETRIC_REPRESENTATION_CONTEXT() REPRESENTATION_CONTEXT('2D SPACE',''
  ) );
#8806 = ORIENTED_EDGE('',*,*,#8807,.F.);
#8807 = EDGE_CURVE('',#1558,#8784,#8808,.T.);
#8808 = SURFACE_CURVE('',#8809,(#8813,#8820),.PCURVE_S1.);
#8809 = LINE('',#8810,#8811);
#8810 = CARTESIAN_POINT('',(0.,-10.52459366719,5.499868465742));
#8811 = VECTOR('',#8812,1.);
#8812 = DIRECTION('',(1.,0.,0.));
#8813 = PCURVE('',#1574,#8814);
#8814 = DEFINITIONAL_REPRESENTATION('',(#8815),#8819);
#8815 = LINE('',#8816,#8817);
#8816 = CARTESIAN_POINT('',(-8.411254474859E-02,0.));
#8817 = VECTOR('',#8818,1.);
#8818 = DIRECTION('',(-0.,-1.));
#8819 = ( GEOMETRIC_REPRESENTATION_CONTEXT(2) 
PARAMETRIC_REPRESENTATION_CONTEXT() REPRESENTATION_CONTEXT('2D SPACE',''
  ) );
#8820 = PCURVE('',#1607,#8821);
#8821 = DEFINITIONAL_REPRESENTATION('',(#8822),#8826);
#8822 = LINE('',#8823,#8824);
#8823 = CARTESIAN_POINT('',(0.,0.));
#8824 = VECTOR('',#8825,1.);
#8825 = DIRECTION('',(0.,-1.));
#8826 = ( GEOMETRIC_REPRESENTATION_CONTEXT(2) 
PARAMETRIC_REPRESENTATION_CONTEXT() REPRESENTATION_CONTEXT('2D SPACE',''
  ) );
#8827 = ORIENTED_EDGE('',*,*,#1557,.F.);
#8828 = ADVANCED_FACE('',(#8829),#2289,.F.);
#8829 = FACE_BOUND('',#8830,.F.);
#8830 = EDGE_LOOP('',(#8831,#8854,#8877,#8878));
#8831 = ORIENTED_EDGE('',*,*,#8832,.T.);
#8832 = EDGE_CURVE('',#2244,#8833,#8835,.T.);
#8833 = VERTEX_POINT('',#8834);
#8834 = CARTESIAN_POINT('',(6.,-11.34003419739,-8.438547520367));
#8835 = SURFACE_CURVE('',#8836,(#8840,#8847),.PCURVE_S1.);
#8836 = LINE('',#8837,#8838);
#8837 = CARTESIAN_POINT('',(0.,-11.34003419739,-8.438547520367));
#8838 = VECTOR('',#8839,1.);
#8839 = DIRECTION('',(1.,0.,0.));
#8840 = PCURVE('',#2289,#8841);
#8841 = DEFINITIONAL_REPRESENTATION('',(#8842),#8846);
#8842 = LINE('',#8843,#8844);
#8843 = CARTESIAN_POINT('',(0.,0.));
#8844 = VECTOR('',#8845,1.);
#8845 = DIRECTION('',(0.,-1.));
#8846 = ( GEOMETRIC_REPRESENTATION_CONTEXT(2) 
PARAMETRIC_REPRESENTATION_CONTEXT() REPRESENTATION_CONTEXT('2D SPACE',''
  ) );
#8847 = PCURVE('',#2259,#8848);
#8848 = DEFINITIONAL_REPRESENTATION('',(#8849),#8853);
#8849 = LINE('',#8850,#8851);
#8850 = CARTESIAN_POINT('',(1.310257364179,0.));
#8851 = VECTOR('',#8852,1.);
#8852 = DIRECTION('',(0.,-1.));
#8853 = ( GEOMETRIC_REPRESENTATION_CONTEXT(2) 
PARAMETRIC_REPRESENTATION_CONTEXT() REPRESENTATION_CONTEXT('2D SPACE',''
  ) );
#8854 = ORIENTED_EDGE('',*,*,#8855,.T.);
#8855 = EDGE_CURVE('',#8833,#8732,#8856,.T.);
#8856 = SURFACE_CURVE('',#8857,(#8862,#8869),.PCURVE_S1.);
#8857 = B_SPLINE_CURVE_WITH_KNOTS('',3,(#8858,#8859,#8860,#8861),
  .UNSPECIFIED.,.F.,.F.,(4,4),(0.,1.),.PIECEWISE_BEZIER_KNOTS.);
#8858 = CARTESIAN_POINT('',(6.,-11.34003419739,-8.438547520367));
#8859 = CARTESIAN_POINT('',(6.,-11.41834317961,-8.506445951932));
#8860 = CARTESIAN_POINT('',(6.,-11.64268499619,-8.721062713325));
#8861 = CARTESIAN_POINT('',(6.,-11.92765110838,-9.174048613935));
#8862 = PCURVE('',#2289,#8863);
#8863 = DEFINITIONAL_REPRESENTATION('',(#8864),#8868);
#8864 = LINE('',#8865,#8866);
#8865 = CARTESIAN_POINT('',(0.,-6.));
#8866 = VECTOR('',#8867,1.);
#8867 = DIRECTION('',(1.,0.));
#8868 = ( GEOMETRIC_REPRESENTATION_CONTEXT(2) 
PARAMETRIC_REPRESENTATION_CONTEXT() REPRESENTATION_CONTEXT('2D SPACE',''
  ) );
#8869 = PCURVE('',#3898,#8870);
#8870 = DEFINITIONAL_REPRESENTATION('',(#8871),#8876);
#8871 = B_SPLINE_CURVE_WITH_KNOTS('',3,(#8872,#8873,#8874,#8875),
  .UNSPECIFIED.,.F.,.F.,(4,4),(0.,1.),.PIECEWISE_BEZIER_KNOTS.);
#8872 = CARTESIAN_POINT('',(-8.438547520367,11.340034197391));
#8873 = CARTESIAN_POINT('',(-8.506445951932,11.418343179615));
#8874 = CARTESIAN_POINT('',(-8.721062713325,11.642684996192));
#8875 = CARTESIAN_POINT('',(-9.174048613935,11.927651108385));
#8876 = ( GEOMETRIC_REPRESENTATION_CONTEXT(2) 
PARAMETRIC_REPRESENTATION_CONTEXT() REPRESENTATION_CONTEXT('2D SPACE',''
  ) );
#8877 = ORIENTED_EDGE('',*,*,#8731,.F.);
#8878 = ORIENTED_EDGE('',*,*,#2271,.F.);
#8879 = ADVANCED_FACE('',(#8880),#1607,.F.);
#8880 = FACE_BOUND('',#8881,.F.);
#8881 = EDGE_LOOP('',(#8882,#8883,#8911,#8932));
#8882 = ORIENTED_EDGE('',*,*,#8807,.T.);
#8883 = ORIENTED_EDGE('',*,*,#8884,.T.);
#8884 = EDGE_CURVE('',#8784,#8885,#8887,.T.);
#8885 = VERTEX_POINT('',#8886);
#8886 = CARTESIAN_POINT('',(6.,-11.77429224246,5.083961761165));
#8887 = SURFACE_CURVE('',#8888,(#8893,#8900),.PCURVE_S1.);
#8888 = CIRCLE('',#8889,0.95);
#8889 = AXIS2_PLACEMENT_3D('',#8890,#8891,#8892);
#8890 = CARTESIAN_POINT('',(6.,-11.36565660528,5.941584589701));
#8891 = DIRECTION('',(-1.,0.,-0.));
#8892 = DIRECTION('',(0.,0.885329408519,-0.46496434101));
#8893 = PCURVE('',#1607,#8894);
#8894 = DEFINITIONAL_REPRESENTATION('',(#8895),#8899);
#8895 = LINE('',#8896,#8897);
#8896 = CARTESIAN_POINT('',(0.,-6.));
#8897 = VECTOR('',#8898,1.);
#8898 = DIRECTION('',(1.,0.));
#8899 = ( GEOMETRIC_REPRESENTATION_CONTEXT(2) 
PARAMETRIC_REPRESENTATION_CONTEXT() REPRESENTATION_CONTEXT('2D SPACE',''
  ) );
#8900 = PCURVE('',#3898,#8901);
#8901 = DEFINITIONAL_REPRESENTATION('',(#8902),#8910);
#8902 = ( BOUNDED_CURVE() B_SPLINE_CURVE(2,(#8903,#8904,#8905,#8906,
#8907,#8908,#8909),.UNSPECIFIED.,.T.,.F.) B_SPLINE_CURVE_WITH_KNOTS((1,2
    ,2,2,2,1),(-2.094395102393,0.,2.094395102393,4.188790204786,
6.28318530718,8.377580409573),.UNSPECIFIED.) CURVE() 
GEOMETRIC_REPRESENTATION_ITEM() RATIONAL_B_SPLINE_CURVE((1.,0.5,1.,0.5,
1.,0.5,1.)) REPRESENTATION_ITEM('') );
#8903 = CARTESIAN_POINT('',(5.499868465742,10.524593667194));
#8904 = CARTESIAN_POINT('',(4.043104724601,11.289668436413));
#8905 = CARTESIAN_POINT('',(5.43406078111,12.168725458944));
#8906 = CARTESIAN_POINT('',(6.82501683762,13.047782481474));
#8907 = CARTESIAN_POINT('',(6.890824522251,11.403650689724));
#8908 = CARTESIAN_POINT('',(6.956632206883,9.759518897974));
#8909 = CARTESIAN_POINT('',(5.499868465742,10.524593667194));
#8910 = ( GEOMETRIC_REPRESENTATION_CONTEXT(2) 
PARAMETRIC_REPRESENTATION_CONTEXT() REPRESENTATION_CONTEXT('2D SPACE',''
  ) );
#8911 = ORIENTED_EDGE('',*,*,#8912,.F.);
#8912 = EDGE_CURVE('',#1587,#8885,#8913,.T.);
#8913 = SURFACE_CURVE('',#8914,(#8918,#8925),.PCURVE_S1.);
#8914 = LINE('',#8915,#8916);
#8915 = CARTESIAN_POINT('',(0.,-11.77429224246,5.083961761165));
#8916 = VECTOR('',#8917,1.);
#8917 = DIRECTION('',(1.,0.,0.));
#8918 = PCURVE('',#1607,#8919);
#8919 = DEFINITIONAL_REPRESENTATION('',(#8920),#8924);
#8920 = LINE('',#8921,#8922);
#8921 = CARTESIAN_POINT('',(1.531852919448,0.));
#8922 = VECTOR('',#8923,1.);
#8923 = DIRECTION('',(0.,-1.));
#8924 = ( GEOMETRIC_REPRESENTATION_CONTEXT(2) 
PARAMETRIC_REPRESENTATION_CONTEXT() REPRESENTATION_CONTEXT('2D SPACE',''
  ) );
#8925 = PCURVE('',#1635,#8926);
#8926 = DEFINITIONAL_REPRESENTATION('',(#8927),#8931);
#8927 = LINE('',#8928,#8929);
#8928 = CARTESIAN_POINT('',(0.,0.));
#8929 = VECTOR('',#8930,1.);
#8930 = DIRECTION('',(0.,-1.));
#8931 = ( GEOMETRIC_REPRESENTATION_CONTEXT(2) 
PARAMETRIC_REPRESENTATION_CONTEXT() REPRESENTATION_CONTEXT('2D SPACE',''
  ) );
#8932 = ORIENTED_EDGE('',*,*,#1586,.F.);
#8933 = ADVANCED_FACE('',(#8934),#2259,.F.);
#8934 = FACE_BOUND('',#8935,.F.);
#8935 = EDGE_LOOP('',(#8936,#8959,#8980,#8981));
#8936 = ORIENTED_EDGE('',*,*,#8937,.T.);
#8937 = EDGE_CURVE('',#2211,#8938,#8940,.T.);
#8938 = VERTEX_POINT('',#8939);
#8939 = CARTESIAN_POINT('',(6.,-10.28998615827,-7.654855312976));
#8940 = SURFACE_CURVE('',#8941,(#8945,#8952),.PCURVE_S1.);
#8941 = LINE('',#8942,#8943);
#8942 = CARTESIAN_POINT('',(0.,-10.28998615827,-7.654855312976));
#8943 = VECTOR('',#8944,1.);
#8944 = DIRECTION('',(1.,0.,0.));
#8945 = PCURVE('',#2259,#8946);
#8946 = DEFINITIONAL_REPRESENTATION('',(#8947),#8951);
#8947 = LINE('',#8948,#8949);
#8948 = CARTESIAN_POINT('',(0.,0.));
#8949 = VECTOR('',#8950,1.);
#8950 = DIRECTION('',(0.,-1.));
#8951 = ( GEOMETRIC_REPRESENTATION_CONTEXT(2) 
PARAMETRIC_REPRESENTATION_CONTEXT() REPRESENTATION_CONTEXT('2D SPACE',''
  ) );
#8952 = PCURVE('',#2231,#8953);
#8953 = DEFINITIONAL_REPRESENTATION('',(#8954),#8958);
#8954 = LINE('',#8955,#8956);
#8955 = CARTESIAN_POINT('',(1.531852919448,0.));
#8956 = VECTOR('',#8957,1.);
#8957 = DIRECTION('',(0.,-1.));
#8958 = ( GEOMETRIC_REPRESENTATION_CONTEXT(2) 
PARAMETRIC_REPRESENTATION_CONTEXT() REPRESENTATION_CONTEXT('2D SPACE',''
  ) );
#8959 = ORIENTED_EDGE('',*,*,#8960,.T.);
#8960 = EDGE_CURVE('',#8938,#8833,#8961,.T.);
#8961 = SURFACE_CURVE('',#8962,(#8966,#8973),.PCURVE_S1.);
#8962 = LINE('',#8963,#8964);
#8963 = CARTESIAN_POINT('',(6.,-10.28998615827,-7.654855312976));
#8964 = VECTOR('',#8965,1.);
#8965 = DIRECTION('',(0.,-0.801405943464,-0.598120818715));
#8966 = PCURVE('',#2259,#8967);
#8967 = DEFINITIONAL_REPRESENTATION('',(#8968),#8972);
#8968 = LINE('',#8969,#8970);
#8969 = CARTESIAN_POINT('',(-1.954820932364E-15,-6.));
#8970 = VECTOR('',#8971,1.);
#8971 = DIRECTION('',(1.,0.));
#8972 = ( GEOMETRIC_REPRESENTATION_CONTEXT(2) 
PARAMETRIC_REPRESENTATION_CONTEXT() REPRESENTATION_CONTEXT('2D SPACE',''
  ) );
#8973 = PCURVE('',#3898,#8974);
#8974 = DEFINITIONAL_REPRESENTATION('',(#8975),#8979);
#8975 = LINE('',#8976,#8977);
#8976 = CARTESIAN_POINT('',(-7.654855312976,10.289986158271));
#8977 = VECTOR('',#8978,1.);
#8978 = DIRECTION('',(-0.598120818715,0.801405943464));
#8979 = ( GEOMETRIC_REPRESENTATION_CONTEXT(2) 
PARAMETRIC_REPRESENTATION_CONTEXT() REPRESENTATION_CONTEXT('2D SPACE',''
  ) );
#8980 = ORIENTED_EDGE('',*,*,#8832,.F.);
#8981 = ORIENTED_EDGE('',*,*,#2243,.F.);
#8982 = ADVANCED_FACE('',(#8983),#1635,.F.);
#8983 = FACE_BOUND('',#8984,.F.);
#8984 = EDGE_LOOP('',(#8985,#8986,#9009,#9030));
#8985 = ORIENTED_EDGE('',*,*,#8912,.T.);
#8986 = ORIENTED_EDGE('',*,*,#8987,.T.);
#8987 = EDGE_CURVE('',#8885,#8988,#8990,.T.);
#8988 = VERTEX_POINT('',#8989);
#8989 = CARTESIAN_POINT('',(6.,-12.97801362237,5.601483934542));
#8990 = SURFACE_CURVE('',#8991,(#8995,#9002),.PCURVE_S1.);
#8991 = LINE('',#8992,#8993);
#8992 = CARTESIAN_POINT('',(6.,-11.77429224246,5.083961761165));
#8993 = VECTOR('',#8994,1.);
#8994 = DIRECTION('',(0.,-0.918690795272,0.394977496426));
#8995 = PCURVE('',#1635,#8996);
#8996 = DEFINITIONAL_REPRESENTATION('',(#8997),#9001);
#8997 = LINE('',#8998,#8999);
#8998 = CARTESIAN_POINT('',(-1.631922677475E-15,-6.));
#8999 = VECTOR('',#9000,1.);
#9000 = DIRECTION('',(1.,0.));
#9001 = ( GEOMETRIC_REPRESENTATION_CONTEXT(2) 
PARAMETRIC_REPRESENTATION_CONTEXT() REPRESENTATION_CONTEXT('2D SPACE',''
  ) );
#9002 = PCURVE('',#3898,#9003);
#9003 = DEFINITIONAL_REPRESENTATION('',(#9004),#9008);
#9004 = LINE('',#9005,#9006);
#9005 = CARTESIAN_POINT('',(5.083961761165,11.774292242467));
#9006 = VECTOR('',#9007,1.);
#9007 = DIRECTION('',(0.394977496426,0.918690795272));
#9008 = ( GEOMETRIC_REPRESENTATION_CONTEXT(2) 
PARAMETRIC_REPRESENTATION_CONTEXT() REPRESENTATION_CONTEXT('2D SPACE',''
  ) );
#9009 = ORIENTED_EDGE('',*,*,#9010,.F.);
#9010 = EDGE_CURVE('',#1620,#8988,#9011,.T.);
#9011 = SURFACE_CURVE('',#9012,(#9016,#9023),.PCURVE_S1.);
#9012 = LINE('',#9013,#9014);
#9013 = CARTESIAN_POINT('',(0.,-12.97801362237,5.601483934542));
#9014 = VECTOR('',#9015,1.);
#9015 = DIRECTION('',(1.,0.,0.));
#9016 = PCURVE('',#1635,#9017);
#9017 = DEFINITIONAL_REPRESENTATION('',(#9018),#9022);
#9018 = LINE('',#9019,#9020);
#9019 = CARTESIAN_POINT('',(1.310257364179,0.));
#9020 = VECTOR('',#9021,1.);
#9021 = DIRECTION('',(0.,-1.));
#9022 = ( GEOMETRIC_REPRESENTATION_CONTEXT(2) 
PARAMETRIC_REPRESENTATION_CONTEXT() REPRESENTATION_CONTEXT('2D SPACE',''
  ) );
#9023 = PCURVE('',#1665,#9024);
#9024 = DEFINITIONAL_REPRESENTATION('',(#9025),#9029);
#9025 = LINE('',#9026,#9027);
#9026 = CARTESIAN_POINT('',(0.,0.));
#9027 = VECTOR('',#9028,1.);
#9028 = DIRECTION('',(0.,-1.));
#9029 = ( GEOMETRIC_REPRESENTATION_CONTEXT(2) 
PARAMETRIC_REPRESENTATION_CONTEXT() REPRESENTATION_CONTEXT('2D SPACE',''
  ) );
#9030 = ORIENTED_EDGE('',*,*,#1619,.F.);
#9031 = ADVANCED_FACE('',(#9032),#2231,.F.);
#9032 = FACE_BOUND('',#9033,.F.);
#9033 = EDGE_LOOP('',(#9034,#9057,#9083,#9084));
#9034 = ORIENTED_EDGE('',*,*,#9035,.T.);
#9035 = EDGE_CURVE('',#2182,#9036,#9038,.T.);
#9036 = VERTEX_POINT('',#9037);
#9037 = CARTESIAN_POINT('',(6.,-10.0253226424,-6.364631247428));
#9038 = SURFACE_CURVE('',#9039,(#9043,#9050),.PCURVE_S1.);
#9039 = LINE('',#9040,#9041);
#9040 = CARTESIAN_POINT('',(0.,-10.0253226424,-6.364631247428));
#9041 = VECTOR('',#9042,1.);
#9042 = DIRECTION('',(1.,0.,0.));
#9043 = PCURVE('',#2231,#9044);
#9044 = DEFINITIONAL_REPRESENTATION('',(#9045),#9049);
#9045 = LINE('',#9046,#9047);
#9046 = CARTESIAN_POINT('',(0.,0.));
#9047 = VECTOR('',#9048,1.);
#9048 = DIRECTION('',(0.,-1.));
#9049 = ( GEOMETRIC_REPRESENTATION_CONTEXT(2) 
PARAMETRIC_REPRESENTATION_CONTEXT() REPRESENTATION_CONTEXT('2D SPACE',''
  ) );
#9050 = PCURVE('',#2198,#9051);
#9051 = DEFINITIONAL_REPRESENTATION('',(#9052),#9056);
#9052 = LINE('',#9053,#9054);
#9053 = CARTESIAN_POINT('',(-8.411254474861E-02,0.));
#9054 = VECTOR('',#9055,1.);
#9055 = DIRECTION('',(-0.,-1.));
#9056 = ( GEOMETRIC_REPRESENTATION_CONTEXT(2) 
PARAMETRIC_REPRESENTATION_CONTEXT() REPRESENTATION_CONTEXT('2D SPACE',''
  ) );
#9057 = ORIENTED_EDGE('',*,*,#9058,.T.);
#9058 = EDGE_CURVE('',#9036,#8938,#9059,.T.);
#9059 = SURFACE_CURVE('',#9060,(#9065,#9072),.PCURVE_S1.);
#9060 = CIRCLE('',#9061,0.95);
#9061 = AXIS2_PLACEMENT_3D('',#9062,#9063,#9064);
#9062 = CARTESIAN_POINT('',(6.,-10.82839149605,-6.872155056019));
#9063 = DIRECTION('',(-1.,0.,0.));
#9064 = DIRECTION('',(0.,0.845335635428,0.534235587991));
#9065 = PCURVE('',#2231,#9066);
#9066 = DEFINITIONAL_REPRESENTATION('',(#9067),#9071);
#9067 = LINE('',#9068,#9069);
#9068 = CARTESIAN_POINT('',(0.,-6.));
#9069 = VECTOR('',#9070,1.);
#9070 = DIRECTION('',(1.,0.));
#9071 = ( GEOMETRIC_REPRESENTATION_CONTEXT(2) 
PARAMETRIC_REPRESENTATION_CONTEXT() REPRESENTATION_CONTEXT('2D SPACE',''
  ) );
#9072 = PCURVE('',#3898,#9073);
#9073 = DEFINITIONAL_REPRESENTATION('',(#9074),#9082);
#9074 = ( BOUNDED_CURVE() B_SPLINE_CURVE(2,(#9075,#9076,#9077,#9078,
#9079,#9080,#9081),.UNSPECIFIED.,.T.,.F.) B_SPLINE_CURVE_WITH_KNOTS((1,2
    ,2,2,2,1),(-2.094395102393,0.,2.094395102393,4.188790204786,
6.28318530718,8.377580409573),.UNSPECIFIED.) CURVE() 
GEOMETRIC_REPRESENTATION_ITEM() RATIONAL_B_SPLINE_CURVE((1.,0.5,1.,0.5,
1.,0.5,1.)) REPRESENTATION_ITEM('') );
#9075 = CARTESIAN_POINT('',(-6.364631247428,10.025322642402));
#9076 = CARTESIAN_POINT('',(-7.755587303937,9.146265619872));
#9077 = CARTESIAN_POINT('',(-7.821394988569,10.790397411622));
#9078 = CARTESIAN_POINT('',(-7.887202673201,12.434529203372));
#9079 = CARTESIAN_POINT('',(-6.430438932059,11.669454434153));
#9080 = CARTESIAN_POINT('',(-4.973675190918,10.904379664933));
#9081 = CARTESIAN_POINT('',(-6.364631247428,10.025322642402));
#9082 = ( GEOMETRIC_REPRESENTATION_CONTEXT(2) 
PARAMETRIC_REPRESENTATION_CONTEXT() REPRESENTATION_CONTEXT('2D SPACE',''
  ) );
#9083 = ORIENTED_EDGE('',*,*,#8937,.F.);
#9084 = ORIENTED_EDGE('',*,*,#2210,.F.);
#9085 = ADVANCED_FACE('',(#9086),#1665,.F.);
#9086 = FACE_BOUND('',#9087,.F.);
#9087 = EDGE_LOOP('',(#9088,#9089,#9114,#9135));
#9088 = ORIENTED_EDGE('',*,*,#9010,.T.);
#9089 = ORIENTED_EDGE('',*,*,#9090,.T.);
#9090 = EDGE_CURVE('',#8988,#9091,#9093,.T.);
#9091 = VERTEX_POINT('',#9092);
#9092 = CARTESIAN_POINT('',(6.,-13.90878470941,5.742624560372));
#9093 = SURFACE_CURVE('',#9094,(#9099,#9106),.PCURVE_S1.);
#9094 = B_SPLINE_CURVE_WITH_KNOTS('',3,(#9095,#9096,#9097,#9098),
  .UNSPECIFIED.,.F.,.F.,(4,4),(0.,1.),.PIECEWISE_BEZIER_KNOTS.);
#9095 = CARTESIAN_POINT('',(6.,-12.97801362237,5.601483934542));
#9096 = CARTESIAN_POINT('',(6.,-13.0759698801,5.635352286709));
#9097 = CARTESIAN_POINT('',(6.,-13.37400435583,5.7223296183));
#9098 = CARTESIAN_POINT('',(6.,-13.90878470941,5.742624560372));
#9099 = PCURVE('',#1665,#9100);
#9100 = DEFINITIONAL_REPRESENTATION('',(#9101),#9105);
#9101 = LINE('',#9102,#9103);
#9102 = CARTESIAN_POINT('',(0.,-6.));
#9103 = VECTOR('',#9104,1.);
#9104 = DIRECTION('',(1.,0.));
#9105 = ( GEOMETRIC_REPRESENTATION_CONTEXT(2) 
PARAMETRIC_REPRESENTATION_CONTEXT() REPRESENTATION_CONTEXT('2D SPACE',''
  ) );
#9106 = PCURVE('',#3898,#9107);
#9107 = DEFINITIONAL_REPRESENTATION('',(#9108),#9113);
#9108 = B_SPLINE_CURVE_WITH_KNOTS('',3,(#9109,#9110,#9111,#9112),
  .UNSPECIFIED.,.F.,.F.,(4,4),(0.,1.),.PIECEWISE_BEZIER_KNOTS.);
#9109 = CARTESIAN_POINT('',(5.601483934542,12.978013622375));
#9110 = CARTESIAN_POINT('',(5.635352286709,13.0759698801));
#9111 = CARTESIAN_POINT('',(5.7223296183,13.374004355833));
#9112 = CARTESIAN_POINT('',(5.742624560372,13.908784709413));
#9113 = ( GEOMETRIC_REPRESENTATION_CONTEXT(2) 
PARAMETRIC_REPRESENTATION_CONTEXT() REPRESENTATION_CONTEXT('2D SPACE',''
  ) );
#9114 = ORIENTED_EDGE('',*,*,#9115,.F.);
#9115 = EDGE_CURVE('',#1648,#9091,#9116,.T.);
#9116 = SURFACE_CURVE('',#9117,(#9121,#9128),.PCURVE_S1.);
#9117 = LINE('',#9118,#9119);
#9118 = CARTESIAN_POINT('',(0.,-13.90878470941,5.742624560372));
#9119 = VECTOR('',#9120,1.);
#9120 = DIRECTION('',(1.,0.,0.));
#9121 = PCURVE('',#1665,#9122);
#9122 = DEFINITIONAL_REPRESENTATION('',(#9123),#9127);
#9123 = LINE('',#9124,#9125);
#9124 = CARTESIAN_POINT('',(1.,0.));
#9125 = VECTOR('',#9126,1.);
#9126 = DIRECTION('',(0.,-1.));
#9127 = ( GEOMETRIC_REPRESENTATION_CONTEXT(2) 
PARAMETRIC_REPRESENTATION_CONTEXT() REPRESENTATION_CONTEXT('2D SPACE',''
  ) );
#9128 = PCURVE('',#1698,#9129);
#9129 = DEFINITIONAL_REPRESENTATION('',(#9130),#9134);
#9130 = LINE('',#9131,#9132);
#9131 = CARTESIAN_POINT('',(0.,0.));
#9132 = VECTOR('',#9133,1.);
#9133 = DIRECTION('',(0.,-1.));
#9134 = ( GEOMETRIC_REPRESENTATION_CONTEXT(2) 
PARAMETRIC_REPRESENTATION_CONTEXT() REPRESENTATION_CONTEXT('2D SPACE',''
  ) );
#9135 = ORIENTED_EDGE('',*,*,#1647,.F.);
#9136 = ADVANCED_FACE('',(#9137),#2198,.T.);
#9137 = FACE_BOUND('',#9138,.F.);
#9138 = EDGE_LOOP('',(#9139,#9162,#9184,#9185));
#9139 = ORIENTED_EDGE('',*,*,#9140,.T.);
#9140 = EDGE_CURVE('',#2149,#9141,#9143,.T.);
#9141 = VERTEX_POINT('',#9142);
#9142 = CARTESIAN_POINT('',(6.,-10.52459366719,-5.499868465742));
#9143 = SURFACE_CURVE('',#9144,(#9148,#9155),.PCURVE_S1.);
#9144 = LINE('',#9145,#9146);
#9145 = CARTESIAN_POINT('',(0.,-10.52459366719,-5.499868465742));
#9146 = VECTOR('',#9147,1.);
#9147 = DIRECTION('',(1.,0.,0.));
#9148 = PCURVE('',#2198,#9149);
#9149 = DEFINITIONAL_REPRESENTATION('',(#9150),#9154);
#9150 = LINE('',#9151,#9152);
#9151 = CARTESIAN_POINT('',(-0.,0.));
#9152 = VECTOR('',#9153,1.);
#9153 = DIRECTION('',(-0.,-1.));
#9154 = ( GEOMETRIC_REPRESENTATION_CONTEXT(2) 
PARAMETRIC_REPRESENTATION_CONTEXT() REPRESENTATION_CONTEXT('2D SPACE',''
  ) );
#9155 = PCURVE('',#2169,#9156);
#9156 = DEFINITIONAL_REPRESENTATION('',(#9157),#9161);
#9157 = LINE('',#9158,#9159);
#9158 = CARTESIAN_POINT('',(1.531852919448,0.));
#9159 = VECTOR('',#9160,1.);
#9160 = DIRECTION('',(0.,-1.));
#9161 = ( GEOMETRIC_REPRESENTATION_CONTEXT(2) 
PARAMETRIC_REPRESENTATION_CONTEXT() REPRESENTATION_CONTEXT('2D SPACE',''
  ) );
#9162 = ORIENTED_EDGE('',*,*,#9163,.T.);
#9163 = EDGE_CURVE('',#9141,#9036,#9164,.T.);
#9164 = SURFACE_CURVE('',#9165,(#9170,#9177),.PCURVE_S1.);
#9165 = CIRCLE('',#9166,11.874999999998);
#9166 = AXIS2_PLACEMENT_3D('',#9167,#9168,#9169);
#9167 = CARTESIAN_POINT('',(6.,-1.859765471907E-12,-1.092788591862E-12)
  );
#9168 = DIRECTION('',(1.,0.,0.));
#9169 = DIRECTION('',(0.,-0.886281571974,-0.463146818168));
#9170 = PCURVE('',#2198,#9171);
#9171 = DEFINITIONAL_REPRESENTATION('',(#9172),#9176);
#9172 = LINE('',#9173,#9174);
#9173 = CARTESIAN_POINT('',(-0.,-6.));
#9174 = VECTOR('',#9175,1.);
#9175 = DIRECTION('',(-1.,0.));
#9176 = ( GEOMETRIC_REPRESENTATION_CONTEXT(2) 
PARAMETRIC_REPRESENTATION_CONTEXT() REPRESENTATION_CONTEXT('2D SPACE',''
  ) );
#9177 = PCURVE('',#3898,#9178);
#9178 = DEFINITIONAL_REPRESENTATION('',(#9179),#9183);
#9179 = CIRCLE('',#9180,11.874999999998);
#9180 = AXIS2_PLACEMENT_2D('',#9181,#9182);
#9181 = CARTESIAN_POINT('',(-1.091588591862E-12,1.856915471907E-12));
#9182 = DIRECTION('',(-0.463146818168,0.886281571974));
#9183 = ( GEOMETRIC_REPRESENTATION_CONTEXT(2) 
PARAMETRIC_REPRESENTATION_CONTEXT() REPRESENTATION_CONTEXT('2D SPACE',''
  ) );
#9184 = ORIENTED_EDGE('',*,*,#9035,.F.);
#9185 = ORIENTED_EDGE('',*,*,#2181,.F.);
#9186 = ADVANCED_FACE('',(#9187),#1698,.F.);
#9187 = FACE_BOUND('',#9188,.F.);
#9188 = EDGE_LOOP('',(#9189,#9190,#9215,#9236));
#9189 = ORIENTED_EDGE('',*,*,#9115,.T.);
#9190 = ORIENTED_EDGE('',*,*,#9191,.T.);
#9191 = EDGE_CURVE('',#9091,#9192,#9194,.T.);
#9192 = VERTEX_POINT('',#9193);
#9193 = CARTESIAN_POINT('',(6.,-16.69002590342,5.273787929875));
#9194 = SURFACE_CURVE('',#9195,(#9200,#9207),.PCURVE_S1.);
#9195 = B_SPLINE_CURVE_WITH_KNOTS('',3,(#9196,#9197,#9198,#9199),
  .UNSPECIFIED.,.F.,.F.,(4,4),(0.,1.),.PIECEWISE_BEZIER_KNOTS.);
#9196 = CARTESIAN_POINT('',(6.,-13.90878470941,5.742624560372));
#9197 = CARTESIAN_POINT('',(6.,-14.54629490058,5.763260904156));
#9198 = CARTESIAN_POINT('',(6.,-15.48397165066,5.681023558521));
#9199 = CARTESIAN_POINT('',(6.,-16.69002590342,5.273787929875));
#9200 = PCURVE('',#1698,#9201);
#9201 = DEFINITIONAL_REPRESENTATION('',(#9202),#9206);
#9202 = LINE('',#9203,#9204);
#9203 = CARTESIAN_POINT('',(0.,-6.));
#9204 = VECTOR('',#9205,1.);
#9205 = DIRECTION('',(1.,0.));
#9206 = ( GEOMETRIC_REPRESENTATION_CONTEXT(2) 
PARAMETRIC_REPRESENTATION_CONTEXT() REPRESENTATION_CONTEXT('2D SPACE',''
  ) );
#9207 = PCURVE('',#3898,#9208);
#9208 = DEFINITIONAL_REPRESENTATION('',(#9209),#9214);
#9209 = B_SPLINE_CURVE_WITH_KNOTS('',3,(#9210,#9211,#9212,#9213),
  .UNSPECIFIED.,.F.,.F.,(4,4),(0.,1.),.PIECEWISE_BEZIER_KNOTS.);
#9210 = CARTESIAN_POINT('',(5.742624560372,13.908784709413));
#9211 = CARTESIAN_POINT('',(5.763260904156,14.546294900587));
#9212 = CARTESIAN_POINT('',(5.681023558521,15.483971650669));
#9213 = CARTESIAN_POINT('',(5.273787929875,16.690025903421));
#9214 = ( GEOMETRIC_REPRESENTATION_CONTEXT(2) 
PARAMETRIC_REPRESENTATION_CONTEXT() REPRESENTATION_CONTEXT('2D SPACE',''
  ) );
#9215 = ORIENTED_EDGE('',*,*,#9216,.F.);
#9216 = EDGE_CURVE('',#1681,#9192,#9217,.T.);
#9217 = SURFACE_CURVE('',#9218,(#9222,#9229),.PCURVE_S1.);
#9218 = LINE('',#9219,#9220);
#9219 = CARTESIAN_POINT('',(0.,-16.69002590342,5.273787929875));
#9220 = VECTOR('',#9221,1.);
#9221 = DIRECTION('',(1.,0.,0.));
#9222 = PCURVE('',#1698,#9223);
#9223 = DEFINITIONAL_REPRESENTATION('',(#9224),#9228);
#9224 = LINE('',#9225,#9226);
#9225 = CARTESIAN_POINT('',(1.,0.));
#9226 = VECTOR('',#9227,1.);
#9227 = DIRECTION('',(0.,-1.));
#9228 = ( GEOMETRIC_REPRESENTATION_CONTEXT(2) 
PARAMETRIC_REPRESENTATION_CONTEXT() REPRESENTATION_CONTEXT('2D SPACE',''
  ) );
#9229 = PCURVE('',#1730,#9230);
#9230 = DEFINITIONAL_REPRESENTATION('',(#9231),#9235);
#9231 = LINE('',#9232,#9233);
#9232 = CARTESIAN_POINT('',(-0.,0.));
#9233 = VECTOR('',#9234,1.);
#9234 = DIRECTION('',(-0.,-1.));
#9235 = ( GEOMETRIC_REPRESENTATION_CONTEXT(2) 
PARAMETRIC_REPRESENTATION_CONTEXT() REPRESENTATION_CONTEXT('2D SPACE',''
  ) );
#9236 = ORIENTED_EDGE('',*,*,#1680,.F.);
#9237 = ADVANCED_FACE('',(#9238),#2169,.F.);
#9238 = FACE_BOUND('',#9239,.F.);
#9239 = EDGE_LOOP('',(#9240,#9263,#9289,#9290));
#9240 = ORIENTED_EDGE('',*,*,#9241,.T.);
#9241 = EDGE_CURVE('',#2121,#9242,#9244,.T.);
#9242 = VERTEX_POINT('',#9243);
#9243 = CARTESIAN_POINT('',(6.,-11.77429224246,-5.083961761165));
#9244 = SURFACE_CURVE('',#9245,(#9249,#9256),.PCURVE_S1.);
#9245 = LINE('',#9246,#9247);
#9246 = CARTESIAN_POINT('',(0.,-11.77429224246,-5.083961761165));
#9247 = VECTOR('',#9248,1.);
#9248 = DIRECTION('',(1.,0.,0.));
#9249 = PCURVE('',#2169,#9250);
#9250 = DEFINITIONAL_REPRESENTATION('',(#9251),#9255);
#9251 = LINE('',#9252,#9253);
#9252 = CARTESIAN_POINT('',(0.,0.));
#9253 = VECTOR('',#9254,1.);
#9254 = DIRECTION('',(0.,-1.));
#9255 = ( GEOMETRIC_REPRESENTATION_CONTEXT(2) 
PARAMETRIC_REPRESENTATION_CONTEXT() REPRESENTATION_CONTEXT('2D SPACE',''
  ) );
#9256 = PCURVE('',#2136,#9257);
#9257 = DEFINITIONAL_REPRESENTATION('',(#9258),#9262);
#9258 = LINE('',#9259,#9260);
#9259 = CARTESIAN_POINT('',(1.310257364179,0.));
#9260 = VECTOR('',#9261,1.);
#9261 = DIRECTION('',(0.,-1.));
#9262 = ( GEOMETRIC_REPRESENTATION_CONTEXT(2) 
PARAMETRIC_REPRESENTATION_CONTEXT() REPRESENTATION_CONTEXT('2D SPACE',''
  ) );
#9263 = ORIENTED_EDGE('',*,*,#9264,.T.);
#9264 = EDGE_CURVE('',#9242,#9141,#9265,.T.);
#9265 = SURFACE_CURVE('',#9266,(#9271,#9278),.PCURVE_S1.);
#9266 = CIRCLE('',#9267,0.95);
#9267 = AXIS2_PLACEMENT_3D('',#9268,#9269,#9270);
#9268 = CARTESIAN_POINT('',(6.,-11.36565660528,-5.941584589701));
#9269 = DIRECTION('',(-1.,0.,0.));
#9270 = DIRECTION('',(0.,-0.430142775978,0.902760872144));
#9271 = PCURVE('',#2169,#9272);
#9272 = DEFINITIONAL_REPRESENTATION('',(#9273),#9277);
#9273 = LINE('',#9274,#9275);
#9274 = CARTESIAN_POINT('',(0.,-6.));
#9275 = VECTOR('',#9276,1.);
#9276 = DIRECTION('',(1.,0.));
#9277 = ( GEOMETRIC_REPRESENTATION_CONTEXT(2) 
PARAMETRIC_REPRESENTATION_CONTEXT() REPRESENTATION_CONTEXT('2D SPACE',''
  ) );
#9278 = PCURVE('',#3898,#9279);
#9279 = DEFINITIONAL_REPRESENTATION('',(#9280),#9288);
#9280 = ( BOUNDED_CURVE() B_SPLINE_CURVE(2,(#9281,#9282,#9283,#9284,
#9285,#9286,#9287),.UNSPECIFIED.,.T.,.F.) B_SPLINE_CURVE_WITH_KNOTS((1,2
    ,2,2,2,1),(-2.094395102393,0.,2.094395102393,4.188790204786,
6.28318530718,8.377580409573),.UNSPECIFIED.) CURVE() 
GEOMETRIC_REPRESENTATION_ITEM() RATIONAL_B_SPLINE_CURVE((1.,0.5,1.,0.5,
1.,0.5,1.)) REPRESENTATION_ITEM('') );
#9281 = CARTESIAN_POINT('',(-5.083961761165,11.774292242467));
#9282 = CARTESIAN_POINT('',(-4.376184075787,10.288845929711));
#9283 = CARTESIAN_POINT('',(-6.01650716128,10.41861563032));
#9284 = CARTESIAN_POINT('',(-7.656830246774,10.548385330928));
#9285 = CARTESIAN_POINT('',(-6.724284846659,11.904061943076));
#9286 = CARTESIAN_POINT('',(-5.791739446543,13.259738555223));
#9287 = CARTESIAN_POINT('',(-5.083961761165,11.774292242467));
#9288 = ( GEOMETRIC_REPRESENTATION_CONTEXT(2) 
PARAMETRIC_REPRESENTATION_CONTEXT() REPRESENTATION_CONTEXT('2D SPACE',''
  ) );
#9289 = ORIENTED_EDGE('',*,*,#9140,.F.);
#9290 = ORIENTED_EDGE('',*,*,#2148,.F.);
#9291 = ADVANCED_FACE('',(#9292),#1730,.T.);
#9292 = FACE_BOUND('',#9293,.F.);
#9293 = EDGE_LOOP('',(#9294,#9295,#9319,#9340));
#9294 = ORIENTED_EDGE('',*,*,#9216,.T.);
#9295 = ORIENTED_EDGE('',*,*,#9296,.T.);
#9296 = EDGE_CURVE('',#9192,#9297,#9299,.T.);
#9297 = VERTEX_POINT('',#9298);
#9298 = CARTESIAN_POINT('',(6.,-17.087890184,3.775448193189));
#9299 = SURFACE_CURVE('',#9300,(#9305,#9312),.PCURVE_S1.);
#9300 = CIRCLE('',#9301,17.5);
#9301 = AXIS2_PLACEMENT_3D('',#9302,#9303,#9304);
#9302 = CARTESIAN_POINT('',(6.,8.302196817019E-03,3.777430720297E-02));
#9303 = DIRECTION('',(1.,0.,0.));
#9304 = DIRECTION('',(0.,-0.954190177156,0.299200778438));
#9305 = PCURVE('',#1730,#9306);
#9306 = DEFINITIONAL_REPRESENTATION('',(#9307),#9311);
#9307 = LINE('',#9308,#9309);
#9308 = CARTESIAN_POINT('',(-0.,-6.));
#9309 = VECTOR('',#9310,1.);
#9310 = DIRECTION('',(-1.,0.));
#9311 = ( GEOMETRIC_REPRESENTATION_CONTEXT(2) 
PARAMETRIC_REPRESENTATION_CONTEXT() REPRESENTATION_CONTEXT('2D SPACE',''
  ) );
#9312 = PCURVE('',#3898,#9313);
#9313 = DEFINITIONAL_REPRESENTATION('',(#9314),#9318);
#9314 = CIRCLE('',#9315,17.5);
#9315 = AXIS2_PLACEMENT_2D('',#9316,#9317);
#9316 = CARTESIAN_POINT('',(3.777430720297E-02,-8.302196817022E-03));
#9317 = DIRECTION('',(0.299200778438,0.954190177156));
#9318 = ( GEOMETRIC_REPRESENTATION_CONTEXT(2) 
PARAMETRIC_REPRESENTATION_CONTEXT() REPRESENTATION_CONTEXT('2D SPACE',''
  ) );
#9319 = ORIENTED_EDGE('',*,*,#9320,.F.);
#9320 = EDGE_CURVE('',#1714,#9297,#9321,.T.);
#9321 = SURFACE_CURVE('',#9322,(#9326,#9333),.PCURVE_S1.);
#9322 = LINE('',#9323,#9324);
#9323 = CARTESIAN_POINT('',(0.,-17.087890184,3.775448193189));
#9324 = VECTOR('',#9325,1.);
#9325 = DIRECTION('',(1.,0.,0.));
#9326 = PCURVE('',#1730,#9327);
#9327 = DEFINITIONAL_REPRESENTATION('',(#9328),#9332);
#9328 = LINE('',#9329,#9330);
#9329 = CARTESIAN_POINT('',(-8.861549654829E-02,0.));
#9330 = VECTOR('',#9331,1.);
#9331 = DIRECTION('',(-0.,-1.));
#9332 = ( GEOMETRIC_REPRESENTATION_CONTEXT(2) 
PARAMETRIC_REPRESENTATION_CONTEXT() REPRESENTATION_CONTEXT('2D SPACE',''
  ) );
#9333 = PCURVE('',#1760,#9334);
#9334 = DEFINITIONAL_REPRESENTATION('',(#9335),#9339);
#9335 = LINE('',#9336,#9337);
#9336 = CARTESIAN_POINT('',(0.,0.));
#9337 = VECTOR('',#9338,1.);
#9338 = DIRECTION('',(0.,-1.));
#9339 = ( GEOMETRIC_REPRESENTATION_CONTEXT(2) 
PARAMETRIC_REPRESENTATION_CONTEXT() REPRESENTATION_CONTEXT('2D SPACE',''
  ) );
#9340 = ORIENTED_EDGE('',*,*,#1713,.F.);
#9341 = ADVANCED_FACE('',(#9342),#2136,.F.);
#9342 = FACE_BOUND('',#9343,.F.);
#9343 = EDGE_LOOP('',(#9344,#9367,#9388,#9389));
#9344 = ORIENTED_EDGE('',*,*,#9345,.T.);
#9345 = EDGE_CURVE('',#2088,#9346,#9348,.T.);
#9346 = VERTEX_POINT('',#9347);
#9347 = CARTESIAN_POINT('',(6.,-12.97801362237,-5.601483934542));
#9348 = SURFACE_CURVE('',#9349,(#9353,#9360),.PCURVE_S1.);
#9349 = LINE('',#9350,#9351);
#9350 = CARTESIAN_POINT('',(0.,-12.97801362237,-5.601483934542));
#9351 = VECTOR('',#9352,1.);
#9352 = DIRECTION('',(1.,0.,0.));
#9353 = PCURVE('',#2136,#9354);
#9354 = DEFINITIONAL_REPRESENTATION('',(#9355),#9359);
#9355 = LINE('',#9356,#9357);
#9356 = CARTESIAN_POINT('',(0.,0.));
#9357 = VECTOR('',#9358,1.);
#9358 = DIRECTION('',(0.,-1.));
#9359 = ( GEOMETRIC_REPRESENTATION_CONTEXT(2) 
PARAMETRIC_REPRESENTATION_CONTEXT() REPRESENTATION_CONTEXT('2D SPACE',''
  ) );
#9360 = PCURVE('',#2105,#9361);
#9361 = DEFINITIONAL_REPRESENTATION('',(#9362),#9366);
#9362 = LINE('',#9363,#9364);
#9363 = CARTESIAN_POINT('',(1.,0.));
#9364 = VECTOR('',#9365,1.);
#9365 = DIRECTION('',(0.,-1.));
#9366 = ( GEOMETRIC_REPRESENTATION_CONTEXT(2) 
PARAMETRIC_REPRESENTATION_CONTEXT() REPRESENTATION_CONTEXT('2D SPACE',''
  ) );
#9367 = ORIENTED_EDGE('',*,*,#9368,.T.);
#9368 = EDGE_CURVE('',#9346,#9242,#9369,.T.);
#9369 = SURFACE_CURVE('',#9370,(#9374,#9381),.PCURVE_S1.);
#9370 = LINE('',#9371,#9372);
#9371 = CARTESIAN_POINT('',(6.,-12.97801362237,-5.601483934542));
#9372 = VECTOR('',#9373,1.);
#9373 = DIRECTION('',(0.,0.918690795272,0.394977496426));
#9374 = PCURVE('',#2136,#9375);
#9375 = DEFINITIONAL_REPRESENTATION('',(#9376),#9380);
#9376 = LINE('',#9377,#9378);
#9377 = CARTESIAN_POINT('',(0.,-6.));
#9378 = VECTOR('',#9379,1.);
#9379 = DIRECTION('',(1.,0.));
#9380 = ( GEOMETRIC_REPRESENTATION_CONTEXT(2) 
PARAMETRIC_REPRESENTATION_CONTEXT() REPRESENTATION_CONTEXT('2D SPACE',''
  ) );
#9381 = PCURVE('',#3898,#9382);
#9382 = DEFINITIONAL_REPRESENTATION('',(#9383),#9387);
#9383 = LINE('',#9384,#9385);
#9384 = CARTESIAN_POINT('',(-5.601483934542,12.978013622375));
#9385 = VECTOR('',#9386,1.);
#9386 = DIRECTION('',(0.394977496426,-0.918690795272));
#9387 = ( GEOMETRIC_REPRESENTATION_CONTEXT(2) 
PARAMETRIC_REPRESENTATION_CONTEXT() REPRESENTATION_CONTEXT('2D SPACE',''
  ) );
#9388 = ORIENTED_EDGE('',*,*,#9241,.F.);
#9389 = ORIENTED_EDGE('',*,*,#2120,.F.);
#9390 = ADVANCED_FACE('',(#9391),#1760,.F.);
#9391 = FACE_BOUND('',#9392,.F.);
#9392 = EDGE_LOOP('',(#9393,#9394,#9419,#9440));
#9393 = ORIENTED_EDGE('',*,*,#9320,.T.);
#9394 = ORIENTED_EDGE('',*,*,#9395,.T.);
#9395 = EDGE_CURVE('',#9297,#9396,#9398,.T.);
#9396 = VERTEX_POINT('',#9397);
#9397 = CARTESIAN_POINT('',(6.,-14.9166731743,1.981133601028));
#9398 = SURFACE_CURVE('',#9399,(#9404,#9411),.PCURVE_S1.);
#9399 = B_SPLINE_CURVE_WITH_KNOTS('',3,(#9400,#9401,#9402,#9403),
  .UNSPECIFIED.,.F.,.F.,(4,4),(0.,1.),.PIECEWISE_BEZIER_KNOTS.);
#9400 = CARTESIAN_POINT('',(6.,-17.087890184,3.775448193189));
#9401 = CARTESIAN_POINT('',(6.,-16.25002458021,2.822075104157));
#9402 = CARTESIAN_POINT('',(6.,-15.47909136692,2.282017098656));
#9403 = CARTESIAN_POINT('',(6.,-14.9166731743,1.981133601028));
#9404 = PCURVE('',#1760,#9405);
#9405 = DEFINITIONAL_REPRESENTATION('',(#9406),#9410);
#9406 = LINE('',#9407,#9408);
#9407 = CARTESIAN_POINT('',(0.,-6.));
#9408 = VECTOR('',#9409,1.);
#9409 = DIRECTION('',(1.,0.));
#9410 = ( GEOMETRIC_REPRESENTATION_CONTEXT(2) 
PARAMETRIC_REPRESENTATION_CONTEXT() REPRESENTATION_CONTEXT('2D SPACE',''
  ) );
#9411 = PCURVE('',#3898,#9412);
#9412 = DEFINITIONAL_REPRESENTATION('',(#9413),#9418);
#9413 = B_SPLINE_CURVE_WITH_KNOTS('',3,(#9414,#9415,#9416,#9417),
  .UNSPECIFIED.,.F.,.F.,(4,4),(0.,1.),.PIECEWISE_BEZIER_KNOTS.);
#9414 = CARTESIAN_POINT('',(3.775448193189,17.087890184003));
#9415 = CARTESIAN_POINT('',(2.822075104157,16.250024580218));
#9416 = CARTESIAN_POINT('',(2.282017098656,15.479091366926));
#9417 = CARTESIAN_POINT('',(1.981133601028,14.916673174306));
#9418 = ( GEOMETRIC_REPRESENTATION_CONTEXT(2) 
PARAMETRIC_REPRESENTATION_CONTEXT() REPRESENTATION_CONTEXT('2D SPACE',''
  ) );
#9419 = ORIENTED_EDGE('',*,*,#9420,.F.);
#9420 = EDGE_CURVE('',#1743,#9396,#9421,.T.);
#9421 = SURFACE_CURVE('',#9422,(#9426,#9433),.PCURVE_S1.);
#9422 = LINE('',#9423,#9424);
#9423 = CARTESIAN_POINT('',(0.,-14.9166731743,1.981133601028));
#9424 = VECTOR('',#9425,1.);
#9425 = DIRECTION('',(1.,0.,0.));
#9426 = PCURVE('',#1760,#9427);
#9427 = DEFINITIONAL_REPRESENTATION('',(#9428),#9432);
#9428 = LINE('',#9429,#9430);
#9429 = CARTESIAN_POINT('',(1.,0.));
#9430 = VECTOR('',#9431,1.);
#9431 = DIRECTION('',(0.,-1.));
#9432 = ( GEOMETRIC_REPRESENTATION_CONTEXT(2) 
PARAMETRIC_REPRESENTATION_CONTEXT() REPRESENTATION_CONTEXT('2D SPACE',''
  ) );
#9433 = PCURVE('',#1793,#9434);
#9434 = DEFINITIONAL_REPRESENTATION('',(#9435),#9439);
#9435 = LINE('',#9436,#9437);
#9436 = CARTESIAN_POINT('',(0.,0.));
#9437 = VECTOR('',#9438,1.);
#9438 = DIRECTION('',(0.,-1.));
#9439 = ( GEOMETRIC_REPRESENTATION_CONTEXT(2) 
PARAMETRIC_REPRESENTATION_CONTEXT() REPRESENTATION_CONTEXT('2D SPACE',''
  ) );
#9440 = ORIENTED_EDGE('',*,*,#1742,.F.);
#9441 = ADVANCED_FACE('',(#9442),#2105,.F.);
#9442 = FACE_BOUND('',#9443,.F.);
#9443 = EDGE_LOOP('',(#9444,#9467,#9490,#9491));
#9444 = ORIENTED_EDGE('',*,*,#9445,.T.);
#9445 = EDGE_CURVE('',#2055,#9446,#9448,.T.);
#9446 = VERTEX_POINT('',#9447);
#9447 = CARTESIAN_POINT('',(6.,-13.90878470941,-5.742624560372));
#9448 = SURFACE_CURVE('',#9449,(#9453,#9460),.PCURVE_S1.);
#9449 = LINE('',#9450,#9451);
#9450 = CARTESIAN_POINT('',(0.,-13.90878470941,-5.742624560372));
#9451 = VECTOR('',#9452,1.);
#9452 = DIRECTION('',(1.,0.,0.));
#9453 = PCURVE('',#2105,#9454);
#9454 = DEFINITIONAL_REPRESENTATION('',(#9455),#9459);
#9455 = LINE('',#9456,#9457);
#9456 = CARTESIAN_POINT('',(0.,0.));
#9457 = VECTOR('',#9458,1.);
#9458 = DIRECTION('',(0.,-1.));
#9459 = ( GEOMETRIC_REPRESENTATION_CONTEXT(2) 
PARAMETRIC_REPRESENTATION_CONTEXT() REPRESENTATION_CONTEXT('2D SPACE',''
  ) );
#9460 = PCURVE('',#2072,#9461);
#9461 = DEFINITIONAL_REPRESENTATION('',(#9462),#9466);
#9462 = LINE('',#9463,#9464);
#9463 = CARTESIAN_POINT('',(1.,0.));
#9464 = VECTOR('',#9465,1.);
#9465 = DIRECTION('',(0.,-1.));
#9466 = ( GEOMETRIC_REPRESENTATION_CONTEXT(2) 
PARAMETRIC_REPRESENTATION_CONTEXT() REPRESENTATION_CONTEXT('2D SPACE',''
  ) );
#9467 = ORIENTED_EDGE('',*,*,#9468,.T.);
#9468 = EDGE_CURVE('',#9446,#9346,#9469,.T.);
#9469 = SURFACE_CURVE('',#9470,(#9475,#9482),.PCURVE_S1.);
#9470 = B_SPLINE_CURVE_WITH_KNOTS('',3,(#9471,#9472,#9473,#9474),
  .UNSPECIFIED.,.F.,.F.,(4,4),(0.,1.),.PIECEWISE_BEZIER_KNOTS.);
#9471 = CARTESIAN_POINT('',(6.,-13.90878470941,-5.742624560372));
#9472 = CARTESIAN_POINT('',(6.,-13.37400435583,-5.7223296183));
#9473 = CARTESIAN_POINT('',(6.,-13.0759698801,-5.635352286709));
#9474 = CARTESIAN_POINT('',(6.,-12.97801362237,-5.601483934542));
#9475 = PCURVE('',#2105,#9476);
#9476 = DEFINITIONAL_REPRESENTATION('',(#9477),#9481);
#9477 = LINE('',#9478,#9479);
#9478 = CARTESIAN_POINT('',(0.,-6.));
#9479 = VECTOR('',#9480,1.);
#9480 = DIRECTION('',(1.,0.));
#9481 = ( GEOMETRIC_REPRESENTATION_CONTEXT(2) 
PARAMETRIC_REPRESENTATION_CONTEXT() REPRESENTATION_CONTEXT('2D SPACE',''
  ) );
#9482 = PCURVE('',#3898,#9483);
#9483 = DEFINITIONAL_REPRESENTATION('',(#9484),#9489);
#9484 = B_SPLINE_CURVE_WITH_KNOTS('',3,(#9485,#9486,#9487,#9488),
  .UNSPECIFIED.,.F.,.F.,(4,4),(0.,1.),.PIECEWISE_BEZIER_KNOTS.);
#9485 = CARTESIAN_POINT('',(-5.742624560372,13.908784709413));
#9486 = CARTESIAN_POINT('',(-5.7223296183,13.374004355833));
#9487 = CARTESIAN_POINT('',(-5.635352286709,13.0759698801));
#9488 = CARTESIAN_POINT('',(-5.601483934542,12.978013622375));
#9489 = ( GEOMETRIC_REPRESENTATION_CONTEXT(2) 
PARAMETRIC_REPRESENTATION_CONTEXT() REPRESENTATION_CONTEXT('2D SPACE',''
  ) );
#9490 = ORIENTED_EDGE('',*,*,#9345,.F.);
#9491 = ORIENTED_EDGE('',*,*,#2087,.F.);
#9492 = ADVANCED_FACE('',(#9493),#1793,.F.);
#9493 = FACE_BOUND('',#9494,.F.);
#9494 = EDGE_LOOP('',(#9495,#9496,#9521,#9542));
#9495 = ORIENTED_EDGE('',*,*,#9420,.T.);
#9496 = ORIENTED_EDGE('',*,*,#9497,.T.);
#9497 = EDGE_CURVE('',#9396,#9498,#9500,.T.);
#9498 = VERTEX_POINT('',#9499);
#9499 = CARTESIAN_POINT('',(6.,-14.0400314549,1.637979424984));
#9500 = SURFACE_CURVE('',#9501,(#9506,#9513),.PCURVE_S1.);
#9501 = B_SPLINE_CURVE_WITH_KNOTS('',3,(#9502,#9503,#9504,#9505),
  .UNSPECIFIED.,.F.,.F.,(4,4),(0.,1.),.PIECEWISE_BEZIER_KNOTS.);
#9502 = CARTESIAN_POINT('',(6.,-14.9166731743,1.981133601028));
#9503 = CARTESIAN_POINT('',(6.,-14.44339233162,1.73131935964));
#9504 = CARTESIAN_POINT('',(6.,-14.14179823864,1.657626700485));
#9505 = CARTESIAN_POINT('',(6.,-14.0400314549,1.637979424984));
#9506 = PCURVE('',#1793,#9507);
#9507 = DEFINITIONAL_REPRESENTATION('',(#9508),#9512);
#9508 = LINE('',#9509,#9510);
#9509 = CARTESIAN_POINT('',(0.,-6.));
#9510 = VECTOR('',#9511,1.);
#9511 = DIRECTION('',(1.,0.));
#9512 = ( GEOMETRIC_REPRESENTATION_CONTEXT(2) 
PARAMETRIC_REPRESENTATION_CONTEXT() REPRESENTATION_CONTEXT('2D SPACE',''
  ) );
#9513 = PCURVE('',#3898,#9514);
#9514 = DEFINITIONAL_REPRESENTATION('',(#9515),#9520);
#9515 = B_SPLINE_CURVE_WITH_KNOTS('',3,(#9516,#9517,#9518,#9519),
  .UNSPECIFIED.,.F.,.F.,(4,4),(0.,1.),.PIECEWISE_BEZIER_KNOTS.);
#9516 = CARTESIAN_POINT('',(1.981133601028,14.916673174306));
#9517 = CARTESIAN_POINT('',(1.73131935964,14.443392331625));
#9518 = CARTESIAN_POINT('',(1.657626700485,14.141798238642));
#9519 = CARTESIAN_POINT('',(1.637979424984,14.040031454909));
#9520 = ( GEOMETRIC_REPRESENTATION_CONTEXT(2) 
PARAMETRIC_REPRESENTATION_CONTEXT() REPRESENTATION_CONTEXT('2D SPACE',''
  ) );
#9521 = ORIENTED_EDGE('',*,*,#9522,.F.);
#9522 = EDGE_CURVE('',#1776,#9498,#9523,.T.);
#9523 = SURFACE_CURVE('',#9524,(#9528,#9535),.PCURVE_S1.);
#9524 = LINE('',#9525,#9526);
#9525 = CARTESIAN_POINT('',(0.,-14.0400314549,1.637979424984));
#9526 = VECTOR('',#9527,1.);
#9527 = DIRECTION('',(1.,0.,0.));
#9528 = PCURVE('',#1793,#9529);
#9529 = DEFINITIONAL_REPRESENTATION('',(#9530),#9534);
#9530 = LINE('',#9531,#9532);
#9531 = CARTESIAN_POINT('',(1.,0.));
#9532 = VECTOR('',#9533,1.);
#9533 = DIRECTION('',(0.,-1.));
#9534 = ( GEOMETRIC_REPRESENTATION_CONTEXT(2) 
PARAMETRIC_REPRESENTATION_CONTEXT() REPRESENTATION_CONTEXT('2D SPACE',''
  ) );
#9535 = PCURVE('',#1824,#9536);
#9536 = DEFINITIONAL_REPRESENTATION('',(#9537),#9541);
#9537 = LINE('',#9538,#9539);
#9538 = CARTESIAN_POINT('',(0.,0.));
#9539 = VECTOR('',#9540,1.);
#9540 = DIRECTION('',(0.,-1.));
#9541 = ( GEOMETRIC_REPRESENTATION_CONTEXT(2) 
PARAMETRIC_REPRESENTATION_CONTEXT() REPRESENTATION_CONTEXT('2D SPACE',''
  ) );
#9542 = ORIENTED_EDGE('',*,*,#1775,.F.);
#9543 = ADVANCED_FACE('',(#9544),#2072,.F.);
#9544 = FACE_BOUND('',#9545,.F.);
#9545 = EDGE_LOOP('',(#9546,#9569,#9592,#9593));
#9546 = ORIENTED_EDGE('',*,*,#9547,.T.);
#9547 = EDGE_CURVE('',#2026,#9548,#9550,.T.);
#9548 = VERTEX_POINT('',#9549);
#9549 = CARTESIAN_POINT('',(6.,-16.68627109302,-5.274311046028));
#9550 = SURFACE_CURVE('',#9551,(#9555,#9562),.PCURVE_S1.);
#9551 = LINE('',#9552,#9553);
#9552 = CARTESIAN_POINT('',(0.,-16.68627109302,-5.274311046028));
#9553 = VECTOR('',#9554,1.);
#9554 = DIRECTION('',(1.,0.,0.));
#9555 = PCURVE('',#2072,#9556);
#9556 = DEFINITIONAL_REPRESENTATION('',(#9557),#9561);
#9557 = LINE('',#9558,#9559);
#9558 = CARTESIAN_POINT('',(0.,0.));
#9559 = VECTOR('',#9560,1.);
#9560 = DIRECTION('',(0.,-1.));
#9561 = ( GEOMETRIC_REPRESENTATION_CONTEXT(2) 
PARAMETRIC_REPRESENTATION_CONTEXT() REPRESENTATION_CONTEXT('2D SPACE',''
  ) );
#9562 = PCURVE('',#2042,#9563);
#9563 = DEFINITIONAL_REPRESENTATION('',(#9564),#9568);
#9564 = LINE('',#9565,#9566);
#9565 = CARTESIAN_POINT('',(-8.861549654828E-02,0.));
#9566 = VECTOR('',#9567,1.);
#9567 = DIRECTION('',(-0.,-1.));
#9568 = ( GEOMETRIC_REPRESENTATION_CONTEXT(2) 
PARAMETRIC_REPRESENTATION_CONTEXT() REPRESENTATION_CONTEXT('2D SPACE',''
  ) );
#9569 = ORIENTED_EDGE('',*,*,#9570,.T.);
#9570 = EDGE_CURVE('',#9548,#9446,#9571,.T.);
#9571 = SURFACE_CURVE('',#9572,(#9577,#9584),.PCURVE_S1.);
#9572 = B_SPLINE_CURVE_WITH_KNOTS('',3,(#9573,#9574,#9575,#9576),
  .UNSPECIFIED.,.F.,.F.,(4,4),(0.,1.),.PIECEWISE_BEZIER_KNOTS.);
#9573 = CARTESIAN_POINT('',(6.,-16.68627109302,-5.274311046028));
#9574 = CARTESIAN_POINT('',(6.,-15.48397165066,-5.681023558521));
#9575 = CARTESIAN_POINT('',(6.,-14.54629490058,-5.763260904156));
#9576 = CARTESIAN_POINT('',(6.,-13.90878470941,-5.742624560372));
#9577 = PCURVE('',#2072,#9578);
#9578 = DEFINITIONAL_REPRESENTATION('',(#9579),#9583);
#9579 = LINE('',#9580,#9581);
#9580 = CARTESIAN_POINT('',(0.,-6.));
#9581 = VECTOR('',#9582,1.);
#9582 = DIRECTION('',(1.,0.));
#9583 = ( GEOMETRIC_REPRESENTATION_CONTEXT(2) 
PARAMETRIC_REPRESENTATION_CONTEXT() REPRESENTATION_CONTEXT('2D SPACE',''
  ) );
#9584 = PCURVE('',#3898,#9585);
#9585 = DEFINITIONAL_REPRESENTATION('',(#9586),#9591);
#9586 = B_SPLINE_CURVE_WITH_KNOTS('',3,(#9587,#9588,#9589,#9590),
  .UNSPECIFIED.,.F.,.F.,(4,4),(0.,1.),.PIECEWISE_BEZIER_KNOTS.);
#9587 = CARTESIAN_POINT('',(-5.274311046028,16.68627109302));
#9588 = CARTESIAN_POINT('',(-5.681023558521,15.483971650669));
#9589 = CARTESIAN_POINT('',(-5.763260904156,14.546294900587));
#9590 = CARTESIAN_POINT('',(-5.742624560372,13.908784709413));
#9591 = ( GEOMETRIC_REPRESENTATION_CONTEXT(2) 
PARAMETRIC_REPRESENTATION_CONTEXT() REPRESENTATION_CONTEXT('2D SPACE',''
  ) );
#9592 = ORIENTED_EDGE('',*,*,#9445,.F.);
#9593 = ORIENTED_EDGE('',*,*,#2054,.F.);
#9594 = ADVANCED_FACE('',(#9595),#1824,.F.);
#9595 = FACE_BOUND('',#9596,.F.);
#9596 = EDGE_LOOP('',(#9597,#9598,#9621,#9642));
#9597 = ORIENTED_EDGE('',*,*,#9522,.T.);
#9598 = ORIENTED_EDGE('',*,*,#9599,.T.);
#9599 = EDGE_CURVE('',#9498,#9600,#9602,.T.);
#9600 = VERTEX_POINT('',#9601);
#9601 = CARTESIAN_POINT('',(6.,-12.73881707414,1.484306084196));
#9602 = SURFACE_CURVE('',#9603,(#9607,#9614),.PCURVE_S1.);
#9603 = LINE('',#9604,#9605);
#9604 = CARTESIAN_POINT('',(6.,-14.0400314549,1.637979424984));
#9605 = VECTOR('',#9606,1.);
#9606 = DIRECTION('',(0.,0.993098315141,-0.117284851808));
#9607 = PCURVE('',#1824,#9608);
#9608 = DEFINITIONAL_REPRESENTATION('',(#9609),#9613);
#9609 = LINE('',#9610,#9611);
#9610 = CARTESIAN_POINT('',(-1.790139452881E-15,-6.));
#9611 = VECTOR('',#9612,1.);
#9612 = DIRECTION('',(1.,0.));
#9613 = ( GEOMETRIC_REPRESENTATION_CONTEXT(2) 
PARAMETRIC_REPRESENTATION_CONTEXT() REPRESENTATION_CONTEXT('2D SPACE',''
  ) );
#9614 = PCURVE('',#3898,#9615);
#9615 = DEFINITIONAL_REPRESENTATION('',(#9616),#9620);
#9616 = LINE('',#9617,#9618);
#9617 = CARTESIAN_POINT('',(1.637979424984,14.040031454909));
#9618 = VECTOR('',#9619,1.);
#9619 = DIRECTION('',(-0.117284851808,-0.993098315141));
#9620 = ( GEOMETRIC_REPRESENTATION_CONTEXT(2) 
PARAMETRIC_REPRESENTATION_CONTEXT() REPRESENTATION_CONTEXT('2D SPACE',''
  ) );
#9621 = ORIENTED_EDGE('',*,*,#9622,.F.);
#9622 = EDGE_CURVE('',#1809,#9600,#9623,.T.);
#9623 = SURFACE_CURVE('',#9624,(#9628,#9635),.PCURVE_S1.);
#9624 = LINE('',#9625,#9626);
#9625 = CARTESIAN_POINT('',(0.,-12.73881707414,1.484306084196));
#9626 = VECTOR('',#9627,1.);
#9627 = DIRECTION('',(1.,0.,0.));
#9628 = PCURVE('',#1824,#9629);
#9629 = DEFINITIONAL_REPRESENTATION('',(#9630),#9634);
#9630 = LINE('',#9631,#9632);
#9631 = CARTESIAN_POINT('',(1.310257364179,0.));
#9632 = VECTOR('',#9633,1.);
#9633 = DIRECTION('',(0.,-1.));
#9634 = ( GEOMETRIC_REPRESENTATION_CONTEXT(2) 
PARAMETRIC_REPRESENTATION_CONTEXT() REPRESENTATION_CONTEXT('2D SPACE',''
  ) );
#9635 = PCURVE('',#1857,#9636);
#9636 = DEFINITIONAL_REPRESENTATION('',(#9637),#9641);
#9637 = LINE('',#9638,#9639);
#9638 = CARTESIAN_POINT('',(0.,0.));
#9639 = VECTOR('',#9640,1.);
#9640 = DIRECTION('',(0.,-1.));
#9641 = ( GEOMETRIC_REPRESENTATION_CONTEXT(2) 
PARAMETRIC_REPRESENTATION_CONTEXT() REPRESENTATION_CONTEXT('2D SPACE',''
  ) );
#9642 = ORIENTED_EDGE('',*,*,#1808,.F.);
#9643 = ADVANCED_FACE('',(#9644),#2042,.T.);
#9644 = FACE_BOUND('',#9645,.F.);
#9645 = EDGE_LOOP('',(#9646,#9669,#9691,#9692));
#9646 = ORIENTED_EDGE('',*,*,#9647,.T.);
#9647 = EDGE_CURVE('',#1993,#9648,#9650,.T.);
#9648 = VERTEX_POINT('',#9649);
#9649 = CARTESIAN_POINT('',(6.,-17.09088038712,-3.777778630267));
#9650 = SURFACE_CURVE('',#9651,(#9655,#9662),.PCURVE_S1.);
#9651 = LINE('',#9652,#9653);
#9652 = CARTESIAN_POINT('',(0.,-17.09088038712,-3.777778630267));
#9653 = VECTOR('',#9654,1.);
#9654 = DIRECTION('',(1.,0.,0.));
#9655 = PCURVE('',#2042,#9656);
#9656 = DEFINITIONAL_REPRESENTATION('',(#9657),#9661);
#9657 = LINE('',#9658,#9659);
#9658 = CARTESIAN_POINT('',(-0.,0.));
#9659 = VECTOR('',#9660,1.);
#9660 = DIRECTION('',(-0.,-1.));
#9661 = ( GEOMETRIC_REPRESENTATION_CONTEXT(2) 
PARAMETRIC_REPRESENTATION_CONTEXT() REPRESENTATION_CONTEXT('2D SPACE',''
  ) );
#9662 = PCURVE('',#2010,#9663);
#9663 = DEFINITIONAL_REPRESENTATION('',(#9664),#9668);
#9664 = LINE('',#9665,#9666);
#9665 = CARTESIAN_POINT('',(1.,0.));
#9666 = VECTOR('',#9667,1.);
#9667 = DIRECTION('',(0.,-1.));
#9668 = ( GEOMETRIC_REPRESENTATION_CONTEXT(2) 
PARAMETRIC_REPRESENTATION_CONTEXT() REPRESENTATION_CONTEXT('2D SPACE',''
  ) );
#9669 = ORIENTED_EDGE('',*,*,#9670,.T.);
#9670 = EDGE_CURVE('',#9648,#9548,#9671,.T.);
#9671 = SURFACE_CURVE('',#9672,(#9677,#9684),.PCURVE_S1.);
#9672 = CIRCLE('',#9673,17.5);
#9673 = AXIS2_PLACEMENT_3D('',#9674,#9675,#9676);
#9674 = CARTESIAN_POINT('',(6.,-1.169724025008E-02,3.686460805682E-02));
#9675 = DIRECTION('',(1.,0.,0.));
#9676 = DIRECTION('',(0.,-0.975953322678,-0.217979613618));
#9677 = PCURVE('',#2042,#9678);
#9678 = DEFINITIONAL_REPRESENTATION('',(#9679),#9683);
#9679 = LINE('',#9680,#9681);
#9680 = CARTESIAN_POINT('',(-0.,-6.));
#9681 = VECTOR('',#9682,1.);
#9682 = DIRECTION('',(-1.,0.));
#9683 = ( GEOMETRIC_REPRESENTATION_CONTEXT(2) 
PARAMETRIC_REPRESENTATION_CONTEXT() REPRESENTATION_CONTEXT('2D SPACE',''
  ) );
#9684 = PCURVE('',#3898,#9685);
#9685 = DEFINITIONAL_REPRESENTATION('',(#9686),#9690);
#9686 = CIRCLE('',#9687,17.5);
#9687 = AXIS2_PLACEMENT_2D('',#9688,#9689);
#9688 = CARTESIAN_POINT('',(3.686460805682E-02,1.169724025007E-02));
#9689 = DIRECTION('',(-0.217979613618,0.975953322678));
#9690 = ( GEOMETRIC_REPRESENTATION_CONTEXT(2) 
PARAMETRIC_REPRESENTATION_CONTEXT() REPRESENTATION_CONTEXT('2D SPACE',''
  ) );
#9691 = ORIENTED_EDGE('',*,*,#9547,.F.);
#9692 = ORIENTED_EDGE('',*,*,#2025,.F.);
#9693 = ADVANCED_FACE('',(#9694),#1857,.F.);
#9694 = FACE_BOUND('',#9695,.F.);
#9695 = EDGE_LOOP('',(#9696,#9697,#9725,#9746));
#9696 = ORIENTED_EDGE('',*,*,#9622,.T.);
#9697 = ORIENTED_EDGE('',*,*,#9698,.T.);
#9698 = EDGE_CURVE('',#9600,#9699,#9701,.T.);
#9699 = VERTEX_POINT('',#9700);
#9700 = CARTESIAN_POINT('',(6.,-11.86449971317,0.499271024791));
#9701 = SURFACE_CURVE('',#9702,(#9707,#9714),.PCURVE_S1.);
#9702 = CIRCLE('',#9703,0.95);
#9703 = AXIS2_PLACEMENT_3D('',#9704,#9705,#9706);
#9704 = CARTESIAN_POINT('',(6.,-12.81373964572,0.537265109228));
#9705 = DIRECTION('',(-1.,0.,0.));
#9706 = DIRECTION('',(0.,7.886586482015E-02,0.996885236808));
#9707 = PCURVE('',#1857,#9708);
#9708 = DEFINITIONAL_REPRESENTATION('',(#9709),#9713);
#9709 = LINE('',#9710,#9711);
#9710 = CARTESIAN_POINT('',(0.,-6.));
#9711 = VECTOR('',#9712,1.);
#9712 = DIRECTION('',(1.,0.));
#9713 = ( GEOMETRIC_REPRESENTATION_CONTEXT(2) 
PARAMETRIC_REPRESENTATION_CONTEXT() REPRESENTATION_CONTEXT('2D SPACE',''
  ) );
#9714 = PCURVE('',#3898,#9715);
#9715 = DEFINITIONAL_REPRESENTATION('',(#9716),#9724);
#9716 = ( BOUNDED_CURVE() B_SPLINE_CURVE(2,(#9717,#9718,#9719,#9720,
#9721,#9722,#9723),.UNSPECIFIED.,.T.,.F.) B_SPLINE_CURVE_WITH_KNOTS((1,2
    ,2,2,2,1),(-2.094395102393,0.,2.094395102393,4.188790204786,
6.28318530718,8.377580409573),.UNSPECIFIED.) CURVE() 
GEOMETRIC_REPRESENTATION_ITEM() RATIONAL_B_SPLINE_CURVE((1.,0.5,1.,0.5,
1.,0.5,1.)) REPRESENTATION_ITEM('') );
#9717 = CARTESIAN_POINT('',(1.484306084196,12.738817074141));
#9718 = CARTESIAN_POINT('',(1.354536383587,11.098493988647));
#9719 = CARTESIAN_POINT('',(-1.140228560059E-03,12.031039388763));
#9720 = CARTESIAN_POINT('',(-1.356816840707,12.963584788878));
#9721 = CARTESIAN_POINT('',(0.128629472049,13.671362474256));
#9722 = CARTESIAN_POINT('',(1.614075784805,14.379140159634));
#9723 = CARTESIAN_POINT('',(1.484306084196,12.738817074141));
#9724 = ( GEOMETRIC_REPRESENTATION_CONTEXT(2) 
PARAMETRIC_REPRESENTATION_CONTEXT() REPRESENTATION_CONTEXT('2D SPACE',''
  ) );
#9725 = ORIENTED_EDGE('',*,*,#9726,.F.);
#9726 = EDGE_CURVE('',#1837,#9699,#9727,.T.);
#9727 = SURFACE_CURVE('',#9728,(#9732,#9739),.PCURVE_S1.);
#9728 = LINE('',#9729,#9730);
#9729 = CARTESIAN_POINT('',(0.,-11.86449971317,0.499271024791));
#9730 = VECTOR('',#9731,1.);
#9731 = DIRECTION('',(1.,0.,0.));
#9732 = PCURVE('',#1857,#9733);
#9733 = DEFINITIONAL_REPRESENTATION('',(#9734),#9738);
#9734 = LINE('',#9735,#9736);
#9735 = CARTESIAN_POINT('',(1.531852919448,0.));
#9736 = VECTOR('',#9737,1.);
#9737 = DIRECTION('',(0.,-1.));
#9738 = ( GEOMETRIC_REPRESENTATION_CONTEXT(2) 
PARAMETRIC_REPRESENTATION_CONTEXT() REPRESENTATION_CONTEXT('2D SPACE',''
  ) );
#9739 = PCURVE('',#1886,#9740);
#9740 = DEFINITIONAL_REPRESENTATION('',(#9741),#9745);
#9741 = LINE('',#9742,#9743);
#9742 = CARTESIAN_POINT('',(-0.,0.));
#9743 = VECTOR('',#9744,1.);
#9744 = DIRECTION('',(-0.,-1.));
#9745 = ( GEOMETRIC_REPRESENTATION_CONTEXT(2) 
PARAMETRIC_REPRESENTATION_CONTEXT() REPRESENTATION_CONTEXT('2D SPACE',''
  ) );
#9746 = ORIENTED_EDGE('',*,*,#1836,.F.);
#9747 = ADVANCED_FACE('',(#9748),#2010,.F.);
#9748 = FACE_BOUND('',#9749,.F.);
#9749 = EDGE_LOOP('',(#9750,#9773,#9796,#9797));
#9750 = ORIENTED_EDGE('',*,*,#9751,.T.);
#9751 = EDGE_CURVE('',#1960,#9752,#9754,.T.);
#9752 = VERTEX_POINT('',#9753);
#9753 = CARTESIAN_POINT('',(6.,-14.9166731743,-1.981133601028));
#9754 = SURFACE_CURVE('',#9755,(#9759,#9766),.PCURVE_S1.);
#9755 = LINE('',#9756,#9757);
#9756 = CARTESIAN_POINT('',(0.,-14.9166731743,-1.981133601028));
#9757 = VECTOR('',#9758,1.);
#9758 = DIRECTION('',(1.,0.,0.));
#9759 = PCURVE('',#2010,#9760);
#9760 = DEFINITIONAL_REPRESENTATION('',(#9761),#9765);
#9761 = LINE('',#9762,#9763);
#9762 = CARTESIAN_POINT('',(0.,0.));
#9763 = VECTOR('',#9764,1.);
#9764 = DIRECTION('',(0.,-1.));
#9765 = ( GEOMETRIC_REPRESENTATION_CONTEXT(2) 
PARAMETRIC_REPRESENTATION_CONTEXT() REPRESENTATION_CONTEXT('2D SPACE',''
  ) );
#9766 = PCURVE('',#1977,#9767);
#9767 = DEFINITIONAL_REPRESENTATION('',(#9768),#9772);
#9768 = LINE('',#9769,#9770);
#9769 = CARTESIAN_POINT('',(1.,0.));
#9770 = VECTOR('',#9771,1.);
#9771 = DIRECTION('',(0.,-1.));
#9772 = ( GEOMETRIC_REPRESENTATION_CONTEXT(2) 
PARAMETRIC_REPRESENTATION_CONTEXT() REPRESENTATION_CONTEXT('2D SPACE',''
  ) );
#9773 = ORIENTED_EDGE('',*,*,#9774,.T.);
#9774 = EDGE_CURVE('',#9752,#9648,#9775,.T.);
#9775 = SURFACE_CURVE('',#9776,(#9781,#9788),.PCURVE_S1.);
#9776 = B_SPLINE_CURVE_WITH_KNOTS('',3,(#9777,#9778,#9779,#9780),
  .UNSPECIFIED.,.F.,.F.,(4,4),(0.,1.),.PIECEWISE_BEZIER_KNOTS.);
#9777 = CARTESIAN_POINT('',(6.,-14.9166731743,-1.981133601028));
#9778 = CARTESIAN_POINT('',(6.,-15.47909136692,-2.282017098656));
#9779 = CARTESIAN_POINT('',(6.,-16.25002458021,-2.822075104157));
#9780 = CARTESIAN_POINT('',(6.,-17.09088038712,-3.777778630267));
#9781 = PCURVE('',#2010,#9782);
#9782 = DEFINITIONAL_REPRESENTATION('',(#9783),#9787);
#9783 = LINE('',#9784,#9785);
#9784 = CARTESIAN_POINT('',(0.,-6.));
#9785 = VECTOR('',#9786,1.);
#9786 = DIRECTION('',(1.,0.));
#9787 = ( GEOMETRIC_REPRESENTATION_CONTEXT(2) 
PARAMETRIC_REPRESENTATION_CONTEXT() REPRESENTATION_CONTEXT('2D SPACE',''
  ) );
#9788 = PCURVE('',#3898,#9789);
#9789 = DEFINITIONAL_REPRESENTATION('',(#9790),#9795);
#9790 = B_SPLINE_CURVE_WITH_KNOTS('',3,(#9791,#9792,#9793,#9794),
  .UNSPECIFIED.,.F.,.F.,(4,4),(0.,1.),.PIECEWISE_BEZIER_KNOTS.);
#9791 = CARTESIAN_POINT('',(-1.981133601028,14.916673174306));
#9792 = CARTESIAN_POINT('',(-2.282017098656,15.479091366926));
#9793 = CARTESIAN_POINT('',(-2.822075104157,16.250024580218));
#9794 = CARTESIAN_POINT('',(-3.777778630267,17.09088038712));
#9795 = ( GEOMETRIC_REPRESENTATION_CONTEXT(2) 
PARAMETRIC_REPRESENTATION_CONTEXT() REPRESENTATION_CONTEXT('2D SPACE',''
  ) );
#9796 = ORIENTED_EDGE('',*,*,#9647,.F.);
#9797 = ORIENTED_EDGE('',*,*,#1992,.F.);
#9798 = ADVANCED_FACE('',(#9799),#1886,.T.);
#9799 = FACE_BOUND('',#9800,.F.);
#9800 = EDGE_LOOP('',(#9801,#9802,#9826,#9847));
#9801 = ORIENTED_EDGE('',*,*,#9726,.T.);
#9802 = ORIENTED_EDGE('',*,*,#9803,.T.);
#9803 = EDGE_CURVE('',#9699,#9804,#9806,.T.);
#9804 = VERTEX_POINT('',#9805);
#9805 = CARTESIAN_POINT('',(6.,-11.86449971317,-0.499271024791));
#9806 = SURFACE_CURVE('',#9807,(#9812,#9819),.PCURVE_S1.);
#9807 = CIRCLE('',#9808,11.875000000001);
#9808 = AXIS2_PLACEMENT_3D('',#9809,#9810,#9811);
#9809 = CARTESIAN_POINT('',(6.,1.391752101809E-12,-2.006416991367E-15));
#9810 = DIRECTION('',(1.,0.,0.));
#9811 = DIRECTION('',(0.,-0.99911576532,4.204387577189E-02));
#9812 = PCURVE('',#1886,#9813);
#9813 = DEFINITIONAL_REPRESENTATION('',(#9814),#9818);
#9814 = LINE('',#9815,#9816);
#9815 = CARTESIAN_POINT('',(-0.,-6.));
#9816 = VECTOR('',#9817,1.);
#9817 = DIRECTION('',(-1.,0.));
#9818 = ( GEOMETRIC_REPRESENTATION_CONTEXT(2) 
PARAMETRIC_REPRESENTATION_CONTEXT() REPRESENTATION_CONTEXT('2D SPACE',''
  ) );
#9819 = PCURVE('',#3898,#9820);
#9820 = DEFINITIONAL_REPRESENTATION('',(#9821),#9825);
#9821 = CIRCLE('',#9822,11.875000000001);
#9822 = AXIS2_PLACEMENT_2D('',#9823,#9824);
#9823 = CARTESIAN_POINT('',(-8.064169913672E-16,-1.394602101809E-12));
#9824 = DIRECTION('',(4.204387577189E-02,0.99911576532));
#9825 = ( GEOMETRIC_REPRESENTATION_CONTEXT(2) 
PARAMETRIC_REPRESENTATION_CONTEXT() REPRESENTATION_CONTEXT('2D SPACE',''
  ) );
#9826 = ORIENTED_EDGE('',*,*,#9827,.F.);
#9827 = EDGE_CURVE('',#1870,#9804,#9828,.T.);
#9828 = SURFACE_CURVE('',#9829,(#9833,#9840),.PCURVE_S1.);
#9829 = LINE('',#9830,#9831);
#9830 = CARTESIAN_POINT('',(0.,-11.86449971317,-0.499271024791));
#9831 = VECTOR('',#9832,1.);
#9832 = DIRECTION('',(1.,0.,0.));
#9833 = PCURVE('',#1886,#9834);
#9834 = DEFINITIONAL_REPRESENTATION('',(#9835),#9839);
#9835 = LINE('',#9836,#9837);
#9836 = CARTESIAN_POINT('',(-8.411254474859E-02,0.));
#9837 = VECTOR('',#9838,1.);
#9838 = DIRECTION('',(-0.,-1.));
#9839 = ( GEOMETRIC_REPRESENTATION_CONTEXT(2) 
PARAMETRIC_REPRESENTATION_CONTEXT() REPRESENTATION_CONTEXT('2D SPACE',''
  ) );
#9840 = PCURVE('',#1919,#9841);
#9841 = DEFINITIONAL_REPRESENTATION('',(#9842),#9846);
#9842 = LINE('',#9843,#9844);
#9843 = CARTESIAN_POINT('',(0.,0.));
#9844 = VECTOR('',#9845,1.);
#9845 = DIRECTION('',(0.,-1.));
#9846 = ( GEOMETRIC_REPRESENTATION_CONTEXT(2) 
PARAMETRIC_REPRESENTATION_CONTEXT() REPRESENTATION_CONTEXT('2D SPACE',''
  ) );
#9847 = ORIENTED_EDGE('',*,*,#1869,.F.);
#9848 = ADVANCED_FACE('',(#9849),#1977,.F.);
#9849 = FACE_BOUND('',#9850,.F.);
#9850 = EDGE_LOOP('',(#9851,#9874,#9897,#9898));
#9851 = ORIENTED_EDGE('',*,*,#9852,.T.);
#9852 = EDGE_CURVE('',#1932,#9853,#9855,.T.);
#9853 = VERTEX_POINT('',#9854);
#9854 = CARTESIAN_POINT('',(6.,-14.0400314549,-1.637979424984));
#9855 = SURFACE_CURVE('',#9856,(#9860,#9867),.PCURVE_S1.);
#9856 = LINE('',#9857,#9858);
#9857 = CARTESIAN_POINT('',(0.,-14.0400314549,-1.637979424984));
#9858 = VECTOR('',#9859,1.);
#9859 = DIRECTION('',(1.,0.,0.));
#9860 = PCURVE('',#1977,#9861);
#9861 = DEFINITIONAL_REPRESENTATION('',(#9862),#9866);
#9862 = LINE('',#9863,#9864);
#9863 = CARTESIAN_POINT('',(0.,0.));
#9864 = VECTOR('',#9865,1.);
#9865 = DIRECTION('',(0.,-1.));
#9866 = ( GEOMETRIC_REPRESENTATION_CONTEXT(2) 
PARAMETRIC_REPRESENTATION_CONTEXT() REPRESENTATION_CONTEXT('2D SPACE',''
  ) );
#9867 = PCURVE('',#1947,#9868);
#9868 = DEFINITIONAL_REPRESENTATION('',(#9869),#9873);
#9869 = LINE('',#9870,#9871);
#9870 = CARTESIAN_POINT('',(1.310257364179,0.));
#9871 = VECTOR('',#9872,1.);
#9872 = DIRECTION('',(0.,-1.));
#9873 = ( GEOMETRIC_REPRESENTATION_CONTEXT(2) 
PARAMETRIC_REPRESENTATION_CONTEXT() REPRESENTATION_CONTEXT('2D SPACE',''
  ) );
#9874 = ORIENTED_EDGE('',*,*,#9875,.T.);
#9875 = EDGE_CURVE('',#9853,#9752,#9876,.T.);
#9876 = SURFACE_CURVE('',#9877,(#9882,#9889),.PCURVE_S1.);
#9877 = B_SPLINE_CURVE_WITH_KNOTS('',3,(#9878,#9879,#9880,#9881),
  .UNSPECIFIED.,.F.,.F.,(4,4),(0.,1.),.PIECEWISE_BEZIER_KNOTS.);
#9878 = CARTESIAN_POINT('',(6.,-14.0400314549,-1.637979424984));
#9879 = CARTESIAN_POINT('',(6.,-14.14179823864,-1.657626700485));
#9880 = CARTESIAN_POINT('',(6.,-14.44339233162,-1.73131935964));
#9881 = CARTESIAN_POINT('',(6.,-14.9166731743,-1.981133601028));
#9882 = PCURVE('',#1977,#9883);
#9883 = DEFINITIONAL_REPRESENTATION('',(#9884),#9888);
#9884 = LINE('',#9885,#9886);
#9885 = CARTESIAN_POINT('',(0.,-6.));
#9886 = VECTOR('',#9887,1.);
#9887 = DIRECTION('',(1.,0.));
#9888 = ( GEOMETRIC_REPRESENTATION_CONTEXT(2) 
PARAMETRIC_REPRESENTATION_CONTEXT() REPRESENTATION_CONTEXT('2D SPACE',''
  ) );
#9889 = PCURVE('',#3898,#9890);
#9890 = DEFINITIONAL_REPRESENTATION('',(#9891),#9896);
#9891 = B_SPLINE_CURVE_WITH_KNOTS('',3,(#9892,#9893,#9894,#9895),
  .UNSPECIFIED.,.F.,.F.,(4,4),(0.,1.),.PIECEWISE_BEZIER_KNOTS.);
#9892 = CARTESIAN_POINT('',(-1.637979424984,14.040031454909));
#9893 = CARTESIAN_POINT('',(-1.657626700485,14.141798238642));
#9894 = CARTESIAN_POINT('',(-1.73131935964,14.443392331625));
#9895 = CARTESIAN_POINT('',(-1.981133601028,14.916673174306));
#9896 = ( GEOMETRIC_REPRESENTATION_CONTEXT(2) 
PARAMETRIC_REPRESENTATION_CONTEXT() REPRESENTATION_CONTEXT('2D SPACE',''
  ) );
#9897 = ORIENTED_EDGE('',*,*,#9751,.F.);
#9898 = ORIENTED_EDGE('',*,*,#1959,.F.);
#9899 = ADVANCED_FACE('',(#9900),#1919,.F.);
#9900 = FACE_BOUND('',#9901,.F.);
#9901 = EDGE_LOOP('',(#9902,#9903,#9931,#9952));
#9902 = ORIENTED_EDGE('',*,*,#9827,.T.);
#9903 = ORIENTED_EDGE('',*,*,#9904,.T.);
#9904 = EDGE_CURVE('',#9804,#9905,#9907,.T.);
#9905 = VERTEX_POINT('',#9906);
#9906 = CARTESIAN_POINT('',(6.,-12.73881707414,-1.484306084196));
#9907 = SURFACE_CURVE('',#9908,(#9913,#9920),.PCURVE_S1.);
#9908 = CIRCLE('',#9909,0.95);
#9909 = AXIS2_PLACEMENT_3D('',#9910,#9911,#9912);
#9910 = CARTESIAN_POINT('',(6.,-12.81373964572,-0.537265109228));
#9911 = DIRECTION('',(-1.,0.,0.));
#9912 = DIRECTION('',(0.,0.999199929,3.999377309151E-02));
#9913 = PCURVE('',#1919,#9914);
#9914 = DEFINITIONAL_REPRESENTATION('',(#9915),#9919);
#9915 = LINE('',#9916,#9917);
#9916 = CARTESIAN_POINT('',(0.,-6.));
#9917 = VECTOR('',#9918,1.);
#9918 = DIRECTION('',(1.,0.));
#9919 = ( GEOMETRIC_REPRESENTATION_CONTEXT(2) 
PARAMETRIC_REPRESENTATION_CONTEXT() REPRESENTATION_CONTEXT('2D SPACE',''
  ) );
#9920 = PCURVE('',#3898,#9921);
#9921 = DEFINITIONAL_REPRESENTATION('',(#9922),#9930);
#9922 = ( BOUNDED_CURVE() B_SPLINE_CURVE(2,(#9923,#9924,#9925,#9926,
#9927,#9928,#9929),.UNSPECIFIED.,.T.,.F.) B_SPLINE_CURVE_WITH_KNOTS((1,2
    ,2,2,2,1),(-2.094395102393,0.,2.094395102393,4.188790204786,
6.28318530718,8.377580409573),.UNSPECIFIED.) CURVE() 
GEOMETRIC_REPRESENTATION_ITEM() RATIONAL_B_SPLINE_CURVE((1.,0.5,1.,0.5,
1.,0.5,1.)) REPRESENTATION_ITEM('') );
#9923 = CARTESIAN_POINT('',(-0.499271024791,11.86449971317));
#9924 = CARTESIAN_POINT('',(-2.143402816541,11.798692028538));
#9925 = CARTESIAN_POINT('',(-1.378328047322,13.255455769679));
#9926 = CARTESIAN_POINT('',(-0.613253278102,14.71221951082));
#9927 = CARTESIAN_POINT('',(0.265803744428,13.321263454311));
#9928 = CARTESIAN_POINT('',(1.144860766959,11.930307397802));
#9929 = CARTESIAN_POINT('',(-0.499271024791,11.86449971317));
#9930 = ( GEOMETRIC_REPRESENTATION_CONTEXT(2) 
PARAMETRIC_REPRESENTATION_CONTEXT() REPRESENTATION_CONTEXT('2D SPACE',''
  ) );
#9931 = ORIENTED_EDGE('',*,*,#9932,.F.);
#9932 = EDGE_CURVE('',#1899,#9905,#9933,.T.);
#9933 = SURFACE_CURVE('',#9934,(#9938,#9945),.PCURVE_S1.);
#9934 = LINE('',#9935,#9936);
#9935 = CARTESIAN_POINT('',(0.,-12.73881707414,-1.484306084196));
#9936 = VECTOR('',#9937,1.);
#9937 = DIRECTION('',(1.,0.,0.));
#9938 = PCURVE('',#1919,#9939);
#9939 = DEFINITIONAL_REPRESENTATION('',(#9940),#9944);
#9940 = LINE('',#9941,#9942);
#9941 = CARTESIAN_POINT('',(1.531852919448,0.));
#9942 = VECTOR('',#9943,1.);
#9943 = DIRECTION('',(0.,-1.));
#9944 = ( GEOMETRIC_REPRESENTATION_CONTEXT(2) 
PARAMETRIC_REPRESENTATION_CONTEXT() REPRESENTATION_CONTEXT('2D SPACE',''
  ) );
#9945 = PCURVE('',#1947,#9946);
#9946 = DEFINITIONAL_REPRESENTATION('',(#9947),#9951);
#9947 = LINE('',#9948,#9949);
#9948 = CARTESIAN_POINT('',(0.,0.));
#9949 = VECTOR('',#9950,1.);
#9950 = DIRECTION('',(0.,-1.));
#9951 = ( GEOMETRIC_REPRESENTATION_CONTEXT(2) 
PARAMETRIC_REPRESENTATION_CONTEXT() REPRESENTATION_CONTEXT('2D SPACE',''
  ) );
#9952 = ORIENTED_EDGE('',*,*,#1898,.F.);
#9953 = ADVANCED_FACE('',(#9954),#1947,.F.);
#9954 = FACE_BOUND('',#9955,.F.);
#9955 = EDGE_LOOP('',(#9956,#9957,#9978,#9979));
#9956 = ORIENTED_EDGE('',*,*,#9932,.T.);
#9957 = ORIENTED_EDGE('',*,*,#9958,.T.);
#9958 = EDGE_CURVE('',#9905,#9853,#9959,.T.);
#9959 = SURFACE_CURVE('',#9960,(#9964,#9971),.PCURVE_S1.);
#9960 = LINE('',#9961,#9962);
#9961 = CARTESIAN_POINT('',(6.,-12.73881707414,-1.484306084196));
#9962 = VECTOR('',#9963,1.);
#9963 = DIRECTION('',(0.,-0.993098315141,-0.117284851808));
#9964 = PCURVE('',#1947,#9965);
#9965 = DEFINITIONAL_REPRESENTATION('',(#9966),#9970);
#9966 = LINE('',#9967,#9968);
#9967 = CARTESIAN_POINT('',(0.,-6.));
#9968 = VECTOR('',#9969,1.);
#9969 = DIRECTION('',(1.,0.));
#9970 = ( GEOMETRIC_REPRESENTATION_CONTEXT(2) 
PARAMETRIC_REPRESENTATION_CONTEXT() REPRESENTATION_CONTEXT('2D SPACE',''
  ) );
#9971 = PCURVE('',#3898,#9972);
#9972 = DEFINITIONAL_REPRESENTATION('',(#9973),#9977);
#9973 = LINE('',#9974,#9975);
#9974 = CARTESIAN_POINT('',(-1.484306084196,12.738817074141));
#9975 = VECTOR('',#9976,1.);
#9976 = DIRECTION('',(-0.117284851808,0.993098315141));
#9977 = ( GEOMETRIC_REPRESENTATION_CONTEXT(2) 
PARAMETRIC_REPRESENTATION_CONTEXT() REPRESENTATION_CONTEXT('2D SPACE',''
  ) );
#9978 = ORIENTED_EDGE('',*,*,#9852,.F.);
#9979 = ORIENTED_EDGE('',*,*,#1931,.F.);
#9980 = ADVANCED_FACE('',(#9981),#3844,.T.);
#9981 = FACE_BOUND('',#9982,.T.);
#9982 = EDGE_LOOP('',(#9983,#10006,#10033,#10034));
#9983 = ORIENTED_EDGE('',*,*,#9984,.T.);
#9984 = EDGE_CURVE('',#3805,#9985,#9987,.T.);
#9985 = VERTEX_POINT('',#9986);
#9986 = CARTESIAN_POINT('',(-6.,8.,0.));
#9987 = SEAM_CURVE('',#9988,(#9992,#9999),.PCURVE_S1.);
#9988 = LINE('',#9989,#9990);
#9989 = CARTESIAN_POINT('',(0.,8.,0.));
#9990 = VECTOR('',#9991,1.);
#9991 = DIRECTION('',(-1.,-0.,-0.));
#9992 = PCURVE('',#3844,#9993);
#9993 = DEFINITIONAL_REPRESENTATION('',(#9994),#9998);
#9994 = LINE('',#9995,#9996);
#9995 = CARTESIAN_POINT('',(0.,0.));
#9996 = VECTOR('',#9997,1.);
#9997 = DIRECTION('',(0.,-1.));
#9998 = ( GEOMETRIC_REPRESENTATION_CONTEXT(2) 
PARAMETRIC_REPRESENTATION_CONTEXT() REPRESENTATION_CONTEXT('2D SPACE',''
  ) );
#9999 = PCURVE('',#3844,#10000);
#10000 = DEFINITIONAL_REPRESENTATION('',(#10001),#10005);
#10001 = LINE('',#10002,#10003);
#10002 = CARTESIAN_POINT('',(6.28318530718,0.));
#10003 = VECTOR('',#10004,1.);
#10004 = DIRECTION('',(0.,-1.));
#10005 = ( GEOMETRIC_REPRESENTATION_CONTEXT(2) 
PARAMETRIC_REPRESENTATION_CONTEXT() REPRESENTATION_CONTEXT('2D SPACE',''
  ) );
#10006 = ORIENTED_EDGE('',*,*,#10007,.T.);
#10007 = EDGE_CURVE('',#9985,#9985,#10008,.T.);
#10008 = SURFACE_CURVE('',#10009,(#10014,#10021),.PCURVE_S1.);
#10009 = CIRCLE('',#10010,8.);
#10010 = AXIS2_PLACEMENT_3D('',#10011,#10012,#10013);
#10011 = CARTESIAN_POINT('',(-6.,0.,0.));
#10012 = DIRECTION('',(1.,0.,0.));
#10013 = DIRECTION('',(0.,1.,0.));
#10014 = PCURVE('',#3844,#10015);
#10015 = DEFINITIONAL_REPRESENTATION('',(#10016),#10020);
#10016 = LINE('',#10017,#10018);
#10017 = CARTESIAN_POINT('',(0.,-6.));
#10018 = VECTOR('',#10019,1.);
#10019 = DIRECTION('',(1.,0.));
#10020 = ( GEOMETRIC_REPRESENTATION_CONTEXT(2) 
PARAMETRIC_REPRESENTATION_CONTEXT() REPRESENTATION_CONTEXT('2D SPACE',''
  ) );
#10021 = PCURVE('',#10022,#10027);
#10022 = PLANE('',#10023);
#10023 = AXIS2_PLACEMENT_3D('',#10024,#10025,#10026);
#10024 = CARTESIAN_POINT('',(-6.,-4.3E-16,5.7E-16));
#10025 = DIRECTION('',(1.,0.,0.));
#10026 = DIRECTION('',(0.,0.,1.));
#10027 = DEFINITIONAL_REPRESENTATION('',(#10028),#10032);
#10028 = CIRCLE('',#10029,8.);
#10029 = AXIS2_PLACEMENT_2D('',#10030,#10031);
#10030 = CARTESIAN_POINT('',(-5.7E-16,-4.3E-16));
#10031 = DIRECTION('',(0.,-1.));
#10032 = ( GEOMETRIC_REPRESENTATION_CONTEXT(2) 
PARAMETRIC_REPRESENTATION_CONTEXT() REPRESENTATION_CONTEXT('2D SPACE',''
  ) );
#10033 = ORIENTED_EDGE('',*,*,#9984,.F.);
#10034 = ORIENTED_EDGE('',*,*,#3829,.F.);
#10035 = ADVANCED_FACE('',(#10036,#10071),#3898,.T.);
#10036 = FACE_BOUND('',#10037,.T.);
#10037 = EDGE_LOOP('',(#10038));
#10038 = ORIENTED_EDGE('',*,*,#10039,.T.);
#10039 = EDGE_CURVE('',#10040,#10040,#10042,.T.);
#10040 = VERTEX_POINT('',#10041);
#10041 = CARTESIAN_POINT('',(6.,5.,-1.E-15));
#10042 = SURFACE_CURVE('',#10043,(#10048,#10059),.PCURVE_S1.);
#10043 = CIRCLE('',#10044,5.);
#10044 = AXIS2_PLACEMENT_3D('',#10045,#10046,#10047);
#10045 = CARTESIAN_POINT('',(6.,0.,0.));
#10046 = DIRECTION('',(-1.,0.,-0.));
#10047 = DIRECTION('',(0.,1.,-2.4E-16));
#10048 = PCURVE('',#3898,#10049);
#10049 = DEFINITIONAL_REPRESENTATION('',(#10050),#10058);
#10050 = ( BOUNDED_CURVE() B_SPLINE_CURVE(2,(#10051,#10052,#10053,#10054
    ,#10055,#10056,#10057),.UNSPECIFIED.,.T.,.F.) 
B_SPLINE_CURVE_WITH_KNOTS((1,2,2,2,2,1),(-2.094395102393,0.,
    2.094395102393,4.188790204786,6.28318530718,8.377580409573),
.UNSPECIFIED.) CURVE() GEOMETRIC_REPRESENTATION_ITEM() 
RATIONAL_B_SPLINE_CURVE((1.,0.5,1.,0.5,1.,0.5,1.)) REPRESENTATION_ITEM(
  '') );
#10051 = CARTESIAN_POINT('',(0.,-5.));
#10052 = CARTESIAN_POINT('',(-8.660254037844,-5.));
#10053 = CARTESIAN_POINT('',(-4.330127018922,2.5));
#10054 = CARTESIAN_POINT('',(2.375353200853E-15,10.));
#10055 = CARTESIAN_POINT('',(4.330127018922,2.5));
#10056 = CARTESIAN_POINT('',(8.660254037844,-5.));
#10057 = CARTESIAN_POINT('',(0.,-5.));
#10058 = ( GEOMETRIC_REPRESENTATION_CONTEXT(2) 
PARAMETRIC_REPRESENTATION_CONTEXT() REPRESENTATION_CONTEXT('2D SPACE',''
  ) );
#10059 = PCURVE('',#10060,#10065);
#10060 = TOROIDAL_SURFACE('',#10061,5.,1.);
#10061 = AXIS2_PLACEMENT_3D('',#10062,#10063,#10064);
#10062 = CARTESIAN_POINT('',(7.,0.,0.));
#10063 = DIRECTION('',(-1.,0.,0.));
#10064 = DIRECTION('',(0.,1.,-2.4E-16));
#10065 = DEFINITIONAL_REPRESENTATION('',(#10066),#10070);
#10066 = LINE('',#10067,#10068);
#10067 = CARTESIAN_POINT('',(0.,1.570796326795));
#10068 = VECTOR('',#10069,1.);
#10069 = DIRECTION('',(1.,0.));
#10070 = ( GEOMETRIC_REPRESENTATION_CONTEXT(2) 
PARAMETRIC_REPRESENTATION_CONTEXT() REPRESENTATION_CONTEXT('2D SPACE',''
  ) );
#10071 = FACE_BOUND('',#10072,.T.);
#10072 = EDGE_LOOP('',(#10073,#10074,#10075,#10076,#10077,#10078,#10079,
    #10080,#10081,#10082,#10083,#10084,#10085,#10086,#10087,#10088,
    #10089,#10090,#10091,#10092,#10093,#10094,#10095,#10096,#10097,
    #10098,#10099,#10100,#10101,#10102,#10103,#10104,#10105,#10106,
    #10107,#10108,#10109,#10110,#10111,#10112,#10113,#10114,#10115,
    #10116,#10117,#10118,#10119,#10120,#10121,#10122,#10123,#10124,
    #10125,#10126,#10127,#10128,#10129,#10130,#10131,#10132,#10133,
    #10134,#10135,#10136,#10137,#10138,#10139,#10140,#10141,#10142,
    #10143,#10144,#10145,#10146,#10147,#10148,#10149,#10150,#10151,
    #10152,#10153,#10154,#10155,#10156,#10157,#10158,#10159,#10160,
    #10161,#10162,#10163,#10164,#10165,#10166,#10167,#10168,#10169,
    #10170,#10171,#10172,#10173,#10174,#10175,#10176,#10177,#10178,
    #10179,#10180,#10181,#10182,#10183,#10184,#10185,#10186,#10187,
    #10188,#10189,#10190,#10191,#10192));
#10073 = ORIENTED_EDGE('',*,*,#3882,.T.);
#10074 = ORIENTED_EDGE('',*,*,#3990,.T.);
#10075 = ORIENTED_EDGE('',*,*,#4091,.T.);
#10076 = ORIENTED_EDGE('',*,*,#4196,.T.);
#10077 = ORIENTED_EDGE('',*,*,#4295,.T.);
#10078 = ORIENTED_EDGE('',*,*,#4397,.T.);
#10079 = ORIENTED_EDGE('',*,*,#4499,.T.);
#10080 = ORIENTED_EDGE('',*,*,#4598,.T.);
#10081 = ORIENTED_EDGE('',*,*,#4703,.T.);
#10082 = ORIENTED_EDGE('',*,*,#4804,.T.);
#10083 = ORIENTED_EDGE('',*,*,#4907,.T.);
#10084 = ORIENTED_EDGE('',*,*,#5010,.T.);
#10085 = ORIENTED_EDGE('',*,*,#5111,.T.);
#10086 = ORIENTED_EDGE('',*,*,#5216,.T.);
#10087 = ORIENTED_EDGE('',*,*,#5315,.T.);
#10088 = ORIENTED_EDGE('',*,*,#5417,.T.);
#10089 = ORIENTED_EDGE('',*,*,#5519,.T.);
#10090 = ORIENTED_EDGE('',*,*,#5618,.T.);
#10091 = ORIENTED_EDGE('',*,*,#5723,.T.);
#10092 = ORIENTED_EDGE('',*,*,#5824,.T.);
#10093 = ORIENTED_EDGE('',*,*,#5927,.T.);
#10094 = ORIENTED_EDGE('',*,*,#6030,.T.);
#10095 = ORIENTED_EDGE('',*,*,#6131,.T.);
#10096 = ORIENTED_EDGE('',*,*,#6236,.T.);
#10097 = ORIENTED_EDGE('',*,*,#6335,.T.);
#10098 = ORIENTED_EDGE('',*,*,#6437,.T.);
#10099 = ORIENTED_EDGE('',*,*,#6539,.T.);
#10100 = ORIENTED_EDGE('',*,*,#6638,.T.);
#10101 = ORIENTED_EDGE('',*,*,#6743,.T.);
#10102 = ORIENTED_EDGE('',*,*,#6844,.T.);
#10103 = ORIENTED_EDGE('',*,*,#6947,.T.);
#10104 = ORIENTED_EDGE('',*,*,#7050,.T.);
#10105 = ORIENTED_EDGE('',*,*,#7151,.T.);
#10106 = ORIENTED_EDGE('',*,*,#7256,.T.);
#10107 = ORIENTED_EDGE('',*,*,#7355,.T.);
#10108 = ORIENTED_EDGE('',*,*,#7457,.T.);
#10109 = ORIENTED_EDGE('',*,*,#7559,.T.);
#10110 = ORIENTED_EDGE('',*,*,#7658,.T.);
#10111 = ORIENTED_EDGE('',*,*,#7763,.T.);
#10112 = ORIENTED_EDGE('',*,*,#7864,.T.);
#10113 = ORIENTED_EDGE('',*,*,#7967,.T.);
#10114 = ORIENTED_EDGE('',*,*,#8070,.T.);
#10115 = ORIENTED_EDGE('',*,*,#8171,.T.);
#10116 = ORIENTED_EDGE('',*,*,#8276,.T.);
#10117 = ORIENTED_EDGE('',*,*,#8375,.T.);
#10118 = ORIENTED_EDGE('',*,*,#8477,.T.);
#10119 = ORIENTED_EDGE('',*,*,#8579,.T.);
#10120 = ORIENTED_EDGE('',*,*,#8678,.T.);
#10121 = ORIENTED_EDGE('',*,*,#8783,.T.);
#10122 = ORIENTED_EDGE('',*,*,#8884,.T.);
#10123 = ORIENTED_EDGE('',*,*,#8987,.T.);
#10124 = ORIENTED_EDGE('',*,*,#9090,.T.);
#10125 = ORIENTED_EDGE('',*,*,#9191,.T.);
#10126 = ORIENTED_EDGE('',*,*,#9296,.T.);
#10127 = ORIENTED_EDGE('',*,*,#9395,.T.);
#10128 = ORIENTED_EDGE('',*,*,#9497,.T.);
#10129 = ORIENTED_EDGE('',*,*,#9599,.T.);
#10130 = ORIENTED_EDGE('',*,*,#9698,.T.);
#10131 = ORIENTED_EDGE('',*,*,#9803,.T.);
#10132 = ORIENTED_EDGE('',*,*,#9904,.T.);
#10133 = ORIENTED_EDGE('',*,*,#9958,.T.);
#10134 = ORIENTED_EDGE('',*,*,#9875,.T.);
#10135 = ORIENTED_EDGE('',*,*,#9774,.T.);
#10136 = ORIENTED_EDGE('',*,*,#9670,.T.);
#10137 = ORIENTED_EDGE('',*,*,#9570,.T.);
#10138 = ORIENTED_EDGE('',*,*,#9468,.T.);
#10139 = ORIENTED_EDGE('',*,*,#9368,.T.);
#10140 = ORIENTED_EDGE('',*,*,#9264,.T.);
#10141 = ORIENTED_EDGE('',*,*,#9163,.T.);
#10142 = ORIENTED_EDGE('',*,*,#9058,.T.);
#10143 = ORIENTED_EDGE('',*,*,#8960,.T.);
#10144 = ORIENTED_EDGE('',*,*,#8855,.T.);
#10145 = ORIENTED_EDGE('',*,*,#8754,.T.);
#10146 = ORIENTED_EDGE('',*,*,#8650,.T.);
#10147 = ORIENTED_EDGE('',*,*,#8550,.T.);
#10148 = ORIENTED_EDGE('',*,*,#8448,.T.);
#10149 = ORIENTED_EDGE('',*,*,#8348,.T.);
#10150 = ORIENTED_EDGE('',*,*,#8244,.T.);
#10151 = ORIENTED_EDGE('',*,*,#8143,.T.);
#10152 = ORIENTED_EDGE('',*,*,#8038,.T.);
#10153 = ORIENTED_EDGE('',*,*,#7940,.T.);
#10154 = ORIENTED_EDGE('',*,*,#7835,.T.);
#10155 = ORIENTED_EDGE('',*,*,#7734,.T.);
#10156 = ORIENTED_EDGE('',*,*,#7630,.T.);
#10157 = ORIENTED_EDGE('',*,*,#7530,.T.);
#10158 = ORIENTED_EDGE('',*,*,#7428,.T.);
#10159 = ORIENTED_EDGE('',*,*,#7328,.T.);
#10160 = ORIENTED_EDGE('',*,*,#7224,.T.);
#10161 = ORIENTED_EDGE('',*,*,#7123,.T.);
#10162 = ORIENTED_EDGE('',*,*,#7018,.T.);
#10163 = ORIENTED_EDGE('',*,*,#6920,.T.);
#10164 = ORIENTED_EDGE('',*,*,#6815,.T.);
#10165 = ORIENTED_EDGE('',*,*,#6714,.T.);
#10166 = ORIENTED_EDGE('',*,*,#6610,.T.);
#10167 = ORIENTED_EDGE('',*,*,#6510,.T.);
#10168 = ORIENTED_EDGE('',*,*,#6408,.T.);
#10169 = ORIENTED_EDGE('',*,*,#6308,.T.);
#10170 = ORIENTED_EDGE('',*,*,#6204,.T.);
#10171 = ORIENTED_EDGE('',*,*,#6103,.T.);
#10172 = ORIENTED_EDGE('',*,*,#5998,.T.);
#10173 = ORIENTED_EDGE('',*,*,#5900,.T.);
#10174 = ORIENTED_EDGE('',*,*,#5795,.T.);
#10175 = ORIENTED_EDGE('',*,*,#5694,.T.);
#10176 = ORIENTED_EDGE('',*,*,#5590,.T.);
#10177 = ORIENTED_EDGE('',*,*,#5490,.T.);
#10178 = ORIENTED_EDGE('',*,*,#5388,.T.);
#10179 = ORIENTED_EDGE('',*,*,#5288,.T.);
#10180 = ORIENTED_EDGE('',*,*,#5184,.T.);
#10181 = ORIENTED_EDGE('',*,*,#5083,.T.);
#10182 = ORIENTED_EDGE('',*,*,#4978,.T.);
#10183 = ORIENTED_EDGE('',*,*,#4880,.T.);
#10184 = ORIENTED_EDGE('',*,*,#4775,.T.);
#10185 = ORIENTED_EDGE('',*,*,#4674,.T.);
#10186 = ORIENTED_EDGE('',*,*,#4570,.T.);
#10187 = ORIENTED_EDGE('',*,*,#4470,.T.);
#10188 = ORIENTED_EDGE('',*,*,#4368,.T.);
#10189 = ORIENTED_EDGE('',*,*,#4268,.T.);
#10190 = ORIENTED_EDGE('',*,*,#4164,.T.);
#10191 = ORIENTED_EDGE('',*,*,#4063,.T.);
#10192 = ORIENTED_EDGE('',*,*,#3958,.T.);
#10193 = ADVANCED_FACE('',(#10194,#10197),#10022,.F.);
#10194 = FACE_BOUND('',#10195,.F.);
#10195 = EDGE_LOOP('',(#10196));
#10196 = ORIENTED_EDGE('',*,*,#10007,.T.);
#10197 = FACE_BOUND('',#10198,.T.);
#10198 = EDGE_LOOP('',(#10199));
#10199 = ORIENTED_EDGE('',*,*,#10200,.T.);
#10200 = EDGE_CURVE('',#10201,#10201,#10203,.T.);
#10201 = VERTEX_POINT('',#10202);
#10202 = CARTESIAN_POINT('',(-6.,4.,0.));
#10203 = SURFACE_CURVE('',#10204,(#10209,#10216),.PCURVE_S1.);
#10204 = CIRCLE('',#10205,4.);
#10205 = AXIS2_PLACEMENT_3D('',#10206,#10207,#10208);
#10206 = CARTESIAN_POINT('',(-6.,0.,0.));
#10207 = DIRECTION('',(1.,0.,0.));
#10208 = DIRECTION('',(0.,1.,0.));
#10209 = PCURVE('',#10022,#10210);
#10210 = DEFINITIONAL_REPRESENTATION('',(#10211),#10215);
#10211 = CIRCLE('',#10212,4.);
#10212 = AXIS2_PLACEMENT_2D('',#10213,#10214);
#10213 = CARTESIAN_POINT('',(-5.7E-16,-4.3E-16));
#10214 = DIRECTION('',(0.,-1.));
#10215 = ( GEOMETRIC_REPRESENTATION_CONTEXT(2) 
PARAMETRIC_REPRESENTATION_CONTEXT() REPRESENTATION_CONTEXT('2D SPACE',''
  ) );
#10216 = PCURVE('',#10217,#10222);
#10217 = CYLINDRICAL_SURFACE('',#10218,4.);
#10218 = AXIS2_PLACEMENT_3D('',#10219,#10220,#10221);
#10219 = CARTESIAN_POINT('',(-10.,0.,0.));
#10220 = DIRECTION('',(-1.,-0.,-0.));
#10221 = DIRECTION('',(0.,1.,0.));
#10222 = DEFINITIONAL_REPRESENTATION('',(#10223),#10227);
#10223 = LINE('',#10224,#10225);
#10224 = CARTESIAN_POINT('',(-0.,-4.));
#10225 = VECTOR('',#10226,1.);
#10226 = DIRECTION('',(-1.,0.));
#10227 = ( GEOMETRIC_REPRESENTATION_CONTEXT(2) 
PARAMETRIC_REPRESENTATION_CONTEXT() REPRESENTATION_CONTEXT('2D SPACE',''
  ) );
#10228 = ADVANCED_FACE('',(#10229),#10060,.F.);
#10229 = FACE_BOUND('',#10230,.F.);
#10230 = EDGE_LOOP('',(#10231,#10255,#10256,#10257));
#10231 = ORIENTED_EDGE('',*,*,#10232,.F.);
#10232 = EDGE_CURVE('',#10040,#10233,#10235,.T.);
#10233 = VERTEX_POINT('',#10234);
#10234 = CARTESIAN_POINT('',(7.,4.,-1.E-15));
#10235 = SEAM_CURVE('',#10236,(#10241,#10248),.PCURVE_S1.);
#10236 = CIRCLE('',#10237,1.);
#10237 = AXIS2_PLACEMENT_3D('',#10238,#10239,#10240);
#10238 = CARTESIAN_POINT('',(7.,5.,-1.22E-15));
#10239 = DIRECTION('',(0.,2.4E-16,1.));
#10240 = DIRECTION('',(0.,1.,-2.4E-16));
#10241 = PCURVE('',#10060,#10242);
#10242 = DEFINITIONAL_REPRESENTATION('',(#10243),#10247);
#10243 = LINE('',#10244,#10245);
#10244 = CARTESIAN_POINT('',(0.,0.));
#10245 = VECTOR('',#10246,1.);
#10246 = DIRECTION('',(0.,1.));
#10247 = ( GEOMETRIC_REPRESENTATION_CONTEXT(2) 
PARAMETRIC_REPRESENTATION_CONTEXT() REPRESENTATION_CONTEXT('2D SPACE',''
  ) );
#10248 = PCURVE('',#10060,#10249);
#10249 = DEFINITIONAL_REPRESENTATION('',(#10250),#10254);
#10250 = LINE('',#10251,#10252);
#10251 = CARTESIAN_POINT('',(6.28318530718,0.));
#10252 = VECTOR('',#10253,1.);
#10253 = DIRECTION('',(0.,1.));
#10254 = ( GEOMETRIC_REPRESENTATION_CONTEXT(2) 
PARAMETRIC_REPRESENTATION_CONTEXT() REPRESENTATION_CONTEXT('2D SPACE',''
  ) );
#10255 = ORIENTED_EDGE('',*,*,#10039,.T.);
#10256 = ORIENTED_EDGE('',*,*,#10232,.T.);
#10257 = ORIENTED_EDGE('',*,*,#10258,.F.);
#10258 = EDGE_CURVE('',#10233,#10233,#10259,.T.);
#10259 = SURFACE_CURVE('',#10260,(#10265,#10272),.PCURVE_S1.);
#10260 = CIRCLE('',#10261,4.);
#10261 = AXIS2_PLACEMENT_3D('',#10262,#10263,#10264);
#10262 = CARTESIAN_POINT('',(7.,0.,0.));
#10263 = DIRECTION('',(-1.,0.,-0.));
#10264 = DIRECTION('',(0.,1.,-2.4E-16));
#10265 = PCURVE('',#10060,#10266);
#10266 = DEFINITIONAL_REPRESENTATION('',(#10267),#10271);
#10267 = LINE('',#10268,#10269);
#10268 = CARTESIAN_POINT('',(0.,3.14159265359));
#10269 = VECTOR('',#10270,1.);
#10270 = DIRECTION('',(1.,0.));
#10271 = ( GEOMETRIC_REPRESENTATION_CONTEXT(2) 
PARAMETRIC_REPRESENTATION_CONTEXT() REPRESENTATION_CONTEXT('2D SPACE',''
  ) );
#10272 = PCURVE('',#10273,#10278);
#10273 = CYLINDRICAL_SURFACE('',#10274,4.);
#10274 = AXIS2_PLACEMENT_3D('',#10275,#10276,#10277);
#10275 = CARTESIAN_POINT('',(-10.,0.,0.));
#10276 = DIRECTION('',(-1.,-0.,-0.));
#10277 = DIRECTION('',(0.,1.,0.));
#10278 = DEFINITIONAL_REPRESENTATION('',(#10279),#10283);
#10279 = LINE('',#10280,#10281);
#10280 = CARTESIAN_POINT('',(-6.28318530718,-17.));
#10281 = VECTOR('',#10282,1.);
#10282 = DIRECTION('',(1.,-0.));
#10283 = ( GEOMETRIC_REPRESENTATION_CONTEXT(2) 
PARAMETRIC_REPRESENTATION_CONTEXT() REPRESENTATION_CONTEXT('2D SPACE',''
  ) );
#10284 = ADVANCED_FACE('',(#10285),#10217,.T.);
#10285 = FACE_BOUND('',#10286,.F.);
#10286 = EDGE_LOOP('',(#10287,#10310,#10337,#10338));
#10287 = ORIENTED_EDGE('',*,*,#10288,.F.);
#10288 = EDGE_CURVE('',#10289,#10201,#10291,.T.);
#10289 = VERTEX_POINT('',#10290);
#10290 = CARTESIAN_POINT('',(-10.,4.,0.));
#10291 = SEAM_CURVE('',#10292,(#10296,#10303),.PCURVE_S1.);
#10292 = LINE('',#10293,#10294);
#10293 = CARTESIAN_POINT('',(-10.,4.,0.));
#10294 = VECTOR('',#10295,1.);
#10295 = DIRECTION('',(1.,0.,0.));
#10296 = PCURVE('',#10217,#10297);
#10297 = DEFINITIONAL_REPRESENTATION('',(#10298),#10302);
#10298 = LINE('',#10299,#10300);
#10299 = CARTESIAN_POINT('',(-6.28318530718,0.));
#10300 = VECTOR('',#10301,1.);
#10301 = DIRECTION('',(-0.,-1.));
#10302 = ( GEOMETRIC_REPRESENTATION_CONTEXT(2) 
PARAMETRIC_REPRESENTATION_CONTEXT() REPRESENTATION_CONTEXT('2D SPACE',''
  ) );
#10303 = PCURVE('',#10217,#10304);
#10304 = DEFINITIONAL_REPRESENTATION('',(#10305),#10309);
#10305 = LINE('',#10306,#10307);
#10306 = CARTESIAN_POINT('',(-0.,0.));
#10307 = VECTOR('',#10308,1.);
#10308 = DIRECTION('',(-0.,-1.));
#10309 = ( GEOMETRIC_REPRESENTATION_CONTEXT(2) 
PARAMETRIC_REPRESENTATION_CONTEXT() REPRESENTATION_CONTEXT('2D SPACE',''
  ) );
#10310 = ORIENTED_EDGE('',*,*,#10311,.F.);
#10311 = EDGE_CURVE('',#10289,#10289,#10312,.T.);
#10312 = SURFACE_CURVE('',#10313,(#10318,#10325),.PCURVE_S1.);
#10313 = CIRCLE('',#10314,4.);
#10314 = AXIS2_PLACEMENT_3D('',#10315,#10316,#10317);
#10315 = CARTESIAN_POINT('',(-10.,0.,0.));
#10316 = DIRECTION('',(1.,0.,0.));
#10317 = DIRECTION('',(0.,1.,0.));
#10318 = PCURVE('',#10217,#10319);
#10319 = DEFINITIONAL_REPRESENTATION('',(#10320),#10324);
#10320 = LINE('',#10321,#10322);
#10321 = CARTESIAN_POINT('',(-0.,0.));
#10322 = VECTOR('',#10323,1.);
#10323 = DIRECTION('',(-1.,0.));
#10324 = ( GEOMETRIC_REPRESENTATION_CONTEXT(2) 
PARAMETRIC_REPRESENTATION_CONTEXT() REPRESENTATION_CONTEXT('2D SPACE',''
  ) );
#10325 = PCURVE('',#10326,#10331);
#10326 = PLANE('',#10327);
#10327 = AXIS2_PLACEMENT_3D('',#10328,#10329,#10330);
#10328 = CARTESIAN_POINT('',(-10.,-2.6E-16,3.5E-16));
#10329 = DIRECTION('',(1.,0.,0.));
#10330 = DIRECTION('',(0.,0.,1.));
#10331 = DEFINITIONAL_REPRESENTATION('',(#10332),#10336);
#10332 = CIRCLE('',#10333,4.);
#10333 = AXIS2_PLACEMENT_2D('',#10334,#10335);
#10334 = CARTESIAN_POINT('',(-3.5E-16,-2.6E-16));
#10335 = DIRECTION('',(0.,-1.));
#10336 = ( GEOMETRIC_REPRESENTATION_CONTEXT(2) 
PARAMETRIC_REPRESENTATION_CONTEXT() REPRESENTATION_CONTEXT('2D SPACE',''
  ) );
#10337 = ORIENTED_EDGE('',*,*,#10288,.T.);
#10338 = ORIENTED_EDGE('',*,*,#10200,.T.);
#10339 = ADVANCED_FACE('',(#10340),#10273,.T.);
#10340 = FACE_BOUND('',#10341,.F.);
#10341 = EDGE_LOOP('',(#10342,#10365,#10366,#10367));
#10342 = ORIENTED_EDGE('',*,*,#10343,.F.);
#10343 = EDGE_CURVE('',#10233,#10344,#10346,.T.);
#10344 = VERTEX_POINT('',#10345);
#10345 = CARTESIAN_POINT('',(39.,4.,0.));
#10346 = SEAM_CURVE('',#10347,(#10351,#10358),.PCURVE_S1.);
#10347 = LINE('',#10348,#10349);
#10348 = CARTESIAN_POINT('',(-10.,4.,0.));
#10349 = VECTOR('',#10350,1.);
#10350 = DIRECTION('',(1.,0.,0.));
#10351 = PCURVE('',#10273,#10352);
#10352 = DEFINITIONAL_REPRESENTATION('',(#10353),#10357);
#10353 = LINE('',#10354,#10355);
#10354 = CARTESIAN_POINT('',(-6.28318530718,0.));
#10355 = VECTOR('',#10356,1.);
#10356 = DIRECTION('',(-0.,-1.));
#10357 = ( GEOMETRIC_REPRESENTATION_CONTEXT(2) 
PARAMETRIC_REPRESENTATION_CONTEXT() REPRESENTATION_CONTEXT('2D SPACE',''
  ) );
#10358 = PCURVE('',#10273,#10359);
#10359 = DEFINITIONAL_REPRESENTATION('',(#10360),#10364);
#10360 = LINE('',#10361,#10362);
#10361 = CARTESIAN_POINT('',(-0.,0.));
#10362 = VECTOR('',#10363,1.);
#10363 = DIRECTION('',(-0.,-1.));
#10364 = ( GEOMETRIC_REPRESENTATION_CONTEXT(2) 
PARAMETRIC_REPRESENTATION_CONTEXT() REPRESENTATION_CONTEXT('2D SPACE',''
  ) );
#10365 = ORIENTED_EDGE('',*,*,#10258,.T.);
#10366 = ORIENTED_EDGE('',*,*,#10343,.T.);
#10367 = ORIENTED_EDGE('',*,*,#10368,.T.);
#10368 = EDGE_CURVE('',#10344,#10344,#10369,.T.);
#10369 = SURFACE_CURVE('',#10370,(#10375,#10382),.PCURVE_S1.);
#10370 = CIRCLE('',#10371,4.);
#10371 = AXIS2_PLACEMENT_3D('',#10372,#10373,#10374);
#10372 = CARTESIAN_POINT('',(39.,0.,0.));
#10373 = DIRECTION('',(1.,0.,0.));
#10374 = DIRECTION('',(0.,1.,0.));
#10375 = PCURVE('',#10273,#10376);
#10376 = DEFINITIONAL_REPRESENTATION('',(#10377),#10381);
#10377 = LINE('',#10378,#10379);
#10378 = CARTESIAN_POINT('',(-0.,-49.));
#10379 = VECTOR('',#10380,1.);
#10380 = DIRECTION('',(-1.,0.));
#10381 = ( GEOMETRIC_REPRESENTATION_CONTEXT(2) 
PARAMETRIC_REPRESENTATION_CONTEXT() REPRESENTATION_CONTEXT('2D SPACE',''
  ) );
#10382 = PCURVE('',#10383,#10388);
#10383 = CONICAL_SURFACE('',#10384,4.,0.785398163397);
#10384 = AXIS2_PLACEMENT_3D('',#10385,#10386,#10387);
#10385 = CARTESIAN_POINT('',(39.,0.,0.));
#10386 = DIRECTION('',(-1.,-0.,-0.));
#10387 = DIRECTION('',(0.,1.,0.));
#10388 = DEFINITIONAL_REPRESENTATION('',(#10389),#10393);
#10389 = LINE('',#10390,#10391);
#10390 = CARTESIAN_POINT('',(-0.,-0.));
#10391 = VECTOR('',#10392,1.);
#10392 = DIRECTION('',(-1.,-0.));
#10393 = ( GEOMETRIC_REPRESENTATION_CONTEXT(2) 
PARAMETRIC_REPRESENTATION_CONTEXT() REPRESENTATION_CONTEXT('2D SPACE',''
  ) );
#10394 = ADVANCED_FACE('',(#10395,#10398),#10326,.F.);
#10395 = FACE_BOUND('',#10396,.F.);
#10396 = EDGE_LOOP('',(#10397));
#10397 = ORIENTED_EDGE('',*,*,#10311,.T.);
#10398 = FACE_BOUND('',#10399,.F.);
#10399 = EDGE_LOOP('',(#10400));
#10400 = ORIENTED_EDGE('',*,*,#10401,.T.);
#10401 = EDGE_CURVE('',#10402,#10402,#10404,.T.);
#10402 = VERTEX_POINT('',#10403);
#10403 = CARTESIAN_POINT('',(-10.,0.,-2.575));
#10404 = SURFACE_CURVE('',#10405,(#10410,#10421),.PCURVE_S1.);
#10405 = CIRCLE('',#10406,2.575);
#10406 = AXIS2_PLACEMENT_3D('',#10407,#10408,#10409);
#10407 = CARTESIAN_POINT('',(-10.,0.,0.));
#10408 = DIRECTION('',(-1.,-0.,-0.));
#10409 = DIRECTION('',(0.,0.,-1.));
#10410 = PCURVE('',#10326,#10411);
#10411 = DEFINITIONAL_REPRESENTATION('',(#10412),#10420);
#10412 = ( BOUNDED_CURVE() B_SPLINE_CURVE(2,(#10413,#10414,#10415,#10416
    ,#10417,#10418,#10419),.UNSPECIFIED.,.T.,.F.) 
B_SPLINE_CURVE_WITH_KNOTS((1,2,2,2,2,1),(-2.094395102393,0.,
    2.094395102393,4.188790204786,6.28318530718,8.377580409573),
.UNSPECIFIED.) CURVE() GEOMETRIC_REPRESENTATION_ITEM() 
RATIONAL_B_SPLINE_CURVE((1.,0.5,1.,0.5,1.,0.5,1.)) REPRESENTATION_ITEM(
  '') );
#10413 = CARTESIAN_POINT('',(-2.575,-2.6E-16));
#10414 = CARTESIAN_POINT('',(-2.575,4.46003082949));
#10415 = CARTESIAN_POINT('',(1.2875,2.230015414745));
#10416 = CARTESIAN_POINT('',(5.15,3.706931015609E-16));
#10417 = CARTESIAN_POINT('',(1.2875,-2.230015414745));
#10418 = CARTESIAN_POINT('',(-2.575,-4.46003082949));
#10419 = CARTESIAN_POINT('',(-2.575,-2.6E-16));
#10420 = ( GEOMETRIC_REPRESENTATION_CONTEXT(2) 
PARAMETRIC_REPRESENTATION_CONTEXT() REPRESENTATION_CONTEXT('2D SPACE',''
  ) );
#10421 = PCURVE('',#10422,#10427);
#10422 = CYLINDRICAL_SURFACE('',#10423,2.575);
#10423 = AXIS2_PLACEMENT_3D('',#10424,#10425,#10426);
#10424 = CARTESIAN_POINT('',(0.,0.,0.));
#10425 = DIRECTION('',(-1.,-0.,-0.));
#10426 = DIRECTION('',(0.,0.,-1.));
#10427 = DEFINITIONAL_REPRESENTATION('',(#10428),#10432);
#10428 = LINE('',#10429,#10430);
#10429 = CARTESIAN_POINT('',(-6.28318530718,10.));
#10430 = VECTOR('',#10431,1.);
#10431 = DIRECTION('',(1.,-0.));
#10432 = ( GEOMETRIC_REPRESENTATION_CONTEXT(2) 
PARAMETRIC_REPRESENTATION_CONTEXT() REPRESENTATION_CONTEXT('2D SPACE',''
  ) );
#10433 = ADVANCED_FACE('',(#10434),#10383,.T.);
#10434 = FACE_BOUND('',#10435,.T.);
#10435 = EDGE_LOOP('',(#10436,#10459,#10460,#10461));
#10436 = ORIENTED_EDGE('',*,*,#10437,.F.);
#10437 = EDGE_CURVE('',#10344,#10438,#10440,.T.);
#10438 = VERTEX_POINT('',#10439);
#10439 = CARTESIAN_POINT('',(40.,3.,0.));
#10440 = SEAM_CURVE('',#10441,(#10445,#10452),.PCURVE_S1.);
#10441 = LINE('',#10442,#10443);
#10442 = CARTESIAN_POINT('',(39.,4.,0.));
#10443 = VECTOR('',#10444,1.);
#10444 = DIRECTION('',(0.707106781187,-0.707106781187,0.));
#10445 = PCURVE('',#10383,#10446);
#10446 = DEFINITIONAL_REPRESENTATION('',(#10447),#10451);
#10447 = LINE('',#10448,#10449);
#10448 = CARTESIAN_POINT('',(-0.,-0.));
#10449 = VECTOR('',#10450,1.);
#10450 = DIRECTION('',(-0.,-1.));
#10451 = ( GEOMETRIC_REPRESENTATION_CONTEXT(2) 
PARAMETRIC_REPRESENTATION_CONTEXT() REPRESENTATION_CONTEXT('2D SPACE',''
  ) );
#10452 = PCURVE('',#10383,#10453);
#10453 = DEFINITIONAL_REPRESENTATION('',(#10454),#10458);
#10454 = LINE('',#10455,#10456);
#10455 = CARTESIAN_POINT('',(-6.28318530718,-0.));
#10456 = VECTOR('',#10457,1.);
#10457 = DIRECTION('',(-0.,-1.));
#10458 = ( GEOMETRIC_REPRESENTATION_CONTEXT(2) 
PARAMETRIC_REPRESENTATION_CONTEXT() REPRESENTATION_CONTEXT('2D SPACE',''
  ) );
#10459 = ORIENTED_EDGE('',*,*,#10368,.T.);
#10460 = ORIENTED_EDGE('',*,*,#10437,.T.);
#10461 = ORIENTED_EDGE('',*,*,#10462,.F.);
#10462 = EDGE_CURVE('',#10438,#10438,#10463,.T.);
#10463 = SURFACE_CURVE('',#10464,(#10469,#10476),.PCURVE_S1.);
#10464 = CIRCLE('',#10465,3.);
#10465 = AXIS2_PLACEMENT_3D('',#10466,#10467,#10468);
#10466 = CARTESIAN_POINT('',(40.,0.,0.));
#10467 = DIRECTION('',(1.,0.,0.));
#10468 = DIRECTION('',(0.,1.,0.));
#10469 = PCURVE('',#10383,#10470);
#10470 = DEFINITIONAL_REPRESENTATION('',(#10471),#10475);
#10471 = LINE('',#10472,#10473);
#10472 = CARTESIAN_POINT('',(-0.,-1.));
#10473 = VECTOR('',#10474,1.);
#10474 = DIRECTION('',(-1.,-0.));
#10475 = ( GEOMETRIC_REPRESENTATION_CONTEXT(2) 
PARAMETRIC_REPRESENTATION_CONTEXT() REPRESENTATION_CONTEXT('2D SPACE',''
  ) );
#10476 = PCURVE('',#10477,#10482);
#10477 = PLANE('',#10478);
#10478 = AXIS2_PLACEMENT_3D('',#10479,#10480,#10481);
#10479 = CARTESIAN_POINT('',(40.,-2.6E-16,3.5E-16));
#10480 = DIRECTION('',(1.,0.,0.));
#10481 = DIRECTION('',(0.,0.,1.));
#10482 = DEFINITIONAL_REPRESENTATION('',(#10483),#10487);
#10483 = CIRCLE('',#10484,3.);
#10484 = AXIS2_PLACEMENT_2D('',#10485,#10486);
#10485 = CARTESIAN_POINT('',(-3.5E-16,-2.6E-16));
#10486 = DIRECTION('',(0.,-1.));
#10487 = ( GEOMETRIC_REPRESENTATION_CONTEXT(2) 
PARAMETRIC_REPRESENTATION_CONTEXT() REPRESENTATION_CONTEXT('2D SPACE',''
  ) );
#10488 = ADVANCED_FACE('',(#10489),#10422,.F.);
#10489 = FACE_BOUND('',#10490,.T.);
#10490 = EDGE_LOOP('',(#10491,#10514,#10541,#10542));
#10491 = ORIENTED_EDGE('',*,*,#10492,.F.);
#10492 = EDGE_CURVE('',#10493,#10402,#10495,.T.);
#10493 = VERTEX_POINT('',#10494);
#10494 = CARTESIAN_POINT('',(0.,0.,-2.575));
#10495 = SEAM_CURVE('',#10496,(#10500,#10507),.PCURVE_S1.);
#10496 = LINE('',#10497,#10498);
#10497 = CARTESIAN_POINT('',(0.,0.,-2.575));
#10498 = VECTOR('',#10499,1.);
#10499 = DIRECTION('',(-1.,0.,6.E-17));
#10500 = PCURVE('',#10422,#10501);
#10501 = DEFINITIONAL_REPRESENTATION('',(#10502),#10506);
#10502 = LINE('',#10503,#10504);
#10503 = CARTESIAN_POINT('',(-0.,0.));
#10504 = VECTOR('',#10505,1.);
#10505 = DIRECTION('',(-0.,1.));
#10506 = ( GEOMETRIC_REPRESENTATION_CONTEXT(2) 
PARAMETRIC_REPRESENTATION_CONTEXT() REPRESENTATION_CONTEXT('2D SPACE',''
  ) );
#10507 = PCURVE('',#10422,#10508);
#10508 = DEFINITIONAL_REPRESENTATION('',(#10509),#10513);
#10509 = LINE('',#10510,#10511);
#10510 = CARTESIAN_POINT('',(-6.28318530718,0.));
#10511 = VECTOR('',#10512,1.);
#10512 = DIRECTION('',(-0.,1.));
#10513 = ( GEOMETRIC_REPRESENTATION_CONTEXT(2) 
PARAMETRIC_REPRESENTATION_CONTEXT() REPRESENTATION_CONTEXT('2D SPACE',''
  ) );
#10514 = ORIENTED_EDGE('',*,*,#10515,.T.);
#10515 = EDGE_CURVE('',#10493,#10493,#10516,.T.);
#10516 = SURFACE_CURVE('',#10517,(#10522,#10529),.PCURVE_S1.);
#10517 = CIRCLE('',#10518,2.575);
#10518 = AXIS2_PLACEMENT_3D('',#10519,#10520,#10521);
#10519 = CARTESIAN_POINT('',(0.,0.,0.));
#10520 = DIRECTION('',(1.,-0.,0.));
#10521 = DIRECTION('',(0.,0.,-1.));
#10522 = PCURVE('',#10422,#10523);
#10523 = DEFINITIONAL_REPRESENTATION('',(#10524),#10528);
#10524 = LINE('',#10525,#10526);
#10525 = CARTESIAN_POINT('',(-0.,0.));
#10526 = VECTOR('',#10527,1.);
#10527 = DIRECTION('',(-1.,0.));
#10528 = ( GEOMETRIC_REPRESENTATION_CONTEXT(2) 
PARAMETRIC_REPRESENTATION_CONTEXT() REPRESENTATION_CONTEXT('2D SPACE',''
  ) );
#10529 = PCURVE('',#10530,#10535);
#10530 = PLANE('',#10531);
#10531 = AXIS2_PLACEMENT_3D('',#10532,#10533,#10534);
#10532 = CARTESIAN_POINT('',(0.,0.,0.));
#10533 = DIRECTION('',(1.,0.,0.));
#10534 = DIRECTION('',(-0.,-0.,-1.));
#10535 = DEFINITIONAL_REPRESENTATION('',(#10536),#10540);
#10536 = CIRCLE('',#10537,2.575);
#10537 = AXIS2_PLACEMENT_2D('',#10538,#10539);
#10538 = CARTESIAN_POINT('',(0.,0.));
#10539 = DIRECTION('',(1.,-0.));
#10540 = ( GEOMETRIC_REPRESENTATION_CONTEXT(2) 
PARAMETRIC_REPRESENTATION_CONTEXT() REPRESENTATION_CONTEXT('2D SPACE',''
  ) );
#10541 = ORIENTED_EDGE('',*,*,#10492,.T.);
#10542 = ORIENTED_EDGE('',*,*,#10401,.T.);
#10543 = ADVANCED_FACE('',(#10544),#10477,.T.);
#10544 = FACE_BOUND('',#10545,.T.);
#10545 = EDGE_LOOP('',(#10546));
#10546 = ORIENTED_EDGE('',*,*,#10462,.T.);
#10547 = ADVANCED_FACE('',(#10548),#10530,.F.);
#10548 = FACE_BOUND('',#10549,.T.);
#10549 = EDGE_LOOP('',(#10550));
#10550 = ORIENTED_EDGE('',*,*,#10515,.F.);
#10551 = ( GEOMETRIC_REPRESENTATION_CONTEXT(3) 
GLOBAL_UNCERTAINTY_ASSIGNED_CONTEXT((#10555)) 
GLOBAL_UNIT_ASSIGNED_CONTEXT((#10552,#10553,#10554)) 
REPRESENTATION_CONTEXT('Context #1',
  '3D Context with UNIT and UNCERTAINTY') );
#10552 = ( LENGTH_UNIT() NAMED_UNIT(*) SI_UNIT(.MILLI.,.METRE.) );
#10553 = ( NAMED_UNIT(*) PLANE_ANGLE_UNIT() SI_UNIT($,.RADIAN.) );
#10554 = ( NAMED_UNIT(*) SI_UNIT($,.STERADIAN.) SOLID_ANGLE_UNIT() );
#10555 = UNCERTAINTY_MEASURE_WITH_UNIT(LENGTH_MEASURE(1.E-07),#10552,
  'distance_accuracy_value','confusion accuracy');
#10556 = PRODUCT_RELATED_PRODUCT_CATEGORY('part',$,(#7));
#10557 = MECHANICAL_DESIGN_GEOMETRIC_PRESENTATION_REPRESENTATION('',(
    #10558),#10551);
#10558 = STYLED_ITEM('color',(#10559),#15);
#10559 = PRESENTATION_STYLE_ASSIGNMENT((#10560,#10566));
#10560 = SURFACE_STYLE_USAGE(.BOTH.,#10561);
#10561 = SURFACE_SIDE_STYLE('',(#10562));
#10562 = SURFACE_STYLE_FILL_AREA(#10563);
#10563 = FILL_AREA_STYLE('',(#10564));
#10564 = FILL_AREA_STYLE_COLOUR('',#10565);
#10565 = DRAUGHTING_PRE_DEFINED_COLOUR('yellow');
#10566 = CURVE_STYLE('',#10567,POSITIVE_LENGTH_MEASURE(0.1),#10568);
#10567 = DRAUGHTING_PRE_DEFINED_CURVE_FONT('continuous');
#10568 = COLOUR_RGB('',9.803921802644E-02,9.803921802644E-02,
  9.803921802644E-02);
ENDSEC;
END-ISO-10303-21;
